galaxies.source.pixelization.mesh.weight_power,galaxies.source.pixelization.mesh.weight_floor,galaxies.source.pixelization.regularization.inner_coefficient,galaxies.source.pixelization.regularization.outer_coefficient,galaxies.source.pixelization.regularization.signal_scale,    log_likelihood,         log_prior,     log_posterior,                weight
                          0.005361878456844216,                          0.004124229467781313,                                         0.034724198561172204,                                         0.007259585604679927,                                      0.4299244208166071, 4926.958024392662,   409.01680496258, 5335.974829355242,2.3348064365772932e-05
                          0.005172971748711185,                          0.003506308065011241,                                          0.01208983495088031,                                        0.0006496315262982946,                                     0.24499018366091965, 4927.623189204182,1907.2485434157993, 6834.871732619982, 4.540757292526921e-05
                         0.0058111282442898675,                           0.09222675682937864,                                          0.03648617178442627,                                         0.008713165248609236,                                      0.4563284260607816, 4926.935137997731,153.01933926345717, 5079.954477261188,2.2819779668775494e-05
                          0.005091775633708356,                            0.4019038534786807,                                          0.08398556031916607,                                         0.004554467647359903,                                      0.7379160251416973, 4927.225722166782,233.95959513636035, 5161.185317303143, 3.051480141701637e-05
                          0.006243016236224029,                           0.44056922713400304,                                        0.0014616168993545821,                                         0.004649212941312951,                                     0.34450178260865627, 4926.069110059598, 901.5337685271785, 5827.602878586777,  9.59843199302731e-06
                          0.005343800973566029,                           0.05908885566504143,                                          0.03746198793073283,                                         0.002607578017045096,                                     0.41005273991814983, 4927.257590304447, 427.1150239216744, 5354.372614226121,3.1502912312502065e-05
                          0.005705374323884613,                            0.5895911067277775,                                         0.007764676882612307,                                         0.006442315257748586,                                      0.5246732666273333,4927.7069855657355, 285.7081488126575, 5213.415134378393, 4.937653232704203e-05
                          0.005582281025549307,                           0.45723339824438514,                                         0.011142703645062146,                                         0.002948787230637393,                                     0.45874611590096276,  4926.68907283648, 431.0543597450569, 5357.743432581537,1.7842130237512584e-05
                          0.005259494131837245,                          0.002827030793232681,                                         0.018695333178213955,                                         0.004670191645809595,                                      0.2902870058549643, 4927.589878589477, 621.3412781680477, 5548.931156757524,4.3919933406421014e-05
                          0.005068498555970536,                          0.012833312506831734,                                          0.01656543587617865,                                         0.004421704940828953,                                      0.5347420228171732,4927.4769015966185, 364.4459698296434, 5291.922871426262,3.9228020028424846e-05
                           0.00086081381099735,                              0.17475566613113,                                        0.0033868545770954364,                                          0.02781480383018597,                                      0.4019617855455224, 4922.123565185158,336.93356121769483, 5259.057126402853, 1.856401561685173e-07
                         0.0015665979257925566,                           0.03131757713791179,                                          0.08640735598043409,                                           0.0101538246025078,                                       0.530159532350607, 4917.131685475757,141.98909660273114, 5059.120782078488,1.2610320162283166e-09
                          0.005740512098632369,                           0.05953774954576236,                                         0.012670944401408195,                                        0.0013227559908540922,                                     0.44102967246557234, 4927.640914651605, 851.7141141505236, 5779.355028802129, 4.621961814279814e-05
                          0.005262339327164606,                           0.20901338459373145,                                         0.010041570482233843,                                        0.0017339594742754665,                                     0.36050607254051126, 4927.626843149355,  681.085146006272, 5608.711989155628, 4.557379320212932e-05
                         0.0023518204477770283,                           0.03148933625747291,                                         0.037634880063238195,                                         0.016243425271687834,                                     0.36970306447981993, 4922.908316003661,119.89124811812255, 5042.799564121783,4.0689736293487803e-07
                          0.003971041772980327,                           0.40835689199674025,                                         0.032255966420904704,                                          0.01631420839102395,                                      0.7059244319417841, 4926.498394355174,   94.747117206564, 5021.245511561739,1.4744705167574195e-05
                          0.005477280174135887,                           0.07796831889361051,                                          0.04607682368985925,                                         0.010344321253171359,                                      0.4343005729834704, 4923.640727872453, 131.2000053941848,5054.8407332666375, 8.463837338775919e-07
                         0.0024172955068497287,                           0.09657724559921975,                                          0.04286856463112653,                                         0.017110446340698048,                                     0.39568814587983536, 4918.046999555932, 92.12535134893398, 5010.172350904866,3.1495025709714368e-09
                          0.006954699946906279,                            0.2850729895056396,                                           0.1117015407770427,                                         0.003391708005625765,                                      0.5871017096189834, 4920.348872448492, 307.2970027947637, 5227.645875243256,  3.14726029244374e-08
                          0.006134085196776314,                          0.004058778118773391,                                         0.019714821112720674,                                        0.0020823756609516615,                                     0.41668556586141026, 4926.226457525801, 777.3235774561088,  5703.55003498191,1.1234026098489297e-05
                          0.006263862301320437,                            0.3320422050868594,                                         0.018156675912138993,                                          0.01823283836236203,                                       0.337875226286151, 4924.032476116065, 112.9339218471115, 5036.966397963176,1.2522798969301798e-06
                          0.004522345897246311,                          0.033368548695215175,                                         0.007010433617773609,                                        0.0014317782058947464,                                      0.5460361585157999, 4928.553386911502, 871.0450668342271, 5799.598453745729, 0.0001151086658886464
                          0.006779647497394688,                           0.06292485056200853,                                          0.00197254463801708,                                         0.003482311437154338,                                     0.30948395026621767, 4927.646332698484, 810.0169338939024, 5737.663266592386, 4.647071782127031e-05
                          0.005047731165376324,                          0.006443161921056496,                                          0.03819749699946038,                                        0.0016307475311699458,                                      0.3654154978592907, 4926.935106177521, 794.5987338492376, 5721.533840026759,2.2819053550165502e-05
                          0.005515991211395911,                          0.008625534227717863,                                         0.023103648197143806,                                         0.009222504043325558,                                     0.30868345710981826, 4926.562602711344,267.64847701562013, 5194.211079726964,1.5722493638432376e-05
                          0.005648245012588736,                           0.10689877916290474,                                        0.0015309872891784222,                                         0.012823855825670975,                                     0.41901753704018274, 4927.176104309367, 740.5075972243355, 5667.683701533702,2.9037671401492244e-05
                          0.004899042929773632,                            0.2328655279507529,                                         0.017553322365680236,                                        0.0021245771356631494,                                      0.5824057251008621, 4928.588887725322, 531.9454947284912, 5460.534382453813,0.00011926851941613155
                          0.006472010962704514,                         0.0017592902731329062,                                         0.011129285290874808,                                        0.0019048050595263707,                                      0.2874079482035346,4925.3855360321795,1183.2521674258521, 6108.637703458032, 4.845380242345363e-06
                          0.005466418068688857,                           0.34525186705606925,                                          0.04242654455761458,                                        0.0018936620897622367,                                      0.7001409044260734, 4927.040052173421, 554.5439050189261, 5481.583957192347,2.5343996179768505e-05
                          0.005043285118789711,                          0.013665784487408293,                                        0.0013912363357378053,                                         0.008125691525487528,                                      0.2175920390690656, 4927.385861414202, 915.0270408192398, 5842.412902233442, 3.581443790988149e-05
                           0.00691567625811241,                            0.3720239639633919,                                         0.001275002255786385,                                        0.0008409847668843392,                                      0.5143001677176546, 4928.073019637005,1976.0825167893918, 6904.155536426397, 7.120117552619171e-05
                          0.006565691622285309,                          0.037860705399813344,                                          0.04652553598780184,                                         0.010378394341590618,                                      0.5157366741427071, 4924.484687107854,144.26020015761551,5068.7448872654695,1.9683129382561343e-06
                          0.006050342142227827,                           0.04898444293018244,                                         0.014678607858525367,                                        0.0015416676785492951,                                     0.43700624000310184, 4927.047045255589, 737.1892192422375, 5664.236264497827, 2.552184997582968e-05
                           0.00280953822404931,                            0.5203138179508647,                                        0.0016271930384232003,                                         0.020525197575370472,                                      0.5763318437649046, 4928.269801509618, 665.1977548558368,5593.4675563654555, 8.668589655781833e-05
                          0.005243594154636836,                           0.24090247918301128,                                        0.0020462265383031594,                                        0.0026317768455862687,                                      0.5646616953450307, 4927.614112619115, 872.8269256485016, 5800.441038267617,  4.49972920184143e-05
                         0.0049666941793320655,                            0.3377095205851988,                                          0.08622859755927169,                                         0.006626505362265711,                                      0.5753292823792584, 4922.485068472013,165.46731132026687,  5087.95237979228, 2.664837969901971e-07
                          0.003418747468282185,                          0.021605077716354743,                                           0.0721046739551567,                                        0.0025771072433887978,                                     0.49568337293907405,4928.4793629402875,448.18611179695927, 5376.665474737247,0.00010689559727866469
                             0.006580007997597,                         0.0028522084654419204,                                         0.023299002313856412,                                        0.0037338815042518634,                                     0.37228628852775847, 4926.148650955808,  661.343620231514, 5587.492271187322,1.0393084647980437e-05
                          0.006513843169452449,                          0.029891512517716497,                                        0.0032727566439428187,                                        0.0032465244493515995,                                     0.34973628995990036, 4925.346639121978, 647.0288319975806, 5572.375471119559,  4.66052831232048e-06
                          0.004094015481084144,                           0.18844879893397545,                                         0.016616128450565492,                                         0.006620575566206694,                                      0.2941199707965577, 4929.145394736921, 216.5332415876172, 5145.678636324538, 8.829506132459127e-05
                        4.8178912547301245e-05,                          0.012578844486155233,                                         0.007504922772905171,                                         0.018595240246820938,                                      0.4001778779343663,4932.0776414151305,  266.521635422686, 5198.599276837816, 0.0016572764706287405
                          0.002578333952536994,                           0.13925219872302605,                                         0.014905155702963729,                                        0.0009290045213162453,                                     0.49802844098252885, 4931.652993529916,1150.6931203141455, 6082.346113844062,  0.001083858857649572
                          0.004003841032247188,                           0.03452294348776251,                                        0.0006644306110358281,                                        0.0024729507041088583,                                     0.31435090857207565, 4929.435415151065,1938.3895266941822, 6867.824941845247,0.00011800235590360447
                         0.0026932088838607137,                         0.0065498330564311355,                                        0.0027698474882476005,                                         0.002134699458161601,                                     0.20122262449524386, 4930.779604863417, 982.1563733393027,  5912.93597820272,0.00045254821135851613
                          0.003002358930196844,                           0.08714353287950267,                                         0.010201001381511218,                                         0.001263972863170338,                                      0.5590878487611407, 4932.410490862447, 900.6611383648901, 5833.071629227337,  0.002311796717414065
                         0.0031704863131247485,                          0.017723413839825605,                                         0.011366702896696642,                                        0.0037884481704315636,                                      0.3325701642877595,  4932.71588883638, 408.3591199676881, 5341.075008804069, 0.0031374896193664945
                          0.002728916504933657,                            0.1936699311841658,                                         0.025009275473140812,                                         0.003976853471359398,                                     0.42248240282406657,4930.6990184474735,  296.603666939568,5227.3026853870415, 0.0004175097452603445
                         0.0030973874283563474,                          0.008680447542513077,                                         0.005154706367086958,                                          0.00338039796210247,                                    0.061974716088949666,4932.4108821923055, 605.0220625326101, 5537.432944724916, 0.0023127015695332456
                         0.0016788965972452897,                          0.019784011420203435,                                         0.027907056887198585,                                         0.004536917273937446,                                     0.21139783417074487, 4932.777870903158, 306.7930784050626,  5239.57094930822,  0.003338110948359573
                           0.00336842108184833,                           0.09797273477572081,                                           0.0189109506697143,                                         0.001972427932425221,                                      0.5172544534425553,4932.2573336561345,  570.075708538231, 5502.333042194366, 0.0019835096292535707
                          0.002526578844215626,                            0.5568706199783249,                                         0.004532889901729374,                                         0.009389129118592575,                                     0.40153292527949164, 4931.582735154984,328.91171428161255, 5260.494449436596, 0.0010103222248607337
                          0.004295324035019848,                            0.1211437552570646,                                        0.0027634912371144816,                                         0.005287160498263673,                                      0.5748030420075014, 4928.931011508872, 559.2532031323602, 5488.184214641232, 7.125756203616924e-05
                          0.004288903961643234,                           0.01069830497669303,                                        0.0016336334667953595,                                         0.003384168789438782,                                     0.36745224800498366,4929.0673113477915,1001.0987021228543, 5930.166013470645, 8.166298067591973e-05
                         0.0046489172813352925,                          0.005629868118140491,                                        0.0028947786342083805,                                         0.000904102116480309,                                      0.2525621978181171,  4928.92066932744, 1629.143360192092, 6558.064029519532, 7.052440117744176e-05
                         0.0037051047444291775,                          0.013360372540427528,                                          0.02169840761603244,                                        0.0026651271988615706,                                     0.13822490148565014,  4928.85549478143, 496.1511561916486, 5425.006650973079, 6.607458765533611e-05
                          0.004892119575805071,                          0.058871167751987585,                                        0.0037283176405885888,                                        0.0015813525355114768,                                     0.41665330680940915,4928.5892462840875,  917.573795214271, 5846.163041498358, 5.062956643649159e-05
                          0.004070139710516848,                           0.09831597166319522,                                          0.06576249225605324,                                        0.0021874057524533374,                                       0.585568071340479, 4929.096037027707, 482.5400775134942, 5411.636114541201, 8.404282296918723e-05
                         0.0038374220290213787,                           0.09925209419023659,                                         0.003185874853981888,                                         0.010573772923536067,                                      0.3088331308460428, 4928.993543860003,  418.534500466565, 5347.528044326568, 7.585573392260856e-05
                         0.0025668153225648317,                            0.6503098287404854,                                         0.018399728617178788,                                         0.009215433910591616,                                      0.6019939196608055, 4931.597110570373,164.39996609684593, 5095.997076667219, 0.0010249509213935755
                         0.0039761979719030865,                           0.06062886316824476,                                          0.03173832809351269,                                        0.0016505780496071387,                                      0.5425752621357041, 4928.951145707406, 653.8497974721988,5582.8009431796045, 7.270681676988814e-05
                          0.005886699237262099,                            0.2302109399700914,                                         0.010498757382135909,                                         0.006932040700452878,                                      0.5983886498836554,  4929.25706438654, 243.8508739596825, 5173.107938346223, 9.872654188461838e-05
                         0.0036887707528017524,                          0.014584234918186572,                                         0.033922264263561895,                                        0.0032604840248468205,                                      0.3428096079562939, 4928.952610581518,404.74928267996904,5333.7018932614865, 7.281340115080627e-05
                         0.0015891179696418884,                          0.030678940535778736,                                          0.00798793210984944,                                           0.0171449401486223,                                      0.5185128683994823, 4932.905343658745,  216.110741580222, 5149.016085238966, 0.0037919402152521097
                         0.0038135878595844646,                          0.007608921399503734,                                         0.004666678711675315,                                         0.006328261655376297,                                      0.4155232334526412, 4929.076073691407, 503.7311122052519, 5432.807185896659, 8.238168393733199e-05
                          0.003582665568504292,                           0.00895738088094047,                                          0.03614059443867639,                                        0.0025345347394284644,                                     0.29523215281155174, 4929.038040284048,  533.859224122522, 5462.897264406571, 7.930726372840316e-05
                          0.002052145929413588,                           0.03207503910226526,                                        0.0015280237415045872,                                          0.02530603466662979,                                     0.29920719770413673, 4929.583416970958,  725.133250501645, 5654.716667472603,0.00013682550247894534
                          0.003832100991090169,                            0.0662630652173896,                                        0.0009879205525868157,                                         0.011854238497033699,                                      0.4504187482314182, 4928.926281543481, 1111.676520563443, 6040.602802106924, 7.092131208612687e-05
                          0.004084727925649196,                           0.07762191350256364,                                        0.0030171509883450314,                                         0.003945981759002961,                                      0.6364184628277051, 4929.392218331612, 597.7438181203929, 5527.136036452004,0.00011301355531951934
                         0.0038786231728533157,                          0.008932137679685386,                                        0.0021860024175881887,                                         0.007144062570252448,                                      0.4126513483431868,  4929.03552434853, 709.3876961254525, 5638.423220473983, 7.910798256114037e-05
                          0.003856040323807551,                           0.02156097392087898,                                          0.02171063368165956,                                        0.0005603890799027169,                                     0.40943064559404263, 4929.006746937635,1876.9149310701114, 6805.921678007747, 7.686390389422246e-05
                         0.0026152712302889357,                         0.0040026255550908016,                                          0.03402113409784744,                                         0.006226094300735192,                                      0.2925814475138114, 4929.601491708738,439.84384009999616,5369.4453318087335,0.00013932107300858608
                          0.003384670676015944,                           0.06958767524944573,                                         0.040234211270209555,                                        0.0011301350426475146,                                     0.27970419574867594,  4929.67661336146, 924.0748375148605, 5853.751450876321,0.00015019024642123007
                         0.0028492230695152812,                           0.07021863016940419,                                         0.008701949941377992,                                         0.013359501274637546,                                     0.22469278555424144, 4931.405621473215,204.01110075632485,  5135.41672222954, 0.0008463313179324068
                           0.00387734055177791,                           0.09069806350577474,                                         0.006604158762699316,                                        0.0050165673456208345,                                      0.6473238989498098, 4929.036680357582, 361.7848280465852, 5290.821508404167, 7.919948498365572e-05
                         0.0032920444905204364,                           0.15987494766382213,                                         0.005619690657361138,                                         0.001847264259094237,                                       0.526775763623123, 4932.309357976878, 725.5416907032438, 5657.851048680122, 0.0020894317444136723
                         0.0039418415689351895,                          0.024113713175726633,                                         0.008367337632327871,                                        0.0012463081934895506,                                     0.29799429017995294, 4928.976589139662, 963.3522620835248, 5892.328851223187, 7.458046265079674e-05
                         0.0037399897132388577,                           0.16490938517332318,                                         0.008620771049216804,                                        0.0034730572734627168,                                      0.5151548342261252, 4928.911797716677,409.99359519302425, 5338.905392909701, 6.990150328019892e-05
                          0.002504791970917202,                           0.15893573046915999,                                        0.0041635908885374094,                                         0.002238816604203325,                                     0.40906132655590915,4931.5965792894185, 693.1336921733134, 5624.730271462732, 0.0010244065291152543
                          0.003552993400239362,                          0.028477998306393346,                                        0.0033489276487097953,                                          0.01750637926277075,                                     0.35338132041568643, 4929.498546784535, 390.8399090290987, 5320.338455813634,  0.000125692220344097
                          0.003261854132151843,                          0.014667278482116743,                                         0.052894104353416314,                                        0.0018174749883765262,                                      0.2873160110218361,4923.1311456898475, 637.2985719894972, 5560.429717679344,2.1576511971847228e-07
                          0.003405116504098828,                           0.11848832391524414,                                         0.010160747290756032,                                        0.0009499841588862846,                                      0.5858198041660846, 4930.974771498426,1159.5067398538336,  6090.48151135226, 0.0005500784678739188
                         0.0023365412723984555,                         0.0032430620922389427,                                         0.015564112451766263,                                           0.0096332706334534,                                     0.17744724886012356, 4932.714107139694,  476.407831280147,  5409.12193841984, 0.0031319045414425497
                          0.004393023908620054,                           0.09321529689613346,                                         0.009846333912965615,                                        0.0035331352665358877,                                     0.27576544281547904,  4929.10169721214,395.32322952997504, 5324.424926742115, 8.451986965993338e-05
                         0.0028957468659901236,                            0.1485919508996798,                                         0.032679746280642956,                                         0.016027895249704997,                                      0.6297003930831014, 4928.547971225269, 99.72105623057288, 5028.269027455842, 4.858236785569797e-05
                         0.0037816048607016606,                         0.0019883657088838797,                                        0.0068314784732061515,                                        0.0016165374504012607,                                      0.2875416070928346, 4929.079306166125,1267.9129336552144, 6196.992239821339, 8.264841151070886e-05
                           0.00283579087043847,                           0.37834398648337886,                                         0.037885542593546186,                                         0.006992025008196971,                                      0.6582471810693039, 4931.132483646089,172.05847388248574,5103.1909575285745, 0.0006440478886355103
                           0.00307840662545083,                           0.07640491317689259,                                          0.08197945839727672,                                        0.0017749333464087786,                                       0.511966464936287, 4928.885431317996, 588.6877793958112, 5517.573210713807, 6.808253753983585e-05
                           0.00523315980320455,                            0.6152174089860628,                                         0.008113779114637691,                                         0.011641343009667541,                                      0.6560796655173635, 4927.645688026812,210.77331475731035, 5138.419002784123,1.9707070210647117e-05
                         0.0034895649213315763,                           0.38552681767512964,                                         0.004703813393395037,                                          0.01640511575654858,                                      0.5741227902290833, 4929.305685512291,276.14391600321017, 5205.449601515502,0.00010364534745239467
                          0.003922384868350486,                           0.02574030452412113,                                          0.02049345411791859,                                        0.0026302114433778543,                                     0.18333070943605123, 4928.780259721809,467.84321841547785, 5396.623478137287, 6.128586078461096e-05
                         0.0029151944857668585,                          0.003492125224494104,                                         0.002715482293110826,                                        0.0027277890941178624,                                     0.14911469235586494, 4931.490397413582,1021.2145389774639, 5952.704936391046,  0.000921208921056133
                          0.004822741912283555,                            0.1950759346487212,                                          0.01423658137291732,                                        0.0034389307412774554,                                     0.28296363968735083, 4929.041698261558,366.15585145540206,  5295.19754971696, 7.959789916033225e-05
                          0.004167316865869694,                           0.23050814743622997,                                         0.021163799908856862,                                        0.0008258497718188689,                                      0.4607035554822284, 4929.283453809703,1262.4627153199376, 6191.746169129641,0.00010136655943841734
                         0.0026644179128507434,                           0.40357974166783306,                                         0.005299486404965376,                                           0.0050042313010371,                                      0.6617295547594488, 4930.921491562348,391.00624709967497, 5321.927738662023, 0.0005215374066554848
                          0.003829896535219304,                          0.009004888924276918,                                         0.004230387622293655,                                        0.0026550600904514904,                                     0.16421268540006131, 4928.966973087675, 724.0750545117374, 5653.042027599412, 7.386673018876544e-05
                          0.002515823464798046,                         0.0027976402354734173,                                         0.023387996180876777,                                        0.0029024879133063702,                                      0.1798499295075677, 4931.086232845486, 744.7330895658181, 5675.819322411304, 0.0006149385130156201
                         0.0031796874571429485,                            0.2697980061901658,                                        0.0037355882487169166,                                        0.0065103003213746935,                                     0.49327099787137985, 4932.718083603631,425.00467767995156, 5357.722761283583,  0.003144383241014486
                          0.002649002912243807,                          0.025201561326974462,                                         0.003977487440888878,                                        0.0011952088598868326,                                      0.4094560753980686, 4931.304420564163,1127.7689313381265, 6059.073351902289, 0.0007648731496670827
                         0.0011717736204103636,                          0.008333036965669012,                                         0.029753213861483472,                                        0.0018863068300810036,                                      0.3450382634787086,  4934.40018488192, 683.7505289399417, 5618.150713821861,  0.002924645653732635
                          0.001354495651631274,                            0.3890358244002522,                                          0.01796819163693554,                                         0.014378171215809702,                                      0.4356698526712318, 4933.766841796185,127.77423492350557, 5061.541076719691, 0.0015524436588752193
                           0.00157731122183866,                           0.02535266405972989,                                         0.016485259071822123,                                         0.002150970938388589,                                      0.2622419488300534, 4934.085377159932, 565.0101681507609,5499.0955453106935, 0.0021347842918942074
                         0.0009356925437152704,                           0.05199990873044919,                                         0.010565490887551288,                                          0.01477378476343481,                                       0.300239345450917,4934.1562664876865,181.56602100274353,  5115.72228749043, 0.0022916107053183705
                         0.0017410197616750133,                           0.06007766733239719,                                         0.017702792726856556,                                         0.011819472849014417,                                     0.24873053412913493, 4933.415054104564,157.73952480497869, 5091.154578909543, 0.0010920345892584827
                         0.0008910522038302541,                          0.019475054466059478,                                         0.013354797758670389,                                         0.015287088799803112,                                     0.27374768031724983, 4934.303628695201, 191.6418735195732, 5125.945502214774,  0.002655457994898105
                        0.00020183097867159045,                           0.21945567482432554,                                         0.001536783855675651,                                         0.011782222547404714,                                      0.5081649446430465, 4933.323940152397, 740.1399538630441, 5673.463894015441, 0.0009969333117237113
                         0.0004443967120762091,                          0.005035348829240198,                                         0.013838249102243134,                                          0.00910224193716683,                                      0.3055051283104941, 4933.144600063679,380.72249357429695, 5313.867093637976, 0.0008332583932658179
                          0.001251849303896857,                            0.0514963154192357,                                          0.04734976455534306,                                          0.00834936467002834,                                       0.500345583905639, 4933.201824891727,160.30788625378608,5093.5097111455125, 0.0008823321903172676
                         0.0018399760639765256,                          0.011055648375429345,                                         0.003689945311557064,                                         0.019387383761039257,                                      0.3154048589342757,  4933.42243018728, 413.0381637360667, 5346.460593923347, 0.0011001193068355673
                          0.001625455824627552,                          0.002420848902423717,                                         0.001875789735926666,                                        0.0024363788543380386,                                      0.1237579563335337, 4934.258666391379,1356.6322277706731, 6290.890894162052,  0.002538706853977625
                          0.002251142314779256,                           0.16995677507764428,                                          0.05339106586516758,                                        0.0034012891796844644,                                      0.5174387280347532,   4933.1805844577, 318.6197429416178, 5251.800327399318, 0.0008637887046434151
                          0.001794687979620128,                           0.09848299738669372,                                        0.0013901674896329794,                                         0.005115645543264391,                                      0.1753798479349651, 4933.989158956142, 924.9705707479565, 5858.959729704098,  0.001938951578508331
                          0.001647243470243797,                           0.11028065206339811,                                        0.0007822666892618836,                                         0.006152177820522828,                                     0.27872929835429516, 4934.271022792623,1449.9482613379937, 6384.219284130617, 0.0025702707409331733
                         0.0017308542836981765,                           0.01589427976973937,                                         0.005125665905762638,                                         0.004513417706327142,                                      0.2427943253349372, 4934.081647631985,479.57390752602277, 5413.655555158008, 0.0021268373825381118
                         0.0018021456578933167,                          0.034432541578258744,                                         0.013899940007219745,                                          0.00409126391382049,                                      0.1681901199142708,  4933.95532891387, 345.4082951945666, 5279.363624108437, 0.0018744538955129026
                         0.0015548080298962658,                          0.023061581418229827,                                        0.0005820214984184791,                                         0.008799961159271981,                                      0.2702561922478833,  4934.06305199895,1875.1486178474916,6809.2116698464415, 0.0020876529538256857
                         0.0021605856742380027,                          0.005689353983768476,                                         0.007908599158251482,                                         0.004637881250405578,                                     0.19366440168843563, 4934.045578716517, 517.8272208834662, 5451.872799599983, 0.0020514916525040078
                         0.0022955794704237666,                          0.016932404652920615,                                         0.015936896348852325,                                        0.0010004204693654407,                                     0.18197293597754016, 4932.931632471087,1121.3855390940357, 6054.317171565122, 0.0006734247080007896
                         0.0014991661361612564,                          0.010630633761976399,                                         0.018716533213672965,                                        0.0027194399837063973,                                     0.15838827678544032, 4934.402721933834, 515.2192355204711, 5449.621957454305, 0.0029320750519864747
                         0.0017146941931441661,                          0.028817619213816592,                                          0.00257067543315551,                                         0.005661519900950907,                                     0.14732412527566935,4934.0884876327655, 600.3348295526852,  5534.42331718545,  0.002141434818217635
                         0.0004631405921490619,                          0.021623916408078526,                                        0.0038474256424384473,                                         0.013245772978817008,                                      0.2617890327635407, 4933.232455993617, 381.6549296326801, 5314.887385626297, 0.0009097771869287215
                          0.001377502021257505,                          0.009717501049707741,                                          0.03519798973599109,                                        0.0012354117956433468,                                     0.21704221854861597, 4931.852416965218, 940.7645277304201, 5872.616944695638,0.00022887149563202152
                         0.0015346079409105425,                           0.00150820553917165,                                         0.007184182730457354,                                         0.007937781832620035,                                      0.2733539617057351, 4934.056341099875,  928.214058329419, 5862.270399429293,   0.00207368983050798
                         0.0016811772077879033,                           0.12833059797583884,                                         0.024981638772673745,                                        0.0022070675420242983,                                     0.23764244961623046, 4933.854513373325, 500.9116680428941, 5434.766181416219, 0.0016946933681609544
                         0.0016450170750860094,                          0.010724525615637314,                                        0.0037742749262139014,                                         0.007905551197329974,                                     0.30808538983250877,4934.2670192098685,484.68916344809287, 5418.956182657961, 0.0025600010208757158
                         0.0015309248658625417,                          0.009375805967870597,                                         0.013872529933032509,                                         0.003481511676596727,                                      0.4455689557585525, 4934.111749057257,465.97395353877323,  5400.08570259603,  0.002191831519652501
                         0.0017614867461853857,                           0.33985383060503543,                                          0.04069026443841208,                                         0.004903550239067233,                                      0.4204649842708026, 4933.347275111906,  231.452219347067, 5164.799494458973,  0.001020470259023036
                         0.0006634916742757989,                           0.18656411409980977,                                         0.010225790759950996,                                         0.018699457482305788,                                      0.5146081468334365, 4932.758370656191, 156.6295230981006, 5089.387893754291, 0.0005662945689008151
                         0.0024959744393050205,                           0.05107296090887014,                                        0.0013357772965039403,                                         0.004105170290770493,                                     0.16740802630396714, 4931.656652029353,1011.8028721325095, 5943.459524161863,0.00018817939860753816
                         0.0016025502892833378,                          0.006485387596735645,                                          0.01319743498337941,                                         0.002400395735000712,                                     0.28008749758696533, 4934.248618607784, 646.5630625903069, 5580.811681198091, 0.0025133262000880054
                         0.0023041672373887005,                           0.40445998725704574,                                         0.031603941555437144,                                         0.004846850655474344,                                      0.5139812589743225, 4932.903412762067,240.43359580734037, 5173.337008569408, 0.0006546864956454082
                         0.0011717476548847867,                           0.05565559972737983,                                         0.010432630800338513,                                          0.02545429058827398,                                      0.5726930677931179, 4920.511270522124,153.10685127404386,5073.6181217961675, 2.717655411412739e-09
                         0.0016933926198776966,                            0.7089930728000767,                                        0.0024490603393563177,                                          0.00932449273969081,                                      0.5444634296550594, 4934.105432617552, 516.9747610352139, 5451.080193652766,  0.002178030580300447
                        0.00032569036663186165,                          0.013610734180091049,                                         0.016155463427381608,                                         0.003146755380249673,                                      0.2575521377352574, 4933.237260283603,453.15763802317235, 5386.394898306776, 0.0009141585365673937
                         0.0013769949321274372,                           0.27922525021143035,                                          0.01945047044633502,                                         0.013941468492821341,                                     0.37428786003051817, 4933.619585666148,126.72243153781298,5060.3420172039605, 0.0013398720355577657
                          0.001778846395677151,                            0.1517752221894112,                                         0.005229967414421872,                                         0.002734186726479631,                                      0.4890280049566391, 4934.018563637757, 563.5339394086893, 5497.552503046447,   0.00199681235217671
                        0.00040327275264836625,                           0.07999823422735389,                                         0.001458239354574629,                                         0.004260431889307232,                                      0.4359281096870201, 4933.273665217815, 932.9767414151622, 5866.250406632977, 0.0009480516123679873
                         0.0017794573099123997,                           0.30413693043521417,                                          0.02248190617267439,                                        0.0031487146583424022,                                      0.3737667843530658, 4933.993490818493, 365.3581152047509, 5299.351606023244, 0.0019473690683928417
                         0.0021073713122851273,                           0.19555260857481457,                                         0.002984734879711627,                                        0.0027807972483803183,                                      0.4730078058652122, 4934.268760095258, 699.7609474108727, 5634.029707506131, 0.0025644615707757093
                         0.0017952513452825234,                           0.07056517834831057,                                         0.011473132853037435,                                        0.0052450271518510215,                                      0.3782373238896093, 4933.984348438791,291.98822961334895,  5225.97257805214, 0.0019296466170803386
                         0.0014493640120168128,                           0.48942988145646366,                                         0.013190576654042316,                                         0.014799364645823805,                                     0.45776800752827734, 4933.812496120214,145.42535887816553,  5079.23785499838, 0.0016249622221703299
                         0.0013695431817269403,                           0.00939727011213504,                                         0.042181615461485605,                                        0.0057252922583613955,                                      0.4796611770946624, 4934.289418602648,304.78446584271995, 5239.073884445368, 0.0026179905295660015
                          0.002187042827109639,                          0.025833999991821552,                                         0.010379349381268032,                                         0.006054541395745904,                                       0.388510951508577, 4933.854180156715, 300.2191069827617, 5234.073287139477, 0.0016941287622554888
                         0.0007585835890222397,                           0.10811404806210163,                                         0.010725968606489588,                                         0.026327179524068198,                                      0.6036007908096382, 4918.771269616523,140.46472488527374, 5059.235994501796,   4.7700353457507e-10
                         0.0015108033246733405,                          0.007819885197537723,                                          0.01823914804051428,                                         0.005822441485779042,                                     0.10725188991881429, 4933.568091689323, 354.4554946351617, 5288.023586324485, 0.0012726230150636889
                        0.00010052203936819151,                           0.01891973181919765,                                         0.013909742923165842,                                         0.012304527668616465,                                      0.3547781580510248, 4933.019956876179,206.01782351174785, 5139.037780387927, 0.0007356103792667557
                           0.00126106851666476,                          0.016226056314777478,                                          0.03213975272186657,                                        0.0017189367868732162,                                     0.18445756939963315, 4931.631248447911,  674.498344842378, 5606.129593290289,0.00018345917703961031
                         0.0020991932488689624,                          0.023123723222965024,                                        0.0026226391591586233,                                         0.010365264804282553,                                      0.1685075394848713,4934.2639780322625, 521.0170054085578,  5455.28098344082, 0.0025522274295268306
                        0.00036704864299116007,                           0.34685687326251546,                                          0.01092480807713543,                                        0.0065868944960087335,                                      0.5531875215867764, 4933.280591429815,246.23443343168873, 5179.515024861504,  0.000954640811576359
                          0.001593481967894194,                           0.09799764314787977,                                          0.06399213830564539,                                         0.002162552334334123,                                     0.40908814178445396, 4929.341677388946, 488.2478014284228, 5417.589478817368, 1.858623244159728e-05
                          0.001523474201632766,                           0.11678322718100269,                                         0.030721144761280947,                                         0.001171144536509996,                                      0.3924411632668956, 4934.047311723189, 894.9793162091132, 5829.026627932302, 0.0020550499836389452
                          0.002306851064765988,                           0.04380413196232553,                                          0.00414224712307834,                                        0.0019380224183881904,                                      0.2623398431996414, 4932.958000901341, 780.2336575390292,  5713.19165844037, 0.0006914180459398946
                          0.001753114391714516,                          0.012641767667103806,                                        0.0016608130612682846,                                          0.00230544650529118,                                     0.29407088828112316, 4934.017324979182,1114.9730428690996, 6048.990367848282,  0.001994340514631549
                         0.0027830935622583943,                          0.025613378147720616,                                         0.013043221201207588,                                        0.0016397380370606408,                                      0.3013509808083561, 4931.098943019379, 725.5637864613935, 5656.662729480772,0.00010773631842665227
                          0.001709419957406321,                          0.026992338386006773,                                        0.0020901249071651963,                                        0.0026073686335022447,                                      0.3089753468705269, 4934.088731681293, 899.0162862999971,  5833.10501798129,  0.002141957496009067
                         0.0016231737491693302,                           0.08573862159607822,                                          0.01930105907386084,                                         0.002551002140889188,                                      0.1940592677015971, 4934.143675576326,455.47679069641066, 5389.620466272737,  0.002262938123811594
                         0.0015476764259688333,                           0.30039238113750727,                                         0.005435536447712847,                                         0.012071089607131744,                                      0.2994205419352507, 4934.000926276021, 270.1460236994323, 5204.146949975454,  0.001961902613211627
                         0.0022795666698113923,                           0.03053455627305094,                                          0.05490158595144342,                                        0.0019904171983257716,                                     0.46873365276851037, 4932.930564148363, 553.3714245023137, 5486.301988650677, 0.0006727056572400079
                          0.001227485415025688,                          0.015476139393245998,                                         0.004026199519820177,                                         0.016322277212648006,                                      0.5205909475601359,4933.8131795067675, 374.2547443987911, 5308.067923905559, 0.0016260730790322332
                         0.0016485952203286053,                          0.058487873836843104,                                        0.0034981858836623976,                                         0.002340470987382493,                                      0.4220628874977176, 4934.271802635776, 730.2244437949536,  5664.49624643073,  0.002572275930738011
                         0.0017899448666819772,                          0.014955614595137659,                                         0.006185671613237023,                                         0.007726844324736705,                                      0.4131147915957422, 4933.981715396709, 357.9473931213463, 5291.929108518055, 0.0019245724595002213
                         0.0023649229967326875,                          0.026733879888972797,                                        0.0016447831106881376,                                         0.009443095439566888,                                     0.22656749881402768, 4932.553133511184, 751.2860945860275, 5683.839228097211, 0.0004612209616350848
                         0.0018113523616374633,                          0.009095764618852841,                                         0.006730264193130763,                                         0.003273035834519193,                                      0.3180225915441727, 4933.940458067249, 564.0506064631717, 5497.991064530421, 0.0018467854158793376
                          0.002229936610685923,                           0.04715912281971761,                                         0.005403973687242853,                                        0.0029684964198288632,                                     0.21485715394581487, 4933.577719462413,  543.124698052377, 5476.702417514791, 0.0012849347126957834
                         0.0015814288358860632,                            0.1418199984223658,                                         0.003926029046220291,                                         0.004457469544476287,                                      0.4460881842889346, 4934.195859006201,486.10401363699964, 5420.299872643201,  0.002384161412755289
                          0.001995161008736378,                          0.028538685375742362,                                         0.002679224478729469,                                         0.001731575346286134,                                     0.20907418642468995, 4934.509582425512, 985.7912910756643, 5920.300873501176, 0.0032627515493145343
                         0.0013023340707813223,                          0.027479502671032288,                                         0.013683964568589307,                                         0.010996523006953782,                                     0.18421593194528033, 4934.629166470562,200.40683253457112, 5135.035999005134, 0.0036772122265531317
                         0.0006330125410944488,                            0.0795083359653893,                                        0.0010499444968590569,                                         0.004895179301716388,                                      0.3849132150956291, 4935.438782261446, 1169.291204735613, 6104.729986997059,  0.008262859456899524
                         0.0018587475132284916,                            0.2846556794436215,                                         0.003897725740570337,                                        0.0019522364724947016,                                     0.30137277026678744, 4934.601829968483,  772.305911933112, 5706.907741901595, 0.0035780516337706914
                         0.0018132065943430096,                            0.2885691701427149,                                         0.021245043686031286,                                         0.011134309439566836,                                     0.44687767599330236, 4933.539473283091, 140.3476607082447, 5073.887133991336, 0.0012367187840419862
                         0.0020470524494746794,                          0.001970617644667659,                                         0.013555187717956572,                                         0.005603098757474227,                                      0.0972044435929878, 4934.423749736043, 759.7002776867979,  5694.12402742284,  0.002994382949447159
                         0.0018820781414565372,                             0.316924743275365,                                           0.0327273768162628,                                          0.00396652778780339,                                      0.4287488586540522, 4934.580646979255,285.82044865767244,5220.4010956369275, 0.0035030549360258027
                         0.0016304300477698599,                          0.003133609907621786,                                         0.005924390941678185,                                         0.009309311688612053,                                     0.10947413098437131,4934.2651694162605,  595.333817678194, 5529.598987094454,  0.002555269924475771
                          0.001987688941189676,                           0.06116288153333718,                                         0.033502166114035704,                                        0.0018131346035223385,                                      0.3202597964426837, 4934.166155627521, 597.7296343766227, 5531.895790004144, 0.0023143851884518275
                        0.00041472598651576986,                           0.26126457446255336,                                         0.010527014956448507,                                         0.007118047139382033,                                      0.6056972957093396, 4933.263987296903,239.30919909164817, 5172.573186388551, 0.0009389206992392351
                          0.002055740783288848,                          0.011642246379328891,                                        0.0015757154292909846,                                        0.0026022650170318693,                                     0.18450885772600795, 4934.513471146605,1104.8070499626438, 6039.320521109249,  0.003275464182007033
                          0.002706716513176892,                           0.00835820051426531,                                        0.0032687685569155805,                                        0.0038919020035302876,                                     0.08987235404826405, 4930.747486630549, 682.5123603374257, 5613.259846967975, 7.581001113388328e-05
                         0.0023473868167694896,                         0.0039566500587538645,                                         0.006174530732384595,                                         0.001790831674380332,                                     0.14544704645047687, 4932.655726198371, 973.0944561671447, 5905.750182365516, 0.0005110512735280963
                         0.0013920160711642189,                          0.010159279891585004,                                          0.04142528658791726,                                        0.0026947670785355594,                                     0.16286685311780033, 4917.557285977539,493.66160464458915, 5411.218890622128,1.4167564601574187e-10
                          0.002465243771842724,                            0.0131948105722842,                                        0.0021262537888179357,                                         0.004632307649037082,                                     0.24642365230114738,  4931.70789319882, 761.9732406121103,  5693.68113381093,0.00019807325266000785
                         0.0006123657427882147,                          0.011672923074013164,                                        0.0063883934468989025,                                          0.01714563704169369,                                      0.4708707847009682, 4934.223324806799, 300.5260983302128, 5234.749423137011,  0.002450551874775999
                         0.0011326371919376666,                          0.006698715679585106,                                          0.03666562584864899,                                            0.003016616858352,                                     0.36161487174524387,  4934.04459295394,508.05303474734205, 5442.097627701282,  0.002049470365223624
                         0.0014734900167544611,                          0.023875403239992855,                                         0.019724123518259924,                                        0.0026663629787173474,                                     0.22772368337120558,  4934.49860857207, 467.6261580748082, 5402.124766646878, 0.0032271423345008932
                         0.0013136278153041787,                           0.02268473021103139,                                         0.008324625059460364,                                         0.013810092720038506,                                      0.2181230194802719, 4934.684272176381,236.61885709183798, 5171.303129268219, 0.0038855347680596198
                         0.0018192725896720493,                           0.04057238401132518,                                        0.0013368548193873728,                                          0.01659949598639684,                                     0.41297356223382575, 4933.446778617112, 832.9144817816434, 5766.361260398755, 0.0011272342481384763
                         0.0018951994107872503,                           0.01714313491594252,                                        0.0011395559572653024,                                        0.0021240499657861644,                                     0.10748216265696811, 4934.586934777846,1406.6658978040489, 6341.252832581895,  0.003525150834396997
                         0.0023118857200174615,                           0.12232042133907833,                                           0.0111865713113665,                                        0.0023060932591471494,                                     0.17676491019247215,  4932.95287719693, 531.2019525982477, 5464.154829795178, 0.0006878844844408543
                         0.0024679594032865153,                          0.004795925015938415,                                         0.005743988805544319,                                         0.006002429445635307,                                     0.10642760859511219, 4931.706361116205, 549.2046054331443, 5480.910966549349,0.00019777002042082917
                        2.8546567188591132e-05,                           0.05005547612594892,                                         0.008391574959317916,                                         0.004156844869146062,                                      0.4769509723457508,  4934.05065905529, 379.7120478311591, 5313.762706886449,   0.00206194044431642
                          0.001800227991127241,                          0.002436905507674668,                                          0.03165120570969981,                                         0.005246532012425382,                                     0.13880798006458556, 4926.170572925217, 632.5529632138565, 5558.723536139074, 7.798268677196161e-07
                          0.002131808428344987,                          0.005292931356229181,                                         0.001810782193523245,                                         0.002511674543017699,                                     0.21372940764283588, 4934.218633775843, 1139.319512966163, 6073.538146742007, 0.0024390831811029533
                         0.0021570338844464788,                           0.06906760962723466,                                         0.001423614884052244,                                        0.0025862127351664664,                                      0.3540679357884359, 4934.047956552463,1103.5815232835064,6037.6294798359695,  0.002056375567370168
                         0.0022405149510547405,                           0.07460940343436143,                                          0.02624015438135513,                                        0.0017892137871886311,                                     0.34451173825460124, 4933.516123242595, 610.4173709501179, 5543.933494192714, 0.0012081758861094056
                         0.0026105141192467388,                          0.026352000457918506,                                         0.002979755720950122,                                        0.0025994819241382163,                                     0.13559138722500075, 4931.442272036564,   758.23780123715, 5689.680073273714,0.00015186861361640459
                        0.00043436903969259913,                            0.0926521119218207,                                        0.0011691448930794858,                                          0.00519443878706366,                                      0.3262843323548516, 4933.234507001065,1058.6326195522183, 5991.867126553283, 0.0009116450615729708
                          0.001327256168724075,                         0.0047440984649217265,                                         0.023183868026215488,                                         0.009651827661268176,                                     0.18807650142305019, 4933.203226675007, 357.5289661937573, 5290.732192868764, 0.0008835698961240534
                         0.0019156685170632782,                          0.017243192826821834,                                         0.005173834142193772,                                         0.001987491801292674,                                     0.09050227115569165, 4934.597447463035, 754.4208880238991, 5689.018335486934,  0.003562405113514877
                         0.0020524013021395423,                          0.007544005943206865,                                         0.019143635500822476,                                        0.0007864122191493645,                                     0.16612695244986628, 4934.398856451415,1456.3899902199068, 6390.788846671321,  0.002920763044688866
                         0.0019235059862615336,                          0.011964869631749349,                                        0.0033306953553038235,                                          0.01109651666088674,                                     0.13814292945769208, 4934.583511059521,473.93398711304025, 5408.517498172561,  0.003513102347966596
                         0.0018125571059636122,                          0.003219307911255065,                                         0.001557864099940299,                                         0.004135215334673056,                                     0.05773104110519928, 4933.940922347629, 1194.355660926961,6128.2965832745895,  0.001847643041187295
                          0.002016545427642353,                          0.002602581301585366,                                         0.006887390184430561,                                         0.004191850788613145,                                     0.08350389318553081, 4934.509296205208, 767.9849012252228,  5702.49419743043, 0.0032618178172052134
                         0.0015313367429452686,                            0.0751119736035659,                                         0.005220208012985976,                                        0.0027914037694812158,                                      0.5420320710504929, 4934.065903033797, 563.1193958683017, 5497.185298902099,  0.002093613417854397
                          0.001749338155518311,                           0.08630742650988839,                                        0.0025091923402979542,                                        0.0021246547850631643,                                     0.43370104315190283,  4934.01714465781,  880.785798827633,5814.8029434854425, 0.0019939809248341934
                          0.002089385879355481,                            0.3858638457372044,                                        0.0045953382151424195,                                        0.0052249984881176815,                                      0.4554965256748128, 4934.412630927168,411.59104193504265, 5346.003672862211, 0.0029612733882799815
                          0.002575747431178925,                           0.02252994354494335,                                        0.0022960281645900047,                                        0.0021831659520093584,                                     0.21904021312442062, 4931.653143232898, 937.9704851622481, 5869.623628395147, 0.0001875202724469439
                         0.0005325786197662622,                           0.19053332450623348,                                         0.028769599450584528,                                         0.010975325092043022,                                     0.43131895409373205, 4934.236431715856, 131.1208127998785, 5065.357244515735, 0.0024828824494498958
                         0.0018860564701925027,                            0.2921762951889883,                                        0.0022178619157662053,                                         0.016926097238113197,                                      0.5410654052517092, 4933.836235140896, 513.3876539307988, 5447.223889071694, 0.0016639987451770421
                         0.0025800161809822566,                          0.059831347066306356,                                        0.0017805837933596944,                                         0.004739069572996264,                                      0.3663951922780201, 4931.653008301764, 789.3390892467719, 5720.992097548537,0.00018749497183085626
                         0.0018611658880314653,                           0.18504484308867242,                                         0.013970516425636641,                                         0.007872914542545658,                                      0.3465883499734213, 4934.590557384496,204.00117459726414,  5138.59173198176,  0.003537944227975613
                         0.0016487366498108044,                            0.0482009285234263,                                         0.001122055880443268,                                          0.01831402843977023,                                     0.38329313675913046, 4933.385933935941, 966.5706499276291,  5899.95658386357,  0.001060692910107303
                         0.0001440392352458495,                          0.023446385417220293,                                         0.002083249333798769,                                          0.01864527881949439,                                      0.4988055707004523, 4931.665585838016, 576.3027315812823, 5507.968317419299, 0.0001898680893374747
                         0.0010753344347521612,                          0.010696108318203936,                                         0.029843604028226816,                                        0.0016269394913457295,                                     0.23936162980556505, 4933.799864772411, 741.6509740846401, 5675.450838857051, 0.0016045658472158626
                         0.0018738706788226376,                          0.004907189092873976,                                         0.005871883473475196,                                         0.016766788875835794,                                      0.2261553912374979,  4934.30596065003, 433.7274700196568, 5368.033430669687, 0.0026616576288163267
                         9.581661097674476e-06,                           0.07206087949453989,                                         0.007024613364241028,                                         0.003991885481955344,                                     0.39637858990864405, 4934.053403687956,406.74193272922366,  5340.79533641718, 0.0020676074868322997
                         0.0005791392029005661,                          0.010012401560986046,                                        0.0008891915939738188,                                        0.0038347972697787866,                                     0.25127851384937683, 4935.277450949712,1485.2631353815584, 6420.540586331271,   0.00703177664424471
                         0.0009117970014991313,                           0.02676090564841517,                                         0.002704097188186598,                                          0.02096257851874011,                                      0.1952480993786977, 4933.369281247931,454.88119156846204, 5388.250472816393, 0.0010431757804563542
                          0.001407096157836938,                          0.016046546773696206,                                         0.001331782010311414,                                         0.007496139729566649,                                     0.15521032101281745, 4934.757674886372, 946.5943354586324, 5881.352010345005, 0.0041814719837725495
                         0.0015072222628192816,                           0.01699525202901393,                                         0.028118813007805894,                                        0.0051110891514832895,                                     0.42139256264453606,  4934.47621289774,290.05635634990426,5224.5325692476445,  0.003155671610539181
                         0.0011800180431059616,                          0.031051556053179344,                                           0.0040328831831902,                                         0.008622414181140176,                                      0.5174380375263609, 4934.513751919429,396.14286333243126,  5330.65661525186,  0.002400489110009263
                          0.001365957315393109,                           0.04683390388798055,                                         0.024181268902228787,                                        0.0028634451175635995,                                     0.21261933753116005,4934.4170736967135, 411.9360481272338, 5346.353121823948, 0.0021792794392574916
                          0.001013857055946788,                           0.06974240807350394,                                        0.0013239895335826945,                                         0.004066451290029058,                                      0.3544958877528649,  4934.60397703519,1015.5461213447736, 5950.150098379963,  0.002627144797624689
                         0.0012265882937652188,                            0.0186885034944613,                                         0.005742200701240316,                                         0.007047487558395088,                                     0.11151207868456248, 4934.605964683381,369.55263108160455, 5304.158595764986,  0.002632371830259435
                         0.0015026984138119645,                            0.3142667892609722,                                        0.0019358061402882229,                                          0.01200556703204717,                                      0.5766046318448685, 4934.488470010127, 603.0573540887494,5537.5458240988755,  0.002340560903803002
                         0.0020605939957283465,                          0.014414008838957666,                                         0.017348557824095258,                                         0.001267142942528944,                                      0.3641652087638802, 4934.510742796753, 916.1955789244392, 5850.706321721193, 0.0023932766009009798
                          0.001134030667235887,                          0.003452107295929837,                                         0.021763227708236976,                                         0.001765295933129126,                                     0.25004232317813824, 4934.462335454885, 902.1044588077256,5836.5667942626105,  0.002280183786618693
                         0.0009586356638090641,                             0.068914501954249,                                         0.012165186698913052,                                        0.0014523881469882649,                                      0.3013404728693936, 4934.663939496304,  785.233693309398,5719.8976328057015,  0.002789493642735328
                         0.0019562717694606153,                           0.18178454250494797,                                         0.032511841959687156,                                        0.0018821937210464327,                                      0.4403549966303847, 4934.455927914294, 567.5539812587983, 5502.009909173093,  0.002265620124906108
                          0.000956882726435125,                            0.3716243452690916,                                         0.007501125331301106,                                         0.006982844379520493,                                      0.5708202264799304, 4934.659083794348,279.21233754505164,   5213.8714213394, 0.0027759815249543693
                          0.002021478295769381,                           0.11037622907916592,                                         0.005157754761063196,                                        0.0056098164621444435,                                      0.4425773213277121,  4934.51027059307,  381.201685791123, 5315.711956384193, 0.0023921467536559046
                         0.0013967465882012196,                            0.3529807588688042,                                         0.020567390229626926,                                         0.010685394150851736,                                      0.4547928968359437,4934.4500754990495, 145.0393628066058, 5079.489438305655,  0.002252399499179121
                         0.0020006759149520754,                          0.009819755444379626,                                         0.008541080035393939,                                        0.0012801981390661444,                                      0.2602897832054437, 4934.511062875934,1000.0458259403885,5934.5568888163225, 0.0023940427615241006
                         0.0011260749878625692,                           0.31356943933544196,                                         0.004378424388564086,                                         0.003925461055658095,                                     0.27266244437320525, 4934.539959372916,486.32889378554927, 5420.868853158466, 0.0024642314303486867
                         0.0014288873138483898,                          0.040015735153535716,                                         0.020553597474477946,                                        0.0010704138707783007,                                      0.2931631409864471, 4934.553576996925,1007.8615409140886, 5942.415117911013, 0.0024980179312584614
                         0.0012410316258771835,                         0.0037058647855858174,                                        0.0026270582305991377,                                         0.004379723344034539,                                     0.32028232989850336, 4934.609869379566, 878.8213879218066, 5813.431257301372, 0.0026426705360753275
                          0.001504827707955957,                           0.15960307176588878,                                          0.01747642509948114,                                         0.001769174716213302,                                      0.3971815460414786, 4934.578234549284, 628.7207829894365, 5563.299017538721,  0.002560378610501613
                         0.0009674309110031254,                            0.1384219324323197,                                         0.022372011490485785,                                        0.0048829283707211004,                                      0.2722876006508788,4934.4780206781015, 256.7181364267419, 5191.196157104843, 0.0023162309430922023
                         0.0014090427965135245,                           0.04155764271372987,                                         0.020196900895656265,                                        0.0014761232649473535,                                     0.23370985332554636,4934.7002597923065, 751.0257085826473,5685.7259683749535, 0.0028926712561676495
                         0.0014413559317670334,                          0.019737456822673475,                                         0.001495902480359634,                                         0.005586319966631952,                                      0.4453907438992357, 4934.576709590674, 898.1665858916648, 5832.743295482339, 0.0025564771146595884
                          0.001168263576339462,                            0.0370699889781592,                                         0.002366809544205129,                                        0.0021093649625825847,                                     0.19002888849389526,4934.5210796088795, 923.5620333674437, 5858.083112976323,  0.002418143753613384
                          0.001871356586742685,                           0.26483938183617156,                                         0.012404807611197641,                                         0.007726234717081531,                                        0.60986712468338, 4934.692722227737, 213.8189309304599, 5148.511653158197, 0.0028709495271073745
                         0.0019381732955657852,                          0.028095340980015166,                                        0.0015829298955270408,                                          0.00957114440781792,                                      0.3663029847300782,  4934.58850318232,  771.813720321462, 5706.402223503782, 0.0025868056514621414
                          0.001030511770221986,                            0.7063128253474146,                                         0.003384620146167468,                                         0.013327951194028968,                                      0.4209142886240627,  4934.41127274752,371.90021982126797, 5306.311492568789, 0.0021666741466321213
                         0.0009908546518175214,                           0.01720632951690404,                                       0.00046033211327716384,                                         0.007695621959651869,                                     0.22970464677187427, 4934.581895155751,2360.4068030852645, 7294.988698241015, 0.0025697683245395233
                         0.0017261518959435257,                          0.005312059115332826,                                         0.004424576803378052,                                         0.001402482179095255,                                     0.31085634146026686, 4934.089215903759,1127.2827704792028, 6061.371986382962, 0.0015700955804243421
                         0.0007933146244232636,                           0.08801009312908771,                                          0.04151700002603411,                                        0.0018054063386608251,                                      0.3040425013434034, 4933.279633764062,  589.340781174596, 5522.620414938658, 0.0006987616074336092
                         0.0010429330486603574,                         0.0017900662510770087,                                         0.027007344913234792,                                        0.0030288028134941455,                                     0.32495545878674237, 4934.421234346542, 925.8289606556598, 5860.250195002202, 0.0021883655468320977
                         0.0016260710751663952,                            0.0674114038122288,                                         0.016713628250744916,                                        0.0013647719464196593,                                      0.5194819459245017,  4934.25820743121,  807.388848957359,  5741.64705638857, 0.0018591660448738358
                         0.0010332466243304595,                           0.08213712441238938,                                         0.053161235284746006,                                        0.0034236038983449504,                                      0.6522180566849901,  4934.49842235318, 323.0753266631133, 5257.573749016294, 0.0023639712696201507
                         0.0012402986316484993,                          0.002599065459186177,                                         0.004461830259802831,                                        0.0030839971497534334,                                     0.01141168189263636, 4934.609712100272, 933.1314676756966, 5867.741179775969, 0.0026422549314043496
                         0.0004973947779154036,                           0.04423992002737984,                                        0.0026011839843101806,                                         0.006475852521616223,                                     0.17665567419175374, 4933.860542129012, 561.4641608650484,  5495.32470299406, 0.0012491492530107174
                         0.0009752468564819899,                          0.020606905074099926,                                        0.0052243357557096885,                                          0.00394379685873801,                                     0.19440008398516517, 4934.665685396197,  493.502072520506, 5428.167757916703, 0.0027943680732826896
                          0.001075028208124363,                          0.028045891549326747,                                          0.00164603706954569,                                        0.0039688837802549165,                                      0.3133941456017026, 4934.557519722497, 895.1355895148855,5829.6931092373825, 0.0025078863719292725
                         0.0018474568309525441,                            0.3573378190373486,                                         0.003985317232762421,                                         0.006686721874739047,                                      0.4375755954812553,  4934.59867069221,403.26963740025315, 5337.868308092464,  0.002613241187557313
                         0.0015168621195419294,                            0.5214824220829439,                                        0.0037882868872532024,                                         0.003711251379597055,                                      0.4060640557446459, 4934.093935635852, 535.3400637841437, 5469.433999419996, 0.0015775235260921216
                         0.0004123343262994076,                         0.0077159237737111225,                                         0.006720407939021977,                                         0.002974585426614818,                                     0.12187065932526589, 4933.272666325549, 614.5839020796902, 5547.856568405239, 0.0006939099503367738
                         0.0015794766265715813,                         0.0043802203176912516,                                        0.0010620231826226716,                                         0.003854450264743336,                                     0.23858222920126826, 4934.099284731229,1429.3384192383614,  6363.43770396959, 0.0015859844588865084
                         0.0017274050851480668,                         0.0050817170795726474,                                        0.0015591807092749483,                                          0.00700485531476368,                                      0.2483129516312669,4934.0878976326485, 980.9044785500832, 5914.992376182732,  0.001568027132466457
                         0.0011165407671821618,                           0.16844089612597818,                                         0.022989934727979444,                                         0.001783129017790197,                                     0.38323419334995507, 4934.526313043854, 610.2460121724228, 5544.772325216277, 0.0024308321246299903
                         0.0002769367748027286,                           0.13537124626646632,                                         0.002581107612437146,                                         0.015203507758735668,                                      0.5323525897000122, 4933.053543150841, 460.5919603304053, 5393.645503481246, 0.0005573642761379468
                         0.0009401071670340991,                          0.001572529248584482,                                         0.009891171651564912,                                        0.0023798602962736845,                                      0.2041669819712288,4934.6619233241545,1157.2112091245133, 6091.873132448668, 0.0027838752091094918
                         0.0017866522129397473,                            0.3386258635133609,                                         0.018992451677656643,                                         0.004037593249407954,                                     0.49240840434419764, 4933.983242408567, 303.2779068182496, 5237.261149226817, 0.0014122200949947315
                         0.0012477470271015053,                          0.018252167685166774,                                         0.012905606131572937,                                         0.004044437178583475,                                      0.4742309355198241, 4934.609162431117, 379.5269102306469, 5314.136072661763,  0.002640802964454635
                          0.001207769912303968,                          0.016105564770197988,                                        0.0014540571481858643,                                         0.002368675128681393,                                     0.20685338422146546, 4934.253857855183,1171.9981515640434, 6106.252009419226, 0.0018510970219498275
                          0.001187862657315091,                           0.10182673159608106,                                         0.008189390201001769,                                         0.005159960211951585,                                      0.6402550955381077, 4934.524974813973, 325.7297618309519, 5260.254736644925, 0.0024275812881130988
                          0.000940517258303638,                           0.16412443103302243,                                         0.009129659287359414,                                         0.004177991618284428,                                      0.4056566139366074, 4934.663085507669, 354.9755018177115,  5289.63858732538, 0.0027871124637620674
                         0.0009523931309186409,                            0.1790222902493555,                                        0.0014429489858951542,                                         0.006438814454500467,                                       0.460627391729836, 4934.663386569155, 853.9191838899975,5788.5825704591525, 0.0027879516823025585
                         0.0010731435193711144,                          0.025948248077701883,                                          0.00416975840185311,                                         0.001640330925458879,                                      0.2747412723030578, 4934.560140104882, 887.9933788125622, 5822.553518917444,  0.002514466610806461
                         0.0008581239372655445,                            0.3925010842572552,                                        0.0012207704776255313,                                         0.021898236835479087,                                      0.5916747305558726, 4929.794110780591, 867.3683435734764, 5797.162454354067, 2.140847030951514e-05
                         0.0016489052629078587,                          0.038462436596982785,                                         0.002747545984934686,                                          0.01167201348513033,                                     0.49945448139563886,4934.2052372410035, 475.6355651627361,  5409.84080240374, 0.0017632484781329946
                         0.0007844780926389822,                           0.06530683811477812,                                         0.001406551498004429,                                          0.02412714799867837,                                       0.479248545753036, 4928.076644144325, 767.7181016865924, 5695.794745830917,3.8432563548008315e-06
                         0.0012008103617381653,                         0.0017978691299967377,                                        0.0013293162497606452,                                         0.004999847216962374,                                      0.0662898507813468,4934.5286274030295, 1508.486560343605, 6443.015187746634, 0.0024364644583686514
                          0.000907635974502168,                           0.08532504501928424,                                        0.0036535279093405123,                                           0.0110395504194183,                                       0.533461631363576, 4934.556906940285, 376.0113373848879,5310.5682443251735, 0.0025063500545337825
                         0.0010699251463251928,                           0.02007765661595238,                                         0.010319713259128312,                                        0.0014924109409971526,                                     0.17812927620510566,4934.5569491890155, 816.7652599760961, 5751.322209165111,  0.002506455946877657
                         0.0011455901757178749,                           0.07368542588789039,                                         0.005864780149750094,                                         0.006725260368523835,                                        0.36940916486718, 4934.497680361261,332.77370797211086, 5267.271388333372, 0.0023622178726242513
                         0.0005684303090682034,                          0.006087246878226788,                                         0.034122447450962046,                                         0.002054689354231894,                                      0.2732366567378596, 4934.177182164078, 680.2756754049846, 5614.452857569062,  0.001714467877696106
                         0.0017391289636849421,                           0.00985901217158713,                                        0.0017469975202685523,                                         0.006238798088751119,                                      0.4087721712886567, 4934.015401896527, 834.1279818795446,5768.1433837760715, 0.0014583745440592917
                         0.0009193245044709258,                         0.0012145369698334462,                                         0.016509655709845954,                                        0.0017112708021418067,                                      0.1213150803695468,4934.5335281744465,1468.2907087220829, 6402.824236896529, 0.0024484343205666507
                         0.0005058588002292092,                            0.3504201885847768,                                         0.004555851495785414,                                         0.013197147435018406,                                      0.5774032391837794, 4934.426496730941,298.12560361543456,5232.5521003463755, 0.0021999119216294673
                          0.001194970280568637,                         0.0035453382529415807,                                        0.0025204033460376504,                                         0.007192771959385135,                                     0.10294631843763863, 4934.527177009576,  817.850884492317, 5752.378061501893, 0.0024329331877534243
                         0.0001847691163639756,                           0.19791187001520466,                                         0.003805508471362074,                                         0.011812919078931653,                                      0.5641971806661624, 4933.276381185746,352.48280923843447,  5285.75919042418, 0.0006964925227692485
                         0.0011325087828671513,                           0.00619979762627334,                                         0.008761892965398652,                                        0.0020684248408770387,                                     0.15827852452150581, 4934.541273253408, 758.8858502146949, 5693.427123468103, 0.0024674712638627122
                          0.001958740652836535,                            0.5179530512190084,                                         0.004857811775665548,                                         0.009470536661504209,                                       0.560440921721683,4934.4745306545465,313.37531707410795, 5247.849847728655,  0.002308161332298559
                         0.0011790806816707208,                          0.011633658889413536,                                          0.00332698982962289,                                        0.0015084010588784372,                                      0.1296404521585232, 4934.521631538422,1049.4831419629115, 5984.004773501334,  0.002419478766972459
                         0.0021320466537224575,                           0.16164996013354505,                                        0.0037105497050766486,                                         0.008468301582792808,                                      0.4928641869323147, 4934.209538301752, 393.7754870826633, 5327.985025384415, 0.0017708486496358458
                         0.0009819980321591733,                           0.01509266956129296,                                        0.0011028524133747304,                                         0.006266582057521295,                                     0.13429443492280446, 4934.665638163948,1132.5735931663785, 6067.239231330326,  0.002794236092110916
                         0.0008828080965911278,                            0.1523090184464796,                                        0.0034731567343475717,                                         0.015340185360602662,                                      0.5561786654589398, 4934.617639108938,359.67636862018696, 5294.294007729125, 0.0026632833452390923
                          0.002186516751618626,                          0.009136718571694812,                                         0.015472802013431361,                                        0.0011194278271406644,                                      0.3058664054546306, 4933.856692345325, 1067.391528140632, 6001.248220485957, 0.0012443495434439344
                         0.0018634007758961681,                         0.0022898346090421146,                                         0.008677076971815072,                                        0.0011686225712386074,                                     0.19845632670542976,4934.6312404749115,1407.6672174966325, 6342.298457971544,   0.00269975510733697
                         0.0016181034667293352,                            0.0936124444874684,                                        0.0008286776969518394,                                         0.006978938516323769,                                      0.3280135803720659, 4934.256713705737, 1360.712387763205,6294.9691014689415, 0.0018563910342608264
                        0.00042398459250013963,                           0.08885375239890228,                                         0.006454988553889481,                                        0.0035710375545572976,                                     0.46008036606204494,4933.2344846864635,446.20405020417235, 5379.438534890636, 0.0006679147585576361
                          0.002047927944484233,                          0.013023307487422961,                                         0.005213734534077758,                                          0.00367569032325944,                                      0.4394041979593598,  4934.51276753902, 540.6442454007567, 5475.157012939777, 0.0023981272782203976
                         0.0010335653849348635,                           0.03611460635662737,                                         0.002840949475709738,                                         0.012939471812538999,                                      0.5205107370119963, 4934.407858566996, 456.9675310605604, 5391.375389627557,  0.002159289343656519
                          0.001116771814417554,                          0.006535638717412497,                                         0.003024504287960457,                                         0.002061022987368851,                                     0.05252207944991488, 4934.539790798783, 968.8358742899858, 5903.375665088768,  0.002463816059681764
                         0.0011966073454383003,                           0.03960445300442413,                                         0.006775370820959008,                                         0.007176552191997534,                                     0.13327107012786546, 4934.522885741455,312.18576144145607, 5246.708647182911, 0.0024225151883258533
                         0.0012443942007355669,                           0.03579435797335673,                                        0.0017477520190405402,                                        0.0056563389656985414,                                     0.33139790442949774, 4934.610441243847, 776.8937133151176, 5711.504154558965, 0.0026441822171596476
                          0.001210647287626173,                           0.03805429017080625,                                        0.0004306466400459555,                                         0.007808117859957014,                                       0.231521268939573, 4934.164398867975, 2476.439487970065,  7410.60388683804, 0.0016926908150306124
                         0.0010763230888991612,                           0.04238373628304652,                                         0.029428946024761232,                                        0.0021627831054703587,                                      0.5322568866877733, 4934.549916471465, 519.9413202588922, 5454.491236730357,  0.002488890588648423
                          0.001453585801924638,                            0.1881224069497896,                                        0.0009018249084479604,                                        0.0036075610423457615,                                     0.31395302164422784, 4934.578100397451, 1391.373971448208, 6325.952071845659,  0.002560035154054314
                          0.001156672542818167,                          0.012420380088533235,                                        0.0006372994329355464,                                         0.007434962446528261,                                     0.18945060115827717, 4934.540993280136, 1784.133624605932, 6718.674617886068,  0.002466780534556855
                          0.001447720375165574,                             0.965309341979134,                                          0.00665161936782052,                                          0.01300759376319715,                                      0.7175583848383991, 4934.313350673248,228.25343711756256, 5162.566787790811,  0.001964565824093359
                         0.0015087688425789408,                            0.1680487744976496,                                         0.019595378665340092,                                         0.010758051610156444,                                      0.6634263510858419, 4934.411929955922,149.93672879693386, 5084.348658752855, 0.0021680985711045623
                         0.0014529350573997224,                              0.54263003866276,                                         0.017556497907397557,                                         0.003224879276270989,                                       0.539142459627604, 4934.576212212596,368.89097125542514, 5303.467183468021,  0.002555205895150789
                         0.0014974832168462376,                            0.3513364715915534,                                         0.004868568308273791,                                         0.010287771608504382,                                      0.4695571241832014, 4934.545549659528, 305.4482470264126, 5239.993796685941, 0.0024780457673969315
                         0.0016917282410726776,                            0.5378544088484855,                                        0.0054633369585818745,                                        0.0026694301684346815,                                      0.3999829737554998, 4934.121619776359, 559.5093406899045, 5493.630960466264, 0.0016218060425613654
                         0.0014655881765643722,                           0.13871051303572768,                                        0.0010368532916499606,                                         0.004587023175241191,                                     0.35690030261611744, 4934.578534841872,1189.6721693473974,6124.2507041892695, 0.0025611475886737033
                         0.0014768058110170412,                            0.2395257987257085,                                         0.017723423863342486,                                        0.0025528374623972113,                                     0.45880276439602236,  4934.57691418226, 452.3184051496559, 5386.895319331916, 0.0025570002018754224
                          0.001229767079211793,                          0.050895977557146414,                                          0.02121071834375129,                                         0.001905140462496155,                                      0.1862762140868826,4934.3933145761075, 591.6895740359255, 5526.082888612033,  0.002128111930693968
                          0.000911769153415229,                          0.015948629503419534,                                         0.056318378346348744,                                        0.0020407789089110285,                                      0.4545260296752824,4933.5323657798635,  570.466489564456,  5503.99885534432, 0.0008996822557711334
                          0.002200885738197941,                          0.012280273944796727,                                        0.0025609689663005524,                                        0.0032886738955728236,                                     0.34458391189478094, 4933.627501005627, 775.9825428264446, 5709.610043832072,  0.000989477353142655
                         0.0011158950324355347,                           0.03536801997342822,                                          0.01543191774753655,                                        0.0035915946946469854,                                      0.5430268316297021,  4934.53803050269,371.50274335379333, 5306.040773856484, 0.0024594828289028715
                         0.0017321569679166072,                          0.038721174313289565,                                        0.0012576166625149648,                                         0.014867462736246015,                                     0.34609136934912227,   4933.9041099023, 888.2414944136499,  5822.14560431595,  0.001304774847578924
                         0.0012399333623235305,                         0.0015490819159736926,                                         0.002416434186390335,                                          0.00625973795391766,                                      0.1469378284484007, 4934.609311144546, 1219.127663593776, 6153.736974738322, 0.0026411957165232824
                          0.000691981621802855,                           0.04017346791224534,                                          0.08494609371908249,                                        0.0026165144260993463,                                     0.49432657886998144,4928.2220605555485, 418.8520636002071, 5347.074124155755, 4.444806907009887e-06
                         0.0017099409319473835,                          0.017114553291852876,                                         0.016088380966939573,                                         0.002144590112573772,                                     0.42311980682143596,4934.0869182506285, 586.8760320682286, 5520.962950318857, 0.0015664921866579374
                         0.0015570338159696948,                           0.13460118767715304,                                        0.0017164846214506044,                                         0.010946622883401326,                                      0.5743039504139377, 4933.977111513357, 681.3677826993248,5615.3448942126815,  0.001403588408598557
                         0.0018646492622708755,                            0.6465965608905506,                                        0.0014097098092884415,                                         0.011664347934873545,                                     0.43557524162231315, 4934.661632504714, 796.6437361414132, 5731.305368646128,  0.002783065721792832
                         0.0017026005573814033,                           0.21311723726836557,                                         0.023640498355828547,                                         0.004706437450327025,                                      0.6120344242864949, 4934.080835400945, 259.4674825581249,  5193.54831795907, 0.0015569923724190842
                        0.00031476077517973483,                           0.02151760494350856,                                         0.004041326936547766,                                         0.005604101843405676,                                       0.430686241966061, 4933.495054701402,472.35777922054854, 5405.852833921951,  0.000866732655481742
                         0.0008539837014789566,                          0.038842101258041745,                                         0.002293842156682097,                                         0.005941050124928062,                                     0.14385760038598405, 4935.145306388647, 630.0154584761989, 5565.160764864846, 0.0024413077731146172
                          0.000560426104230712,                           0.04622776408417913,                                          0.01930029082609322,                                         0.004830638382143497,                                     0.23239967208964774,  4935.16145579589,280.45668919925413, 5215.618144995145, 0.0024810535178413323
                         0.0005938021719351517,                          0.012584902419748934,                                            0.042674388424216,                                         0.004213985879592784,                                      0.4963557631717114,  4935.02486119342, 340.1985685901029, 5275.223429783523, 0.0021642820137582094
                         0.0008415385829440476,                           0.07356515808606635,                                         0.006299821487665759,                                         0.004904155959726065,                                     0.47146355276188184, 4935.157513373539,376.23673456763385, 5311.394247941173, 0.0024712914128121495
                          0.001323624063405264,                           0.06715277046819074,                                        0.0066943940293922016,                                         0.004362825022677677,                                     0.31210243476681676, 4934.885710933961,393.47942076458224, 5328.365131698542, 0.0018831358896194271
                         0.0005628329725528338,                            0.1609979463905789,                                          0.06060146845991524,                                         0.004734058505424683,                                      0.6169896025720287, 4934.916618097429,233.94775291736434,5168.8643710147935, 0.0019422470521409134
                         0.0008123012747980948,                           0.12018101033345284,                                         0.019342945833245577,                                        0.0015446852883799814,                                      0.3785411445118907, 4935.127954386381, 707.4002760787689,  5642.52823046515, 0.0023993116076027887
                         0.0008769422908079167,                            0.5588161554771083,                                        0.0014636275535190625,                                         0.013811847493174621,                                      0.5905690634328292, 4934.924755738499, 757.4250338957937, 5692.349789634292, 0.0019581168452841922
                           0.00129989115471622,                          0.016531709631401492,                                         0.004345200287402577,                                        0.0014491983724246164,                                     0.19355354612050354, 4934.861307141353, 980.6654571101082, 5915.526764251461, 0.0018377364443363452
                         0.0008311420217155478,                           0.41994456356676285,                                         0.014617227851870657,                                          0.00620049216494844,                                      0.6283954600257788, 4935.126785497045,232.07121154412434, 5167.197997041169, 0.0023965087163038716
                         0.0014189298624214415,                            0.2836907693918841,                                         0.027974607317336527,                                         0.002824726203234976,                                      0.6819703367511886, 4934.757758065109,393.28828051826804, 5328.046038583377, 0.0016569615685309196
                         0.0008699060131047418,                           0.06724771150659108,                                         0.007772108887111718,                                         0.007134969714049945,                                     0.42759017185911496, 4935.181766607738, 283.6903661679148, 5218.872132775652,  0.002531960964759201
                         0.0018735902763515832,                           0.11778630005288862,                                        0.0029637158912129095,                                         0.005378292038299475,                                     0.27314972727196724, 4934.707791825951, 531.8368433197273,5466.5446351456785, 0.0015762038123237265
                         0.0013272502637682489,                            0.2078784991168365,                                        0.0056750126962255175,                                         0.006005645647116624,                                     0.31326251812725425,  4934.88472866408, 347.5315523892101, 5282.416281053291, 0.0018812870501328743
                         0.0013884990055342407,                         0.0020598136232068687,                                        0.0016358250611553922,                                         0.002697811930611606,                                       0.077269008705795, 4934.758171299498,1467.4638890770686, 6402.222060376566, 0.0016576464235258084
                         0.0013075322522532469,                          0.004446974065316091,                                        0.0010677169564084054,                                         0.003060598314824068,                                     0.09910776328126825, 4934.861744394791,1488.1833127758068, 6423.045057170597, 0.0018385401766187037
                          0.001279151630136908,                           0.15111059144426123,                                         0.007489645218645544,                                         0.010129298022392794,                                     0.47742335383050793, 4934.764385165089, 238.8588670117751, 5173.623252176864, 0.0016679788846151046
                         0.0008314486006112555,                          0.002663899561017503,                                          0.02520577263197067,                                         0.001510859044222531,                                     0.30781993193197776, 4935.062534507109,1076.9380925981693, 6012.000627105279, 0.0022473730185098334
                          0.001346085886340738,                           0.00799733791341841,                                         0.002652577520163526,                                        0.0055445166783492155,                                      0.3786484548279367, 4934.801121718401, 682.3917904685864, 5617.192912186987,  0.001730394120816965
                         0.0013506175582313753,                           0.31255269276350583,                                        0.0013445951990183344,                                         0.005169140257661851,                                      0.3306512346535052, 4934.801795417852, 940.3734874654774,  5875.17528288333, 0.0017315602791621832
                         0.0008194554751942533,                          0.012929890033918366,                                        0.0010440092742513732,                                         0.011046602031071683,                                     0.20751245993270762, 4935.118001826068,1125.7116504109422, 6060.829652237011, 0.0023755507509312093
                         0.0012822066229596955,                         0.0028873353128344562,                                        0.0018592494937440217,                                         0.003299129761814803,                                     0.15708089264481376, 4934.809766583772,1187.3017660204455, 6122.111532604218, 0.0017454179911326917
                         0.0005379645768737617,                          0.009505455203045039,                                          0.03422378674517176,                                         0.004156244250263515,                                      0.4274408322895271,4935.1293718125125,375.02402713602817, 5310.153398948541, 0.0024027148659366603
                         0.0014086359808555828,                          0.052972227742775956,                                        0.0008004663227313594,                                         0.009091824374818829,                                      0.4823391343753748, 4934.748573466705,1378.1385379807475, 6312.887111447453, 0.0016418127165074368
                         0.0012667042884767208,                            0.2466952254867577,                                        0.0028904460027109574,                                          0.00501566157289515,                                      0.2880474819872564, 4934.787532764552, 549.3964473869734, 5484.183980151526, 0.0017070389207329382
                          0.000853057691870036,                          0.022830997055089213,                                         0.020225788760194593,                                          0.00289896390922775,                                     0.34694456194972895, 4935.126353063015, 438.1927592539126, 5373.319112316927,  0.002395472608422553
                         0.0013179274221717307,                            0.0833284936157518,                                         0.010337049200480347,                                         0.008157448749121526,                                      0.3244248342911018, 4934.851232120483,231.32744995894203, 5166.178682079425,  0.001819314169537809
                         0.0008828284683944426,                         0.0013795531292869975,                                          0.00513392088384707,                                         0.005096091596283953,                                     0.12528793647092792, 4935.188822564591,1115.8841212846964, 6051.072943849287, 0.0025498895493563578
                          0.000926708270697637,                          0.020976035070653896,                                         0.056200085841681374,                                         0.004705170311252385,                                     0.39540969024963174, 4929.521703143664, 277.9991770738664,  5207.52088021753,  8.81703726252818e-06
                         0.0012979735096119794,                            0.2313400241714355,                                        0.0006999250850948843,                                         0.007179851754055663,                                     0.20165679413337328,    4934.859990068,1572.3256157562296,  6507.18560582423, 0.0018353176038809174
                         0.0004804035232738093,                           0.00508099053528656,                                        0.0011775643205398194,                                        0.0054121218429310685,                                     0.11992448213494519, 4933.502545015048, 1230.792945433553, 6164.295490448601, 0.0004722590990757546
                         0.0010186837544599908,                           0.37527401633353813,                                         0.007809875434219444,                                         0.003366034892293396,                                      0.5612733869830999, 4934.604035707111, 427.7931876304449, 5362.397223337555, 0.0014208612285902826
                          0.001216699306775979,                           0.10547650711560157,                                       0.00033145779706703413,                                          0.01703791824698006,                                     0.21293166946751885, 4933.892795574025, 3085.148740578275, 8019.041536152299, 0.0006976924102689336
                         0.0008219009769066241,                          0.045264502238767074,                                        0.0010972244642325892,                                         0.011028350776119264,                                      0.5127080559332619, 4935.088900942728, 1024.158299174525, 5959.247200117254,  0.002307416320023003
                         0.0007769140830018957,                          0.022424576768325495,                                          0.02912183397652698,                                         0.004625972806903898,                                      0.3421034385829563, 4935.066836943873, 295.1031739953564,5230.1700109392295, 0.0022570630291869525
                         0.0008585396338973907,                         0.0017560678549655266,                                         0.004600295753209983,                                          0.00705474796832734,                                     0.13461571738232736,4935.1863188964835, 928.5799137033896, 5863.766232599874,  0.002543513457354385
                        0.00043134490643647927,                          0.008287181724385681,                                         0.015779233144832608,                                        0.0015355060424462636,                                     0.20151184595100294, 4933.210681231201,  835.293820709657, 5768.504501940858,0.00035271627839944655
                         0.0005318659497424787,                            0.4266279334772405,                                          0.01444661877222986,                                         0.011959775567406081,                                      0.5889254850521203, 4935.059562918205,155.17792141746995, 5090.237484335676, 0.0022407046624980673
                         0.0003979202642361106,                          0.001958763306235375,                                          0.00489933147031568,                                         0.005427338899116084,                                     0.20549088935149146, 4933.092393255383,  898.888046545123, 5831.980439800506,0.00031336730910429223
                          0.001012395536871798,                           0.16748170069441712,                                        0.0009787514025747803,                                         0.011548439368473539,                                     0.49337563019404085, 4934.548081060965,1114.2724907916015, 6048.820571852567, 0.0013435408316751088
                         0.0008307305998472805,                           0.12338211042773801,                                        0.0006981972136386945,                                         0.016796723635002644,                                      0.1938221425665716,4934.8846529471275,1499.9004071328036, 6434.785060079931,  0.001881144610202763
                         0.0009401332946310241,                          0.005534203001127406,                                        0.0028360602114907074,                                          0.00418167934810906,                                      0.2702339143337552, 4934.664271055879, 772.4346887903089, 5707.098959846187, 0.0015090774978271373
                         0.0013101589060424313,                            0.1065061718451416,                                         0.025611828815771186,                                         0.007321007635762109,                                       0.576716993856192, 4934.814459516328,185.02680533885362, 5119.841264855181,  0.001753628370355469
                         0.0011688197306729607,                           0.13908259580906313,                                         0.004154916394594206,                                        0.0040460453219344624,                                     0.39210852638248916, 4934.520739041619, 495.0236200100322, 5429.544359051652, 0.0013073033724421404
                         0.0004903284972671794,                          0.011611363037107757,                                         0.010080961975646917,                                         0.007305695145237428,                                     0.30502584807543526, 4933.486506489479,322.19892963243444, 5255.685436121914, 0.0004647451766280903
                           0.00122949093178548,                            0.5748085361306794,                                          0.00101501716901768,                                         0.010216811047036842,                                      0.2556557913837587, 4934.598772811422,1084.8226185975648, 6019.421391408987, 0.0014134030272394107
                         0.0005900724002885501,                            0.0655219220900037,                                         0.001373003380364272,                                         0.014047495660142054,                                      0.2710099349669174, 4935.173497352078, 814.7794597631528, 5749.952957115231, 0.0025111098625857286
                         0.0013616617824903387,                            0.1707792214825284,                                          0.02849231903865542,                                        0.0031474178203637153,                                     0.44148628169612686, 4934.778250667099,  358.673457275199,5293.4517079422985, 0.0016912673290759388
                          0.001094709851488951,                          0.009293502201022099,                                        0.0044656070201344765,                                         0.005395356370759128,                                     0.28037250794710195, 4934.557621054962, 516.8803525596268, 5451.437973614588, 0.0013564195368526077
                         0.0008859569773295005,                           0.29580542851708286,                                         0.002434958956031144,                                         0.006195948187346181,                                      0.5977121270992187, 4935.182422696205, 575.4609387385789, 5510.643361434784, 0.0025336227002117737
                         0.0008210480347519101,                           0.31149203639517387,                                         0.010016443594948172,                                         0.011254214354411636,                                       0.685523653550848, 4935.005667244406,191.90179170089104, 5126.907458945298, 0.0021231370257050334
                         0.0010861488092766933,                           0.07905929114112639,                                        0.0012699827454442018,                                          0.00909964825307866,                                      0.2354407423835722, 4934.552879747516, 909.9553651969522, 5844.508244944469, 0.0013500035568895855
                         0.0012860502917668966,                            0.1703420842195752,                                        0.0003560191766371492,                                         0.012930582945928993,                                      0.2509161959043752, 4934.764881674421, 2892.044034221092, 7826.808915895514, 0.0016688072573275213
                        0.00045821595145411714,                          0.018959929629289936,                                          0.00518480425888418,                                         0.002780989633722633,                                     0.35194002919900774, 4933.248255644511, 605.1983480326695, 5538.446603677181,0.00036622152254205375
                         0.0008439161973448819,                         0.0016013650476268345,                                          0.00600969932921243,                                         0.005251895590725039,                                     0.29852164982328117, 4935.157199875768, 981.2723495300512,  5916.42954940582, 0.0024705167898914806
                         0.0009333087606920358,                           0.07814818343022471,                                          0.00245751676940602,                                          0.00892110951641995,                                      0.5812710806365252, 4934.612211498428, 531.8047057661104, 5466.416917264539, 0.0014325255108820422
                          0.001004171778389818,                          0.023591061988952364,                                         0.003907586561504956,                                        0.0047589646027997555,                                     0.46844632209079395,  4934.60677544649, 508.4311134757022, 5443.037888922192, 0.0014247593555388879
                         0.0008282597050516401,                          0.029961950203210637,                                        0.0028504006096773554,                                        0.0034244830808789427,                                      0.2561360360061511, 4935.133927055274, 676.2184188569988, 5611.352345912273, 0.0024136847817843744
                          0.000989696680148215,                          0.001482298740379763,                                         0.020404260187809206,                                         0.001277859403967227,                                      0.2603804316670474, 4934.545162842074,1506.1959195305865,6440.7410823726605, 0.0013396258006764226
                         0.0011267149313725026,                          0.015076978402017154,                                         0.007662527270952218,                                         0.007569691656850294,                                     0.42995866199292804, 4934.530838848932,328.93730964821486, 5263.468148497147, 0.0013205737861089325
                         0.0011836236992398424,                           0.01696667727337527,                                         0.012056566273680529,                                         0.001583612777291383,                                      0.4478715012724829, 4934.525972758674, 773.3489135133818, 5707.874886272055,  0.001314163364367417
                         0.0009587081826843592,                         0.0022568999736785537,                                         0.005033699433542626,                                        0.0013751080399585325,                                      0.1539902935468388, 4934.665283604407,1368.9622873333806, 6303.627570937788, 0.0015106062858813239
                         0.0007625244684520857,                           0.25533318715531406,                                         0.008160014759629963,                                         0.014954627058313229,                                      0.3910588535303226,  4934.98295364039,193.33418529489649,5128.3171389352865, 0.0020754564804239145
                         0.0008841184867527639,                            0.6899912639788947,                                          0.00247460629101071,                                         0.006870862468639158,                                      0.3797961372001776, 4935.187645100207, 551.0961164601828,  5486.28376156039,  0.002546888912148416
                         0.0010199425482726654,                            0.3487983467580409,                                         0.030500839586980976,                                        0.0055738628553722415,                                      0.6000709006891771, 4934.570700783601,215.06176050056428, 5149.632461284165, 0.0013742776714974763
                        0.00034749789710586247,                          0.014152584312260576,                                        0.0020285088479321187,                                         0.010264591007905582,                                      0.3304576849288157, 4933.245558831664, 661.0537214608922, 5594.299280292556,0.00036523522216681017
                         0.0009148085336395136,                           0.03212521417801855,                                         0.020624382058468557,                                        0.0016418311612102457,                                      0.4878562103700122,  4934.65920871485, 688.6905248992778, 5623.349733614128, 0.0015014573370939893
                          0.000937493755824819,                          0.002714910819305471,                                         0.018461678874595384,                                        0.0011512478822310965,                                       0.287749035716661, 4934.651628674362, 1291.125140737747,6225.7767694121085, 0.0014901192555335082
                         0.0011538943118895983,                           0.06690348517712733,                                         0.006507702010046185,                                        0.0037987901555069114,                                     0.28004538676415486, 4934.573482758764,431.85268361241845, 5366.426166371182, 0.0013781062008142997
                         0.0009440798481917384,                            0.2961754150043308,                                         0.029994980035954022,                                         0.005041949203618949,                                      0.6019081452321737, 4934.641670041017, 235.0512820922831,   5169.6929521333, 0.0014753533503789225
                         0.0010137912298190796,                           0.01569469260665313,                                         0.003994703532748628,                                        0.0054054667126233755,                                      0.2981515434685819,4934.6031447359055,499.04517656821054, 5433.648321304116, 0.0014195958459426521
                         0.0011041298475579747,                          0.042962865518364105,                                        0.0008910724850380959,                                           0.0162492883383858,                                      0.1526314546712265, 4934.387169975485,1207.0602299985007, 6141.447399973986, 0.0011438473573314133
                         0.0009658145499808016,                         0.0025223218586872876,                                        0.0009785417715233128,                                         0.005835279681798946,                                      0.1459791423543083, 4934.665341589584,1589.7602823558705, 6524.425623945455,  0.001510693881194671
                         0.0007556761606469265,                           0.43800190683497725,                                          0.06833220232814387,                                          0.00302325017423638,                                      0.5611242104163001,4935.2101668557625, 347.6873314450716, 5282.897498300834,  0.002604900126789755
                          0.000469715677719159,                            0.5202172238713212,                                        0.0036972509773676794,                                         0.008084580998372129,                                     0.45942959660058236, 4933.495264868701, 396.0857469192658, 5329.581011787967,0.00046883346839730986
                         0.0005779384869553785,                            0.2804252589031008,                                        0.0035953294060964047,                                         0.013454779485272912,                                     0.33293790067914275, 4935.148098281774,356.02767538945045, 5291.175773671224,  0.002448133166957442
                         0.0009396340538393674,                           0.12731893541655487,                                         0.014496907547876225,                                         0.004223340826569207,                                     0.36593266966686266,  4934.65739805899, 313.6138947640198,  5248.27129282301,  0.001498741174328087
                         0.0003356983422831409,                          0.008678586907935014,                                        0.0033023714084301262,                                         0.005002784069207489,                                     0.34110545709531365, 4933.265006754189, 617.9275303491121, 5551.192537103301,0.00037240780835348615
                         0.0009282743575546348,                             0.356514131742817,                                        0.0009011360040204574,                                         0.006354694560507577,                                     0.41171795564619595, 4934.625456987935, 1269.879318557316, 6204.504775545251, 0.0014516262324513083
                         0.0012177948863223212,                           0.02615760933454271,                                         0.006738152053908064,                                        0.0022952118436429603,                                     0.41472321963575226, 4934.166728449876, 622.3280664472026,5556.4947948970785,  0.000917553793311231
                         0.0008397437491033446,                         0.0017631248067247476,                                         0.008190590543031123,                                        0.0029940632141680396,                                     0.16362102810241758, 4935.156509931112, 1023.260425735078,  5958.41693566619, 0.0024688128579112485
                         0.0009199781302074023,                         0.0018849532063410534,                                         0.007892432173187063,                                        0.0026094040886210815,                                      0.1307011642151102,4934.6593758987365,1040.4500638481006, 5975.109439746837,  0.001501708377551143
                          0.001029970688932029,                          0.006700620378786829,                                         0.003400313230935276,                                         0.003843861210065675,                                     0.21439969216327648, 4934.561629396514, 703.4855407358668,  5638.04717013238, 0.0013618674408805555
                         0.0014419783118610962,                           0.41983494241824815,                                           0.0331599173018043,                                         0.003986732253000565,                                      0.5458909659606329, 4934.545925297468,283.37077295685634, 5217.916698254324, 0.0013406475950804735
                         0.0010599415690296288,                          0.019504125818174237,                                         0.002462451864293343,                                          0.00523687231974276,                                      0.4024381458129658, 4934.564402345013, 648.3241842251924, 5582.888586570206, 0.0013656490698647904
                         0.0011278159365022016,                           0.13303441341071193,                                         0.002370814689753563,                                         0.011175861710926018,                                     0.20921952160452584, 4934.523963022593, 518.7913464101764,  5453.31530943277, 0.0013115248950402753
                          0.000728666138575087,                           0.19926510723882257,                                          0.05332361402652316,                                        0.0029013295450175166,                                      0.4983022252925815, 4935.035756535936,368.44142533047574, 5303.477181866412, 0.0021879915347323997
                        0.00048008450725377423,                         0.0042229318987219416,                                          0.03252559145289843,                                         0.003469523640392992,                                     0.42903525639919166, 4933.393581194342, 555.7713297341252, 5489.164910928467,0.00042350442089538425
                         0.0009363076706610946,                          0.012785633216418858,                                        0.0044001227171527905,                                        0.0035350980716403425,                                      0.2728109226291644,4934.6640582998825,  588.356758690237,  5523.02081699012, 0.0015087564666921942
                          0.001408619296060929,                           0.16005364010228437,                                         0.012556981692770634,                                         0.008621987900587373,                                      0.4996980310693366, 4934.724772244626,201.86741086789704, 5136.592183112523,  0.001603196941709063
                         0.0005241973968412022,                           0.04224630072444113,                                         0.040800557196316825,                                         0.006315018785606974,                                      0.4665109538875057, 4934.774275652062,206.53283719994434, 5141.307112852006, 0.0016845578599657656
                         0.0008913969505561972,                           0.12801949759841194,                                          0.01918845175876642,                                        0.0063856834138441565,                                       0.307329843296793, 4935.083722298459,216.52629859844575, 5151.610020896905, 0.0022954979189365927
                         0.0008669248216989866,                          0.024011341278878797,                                          0.07890496011596536,                                         0.003636835514242874,                                      0.4765263142015843, 4927.488532142235, 329.2847796126269, 5256.773311754862,1.1543240111237177e-06
                         0.0006509292047723414,                            0.5283331463841929,                                         0.019907148009018154,                                          0.01186038074486996,                                      0.6115316252640988, 4935.077327115965,136.44028311412328, 5071.517610230088,  0.002280864631973586
                           0.00088575765876694,                          0.006711246200649003,                                         0.012204843908510708,                                         0.003561398572922295,                                     0.11144115609733002, 4935.153385642594, 511.7268713112039, 5446.880256953798,  0.002461111610969472
                         0.0015045717675220053,                           0.07621808946138216,                                         0.015154979022557509,                                         0.007891532984595856,                                     0.47839663079597633, 4934.547389489522,205.82325138230524, 5140.370640871827, 0.0013426119984177355
                          0.001206146540510751,                           0.20221802704247294,                                           0.0214742230602231,                                         0.002826917149883983,                                      0.4333705313688607, 4934.243720990739,405.25485471383024,  5339.49857570457, 0.0009909893121772565
                         0.0018745917848675788,                           0.20181908269764406,                                         0.005968384192412422,                                        0.0055880206630401115,                                     0.40849855324210416,  4934.70677483464, 351.4587101196586, 5286.165484954298, 0.0015746016415768838
                         0.0010098806387253694,                            0.0719211253064285,                                         0.013609289782588373,                                        0.0018544419211720413,                                      0.4401001407151687, 4934.603191189043, 626.6291314009121, 5561.232322589955, 0.0014196617921555927
                         0.0011756543247839187,                          0.006604470185997575,                                        0.0008083093377722161,                                         0.008479740520966103,                                     0.25928765671919796, 4934.517819463741,1506.4908635502497, 6441.008683013991, 0.0013034921647023026
                         0.0005223299634499363,                          0.008309606864177156,                                         0.011588788468336384,                                         0.003338676470331422,                                      0.4140484166738715, 4935.340020986105, 506.1528210688561,  5441.49284205496, 0.0021713622331831356
                         0.0005674122839734241,                           0.40603181044843767,                                         0.007742960650602453,                                        0.0051318981970033374,                                     0.45615552936128134, 4935.305089883061,326.47209835675005, 5261.777188239811,  0.002096823592804944
                         0.0005637737441447282,                           0.06136168583337774,                                        0.0030015172782564548,                                         0.011671813531036135,                                     0.40038946244263107, 4935.247493340919, 435.1381350865586, 5370.385628427478, 0.0019794659431401724
                         0.0006172708216329219,                           0.02625148973400024,                                        0.0009159022697081159,                                         0.012942969120073568,                                      0.2524108261223152, 4935.397490567809, 1207.174646637549, 6142.572137205358, 0.0022998049374322906
                         0.0005302713611410964,                           0.07189644405791397,                                        0.0073912913416105085,                                         0.008581090471514213,                                      0.1977873605807442, 4935.309291943372, 265.7385549943567,5201.0478469377285,  0.002105653110094237
                         0.0006167848374328703,                          0.011257990274647809,                                         0.002229244603151193,                                         0.010592005571682484,                                     0.26213184287856345,  4935.43244241588, 631.8190745623273, 5567.251516978207, 0.0023816086377899423
                         0.0006927673430133919,                           0.09686328694043184,                                         0.005235867411406244,                                         0.012333260839595812,                                      0.5073594440907003, 4935.415746354893, 282.3957080119496, 5217.811454366843,  0.002342175261778046
                         0.0007599816345468249,                            0.2510936695833888,                                         0.002822912030456555,                                         0.013314758181940606,                                     0.28206262087135814, 4935.392858938409,433.33133272367587, 5368.724191662084, 0.0022891777229269734
                         0.0006332084930661709,                            0.0634163449583749,                                          0.04064148863163564,                                         0.005839056066374076,                                      0.5999386471972046,  4935.31809986726,211.63476125864324, 5146.952861125903, 0.0021242814605367043
                         0.0007944765850176701,                           0.11377924694820243,                                         0.004698311713627409,                                          0.00220225934190808,                                       0.290484117506472, 4935.380535510233, 675.7104888248477, 5611.091024335081,  0.002261140318973034
                          0.000797437880806664,                           0.07754132854098401,                                         0.004113716150150095,                                         0.003861556359285879,                                     0.45230023672709724, 4935.380454574411, 514.9484995036876, 5450.328954078098,  0.002260957319127133
                         0.0006556512748693514,                          0.011465357081744924,                                         0.018629881777389314,                                         0.002604860661704513,                                      0.3392173039598873, 4935.427610074042, 524.7941628907986,  5460.22177296484,   0.00237012765308912
                         0.0005827935162468683,                            0.5677966801134321,                                          0.01848293410507801,                                         0.004383693350888689,                                     0.42799627633314286, 4935.265634196558,283.98330377235646, 5219.248937968914, 0.0020157028394445406
                         0.0008025555284415205,                           0.11766387393883018,                                         0.005601446440358431,                                         0.010256956549971072,                                      0.5089401463381326, 4935.337551424442, 284.5189091008363, 5219.856460525278, 0.0021660065360895628
                          0.000781642807534793,                          0.009754011910502193,                                          0.01950678725111419,                                          0.00661452379632545,                                     0.42935446718014947, 4935.331379999145, 304.9685882352241, 5240.299968234369, 0.0021526803516308235
                         0.0005419112211022405,                           0.01961533997677719,                                         0.009019280843643323,                                         0.002391663920515417,                                     0.23530006405216064,4935.3237426384785,  579.973040023615, 5515.296782662093,  0.002136302178006409
                         0.0005870415758928423,                          0.005291144263223223,                                         0.011151514767521138,                                        0.0019161251802212822,                                      0.3634506358726306, 4935.277097635564, 800.5555230808163, 5735.832620716381, 0.0020389426757268536
                          0.000581833181795605,                            0.0585788672405931,                                          0.01903680784474827,                                        0.0015133441782201476,                                       0.289004211813795, 4935.259699225371, 730.3890341715739, 5665.648733396945,  0.002003775131485215
                         0.0005116419265697723,                         0.0016424709164568857,                                         0.004881880524724671,                                        0.0027141152329203423,                                     0.22129608530312322, 4935.433631035699,1182.1220782746218, 6117.555709310322, 0.0023844411480733758
                         0.0005041006196232154,                         0.0005926336908238973,                                         0.006895634231886229,                                        0.0019741324333009923,                                      0.0338878930679129, 4934.665331911974, 2338.953896347254, 7273.619228259228, 0.0011059068240795368
                         0.0006987383147440871,                           0.27891045058512876,                                         0.060517867018512105,                                        0.0038251067965885768,                                      0.4361768391872479, 4931.923147447152, 281.5400350471067, 5213.463182494258, 7.125296753187175e-05
                         0.0006275669969691882,                         0.0034042923417519793,                                         0.001536380394607971,                                         0.007428685003424459,                                     0.33326211558491114, 4935.447774572003,1079.2406062457685, 6014.688380817772,  0.002418405197722521
                         0.0006649955696404212,                          0.004002004340723955,                                           0.0124452368485114,                                        0.0014273534354329557,                                    0.022753955221430477, 4935.442733196945,1030.8241437755632, 5966.266876972508,  0.002406243790940655
                         0.0005263976122839195,                         0.0003978499321565435,                                        0.0029026398319267894,                                        0.0026274670522221746,                                    0.004325639761635414, 4935.325501803532,3238.6192120187184,8173.9447138222495,  0.002140063593646148
                         0.0006530619847050275,                            0.2708203579923032,                                        0.0007921254136086035,                                         0.009945859314082706,                                     0.25465636286910165, 4935.430560834815, 1366.663195385965,  6302.09375622078,   0.00237713166128985
                         0.0005127409886556891,                           0.00219575286564349,                                         0.001710166303120987,                                         0.005540135549600938,                                     0.18225851232410012,4935.4334191862135, 1220.664111628079, 6156.097530814292,  0.002383936058945508
                         0.0006006295453362569,                          0.000518126364376934,                                         0.005319036390826472,                                         0.003487842706122651,                                     0.19140663646376482, 4935.448743685938, 2404.745260829261, 7340.194004515199,  0.002420750043927778
                         0.0006427597663684287,                          0.002266770842872203,                                         0.007117145269541328,                                          0.00211672845747182,                                    0.002176432201609624, 4935.435140413547,  1054.08912188887, 5989.524262302417,  0.002388042888230478
                         0.0006462977113042452,                           0.13768970923365936,                                         0.008556687731385248,                                         0.005879055336224755,                                      0.6696604358312939,  4935.43676555206,  294.225712653518, 5229.662478205578, 0.0023919269439086877
                         0.0007728064886374028,                           0.08270794078505014,                                        0.0028125761656562936,                                         0.011122519665677781,                                      0.5540425986100068, 4935.419988630647, 457.5443499521337,  5392.96433858278, 0.0023521325208893658
                         0.0006460956416026113,                          0.007182510597079641,                                        0.0005473148353503638,                                         0.010794631931656024,                                     0.04249918450862772, 4935.429717488001,2058.9676657874024, 6994.397383275404, 0.0023751277599880225
                         0.0007880075980843768,                          0.011734132387927724,                                         0.017066822287707707,                                         0.003998851596258433,                                     0.47959056925297094, 4935.373639249842,393.88648060815996, 5329.260119858002, 0.0022456005512823357
                         0.0008091997314696583,                         0.0026680788191532274,                                        0.0009961092716773354,                                        0.0038518109403806234,                                     0.01685869431066106, 4935.381303708121,1638.3255884628875, 6573.706892171009,  0.002262877989541923
                         0.0005241137963564761,                          0.024791041004486487,                                        0.0038868254064247927,                                        0.0025499044303865966,                                     0.26846137822529925,  4935.42881553139, 689.7880851877225, 5625.216900719112,  0.002372986463625319
                         0.0007843411338237676,                         0.0023214138509998405,                                          0.00826250434344588,                                        0.0017343618453232069,                                     0.06195043425459229, 4935.373596843963,1128.3815928025833, 6063.755189646547, 0.0022455053266362273
                         0.0006421403097867509,                            0.6334497943791676,                                         0.021479283768999255,                                        0.0039936354359089415,                                       0.649460050082709, 4935.436542178179,298.53356347920067,5233.9701056573795,  0.002391392709572293
                         0.0007811321940480911,                           0.11413694007402723,                                        0.0007818613315464125,                                         0.013604827893449732,                                     0.40032582548046464, 4935.249383610554,1361.2639015775662, 6296.513285188121,   0.00198321120616874
                         0.0006741150750903609,                            0.4500134901192588,                                          0.02366601455509618,                                          0.01087640781336294,                                       0.567163197849002, 4935.213385088991,136.41896172293505, 5071.632346811926, 0.0019130882683364798
                          0.000531968209073007,                          0.023275875425915464,                                         0.006203497911120766,                                         0.003188762168753826,                                     0.22791912929368166, 4935.324146378243, 517.7636276212359, 5453.087773999479,  0.002137164862283568
                         0.0007469946326084696,                            0.1689718711093515,                                         0.037852236043454855,                                         0.003869793895376691,                                      0.4019275819407581, 4935.296245190161, 290.7483583963929, 5226.044603586554, 0.0020783596065738013
                         0.0008013658472622032,                           0.00051462319485955,                                         0.005246232347621566,                                         0.001827025614659635,                                    0.057187320803509856, 4935.380412882602,2681.1199977198185, 7616.500410602421, 0.0022608630576930063
                         0.0006093741177050487,                         0.0003665549746209857,                                         0.003082483123799023,                                        0.0022717430387983154,                                      0.0893729232065685, 4935.449626750716,3492.7081572975603, 8428.157784048275,  0.002422888667159281
                         0.0005761799911543879,                          0.014295921509574953,                                        0.0026280978917172368,                                         0.007928283921098447,                                     0.12752923643228012, 4935.299502868718, 576.5840504589758, 5511.883553327694,  0.002085141274347237
                         0.0008096712527570674,                           0.17529575483860974,                                        0.0015773021051766832,                                         0.005819460350958367,                                      0.5080625070539673, 4935.380152088238,  811.535838917377, 5746.915991005615,  0.002260273514227267
                         0.0005656645388119845,                           0.06457943767375944,                                        0.0027490225589151063,                                         0.003461039486089655,                                     0.07803655947563876, 4935.306872174007, 668.1810007910827,  5603.48787296509,  0.002100564074834745
                         0.0006136674115918219,                          0.026547696127958455,                                         0.015887346963962302,                                         0.007211703764190388,                                     0.18106264791734078,4935.2853932490125, 239.2747115018105, 5174.560104750823, 0.0020559273075754325
                         0.0005462441513205827,                          0.010481001569777602,                                        0.0067907156345054336,                                         0.004010558002437641,                                     0.10135541191862107, 4935.287680821707,  492.012475461552, 5427.300156283259,  0.002060635774172677
                         0.0006286834514706038,                          0.009392602283645959,                                         0.004938843516884412,                                         0.013296925347417228,                                      0.4459934771497226,4935.2436533761265, 384.1486735379401, 5319.392326914067,  0.001971879438886589
                         0.0005880693608192251,                           0.29213088535049825,                                         0.019475873192449533,                                         0.006196317695392889,                                     0.31013925977518747, 4935.176952623684,216.15487597396734, 5151.331828597651, 0.0018446441115212452
                         0.0006474651760279317,                          0.016257328088653603,                                        0.0010894565381031674,                                         0.002933617504599422,                                    0.019336593344876363, 4935.439861258201,1320.2756325564326, 6255.715493814633, 0.0023993431200656752
                         0.0006488374863569506,                           0.06451114001874929,                                        0.0018422110360179413,                                         0.014114962797206023,                                      0.2571484688213567, 4935.333445908528, 629.1739765401626, 5564.507422448691, 0.0021571321911338956
                         0.0008231940119283942,                          0.017118675275569147,                                         0.004386716113046444,                                        0.0025376842438190697,                                     0.11190804993563075, 4935.133581543374,  680.436749236982, 5615.570330780356, 0.0017663500257024854
                         0.0006549145585512517,                          0.008491528700211234,                                         0.001025763197768318,                                         0.005055696856197981,                                    0.043865412382047275, 4935.439984127892, 1290.444969041107, 6225.884953168999, 0.0023996379447256736
                         0.0005843047394834507,                            0.0807959132733722,                                         0.010230198601323818,                                         0.002589327432737066,                                      0.1538965189767621, 4935.271964070041, 496.3273507061509, 5431.599314776192, 0.0020285024506202774
                         0.0006382664961233237,                           0.06398552474604373,                                          0.01594776104699428,                                         0.006830568544068275,                                      0.6459579865983367,  4935.42659174779,224.73395924796571, 5160.160550995755, 0.0023677153183596224
                         0.0005701894430873049,                         0.0009607192492131467,                                        0.0026684362956476936,                                        0.0069919388885241775,                                     0.14640485459897035, 4935.305687805735,1558.6599715633884, 6493.965659369123, 0.0020980777060692875
                         0.0005788709126192225,                          0.040183388575326724,                                          0.01980169239929845,                                        0.0061242162799880085,                                      0.5540876291108316,  4935.25959201166, 238.6728384934657, 5173.932430505126, 0.0020035603108332447
                         0.0006181519565739193,                           0.06890597138913195,                                        0.0038479387723029074,                                         0.008843201754828205,                                      0.5508934060731119, 4935.434150872343, 387.4731404185546, 5322.907291290898, 0.0023856809901860176
                         0.0006593932317848571,                           0.15614057870743597,                                          0.01292346533925847,                                         0.013441753091333478,                                      0.6853459657906102, 4935.058440320504, 158.1781696615173, 5093.236609982021, 0.0016384883225584982
                         0.0007807399433041788,                             0.303330016186057,                                        0.0018723072125050612,                                         0.015030257314624023,                                     0.44359230360394947,4935.0470355723555, 603.9295831539821, 5538.976618726338, 0.0016199079296394042
                          0.000690280397649077,                          0.004555012600365049,                                         0.013755530697002536,                                         0.006220365363498202,                                      0.3738031943808328, 4935.537403807806,452.99865306678316, 5388.536056874589, 0.0014803979200298499
                         0.0006970987754635499,                         0.0004297787736055122,                                         0.009337600697708295,                                        0.0017886075744118232,                                     0.20660669590552744, 4935.553135134405,2992.9665006277774, 7928.519635762183,    0.0015038706880219
                         0.0006634404730441804,                            0.5879266227257867,                                        0.0022164440856072515,                                         0.010592649696682003,                                      0.5428734731619989, 4935.511985234135, 547.2791009752877, 5482.791086209423, 0.0014432425353762138
                         0.0007665827557256791,                         0.0017209420526410773,                                         0.017211570432818617,                                          0.00202174892484547,                                      0.3529837682944897, 4935.475729603026,1133.7988004284548,  6069.27453003148, 0.0013918540562155022
                         0.0006172435890094282,                          0.013684708728945668,                                        0.0027496534453986636,                                        0.0030744693200390563,                                     0.22895990434500044, 4935.449967045366, 762.0158423904768, 5697.465809435843,  0.001356454288031153
                         0.0007646403808567869,                           0.07374157270095495,                                        0.0035258612602929807,                                        0.0020685512019346848,                                       0.370511368230345,4935.4809970927745, 780.6096599486796, 5716.090657041454, 0.0013992049766406193
                         0.0007024636012031811,                           0.11680480823187671,                                         0.008588496988877047,                                         0.003926868255017304,                                     0.19011712619348842, 4935.551933582673,379.65195643622206, 5315.203890018895, 0.0015020647947459693
                          0.000768971480054128,                            0.2254968440104183,                                         0.017711390095719936,                                        0.0022387356339157337,                                      0.4343596437070346, 4935.478460711551,507.57619395785554, 5443.054654669406, 0.0013956605563104321
                         0.0007630667036623817,                          0.002177492189600358,                                         0.004514264368815679,                                         0.007937449114820822,                                     0.33322287385819066, 4935.474497565869, 806.7489919410476, 5742.223489506916, 0.0013901402962258613
                         0.0007128796522214078,                           0.04682590062008515,                                         0.017824032015303665,                                         0.003443150431588467,                                     0.33735831509752967,4935.5401786075345, 367.8914212847488, 5303.431599892283,  0.001484511432223025
                         0.0007226420993046454,                          0.021989848260660836,                                        0.0007465155886526284,                                         0.011379968639222362,                                     0.22832305923423257, 4935.540497606996,1472.9059898606142,6408.4464874676105, 0.0014849850661107216
                          0.000664718131354785,                           0.03605102572467455,                                         0.029994275017730637,                                         0.005273379977212946,                                      0.6126347054883649, 4935.528913128486, 250.7098555781426, 5186.238768706628, 0.0014678815474715027
                         0.0007227635289056368,                           0.15076559503915277,                                         0.014684775564051445,                                        0.0017821853192411183,                                      0.2498601559210678, 4935.552058573786, 635.8394263487929,5571.3914849225785,  0.001502252551230011
                         0.0006724658457736304,                            0.0066496164572487,                                         0.004675951286986347,                                         0.006927863484064939,                                     0.05060925387519449, 4935.551589969875,508.58948527714136,5444.1410752470165,  0.001501548754722925
                         0.0006686806799507524,                           0.09155741621554495,                                         0.013458372524849823,                                         0.002103468228587214,                                     0.37134721687677014,4935.5523466447285, 560.6306238299807, 5496.182970474709, 0.0015026853688765497
                         0.0007747289888183315,                         0.0007471750798810838,                                        0.0015665364307653684,                                         0.005073045847485393,                                     0.18250377072247762, 4935.481183705988, 2173.845576081403, 7109.326759787391, 0.0013994661111422938
                         0.0007736140884256046,                            0.1190644386700102,                                         0.013400233688173325,                                        0.0038488580847711833,                                      0.6643433418391709, 4935.480473742323,342.84169953129015, 5278.322173273613, 0.0013984728936688186
                         0.0007740620165425869,                         0.0025631156874525375,                                         0.006932702411118233,                                        0.0017110206793826731,                                     0.07585839242391895, 4935.479848322184,1118.8405291699105, 6054.320377492095,   0.00139759853400694
                         0.0007631898173458115,                           0.01691391075228767,                                         0.006295459729720129,                                         0.010350399851874003,                                     0.24463726762547625, 4935.450953965703, 314.5821917876856, 5250.033145753388, 0.0013577936611725322
                         0.0006742045787947975,                           0.03731244904531746,                                         0.007660397545539003,                                         0.002680108670577816,                                     0.44450238761686645, 4935.553354514843, 530.4614333784219, 5466.014787893265, 0.0015042006440230892
                         0.0006588235338230525,                          0.019998757783731794,                                         0.049028525383716826,                                         0.003278771941085265,                                      0.6071842069548885, 4935.465581982552, 375.3916356628431, 5310.857217645395, 0.0013778014702405467
                           0.00074740431600613,                           0.13932007097540655,                                          0.05729557282389278,                                        0.0015585017739644634,                                       0.534348886776111, 4935.466447641507, 666.2729469000411, 5601.739394541549, 0.0013789946928092227
                          0.000765177938545992,                          0.006049101181445993,                                         0.010019749487565892,                                          0.00861657032237656,                                      0.3882906024803171, 4935.452436465705, 381.1721666929969,5316.6246031587025, 0.0013598080831000194
                         0.0006588005346595984,                          0.004123749080790839,                                        0.0018104440733192112,                                         0.007186720314321132,                                      0.4037108410597543, 4935.536353654592, 933.9939813652337,5869.5303350198255,  0.001478844091417636
                          0.000666485740453587,                           0.03558708348170284,                                        0.0027268473126821624,                                        0.0035142036155886938,                                       0.542877509567137, 4935.553701908941, 679.3834464718079, 5614.937148380748, 0.0015047232852247738
                         0.0007670768911653906,                             0.923775259071507,                                         0.024098790783889074,                                         0.002414506770818359,                                     0.45747770101513135, 4935.472037511648,456.74163423004325, 5392.213671741691,  0.001386724678746954
                         0.0006175130435768894,                           0.00055711849970375,                                         0.004529061963375736,                                        0.0064306145033317325,                                     0.24754454449599134, 4935.447852717052,2171.2526738925017, 7106.700526609554,  0.001353589328123757
                         0.0006589805861072055,                           0.15140718201669182,                                         0.007167501617691504,                                           0.0016104174189325,                                      0.3165225340296614,4935.5390854298075, 767.0803547574296, 5702.619440187237, 0.0014828894840902365
                         0.0007306357102865335,                          0.057211186070851024,                                          0.04378855659422168,                                         0.001205156785500529,                                     0.42273863998479944,  4935.25914829419, 870.0836715826435, 5805.342819876833,  0.001120814219529977
                         0.0006810804462418353,                         0.0003230940991593449,                                         0.007204449992819964,                                        0.0018829875507683537,                                     0.22533075866855293, 4935.553465601142, 3764.947606225868,  8700.50107182701, 0.0015043677493877436
                         0.0006490110792096611,                         0.0004646302826306434,                                         0.004823380920413448,                                         0.008101370124864242,                                     0.09484465560581504, 4935.435748594587, 2483.008234734272, 7418.443983328858, 0.0013373040753037998
                         0.0006541017221081144,                            0.6801163500917639,                                        0.0022395185784987596,                                         0.005162658002161666,                                     0.43625754282856116, 4935.439448940695, 641.6935474703447,  5577.13299641104, 0.0013422617300970158
                         0.0006801180741801988,                          0.001040786894254302,                                        0.0043951149186573215,                                         0.008675037034977762,                                      0.1161475902686365,4935.5486001091385, 1303.610103027746,6239.1587031368845, 0.0014970660377466184
                          0.000663787082468831,                        0.00035886789167871667,                                        0.0007723105642859469,                                         0.008799223291179442,                                      0.0489459678016666, 4935.550627272259, 4195.003035211656, 9130.553662483915, 0.0015001039129006826
                         0.0006826481335498089,                          0.022156963866258005,                                          0.04607804579419493,                                         0.004241583910281836,                                      0.5980763422584983, 4935.455906362671, 302.5958314924283, 5238.051737855099, 0.0013645346726885563
                         0.0007077169265557253,                           0.34939149651309914,                                        0.0018629868701992504,                                         0.009036078262261387,                                     0.39230191069638864, 4935.545334558551, 650.3020334396923,5585.8473679982435, 0.0014921852664077542
                         0.0007056703204531747,                            0.8316675073590644,                                         0.007263539132802538,                                         0.008458924478555152,                                     0.35347971665034755, 4935.539457423842, 257.0946754193052, 5192.634132843147, 0.0014834412127451284
                         0.0007087955348287242,                          0.002974031003217925,                                         0.015585874462827918,                                         0.004910538533069309,                                     0.18834247841479207, 4935.483037630937, 604.0482853501594, 5539.531322981096, 0.0014020630227775503
                         0.0006839670542060539,                         0.0015984332462867493,                                         0.003328771791086138,                                         0.011154033370674634,                                      0.3699969542660435, 4935.512831264317, 1015.677382012823,  5951.19021327714, 0.0014444640787801006
                         0.0007649361463007718,                         0.0052237737172347925,                                        0.0034246463905684265,                                         0.005211009054537314,                                     0.18706241701327922, 4935.480395222392, 675.3348511265506, 5610.815246348942, 0.0013983630899848342
                         0.0006310542865981147,                          0.036629393128794034,                                         0.006135998938653984,                                        0.0022421027902782844,                                      0.4663653037386388,   4935.4390093849, 636.2830099805772, 5571.722019365477, 0.0013416718608244545
                         0.0006420095708102461,                          0.001822316878100068,                                         0.006334174917676562,                                         0.004349447800143871,                                     0.05207228415278625, 4935.437475321212,  936.539984380917,  5871.97745970213,  0.001339615228648114
                         0.0006407510274946723,                         9.557356070828628e-05,                                         0.002757618279123798,                                         0.003091100597024522,                                      0.1396473826398621, 4935.439473279855,11149.285889086972,16084.725362366826, 0.0013422944000170789
                         0.0007782650141956799,                            0.0914631683647792,                                         0.007582422560151598,                                         0.007274425420866993,                                     0.48737184126123884, 4935.360618728733, 280.2852360447298, 5215.645854773463, 0.0012405140342289175
                         0.0006401660259344653,                           0.13229892677915128,                                         0.006980367047255684,                                         0.004360216230619634,                                      0.5793397851420402,  4935.43872421446,380.16400651263683, 5315.602730727097, 0.0013412893102190495
                          0.000739107337992913,                           0.13061229626349075,                                         0.017619451147524768,                                        0.0064326646068843365,                                      0.6532108900214182, 4935.550035166968,219.86827764775796, 5155.418312814726, 0.0014992159563450736
                         0.0006766581013558789,                          0.006460255633075185,                                        0.0025989497290007393,                                        0.0023728446680807585,                                      0.1389471134428956,4935.5537289630865, 960.9985365044589, 5896.552265467545, 0.0015047639947787547
                         0.0006973453742599425,                             0.844006636623098,                                         0.043094315614206714,                                         0.002792754570793632,                                      0.6809199869978511, 4935.543406085664, 382.4591580582912, 5318.002564143955, 0.0014893104005206804
                         0.0006531973326473503,                          0.040351633716456586,                                         0.005495374194119566,                                        0.0032364017931529377,                                     0.14060045583229613, 4935.439505650918, 515.7384949116216,  5451.17800056254, 0.0013423378522179705
                          0.000766702972767104,                           0.29114695642267624,                                         0.006968210764808459,                                        0.0066152332546035395,                                     0.44093371785257324, 4935.476395107355, 298.1098034057814, 5233.586198513136, 0.0013927806494068516
                         0.0006956071016677908,                          0.006651133976536308,                                         0.013907624661187718,                                        0.0045404153279582455,                                     0.18714299109237442, 4935.519232874196,  442.497475117094,  5378.01670799129,  0.001453740635063376
                         0.0006759850733012488,                          0.012417182413169532,                                         0.004837763740308237,                                         0.004767447891182806,                                     0.09924482877330609, 4935.552851605338, 496.9964764742781, 5432.549328079616, 0.0015034443574102239
                         0.0006838437547442179,                          0.010037466272032447,                                         0.013099220209760834,                                         0.004445735323885242,                                     0.30720138763818045, 4935.545363381076, 400.9018260658746, 5336.447189446951, 0.0014922282755741984
                         0.0006058729374234027,                         0.0003756119369627691,                                         0.004169933154765466,                                          0.00563792372053892,                                      0.1283437943404261,4935.4485149954435, 3079.504462713821, 8014.952977709265, 0.0013544860780026514
                         0.0006920482251894187,                         0.0020949388439454853,                                         0.021207830615208097,                                        0.0044531296184148195,                                     0.16062280322114553,4934.9752668974115,  749.054468556449, 5684.029735453861, 0.0008438116322180912
                          0.000623893434739091,                        0.00024467030363027256,                                        0.0014348386495481133,                                         0.004649270972374575,                                      0.1645528124660039, 4935.450154125154, 4999.162665504981, 9934.612819630136, 0.0013567080769501566
                         0.0006634104037808672,                          0.013234456119482138,                                         0.008176963201384222,                                          0.00419542536575259,                                      0.4892293979736193, 4935.552737762105,436.20998386507637, 5371.762721627181,  0.001503273210185319
                         0.0006725605302489568,                          0.041560761819177484,                                        0.0018205383451064508,                                         0.006100391394813094,                                      0.5202541738929701, 4935.551915141048, 737.2731383271646, 5672.825053468213,  0.001502037094485886
                         0.0006467569966917496,                        0.00042261287158749277,                                         0.008593360435521648,                                          0.00498196625805428,                                      0.3639843536690523,  4935.43727195336,2683.3246348410685, 7618.761906794429, 0.0013393428216768942
                          0.000661707467106596,                         0.0036745533340009216,                                          0.00078585466307617,                                         0.006779283214889256,                                     0.19508839338148082, 4935.552590229882,1692.1500653840653, 6627.702655613948, 0.0015030514453068815
                         0.0006617179747643376,                          0.022243866530406792,                                        0.0007807821847988644,                                         0.009289136161510505,                                        0.30251815808113, 4935.546123410142,1433.3757772400966, 6368.921900650239, 0.0014933628435350997
                         0.0006679343776973532,                           0.00963930157925014,                                         0.017361810820385157,                                         0.004246053911856647,                                      0.6013824471168676, 4935.551073167622, 396.8524238239012, 5332.403496991524, 0.0015007729514297998
                         0.0007082866095509969,                            0.5396467656102336,                                         0.012492205065711847,                                         0.007044667572969942,                                       0.624212029873074, 4935.544283896645,223.85432245862518,  5159.39860635527, 0.0014906183075071365
                         0.0006446311388144071,                             0.644192202469645,                                        0.0026289150375863593,                                         0.008437762194696927,                                       0.584237276158713,4935.4284842936495, 500.4522257762909,5435.8807100699405,   0.00132762469558506
                         0.0006476523734795671,                           0.04943020198101857,                                        0.0029714272968593696,                                        0.0027573742281643884,                                      0.3936262663298157, 4935.439808176732, 719.4330192725574,  5654.87282744929,  0.001342744005501966
                         0.0006578391182341561,                          0.011035569040130982,                                         0.010258961347380977,                                        0.0020547398186540867,                                     0.16602128827553106, 4935.534920179673, 674.7714569402158, 5610.306377119889, 0.0014767257241787908
                         0.0007594814604933589,                         0.0006929443775197287,                                         0.011510768592245755,                                        0.0017535889083392427,                                     0.32125335925896226, 4935.479603125208, 2100.251525657628, 7035.731128782836, 0.0013972558890824696
                         0.0007765470457989922,                           0.01006175577294691,                                        0.0015713401517782578,                                         0.002548703323299931,                                     0.11988560556821937, 4935.368577790557,1128.1420535454406,6063.5106313359975, 0.0012504267577818104
                         0.0006623750720998315,                          0.009771466849292296,                                         0.019947885913257447,                                         0.002567879299843111,                                      0.5693582568685956, 4935.552118346898, 541.8958093405879, 5477.447927687486, 0.0015023423482241518
                         0.0007788022716915467,                          0.005582292336712408,                                         0.005173592224757948,                                        0.0055199477581897236,                                     0.48916237943954877, 4935.376364504333, 553.5883083857499,5488.9646728900825, 0.0012602014801361514
                         0.0006724321136257657,                          0.019164758677825244,                                         0.011522083600635682,                                        0.0026900163015273135,                                      0.2289227250219999, 4935.548868473117, 510.7139244715678, 5446.262792944685,  0.001497467850258398
                         0.0007136445299912706,                          0.010016420034118475,                                          0.02038746741870833,                                         0.001412049877110602,                                     0.19607948740592468,  4935.42596748763, 857.0760915305801,  5792.50205901821, 0.0013242875230294782
                         0.0006484676550158174,                          0.008411492709781407,                                        0.0021535265387788785,                                        0.0039044124074966557,                                     0.44886085991525215,4935.4396878195785, 839.3600693178898, 5774.799757137468, 0.0013425824063802907
                         0.0007619556379032662,                           0.05081436918384446,                                         0.005809195646801883,                                         0.002107431070991437,                                      0.5432153983906016,  4935.48084335284, 666.3317119224146, 5601.812555275254,   0.00139898987949363
                         0.0006450185645826386,                          0.002047740030465194,                                         0.003396019819088531,                                         0.006475667442513414,                                     0.20470766179102853, 4935.438237356242, 937.2298327350672, 5872.668070091309, 0.0013406364514331006
                           0.00071541455876386,                         0.0013037943084326122,                                         0.016785866724987053,                                        0.0010646234285397761,                                     0.29062621718699194, 4935.548577676914,1765.8653385413072, 6701.413916218221,  0.001497032455601388
                         0.0007810268379156285,                           0.00392485201365806,                                        0.0008478000880103008,                                         0.007583909973214555,                                      0.2614953073995655, 4935.375909044298, 1566.168131812367, 6501.544040856665, 0.0012596276394171168
                         0.0006498330200203679,                           0.10198727113902328,                                        0.0072526348985644876,                                         0.001879806145396687,                                      0.2874213099181062, 4935.439652590652, 679.6558162332337, 5615.095468823886, 0.0013425351094768824
                         0.0007815691704621599,                           0.16757583240268667,                                          0.00390939448549444,                                         0.007900125211536678,                                      0.2791358339337038,  4935.37319658746, 388.3418086005941, 5323.715005188054,  0.001256215583432787
                         0.0006973840152952326,                           0.03241133914313601,                                         0.003979567619213227,                                         0.002595792735252588,                                      0.2507079749421688,4935.5546515919295, 667.3757499132296, 5602.930401505159, 0.0008415492909374735
                         0.0007103713839375401,                         0.0007583112212088238,                                        0.0011800782449165794,                                          0.00257706758718165,                                      0.1639287053019603, 4935.555384140011,  2554.15914845623, 7489.714532596241, 0.0008421659921096957
                         0.0007070025514076805,                           0.17348418842974056,                                        0.0018889222494558465,                                          0.00713165916013537,                                      0.1594948593588239,  4935.55379291305, 675.3864538332615,5610.9402467463115, 0.0008408269804956743
                         0.0007269366605031241,                           0.35630249290564997,                                         0.018160238553966094,                                        0.0016002260164474076,                                      0.5970884955620778, 4935.560144575726, 682.7836847338472, 5618.343829309573, 0.0008461846268135329
                         0.0006929543746109392,                          0.005065312428023357,                                         0.002013358759995998,                                         0.006183699170884325,                                     0.03342538580061516, 4935.553959900827, 855.8191570884893, 5791.373116989316, 0.0008409674000482134
                         0.0006968182818374698,                           0.03929247539839339,                                         0.006396443625500777,                                         0.001961702763161411,                                      0.4454116452708078, 4935.554652473645, 691.5482624249915, 5627.102914898636,  0.000841550032944514
                         0.0007015561002994138,                        0.00014200341501197281,                                         0.004186178300703082,                                         0.003132230661024838,                                    0.059452667481006416, 4935.554658834773,7600.2268211156415,12535.781479950416, 0.0008415553861696293
                         0.0006934105040453607,                          0.009756690743696199,                                         0.004111972420509858,                                         0.004572113276187344,                                      0.5108458650599614, 4935.553933531661, 564.4033015544512, 5499.957235086112, 0.0008409452247313329
                          0.000739480680521164,                           0.23361852528293375,                                        0.0035321806977902537,                                        0.0055458121736036625,                                     0.46483332949212114,4935.5599324990335, 467.7079464512434, 5403.267878950277, 0.0008460051898048056
                         0.0007378813414818776,                           0.07984764328438576,                                         0.005302319083766014,                                         0.004168223306478833,                                      0.3040623940096029, 4935.560454772407, 441.0309445321639, 5376.591399304571,  0.000846447151191538
                         0.0007051716722859002,                          0.026497775901269966,                                         0.004168161689875858,                                         0.003225717396460389,                                     0.35989696485257394, 4935.554947621334, 587.6614924128021, 5523.216440034135, 0.0008417984511501673
                         0.0006902680296636644,                         0.0005505503102174117,                                        0.0005863621848543998,                                          0.00551512214220103,                                      0.1485383613469094, 4935.554056757495, 3703.114654551907, 8638.668711309401,  0.000841048857293488
                         0.0007189253530983275,                           0.07502254073235996,                                         0.006582578929004862,                                         0.002945793337205775,                                     0.12079673265301222, 4935.558999075366, 504.7125966979848, 5440.271595773351, 0.0008452158769768049
                         0.0007017527529597891,                          0.013102205911167848,                                        0.0039488275684966614,                                        0.0016015429812393134,                                     0.24447584541794604, 4935.554940476816, 953.9606025528893, 5889.515543029705, 0.0008417924369279366
                         0.0006913409426910799,                           0.08365240178703849,                                        0.0044901478709973705,                                        0.0024393725391248142,                                      0.3816704519522906,   4935.5543839699, 644.6055285433623,5580.1599125132625, 0.0008413241039423703
                         0.0007209199801660007,                         0.0010846828610059601,                                        0.0019248413883474766,                                         0.003982440894724144,                                     0.37327333146081004, 4935.560086942872,1692.5540691405897, 6628.114156083461, 0.0008461358601838607
                         0.0006665536297630394,                        0.00020903282674745408,                                        0.0019706130840220835,                                         0.001551469252637725,                                     0.03384027560241659, 4935.553887540262, 5935.944207881188, 10871.49809542145, 0.0008409065493733221
                         0.0006997156268111131,                          0.010649990067807267,                                         0.006532579964806498,                                        0.0017756297391836188,                                      0.4051480028994531, 4935.554786704818, 810.1561524644153, 5745.710939169234, 0.0008416630027748059
                         0.0006892190652619558,                         0.0017302716253236536,                                        0.0006894921795857922,                                        0.0036257965639643393,                                     0.20045125270430347, 4935.554312655186, 2304.088177055013, 7239.642489710199, 0.0008412641072933087
                         0.0006942857887766662,                           0.12531596518155985,                                         0.004993555760645567,                                         0.002507265045119056,                                       0.223479719973361, 4935.554396282786, 607.0788924124848,5542.6332886952705, 0.0008413344631336755
                         0.0007205028345184495,                          0.013554334881484442,                                          0.00331629177529163,                                        0.0025733333390636887,                                      0.2260662306713127, 4935.560197695409,  763.919792532765, 5699.479990228175, 0.0008462295770672052
                         0.0006847011423840697,                         6.849599296648036e-05,                                         0.002058464715972573,                                        0.0021701343930755467,                                       0.060274092178907, 4935.554146311313,15545.994070184073,20481.548216495386, 0.0008411241798022868
                         0.0007375409191305071,                             0.684815551878711,                                         0.009337656459799271,                                        0.0036646378617451432,                                      0.7337119936914679, 4935.560644009325,381.43175871858506,  5316.99240272791, 0.0008466073453987262
                         0.0007127537831073824,                         0.0005274999134023225,                                         0.001830268140715983,                                         0.006047330722231467,                                      0.0886279506352241, 4935.554922313102,2607.4651537311884,  7543.02007604429, 0.0008417771469895322
                         0.0007158608528424999,                         9.380552391975167e-05,                                         0.001429371958408806,                                         0.002110336992910089,                                     0.19737614248438906, 4935.555652455627, 11833.81894617504,16769.374598630668, 0.0008423919887147215
                         0.0007129970806399031,                        4.1041699251082705e-05,                                         0.005311795327767548,                                         0.002809023396469488,                                     0.11031487714817537, 4935.554971644138,24909.718765534824,29845.273737178963, 0.0008418186737527807
                         0.0006936478706939086,                         0.0002451246211061133,                                        0.0004141979223969318,                                         0.003690522534475167,                                     0.06796246549341087, 4935.554540847901, 6764.826616719396,11700.381157567297, 0.0008414560995391369
                         0.0007108267911116972,                         6.111198872438847e-05,                                        0.0024526918990881103,                                        0.0031425539234825983,                                     0.20583218110195195, 4935.555331306377, 17089.32918322843, 22024.88451453481, 0.0008421214985959938
                         0.0007044116285999011,                           0.06602488615349228,                                        0.0019359685919855079,                                        0.0017121501106250588,                                      0.2752275156357889, 4935.555113707167,1115.7440479398228,  6051.29916164699,  0.000841938273558396
                         0.0006917797443116733,                         0.0036886699927974826,                                        0.0010128107799911986,                                         0.001964610078099543,                                     0.04846379505916082, 4935.554510637285, 1767.458540938711, 6703.013051575996, 0.0008414306790156938
                         0.0006953025170063749,                        0.00013803544708137068,                                        0.0007847360443981022,                                        0.0016040737620001224,                                     0.02097602429533152, 4935.554686047868, 9142.242529521014,14077.797215568882, 0.0008415782878076206
                         0.0007194242305501158,                          0.004549785825087017,                                        0.0009736351392272459,                                        0.0016332824072001768,                                     0.21290764228566245,  4935.56023866631,1859.1333428144314, 6794.693581480742, 0.0008462642485656485
                         0.0007256985755208676,                         0.0005542979187565101,                                        0.0009659920818023475,                                        0.0020976290099750726,                                     0.04713089644079513, 4935.560535092625,3316.0178845337678, 8251.578419626392, 0.0008465151407419582
                         0.0007089986809096821,                         0.0009286513213416435,                                        0.0018310289206918875,                                        0.0013528289249597123,                                      0.1832459709471949, 4935.555335943447, 2362.163211302317, 7297.718547245764, 0.0008421254035810912
                         0.0006883857730138158,                          0.031885673589583295,                                        0.0018017275228433638,                                        0.0016071729283440182,                                       0.184668393525257, 4935.554341155832,1208.5955079746204, 6144.149849130452,  0.000841288084205748
                         0.0007410480447268156,                          0.018221437556279866,                                           0.0368984778599487,                                         0.003934946609786502,                                      0.3870615776116418, 4935.078605090557, 336.1148551134582,5271.1934602040155, 0.0005227995315097557
                         0.0007718494493369219,                           0.11483762021983314,                                         0.020639547817566647,                                         0.005836560978075551,                                      0.7906441396236159, 4935.475325412289,228.49239229267818, 5163.967717704967, 0.0007773715390873645
                         0.0006571021874028669,                         0.0008635398531774734,                                        0.0007462004632337273,                                         0.002066303321081209,                                    0.005916697959682138, 4935.539219453631,2982.1026574424072,7917.6418768960375,  0.000828662080260557
                         0.0007600785974411132,                           0.15099048523235395,                                         0.007121728939356814,                                         0.012272791093342457,                                      0.3865481072357125, 4935.352012267205, 228.5193329893975, 5163.871345256603, 0.0006871861816534602
                         0.0007005231387093756,                           0.09063215156817024,                                        0.0013478844396095913,                                        0.0038829735803083873,                                     0.32004555217129205, 4935.554778727812,1010.4715637176927, 5946.026342445504, 0.0008416562888506479
                         0.0007058489366758903,                        0.00032560068103332305,                                         0.004429326091109931,                                         0.003446554853896343,                                     0.13457144110571434, 4935.554814818324, 3587.159435432755,  8522.71425025108, 0.0008416866652054953
                          0.000732194552641026,                          0.028105090868772293,                                        0.0016301572485658833,                                         0.007314612699823733,                                      0.5193147675821363, 4935.556835016003, 785.7311339607929, 5721.287968976796, 0.0008433887573550549
                         0.0006939120825185262,                            0.7154408598325249,                                         0.005254489794222088,                                         0.002980388706983657,                                     0.49247384276636313, 4935.554425420005, 527.2378783767393, 5462.792303796744, 0.0008413589776372505
                          0.000735276470418289,                           0.05220260574221095,                                        0.0010153138516054373,                                         0.008017806188360411,                                     0.13090305820028283, 4935.558871684314,1128.7956533681106, 6064.354525052425, 0.0008451082108950236
                         0.0007066958200681653,                            0.9358692020317136,                                         0.007126595682336295,                                        0.0036494220551743116,                                      0.5873003673525728, 4935.554785961256,415.40396799634607, 5350.958753957602, 0.0008416623769464626
                         0.0007383203690164545,                           0.00513878005360638,                                         0.010163392745947646,                                        0.0016075394197309636,                                      0.1487462385647791, 4935.556713093638, 915.0597832135006, 5850.616496307139, 0.0008432859356714052
                         0.0007027321701482966,                           0.37264540281947667,                                        0.0007125665258006553,                                         0.005731610466407302,                                     0.21203473887686616, 4935.554520943855,1580.5322886599215, 6516.086809603777, 0.0008414393513249167
                         0.0007375931808405368,                            0.2581754053219492,                                        0.0020547290942817173,                                         0.005092566083875746,                                     0.44205173576942547,  4935.56043434526, 686.9201571624137, 5622.480591507673, 0.0008464298608674791
                         0.0007103872376244128,                           0.12831854250378505,                                         0.016226927168937023,                                          0.00293863544245035,                                       0.706478904907635,4935.5548584457765, 409.7130650032866, 5345.267923449063, 0.0008417233866512868
                         0.0007079481027806182,                         9.663181795255813e-05,                                        0.0017114947221249638,                                        0.0023379978656283234,                                     0.10373742126350269, 4935.555271040507,  11360.5592639458,16296.114534986307, 0.0008420707489403511
                         0.0006815162056048438,                          0.008121792744058774,                                        0.0015433037982552516,                                        0.0016744563069399205,                                     0.23408511054816733, 4935.554009584227,1368.2948649294574, 6303.848874513685, 0.0008410091832058873
                         0.0007647816377637131,                           0.18096436868322444,                                          0.03722584046809274,                                         0.007720800080724102,                                        0.65469015766157, 4935.337442836011,161.90926569531575, 5097.246708531327,  0.000677246850876724
                         0.0007297977240460917,                         0.0014255822504072723,                                        0.0005619207332469689,                                         0.011072251504229818,                                     0.07378437729820794, 4935.548882748977,2571.3940700734443, 7506.942952822421, 0.0008367085015431583
                         0.0007010097720987076,                          0.021838180114689923,                                         0.011275458128960872,                                        0.0012322929904269528,                                      0.5257854802302945, 4935.554828276274, 945.9748782810917, 5881.529706557366, 0.0008416979926583821
                         0.0007300040561021951,                          0.003825009004878465,                                        0.0019771352074771354,                                        0.0034766343772916447,                                     0.42449867308254297, 4935.560599476235,1054.8540993824934, 5990.414698858729,  0.000846569644197313
                         0.0006708305577237423,                          0.014480972813297287,                                         0.006069971351345152,                                        0.0017042724050442496,                                       0.410288139200086, 4935.553413057756, 820.5622167097682, 5756.115629767524,  0.000840507648570074
                         0.0007411094111432931,                          0.006157839692871944,                                         0.014101809898735789,                                           0.0055726233231403,                                      0.5249403436921216,4935.5549437191485,412.75619536303606, 5348.311139082184, 0.0008417951663031197
                         0.0006800565695197232,                        0.00011412104619132256,                                        0.0024942979629001398,                                         0.001778426862418414,                                     0.08126248913113723,4935.5539129195695,  9725.83470456836, 14661.38861748793, 0.0008409278912702661
                         0.0006959742538138196,                          0.005994458659888635,                                        0.0009064864105299612,                                         0.002765804556019139,                                     0.15589578995569298, 4935.554693530232, 1631.539680001345, 6567.094373531577, 0.0008415845848260934
                         0.0007010521541630923,                          0.004666626420805209,                                          0.01956787214227501,                                        0.0018355538590315813,                                      0.4572912952653609, 4935.552356510787, 810.1864316426354, 5745.738788153422, 0.0008396200817219289
                         0.0007198462543920166,                           0.01729769096868218,                                         0.004198480818131687,                                         0.012259526242815916,                                     0.34204030672547703, 4935.483046088111,377.56179550150625, 5313.044841589617, 0.0007833966015824894
                         0.0007154344727656575,                            0.6550664984901768,                                         0.021672814353271865,                                         0.004150168164863594,                                       0.522241970950823, 4935.547152999307, 288.6214083420447, 5224.168561341352, 0.0008352624562976554
                         0.0006774559541890881,                          0.015452104923147776,                                         0.004720963156285945,                                         0.001047562757074806,                                     0.23770228695213694,4935.5537512270075,1231.1340317943216, 6166.687783021329, 0.0008407919304773237
                         0.0007316321141342607,                          0.010483642462448185,                                         0.005926712809798537,                                         0.008758165928002552,                                       0.333841180235265,  4935.54674405721, 378.2934463613942, 5313.840190418605, 0.0008349209521495036
                         0.0007411094586558025,                         0.0029639881747158285,                                        0.0044161397904052685,                                         0.007688532172205753,                                      0.1213234588647453, 4935.558061558405, 693.8892072270864, 5629.447268785491, 0.0008444238440864692
                         0.0007337367480741964,                          0.055274182658219616,                                        0.0037238908521983523,                                         0.003459099685917801,                                     0.35720763013527274,4935.5606993868905, 575.7205282904508, 5511.281227677341, 0.0008466542297504649
                         0.0007317010779616432,                          0.003889700822862036,                                         0.018787520081490983,                                        0.0011470169790896488,                                     0.47927189060043296, 4935.559700949649,1182.1426797978506,   6117.7023807475,  0.000845809320501146
                         0.0006946066494094235,                           0.02235472895380362,                                        0.0034735923094984253,                                        0.0012067969056161003,                                     0.10738125529849152, 4935.554583433056,1161.2595129883932, 6096.814096421449, 0.0008414919338404894
                         0.0007612333758789504,                            0.2763078681941821,                                         0.008258501201085183,                                         0.007254950888844116,                                     0.36972234342857624,4935.4715295261085,262.54340654075855, 5198.014936066867, 0.0007744263186024319
                         0.0007160000242955819,                         0.0043405966550283314,                                        0.0017567474536179745,                                         0.003961056055884261,                                     0.03530964103820938, 4935.555570446672, 1052.074784445143, 5987.630354891815, 0.0008423229078611525
                         0.0006861588288377364,                          0.014251813317821369,                                        0.0005915944841028229,                                        0.0019052718520649842,                                     0.10449006105915037, 4935.554239316399, 2285.373058489934, 7220.927297806333, 0.0008412024122665362
                         0.0007050174510246958,                         0.0011359695225570965,                                        0.0003984248029966754,                                         0.004588906836527051,                                     0.18632752057924246, 4935.554967921049, 3608.106034877997, 8543.661002799046, 0.0008418155395925004
                          0.000733638151113984,                             0.672116858337624,                                         0.008832733398818593,                                         0.011726388738717442,                                      0.4737444693199871, 4935.424781743812,199.98081890031145, 5135.405600644123, 0.0007390567706370418
                         0.0007360210967433356,                            0.0865371526778505,                                        0.0010616428542457746,                                         0.006680135523338091,                                      0.3487447579555767, 4935.559456188282, 1103.189646666488,  6038.74910285477,  0.000845602324389034
                         0.0007207916711281746,                         0.0002895101831510953,                                         0.005556682360291709,                                        0.0012639904238919688,                                      0.3267332708062416, 4935.560234708153, 4425.218668505199, 9360.778903213351,  0.000846260898925246
                         0.0007239594899434351,                        0.00013643384488985078,                                         0.001578259451279036,                                         0.005146831374704434,                                     0.10072485284352564, 4935.560153652288, 8157.463302732062,13093.023456384351,  0.000846192307296034
                         0.0006996273075472496,                         0.0017651101407721772,                                         0.004987648047111543,                                        0.0012609573860464284,                                     0.35054696997489887, 4935.554851745635,1560.0803979041693, 6495.635249649804, 0.0008417177470039929
                         0.0007255501257293548,                         0.0013532532127108602,                                          0.00523293992157855,                                         0.007035943671719224,                                      0.3067188568748218,  4935.55639112129, 1072.184518419526, 6007.740909540817, 0.0008430144646244358
                         0.0007596481045313395,                        0.00024437578261771344,                                         0.006417975013901921,                                         0.003977482533856857,                                      0.3659771698339565, 4935.480061989749, 4499.286201217169, 9434.766263206919, 0.0007810623536114661
                         0.0007172776913468725,                         0.0008274947239355104,                                        0.0012189519284263079,                                         0.004952043309408416,                                     0.25744472284823794, 4935.555382521243, 2230.780660610423, 7166.336043131666, 0.0008421646288396232
                         0.0007513066605680137,                           0.39903444856255044,                                         0.021805829656984056,                                        0.0024582863352766225,                                     0.35256941853102725, 4935.712661395814, 455.1527833667264,  5390.86544476254,0.00041302053237949834
                         0.0007372358545265418,                            0.0833485961421573,                                          0.00814733558472677,                                        0.0013077334198852027,                                      0.3355977189011321,4935.5608616628015,  899.419157045307, 5834.980018708108,0.00035485085481550194
                         0.0007485440180101099,                            0.3882557024138102,                                         0.002984404639417494,                                         0.004181716674669436,                                     0.46562401841767886, 4935.734469395817, 576.7870678484012, 5512.521537244218, 0.0004221266159931521
                         0.0007359430180361637,                          0.007263224137348656,                                         0.007924337130318017,                                        0.0011598180856186564,                                     0.44086045275849484,  4935.56095109701,1126.0776029581514, 6061.638554055161,0.00035488259203995975
                         0.0007521993983070085,                           0.04784521271502561,                                         0.006644019503332933,                                         0.011109870799098184,                                      0.6202316825222243,  4935.64360315267, 261.4220784012587, 5197.065681553929,0.00038546063119689815
                         0.0007494316344449113,                           0.01706394047595392,                                        0.0020691327125410704,                                          0.01044939625501687,                                      0.5150472603942198, 4935.699986590261, 637.5966978354569, 5573.296684425718,0.00040781861373639206
                         0.0007424939188404868,                          0.018196439316932732,                                         0.005503965351146643,                                         0.009448642977942897,                                      0.4645596963269931, 4935.712808031536, 342.4783006689387, 5278.191108700475, 0.0004130811003839275
                         0.0007448094880814268,                           0.33318885392920683,                                        0.0017470294236916347,                                         0.008949920857311854,                                      0.5490369849359285, 4935.723888986655, 687.1343373303081, 5622.858226316963, 0.0004176838880625612
                         0.0007377767890324035,                         7.420741364412877e-05,                                        0.0016102322341162833,                                         0.003984927686951032,                                     0.05801569036861157,  4935.56101783501,14347.716543747629, 19283.27756158264, 0.0003549062769847168
                         0.0007380575461560155,                        0.00010500068863065669,                                        0.0029200617883953137,                                        0.0036489833222310177,                                     0.10085924604467661, 4935.560971226918, 10140.25450708991,15075.815478316828,0.00035488973586581874
                          0.000736709893299517,                         0.0014247760076720756,                                          0.00365008263935055,                                        0.0028051782296986895,                                      0.3237509930110082, 4935.560947556031, 1332.314698174356, 6267.875645730387, 0.0003548813354105673
                         0.0007422051055503679,                          0.005417156708662175,                                        0.0013161588222235197,                                         0.008424957290686099,                                     0.24016292594819338, 4935.733652864455,1063.0803719791788, 5998.814024843634, 0.0004217820770550114
                         0.0007347117671467384,                         0.0014737242696112208,                                        0.0006174246932655162,                                         0.003761715554014676,                                     0.23973245947809668, 4935.560877401486, 2564.019857934214,   7499.5807353357,0.00035485643974522474
                         0.0007471257021701824,                          0.003193743266491651,                                           0.0094404931308102,                                        0.0049720372548957255,                                      0.6090209226913298, 4935.733013205174, 620.1636763865644, 5555.896689591738,0.00042151236650559326
                         0.0007411466551506556,                           0.27448881464429437,                                        0.0012256270617515448,                                         0.003625505966578234,                                     0.32978945526515574, 4935.561164778794,1095.3755833901894, 6030.936748168983,0.00035495843208781816
                          0.000751244388965991,                            0.1953871968368613,                                         0.005134603214264213,                                         0.008440918926738903,                                     0.22107669198870178, 4935.727208545997,318.34557208684106, 5254.072780632839, 0.0004190727183923259
                         0.0007298981134716124,                          0.012850220620556185,                                         0.003216627393110876,                                        0.0018858506726022704,                                      0.2744885811632778, 4935.560699868359, 918.9689785010937, 5854.529678369452,0.00035479344656351756
                         0.0007482300356342394,                           0.21967217852902637,                                         0.024462270546055653,                                        0.0022391649085188284,                                     0.47849059087613083, 4935.727952684642, 492.0265834875133, 5427.754536172156,0.00041938468265513844
                            0.0007409976713936,                          0.030417880317975307,                                        0.0016830601215793572,                                         0.003504141430793762,                                      0.2332590071200716, 4935.561177348941, 912.4078496812858, 5847.969027030227, 0.0003549628939955998
                         0.0007460566630506244,                           0.02323274098795374,                                          0.02251843657161928,                                        0.0036922902843500773,                                      0.6050979257552372, 4935.733864095527, 358.2853708486507, 5294.019234944178,0.00042187117994568865
                         0.0007411425910486929,                         0.0015648582707394952,                                          0.00496506279086258,                                        0.0013842618005334498,                                     0.19527763066785953,4935.5611457966625,1562.8495304871003, 6498.410676283763, 0.0003549516942842306
                         0.0007477514896215901,                          0.003505407368674702,                                         0.004695662351963421,                                         0.009404230816750743,                                      0.4929026798261949, 4935.712090450599, 604.5711688225888, 5540.283259273188,0.00041278478758781704
                         0.0007448567323910112,                            0.3401002490313317,                                        0.0027775280583527476,                                         0.007120277175541233,                                     0.40741644916407127, 4935.734329811426,503.41664690523254, 5439.150976716658, 0.0004220676978186431
                          0.000747007185470165,                          0.016822311087003425,                                        0.0018966625891589674,                                         0.010154410362357006,                                      0.4951778427908559, 4935.707649352478, 685.1661474599998, 5620.873796812478, 0.0004109556345737585
                          0.000752362371678637,                           0.12551950735857367,                                         0.033628811330966714,                                         0.004123108419719436,                                      0.6906048954139271, 4935.725804511229,280.23875620278386, 5215.964560714014,0.00041848473859409664
                         0.0007522921790389977,                            0.7064655215048166,                                         0.034998977952941476,                                         0.005315158259589057,                                      0.7428308040369376, 4935.719495263806,218.12891253805918, 5153.848407801865, 0.0004158527265736947
                         0.0007493132905486293,                         0.0010898133402272355,                                       0.00044160670436681936,                                         0.004991816327685224,                                     0.08584451187951886, 4935.734653676753,3382.3745855552656, 8318.109239232019, 0.0004222044130491296
                         0.0007615308778388968,                            0.0374211030025395,                                          0.01554572868149306,                                        0.0018737691128339667,                                      0.3252214781205577, 4935.476534599562, 624.7329228489127,5560.2094574484745,0.00032615427664883513
                         0.0007471843689643013,                         0.0012035034325760187,                                         0.010947127154994683,                                        0.0009271937596865789,                                      0.1884652982661073,4935.7317050404845,2000.7788642399696, 6936.510569280454, 0.0004209613194203543
                         0.0007497468399458552,                            0.9116973884486339,                                        0.0018844259545657642,                                         0.003639762479790121,                                      0.5250884874577237, 4935.734715457411, 806.5056418339326, 5742.240357291344,0.00042223049792140067
                         0.0007484141830581582,                         0.0007553007636602298,                                        0.0016373520343494446,                                        0.0035054195196085555,                                     0.37447943736762546,4935.7347095522255,2219.9906588906333, 7155.725368442859,0.00042222800457939516
                         0.0007615170918732542,                           0.00482445494935612,                                         0.010307650875428214,                                         0.008845315153415871,                                      0.4018786300551178,4935.4469865488145, 417.3468129733461, 5352.793799522161, 0.0003166580420518898
                         0.0007647802033784402,                          0.014940095047766644,                                          0.01725865604300979,                                         0.007810208224102451,                                       0.482111684774214, 4935.434322188024,252.91347717752447, 5188.347799365549, 0.0003126730572640083
                         0.0007365945861336914,                          0.004052446687033669,                                        0.0012630441447094385,                                        0.0016246090727785331,                                       0.112263891094914, 4935.561062046263,1654.0351636011728, 6589.596225647436, 0.0003549219681828611
                          0.000759859700869289,                           0.39079241701162176,                                         0.012669319862016932,                                         0.002929493792894401,                                      0.6495161115543068, 4935.480378670495,  422.845641973094, 5358.326020643589, 0.0003274104496856946
                         0.0007471332221727833,                         0.0001947517614610962,                                         0.010446834228422833,                                         0.002800116469971589,                                     0.17864161174674764, 4935.729580256075, 5587.592528141204,10523.322108397278,0.00042006781695796605
                         0.0007595433350913124,                          0.012154747657458229,                                        0.0012451945897806191,                                           0.0043342497803847,                                      0.2863726026357415, 4935.480579920044,1116.0801459836966, 6051.560725903741, 0.0003274763475217016
                         0.0007560934369773783,                           0.18892495540607035,                                         0.047303214616683076,                                        0.0035847993442581524,                                      0.4539736881348925, 4935.429659489044,305.38896058778744, 5240.818620076831,0.00031121855051737435
                         0.0007475194207260084,                          0.028988788803371628,                                        0.0006443597780371946,                                         0.009735096259085002,                                     0.08240968643568358, 4935.729266043972,1689.1452440296223, 6624.874510073594,0.00041993584730005225
                         0.0007617488969750069,                               0.7271205925362,                                         0.032643331340312706,                                        0.0028154529308148627,                                      0.4924647513510294, 4935.448044380422, 387.1920542855161, 5322.640098665938, 0.0003169931901715192
                         0.0007398479569743222,                            0.1590555274728785,                                        0.0025522248168407206,                                        0.0023115173226173165,                                     0.34122625143074065, 4935.561180452738, 830.7183946835631, 5766.279575136301,   0.00035496399573011
                         0.0007362645510617228,                         0.0009596663432050579,                                        0.0016317671425505407,                                        0.0011560954979126096,                                     0.14306316341227812,  4935.56104670523,2519.8418182217106,  7455.40286492694,0.00035491652335505297
                         0.0007389755381186697,                         0.0006779552922867369,                                        0.0011554803483049786,                                        0.0011351575952266088,                                    0.004272562339804442, 4935.561181179975,3221.3994091766986,8156.9605903566735,0.00035496425387330447
                         0.0007496909148751098,                          0.019877089775016236,                                          0.00788167915263939,                                        0.0031489698948143374,                                    0.030766812814256417, 4935.728842978937,  494.749859237949, 5430.478702216886, 0.0004197582247018311
                         0.0007506440046139622,                          0.000593879024743355,                                        0.0020786959839988474,                                         0.010307422274978367,                                     0.13767349909286158, 4935.725558913927, 2261.932914579394,  7197.65847349332, 0.0004183819724911585
                         0.0007601050154784673,                           0.00202100179607454,                                         0.021346734162386558,                                        0.0022060047117263126,                                      0.3052337597510793, 4935.445291802567, 994.9578744085335, 5930.403166211101,0.00031612184151371835
                         0.0007526589664316523,                            0.1744403722715278,                                         0.029264316714025185,                                        0.0034092362035112182,                                     0.39711446684314816, 4935.643586668315, 333.2247586739488, 5268.868345342264, 0.0003854542771793857
                         0.0007624944088876297,                            0.7592812623078218,                                         0.024614338758495724,                                         0.003919407653157217,                                      0.6443641670697646, 4935.476610199609, 297.0843559773095, 5232.560966176919, 0.0003261789348596263
                         0.0007605086822965472,                          0.003910434946941552,                                        0.0031241044065783014,                                         0.002161700972562038,                                     0.16820777229680173, 4935.480782227907,1038.4164362767262, 5973.897218504633, 0.0003275426052638287
                         0.0007513732184275773,                          0.012232417029974617,                                          0.00741844031933985,                                         0.005209595288037963,                                      0.4984150329577025, 4935.733138720641, 408.5027072575282,  5344.23584597817,0.00042156527614775895
                         0.0007509474545391911,                          0.006692798972876939,                                        0.0005621583302529263,                                         0.005167667451369577,                                     0.26300219933447166, 4935.734593092748, 2121.783502088187, 7057.518095180934, 0.0004221788349896595
                          0.000748372972021083,                            0.2939932159774657,                                         0.028651084688140184,                                        0.0030726941542994733,                                      0.4272534978971198, 4935.688932126703,363.75142629272585, 5299.440358419429, 0.0004033352241222585
                         0.0007509778676386091,                         0.0012480188987449385,                                          0.00480310454620295,                                          0.00857129687715999,                                     0.24460459267437612, 4935.726764213363, 1126.137051169935, 6061.863815383298, 0.0004188865520703535
                         0.0007392449735270015,                          0.019384908931139092,                                         0.001795367785243928,                                        0.0056927780381086255,                                    0.011222655345041133, 4935.560784183025, 784.2366217036829, 5719.797405886708,0.00035482336211571576
                         0.0007474608745351764,                          0.003523971106831491,                                         0.000999123396298479,                                         0.008727043546537873,                                     0.31856059927730207, 4935.729111869766,1399.2344867908012, 6334.963598660567, 0.0004198711090149153
                         0.0007384748357646373,                         0.0007100512333397712,                                         0.001218287175607696,                                         0.003543340167320648,                                     0.24142955879214134, 4935.561065240537,2511.3931970373687, 7446.954262277905,0.00035492310190255594
                         0.0007496553793913148,                            0.6964864391646226,                                          0.02299828535779665,                                        0.0020915847977572466,                                      0.7832098642062228, 4935.734545601437, 523.0236432662543, 5458.758188867691, 0.0004221587856396526
                         0.0007514385116263123,                            0.1889913232419018,                                         0.015946242186082947,                                        0.0070305699641362955,                                      0.6896414590828313,4935.7218330414125,210.23792633472428, 5145.959759376136, 0.0004168260350117275
                         0.0007397184768675526,                         6.774361457446824e-05,                                         0.001172210231991851,                                          0.00468220548911909,                                     0.09931318479605883, 4935.561023539462,15828.202733440807, 20763.76375698027, 0.0003549083015365374
                         0.0007406477598346095,                          0.014480612542650189,                                        0.0015583169842519954,                                         0.004890104567976851,                                      0.2790162406453099, 4935.560883256358, 915.2704191919634, 5850.831302448321, 0.0003548585173900679
                         0.0007413847434818396,                         0.0001127204093191527,                                         0.004220222326368031,                                         0.004054219545853862,                                     0.19330580891538293, 4935.736965217637, 9355.118823101468,14290.855788319104,0.00023366208524410197
                         0.0007458830680101276,                         0.0017780978256949028,                                         0.004141096931358946,                                        0.0008424653185402229,                                      0.3100921550611273,   4935.7376122513,1990.8731465652975, 6926.610758816597,0.00023381332140118115
                         0.0007479845883757564,                            0.2332246897617509,                                         0.007682977684882255,                                        0.0020636701799655703,                                      0.6143898926210798,4935.7347309169045, 619.0191365170834, 5554.753867433988, 0.0002331405966740447
                         0.0007469131741861654,                           0.07350019527393246,                                         0.001714342069234353,                                         0.002222553137121339,                                      0.5164633871036772, 4935.737655381274,1046.8525633672655, 5982.590218748539,0.00023382340598114361
                         0.0007413508978607077,                          0.000257973062112982,                                         0.004064248799849014,                                         0.004015959324301995,                                    0.044697895772814994, 4935.736998778184,4371.4281611053275, 9307.165159883512,0.00023366992720315742
                         0.0007425661886595605,                          0.017787782202171885,                                         0.006332960326334508,                                         0.004223870691405917,                                      0.6840568001500776, 4935.736854839668, 450.8720717327061, 5386.608926572374,0.00023363629552111294
                         0.0007580284014117759,                          0.030713874332135717,                                          0.00350199169153716,                                          0.01200686620886736,                                     0.24776624747096498, 4936.042445413476,401.39604533209075, 5337.438490745567, 0.0003171440818064131
                         0.0007458940572530087,                            0.4012281722246063,                                         0.002762761023516773,                                         0.006694299224490198,                                     0.16935366093850782,  4935.73628668936, 513.8299308433491, 5449.566217532709, 0.0002335035926889935
                         0.0007491728341128391,                            0.0330014716556629,                                          0.00104201313368989,                                         0.003209844789797182,                                      0.2964085619193126, 4935.734809886617,1301.5240245748803, 6237.258834461497,0.00023315900844688396
                         0.0007569294541359888,                         0.0012349340493445094,                                          0.02157508065512218,                                          0.00235454709764742,                                     0.25187674065243826, 4935.992425422535,1280.8197385713547,  6216.81216399389,0.00030167075167801056
                         0.0007430572529506328,                         0.0006807097150481606,                                        0.0052798477162702955,                                        0.0036447175189131334,                                   0.0009176501532722758, 4935.736416075023,1932.8240723060917, 6868.560488381115,0.00023353380666074527
                         0.0007417368074195511,                          0.002350453663206081,                                         0.012527458970111772,                                        0.0018165479815763887,                                      0.4027738757748555, 4935.736624033014,1055.7691104787314, 5991.505734511746,0.00023358237693208093
                         0.0007457255565521831,                          0.004115185054903198,                                         0.005386305042744002,                                         0.006129966121090777,                                      0.1475646515274943, 4935.735443105652, 591.7915043733238, 5527.526947478976,0.00023330669592355892
                         0.0007458426266916716,                          0.006211499471312126,                                        0.0007052793082809605,                                        0.0036621477244906703,                                     0.07843718518955714, 4935.737565438827,1851.9335084181555, 6787.671073856983,0.00023380237627765478
                         0.0007465417933362217,                          0.006052304834941482,                                        0.0015573796614649373,                                         0.004116458812657217,                                     0.06022050580136695, 4935.737547073817,1050.2577423249172, 5985.995289398734,0.00023379808253411218
                         0.0007416844768247807,                         0.0019435064373543452,                                        0.0012300263312127512,                                        0.0012351637346655613,                                     0.13585500089592129, 4935.737425766895,2137.1339155846067,7072.8713413515015, 0.0002337697229285506
                         0.0007432806580827123,                         0.0006976585790751445,                                         0.007164349674887442,                                        0.0033849026279510657,                                      0.4048527145213853, 4935.736966506168,1868.3753587465285, 6804.112325252696,0.00023366238632517512
                           0.00074403686403553,                           0.08628881295389876,                                         0.000748500045289981,                                         0.004015909845978486,                                     0.24408374508356523,4935.7374103889715,1596.6038249834767, 6532.341235372448,0.00023376612806321173
                         0.0007472777777640458,                          0.035227388450490754,                                        0.0010244452811623895,                                         0.002416121146443915,                                     0.15909611630232426, 4935.734767281114,1418.4115659835632, 6354.146333264677,0.00023314907480165618
                         0.0007557833939711738,                          0.019296878049288056,                                         0.034119984632296284,                                        0.0035841652425712602,                                      0.5134020660119386, 4936.039138135773, 360.1351843660945, 5296.174322501867, 0.0003160969308199794
                         0.0007472319398448003,                          0.000858914748138915,                                         0.002346372325175455,                                        0.0016312403465420316,                                     0.38488859182032187,4935.7347682472055, 2203.480169617201, 7139.214937864406,0.00023314930004513879
                         0.0007465120547070306,                          0.009048951437973766,                                         0.002400168446198753,                                        0.0013128722096909752,                                      0.2789340532370513,4935.7376539743545,1288.8362220621968, 6224.573876036551,0.00023382307701073994
                         0.0007524647533500839,                          0.036076585876206775,                                        0.0027946466016302266,                                        0.0023365043829524767,                                     0.40866991087452337, 4935.734991896701, 813.5355871365672, 5749.270579033268,0.00023320144959989564
                          0.000746653029613172,                          0.015063292376680257,                                        0.0007505907229284925,                                          0.00533111908398622,                                      0.4439167990354175,  4935.73699550419,1586.2484119406738, 6521.985407444864, 0.0002336691621705705
                         0.0007497439966098296,                         0.0013245615502533983,                                        0.0015144331432032198,                                        0.0030066211902652607,                                     0.43866955272463437,  4935.73482833338, 1747.879140692191, 6683.613969025571,0.00023316330951564878
                         0.0007517888272751361,                          0.009745751000019962,                                        0.0010488739573730585,                                         0.004210028231926997,                                      0.4641670910782417, 4935.734735595975,1293.5403200631404,6229.2750556591145,0.00023314168755779563
                         0.0007434038149807407,                           0.11596940019221323,                                        0.0009738625008142312,                                         0.006154712148200906,                                     0.23927486713560242,  4935.73671495777, 1197.939103494612, 6133.675818452382,0.00023360361631839934
                         0.0007484798406734272,                         7.773916416223111e-05,                                         0.001687151108777943,                                        0.0031936432106054974,                                     0.12777529525669845, 4935.734784179722,13769.366247222575,18705.101031402297,0.00023315301472976867
                         0.0007534674591462457,                          0.003511763465327118,                                          0.01266670473526964,                                         0.005223073188043161,                                     0.18150482218004044, 4936.056801803901, 555.1625140942407, 5491.219315898142, 0.0003217299656707952
                         0.0007522923192113443,                         0.0038881692252740246,                                         0.004808604546138612,                                        0.0033042384292329757,                                      0.3826613695863428,4935.7347597676135,  767.792590759778, 5703.527350527392,  0.000233147323042582
                         0.0007462248297398839,                         0.0034184534208817154,                                         0.002902889586257468,                                         0.002626064020608981,                                     0.24689939159789093, 4935.737572286715,1017.8123142968869, 5953.549886583602,0.00023380397733552114
                         0.0007509087478786029,                            0.5483243657487262,                                        0.0010635797767095145,                                         0.006098866621933245,                                     0.47729264030807045, 4935.733574548031,1106.0095901143804, 6041.743164662412,0.00023287115596143992
                         0.0007513591627393031,                         0.0013685052808739277,                                          0.02279941478996195,                                         0.005472698553223971,                                      0.4564618473831884,4935.6974252695545, 957.3102399525404, 5893.007665222095,0.00022460336927887563
                         0.0007587169696681713,                          0.014058160426283646,                                         0.019768193159074486,                                         0.008603446226313734,                                      0.3479587126630797,4935.8818720019535, 237.9518674844499, 5173.833739486404, 0.0002700974381228116
                         0.0007433859043020237,                          0.000812476120854424,                                        0.0026127788217892227,                                        0.0016393462758584527,                                      0.5390129325269719,  4935.73749794172, 2223.538926449086, 7159.276424390806,0.00023378659582621707
                         0.0007516474818656366,                          0.002807064400902961,                                         0.005558397732686955,                                        0.0010226107041886863,                                      0.4528071005349108, 4935.734976764844,1514.0412495900332,6449.7762263548775, 0.0002331979208555473
                          0.000749048144362817,                           0.09243158168222983,                                        0.0051417038321556995,                                         0.004846118979456383,                                     0.07371516892717078, 4935.733772887185, 411.6575633472759, 5347.391336234461,0.00023291734801018476
                         0.0007623502182305476,                          0.003762801152582076,                                          0.02362483882508901,                                         0.002348238610330283,                                      0.6275084584462673, 4935.479500118837, 733.9388924775665,5669.4183925964035, 0.0001806228025023498
                         0.0007526207122391377,                           0.09911702197826384,                                        0.0009668975079722836,                                          0.01500788995558334,                                      0.2784226495714084, 4935.574695141852,1110.9564847495337, 6046.531179891386,0.00019866220413381673
                         0.0007383097096520845,                         0.0001789917411990058,                                         0.002428175846045468,                                        0.0012476726199859617,                                      0.3355169255159789, 4935.561142123543, 6800.174037570017, 11735.73517969356,0.00019598789505925981
                         0.0007498926206749024,                         0.0005068886175755107,                                         0.028911904694200685,                                         0.001238926890762305,                                        0.54458792911421, 4935.731283003379, 2814.557952719337, 7750.289235722716,0.00023233813226632242
                         0.0007627620016292927,                            0.0490765487729832,                                         0.007338083541562454,                                         0.009100961445096839,                                      0.4597793233709399, 4935.455851006325,266.53019504431705,5201.9860460506425,0.00017640134710694407
                         0.0007525078326268758,                         0.0012241859186718385,                                         0.005025034368466969,                                        0.0024971205475431257,                                      0.5801217048458113,4935.7349496319675, 1416.334243900948, 6352.069193532916,0.00023319159361104308
                         0.0007481007689874597,                          0.010123122536547399,                                       0.00048138113383687736,                                        0.0044266807075121805,                                      0.2999815475424908,4935.7346131743325, 2402.042675047657,  7337.77728822199,0.00023311314771654146
                         0.0007475662225361868,                          0.055466195636693603,                                        0.0008523789535806821,                                           0.0097082620096718,                                     0.41909220685525267, 4935.720213095743,1294.2211564653967,  6229.94136956114,0.00022978035390668555
                         0.0007480117646686288,                         0.0003684823624922123,                                         0.002022615869550703,                                        0.0012387818291047616,                                     0.13122912792614347,4935.7348107883945,4015.4879975684103, 8951.222808356804,0.00023315921870455895
                         0.0007536965605345515,                          0.009337598547692018,                                         0.017057273758131746,                                         0.003714154212557478,                                     0.19427760289279228, 4936.005442003211, 434.9602338366081,  5370.96567583982,0.00030562314084627647
                         0.0007510701086304835,                           0.04957185716965802,                                        0.0033132014192500726,                                        0.0039551934547886105,                                     0.11070334070803178,4935.7347151028425, 574.8277515509938, 5510.562466653836,0.00023313690980335735
                         0.0007485264054472359,                           0.03620001818335097,                                        0.0007198723111129814,                                        0.0035655133455745605,                                      0.1919397874426328, 4935.734773213358,1697.2240646146925,  6632.95883782805,0.00023315045790290426
                         0.0007431484211061579,                          0.004895734115021674,                                       0.00045412323023915675,                                         0.002352606648516243,                                     0.09532754718733777, 4935.737489177651, 2831.365357010067, 7767.102846187718,0.00023378454691328995
                          0.000749227144632819,                         6.796791410659036e-05,                                         0.010092674855381706,                                        0.0018287013891582866,                                      0.4083951645133175, 4935.734494518012,15358.742515814385,20294.477010332397,0.00023308548900916688
                         0.0007502311746252638,                         0.0009308544765439003,                                         0.002017302758459775,                                        0.0013826864779998378,                                   0.0013458121378232546, 4935.734912997635, 2293.222941331536,  7228.95785432917,0.00023318305094905144
                         0.0007450896011791816,                          0.016884171342996954,                                         0.005256157630839637,                                        0.0014486411378056546,                                      0.5634839925414307, 4935.737571441574,   939.78220269601, 5875.519774137584,0.00023380377973835327
                         0.0007469779294541972,                         0.0003695691714775618,                                         0.002243408080952576,                                        0.0027831692182280323,                                    0.030515228055021992, 4935.737637705952,3510.9064030533746, 8446.644040759325, 0.0002338192731136903
                         0.0007440975135240332,                          0.016451852914910994,                                        0.0004963451347406304,                                         0.003179210425454981,                                     0.18387963499358617, 4935.737503181944,2390.0540472525213,7325.7915504344655, 0.0002337878209235105
                         0.0007450536463517713,                          0.006719685671934541,                                       0.00048087096758158543,                                         0.004521157956984891,                                      0.1168219792046793, 4935.737434075532,2449.5586981132315, 7385.296132188763, 0.0002337716652443906
                         0.0007494897330694105,                        0.00032507732059301395,                                         0.002758680760876447,                                         0.006365109182815023,                                    0.007249425874755244, 4935.734163810575,3595.7898241353328, 8531.523987945908,0.00023300841864914694
                         0.0007522065477984484,                          0.041013764817850386,                                          0.01793744658578154,                                        0.0035171658147210806,                                      0.7466713723212617, 4935.734116911648, 364.4511869423266, 5300.185303853975, 0.0002329974910604866
                         0.0007492771469486956,                         0.0010863763070790003,                                         0.015922945357928396,                                         0.005692161117040478,                                      0.5376587767990693, 4935.726376594857,1158.9740066378881,6094.7003832327455,0.00023120097842615887
                         0.0007513346696217098,                           0.23775276887748156,                                        0.0018181113794697428,                                         0.004382086111623162,                                     0.10454101575731467, 4935.734808363028, 782.4291724458417, 5718.163980808869,0.00023315865320861618
                         0.0007511793202973473,                         0.0001653528967114513,                                        0.0014439547223827418,                                         0.004954848246011174,                                     0.09978297733983899, 4935.734722150179, 6942.036513652268,11877.771235802447,0.00023313855280331024
                         0.0007410404960429156,                         0.0007230267500918773,                                          0.00673217803548507,                                        0.0010411417447977699,                                      0.5104554730744905,  4935.56125424413,2492.0990421985193, 7427.660296442649, 0.0001960098705691862
                         0.0007481660398610248,                           0.08888301381863287,                                         0.006703072407815965,                                           0.0021695861121531,                                      0.6153373275750083, 4935.734746368196,  621.353467953001,5557.0882143211975,0.00023314419902526512
                         0.0007447618689531751,                          0.005324127268428069,                                        0.0014597571179677793,                                        0.0020575626960076675,                                     0.03429946719719085, 4935.737567924976,1358.8816014366328, 6294.619169361609, 0.0002338029575459779
                         0.0007523061297872988,                        0.00021524192824316988,                                        0.0023065833355625214,                                         0.005176563693592305,                                     0.04937133522727388, 4935.734706146569, 5272.654980732203, 10208.38968687877,0.00023313482177474991
                         0.0007482424607576628,                          0.051302980791706976,                                        0.0015374723489887795,                                         0.002546363379455824,                                     0.05985746684683291, 4935.734809480429,1062.6271726933603, 5998.361982173789,0.00023315891374060284
                         0.0007468010211594626,                          0.004499021733585528,                                         0.017791138134370835,                                        0.0012044999467179167,                                       0.570479244009559,  4935.73728949209,1108.6983459487476, 6044.435635440837,0.00023373786817562295
                         0.0007606831594241595,                          0.004046188783358935,                                         0.019327455876488105,                                        0.0036620705055042256,                                      0.5819988712922828, 4935.478069179618, 571.9555871460835, 5507.433656325701,0.00018036452708267598
                         0.0007526921968868822,                          0.003999012789845745,                                          0.00482187913860643,                                         0.004114454943393725,                                      0.7166721063087159, 4935.734579580853, 700.4953012488087, 5636.229880829662, 0.0002331053167663971
                         0.0007550722329317069,                          0.005267728467774191,                                          0.03519131109415047,                                         0.005141074596714304,                                      0.4775587908564505, 4935.910340787402, 412.7631141874913, 5348.673454974893,0.00027789728341079644
                          0.000748344447316692,                           0.10916143921648792,                                        0.0018816637056767245,                                         0.010292407782166155,                                      0.4052471831311244,     4935.71201558, 637.7643311877694, 5573.476346767769,0.00022790442532030008
                         0.0007498721261919753,                           0.03513427376373813,                                        0.0015759222871147202,                                         0.006449133682501391,                                     0.12274311113673814, 4935.734104669712, 818.0708786584717, 5753.804983328184,0.00023299463873756735
                         0.0007485841675662947,                          0.053587646477678455,                                        0.0010800780482653721,                                         0.007600344386358158,                                     0.39577018795433055, 4935.731417828639,1076.0930195619396, 6011.824437390578,0.00023236945942719343
                          0.000752074822675563,                          0.029964834050726898,                                         0.011725770437062966,                                          0.00432613953717101,                                      0.5554932568696324, 4935.733354813245,349.80766453077075, 5285.541019344016,0.00023281999168914798
                         0.0007454922363418421,                           0.00457132089926113,                                        0.0029476473293770984,                                         0.001373896446819628,                                     0.41361943447228244,  4935.73760261565,1285.8656569169577, 6221.603259532608,0.00023381106846875102
                         0.0007429076098914342,                           0.09241196630397408,                                        0.0009674956580727913,                                         0.008051874892691999,                                     0.35271647638659365, 4935.733433976728, 1168.612156057603, 6104.345590034331,0.00023283842326013478
                         0.0007414662787484141,                         9.117822119911854e-05,                                        0.0023041291815053913,                                         0.001553860880498587,                                     0.33485085499173056, 4935.737404444782, 12045.09305715422,16980.830461599002,0.00023376473851727825
                         0.0007516958267041896,                         0.0013242885677807086,                                        0.0018387194684086584,                                         0.004035536489107479,                                     0.02224070614938506,  4935.73489242081,1546.7777097082462, 6482.512602129056,0.00023317825283165853
                         0.0007458834387282919,                           0.00743331406799935,                                         0.002019960414192809,                                         0.001164543798075847,                                     0.05152909872988376, 4935.737620519094,1488.2940620719894, 6424.031682591083,0.00023381525452962506
                         0.0007459876845654935,                         0.0006033253780102029,                                         0.007206395072385417,                                        0.0023180627261772152,                                      0.3188232764901988, 4935.737273380364,2227.6407661359826, 7163.378039516347, 0.0002337341022854898
                         0.0007485069579632399,                        0.00016329585365609732,                                        0.0019545366554173608,                                         0.006022157571304089,                                     0.11415066447559999, 4935.734213050885, 6801.537858005231,11737.272071056115, 0.0002330198923383107
                         0.0007538259010066346,                          0.057859157015584126,                                         0.011944430234740048,                                         0.003017208494651137,                                      0.8469332117730535, 4936.085103399431, 432.4365624499407, 5368.521665849372,0.00017503476003509206
                         0.0007559201947097997,                          0.033241101798625626,                                        0.0070472384646303185,                                        0.0021811120742138883,                                     0.36070306114632283, 4936.085211721675, 630.4645063848118, 5566.549718106487,0.00017505372121988627
                          0.000758182915832771,                           0.08905034198001431,                                         0.006905687254196592,                                         0.002883465023320814,                                      0.6351910760531652, 4936.085390597546,502.84275240154716, 5438.928142999093, 0.0001750850369076126
                         0.0007559387636674962,                            0.9404483401495163,                                         0.003252550610084872,                                         0.007888558997929753,                                      0.5683468081335805, 4936.077650199994, 435.2802061750444, 5371.357856375039,0.00017373504061083384
                         0.0007544338359790385,                           0.17598185113956008,                                        0.0066528452617101745,                                         0.004696527625964372,                                      0.2957525911006879, 4936.083922769332,   368.91729761576, 5305.001220385092, 0.0001748282306703979
                         0.0007582956360945894,                          0.044774376173872636,                                         0.010118724950777251,                                         0.008632819643800325,                                      0.5559143264947479, 4936.059073898679,236.99789178602512, 5173.056965684705, 0.0001705374775454003
                          0.000758403120645577,                          0.021606389305046648,                                          0.01906530006988399,                                         0.003639949455915826,                                     0.49857563130697935, 4936.080777138851, 373.4630072664006, 5309.543784405251,0.00017427914971464775
                         0.0007555734306545383,                           0.05635509276931655,                                         0.007308676464550308,                                        0.0027131044380235498,                                      0.6355875998974503, 4936.085276488834, 523.1497657503072, 5459.235042239141, 0.0001750650593193389
                         0.0007537141047550358,                           0.06784870096166766,                                         0.002004063381575414,                                         0.004665659650040121,                                     0.31085515056327606, 4936.084968315937, 728.0568548286026,  5664.14182314454,0.00017501111732494125
                         0.0007566765480515401,                          0.005650962106962996,                                        0.0010874325684554279,                                         0.005477113758864005,                                     0.06614291813868922, 4936.085150206929,1279.1361803048146, 6215.221330511744,0.00017504295316597018
                         0.0007537679986189659,                         0.0019658006236048207,                                        0.0038527382966309465,                                        0.0018127862595702635,                                     0.43560273065287525, 4936.085312169631,1319.8912534948454, 6255.976565664476,0.00017507130589159274
                         0.0007578282573859006,                          0.004655023429593906,                                         0.005131453130686129,                                         0.005376813397344791,                                     0.11374972498344965, 4936.084212913924, 595.6820279731617, 5531.766240887086,0.00017487896349552555
                          0.000758929609244218,                            0.2940167617875386,                                         0.004850754385266064,                                         0.004974466779249775,                                     0.24567083324362132, 4936.084615436713,410.58123900086827, 5346.665854437581,0.00017494937043290484
                          0.000756204159109136,                            0.0689447794467982,                                        0.0025717442077553255,                                         0.005934790092601636,                                      0.4739219744349381, 4936.083977741929, 571.8434770749551, 5507.927454816884, 0.0001748378416963388
                         0.0007528352101580941,                           0.00365665028648134,                                         0.007031280185125735,                                        0.0017537851317869179,                                      0.2106995710437542, 4936.084789432349, 985.8912227424869, 5921.976012174836,0.00017497981350829113
                         0.0007557519159076548,                           0.07359726667171991,                                        0.0012362113722555641,                                         0.004162275287779861,                                      0.3297161706298337, 4936.085241702148, 1062.763823593004, 5998.849065295151,0.00017505896949197386
                         0.0007539327805737318,                          0.021551813812911668,                                         0.017216121151674015,                                         0.003791179425692101,                                     0.38836201398121606, 4936.076077218448,368.25505906216773, 5304.331136280615,0.00017346197341904827
                         0.0007589519585253034,                         0.0040405441069159545,                                        0.0057320095063676905,                                        0.0037644319186049867,                                      0.3869287977649223, 4936.085107195623, 687.5946389339583, 5623.679746129581,   0.00017503542450187
                         0.0007549327925253763,                          0.047335181374257886,                                        0.0011868869566442851,                                          0.00674870447088272,                                     0.10683460992149965, 4936.084493465413,1011.8427455076759,5947.9272389730895,0.00017492803293216302
                         0.0007550688934105169,                          0.004875269584891497,                                         0.007624757174288982,                                         0.002689763187843071,                                      0.6130876901916087, 4936.085236247047, 708.0485211835924, 5644.133757430639, 0.0001750580145302159
                         0.0007549622105979514,                          0.014874125417702385,                                         0.002460533656248056,                                         0.004435992981739201,                                     0.01705826903711749, 4936.085223143571, 699.0754139179337,5635.1606370615045,0.00017505572067678867
                         0.0007580050723106163,                             0.182252345750916,                                         0.027130244087134783,                                        0.0023301370138347215,                                      0.7186073789663224, 4936.084515223947, 471.5054442415237, 5407.589959465471,0.00017493183915110217
                         0.0007554528333665387,                           0.04476654527169386,                                        0.0021147800708394044,                                         0.002689268944057956,                                     0.16131571824584978,  4936.08538630424, 867.0487876440558, 5803.134173948296,0.00017508428521556587
                         0.0007536438092309188,                           0.15902111295912974,                                        0.0027981695289988552,                                         0.007650355927308009,                                    0.051624379234206874, 4936.083574764903,  494.377834119358, 5430.461408884261,0.00017476740025692425
                         0.0007547348824792418,                         0.0033094159495354876,                                         0.012984335991601316,                                        0.0033922199834839207,                                       0.609118372805574,  4936.08459791832, 673.9761988693704,5610.0607967876895,0.00017494630562789256
                         0.0007565478975127077,                            0.4570334587453199,                                          0.00554480806085281,                                        0.0037746195900305265,                                      0.2875171010300378,  4936.08491611853,447.46427660181433, 5383.549192720344, 0.0001750019824368214
                         0.0007575662885422002,                          0.002928741561227652,                                          0.00414317820398744,                                         0.004426005198967624,                                     0.22983909142812967,4936.0849966610895, 808.7415600975977, 5744.826556758687,0.00017501607811209525
                         0.0007557456340286707,                         0.0004952373214573048,                                          0.01664830974721519,                                         0.004223219568233343,                                      0.3401530270458485, 4936.069700368696,2316.0862551094137, 7252.155955478111, 0.0001723593518395188
                         0.0007577727042900261,                          0.013040978288227601,                                          0.01021672549884631,                                         0.004223800755168745,                                     0.34233945278118305, 4936.082842390274, 411.3136741953215, 5347.396516585595,0.00017463945190585712
                         0.0007537128921824236,                          0.001197088985905803,                                          0.03432565523421038,                                         0.001249659025396383,                                      0.5694208179963518,4936.0792443100045,1664.7107987099473, 6600.790043019952,0.00017401221424210163
                         0.0007550503853604262,                          0.006045220436938015,                                         0.003848027774260611,                                         0.004998708822009201,                                      0.3116511434159642, 4936.084633908395, 625.3449842850644, 5561.429618193459,0.00017495260207186556
                         0.0007582022129228663,                          0.059190501109320545,                                         0.008631434841617986,                                         0.001715148499955409,                                       0.700875277856976, 4936.085529433949, 715.7900896972103,5651.8756191311595, 0.0001751093467717912
                         0.0007572032607085217,                           0.19221065184411593,                                          0.00879142073490219,                                         0.001994516991491999,                                       0.377383358672759,  4936.08516806527,  620.324403392776, 5556.409571458046, 0.0001750460791706965
                         0.0007575634858651551,                           0.13628941839129832,                                          0.01570070769208346,                                        0.0037565879656774807,                                      0.3024499611422969, 4936.071349399441, 337.2277340326487,  5273.29908343209,0.00017264381218725101
                         0.0007567527266063652,                            0.3055514153585962,                                         0.013658283811674879,                                         0.007321531845930404,                                        0.75455682211956, 4936.073298656788, 213.0718515450364, 5149.145150201824,0.00017298066760893416
                         0.0007533904679284725,                        0.00014170617451407283,                                          0.00575797630224166,                                         0.003697191295580413,                                     0.40471458086832546, 4936.084854214707,7501.0032404069225, 12437.08809462163,0.00017499114948041073
                         0.0007586474089970337,                          0.009341727778566086,                                          0.00459932595053253,                                            0.006843747942782,                                      0.5667298291711794, 4936.081388360442, 470.5885082212385, 5406.669896581681,0.00017438570545516858
                         0.0007547426676324696,                         0.0013161519564465914,                                         0.007954461928548253,                                         0.002666312920176372,                                      0.5863930217090584, 4936.085198951723,1260.5560455991654, 6196.641244550889,  0.000175051485806655
                         0.0007556639513015771,                          0.007593411737313612,                                        0.0013025202658041724,                                        0.0023507841708337285,                                     0.15326849008197907, 4936.085428255578,1324.8254488810549, 6260.910877136634,0.00017509163038967315
                         0.0007537340276652883,                           0.15752060341897933,                                        0.0008290753209192107,                                          0.00796339057472811,                                      0.3000953795362523, 4936.082169727769,1338.0860564428244, 6274.168226170594,0.00017452201799575921
                         0.0007528141543311079,                        0.00014238362281565424,                                        0.0043787487747778625,                                        0.0031544228330665637,                                      0.2761343260755575, 4936.085056489666, 7568.670592234017,12504.755648723683,  0.000175026549388225
                         0.0007583460461617731,                           0.00026486418752206,                                          0.01379066562646991,                                        0.0028994060875875364,                                     0.33065340520892617,  4936.08152059435, 4192.930895800025, 9129.012416394375,0.00017440876668313622
                         0.0007529128794365719,                           0.08442927188176806,                                        0.0019179656973851852,                                         0.008187064939260686,                                     0.40703388970549986, 4936.079374692887, 655.3738868881245, 5591.453261581011,0.00017403490393526753
                         0.0007528034572087763,                          0.013301608228956907,                                        0.0017999582276389259,                                         0.003540956371790048,                                   0.0018131578024483952, 4936.085231662149, 913.1569073975468,5849.2421390596965,0.00017505721190902074
                         0.0007579495395130164,                          0.010017219797160514,                                        0.0033094144824127696,                                          0.00676638429744597,                                      0.4574756500025763, 4936.082567747054, 549.7857716764646, 5485.868339423519,0.00017459149495025538
                         0.0007528065455632801,                         0.0018993108576057802,                                          0.02682518271882997,                                        0.0011906236764914458,                                     0.38510524496854004, 4936.060468237525,1403.6811077135608, 6339.741575951086, 0.0001707754304299272
                         0.0007548437075330565,                           0.04365952657897009,                                         0.013662787228516248,                                         0.004584109491008213,                                      0.7102968302742914, 4936.083758526303, 314.2408932666306, 5250.324651792934, 0.0001747995187101986
                         0.0007547152836752345,                          0.004756092571171432,                                        0.0014665146469709748,                                         0.006316750935868698,                                      0.4573673325505528, 4936.083734753508,1050.4547239809224, 5986.538458734431,0.00017479536328639226
                         0.0007547508783716267,                          0.027661701106330885,                                         0.031252818113694625,                                        0.0031081180426735504,                                     0.35612800892638136,  4935.86545728083, 389.8862832001493,  5325.75174048098,0.00014051840327644128
                         0.0007543399108829384,                         0.0019343578855837826,                                         0.007388302343244847,                                        0.0038028843694943495,                                      0.7650068312972774, 4936.084948901074, 915.2748049957794, 5851.359753896853,0.00017500771954115748
                         0.0007566788703193424,                          0.013168358045419227,                                        0.0024662783952424947,                                        0.0067563694086869965,                                      0.6279362742377945, 4936.082113164771, 629.4173261453169, 5565.499439310088,0.00017451214678638005
                         0.0007550599074456377,                         2.284498703170039e-05,                                          0.01693463040523538,                                          0.00130165649715151,                                     0.42332390626664285, 4936.083914689367, 44600.58182570927, 49536.66574039863,0.00017482681807003562
                         0.0007548169214156225,                          0.002688154821065063,                                         0.008021723198995955,                                         0.008813493776505048,                                      0.3584188676532157,4936.0631526846555, 610.1262597208482, 5546.189412405503,0.00017123448392082557
                         0.0007533455891268871,                        0.00023471542310855726,                                         0.038692660933274205,                                         0.001907878908062269,                                      0.5797185973566393, 4936.070815627774, 4810.465415353591, 9746.536230981364,0.00017255168440168044
                         0.0007563417370831311,                            0.1335509308800733,                                        0.0036645460767831574,                                         0.006218620234636207,                                    0.025028636784603653, 4936.084598530981,441.18024954326796, 5377.264848074248, 0.0001749464128107209
                         0.0007572579516577729,                           0.21447974283492352,                                        0.0015993075494253916,                                        0.0029568506893831647,                                     0.17976940092702695, 4936.085479669331, 968.1307159684723, 5904.216195637803, 0.0001751006327388907
                         0.0007541507252206243,                        0.00020032929259199752,                                         0.009074554752333281,                                         0.000916424651912734,                                     0.36566946729693084, 4936.085170987052, 6193.176645783942,11129.261816770995,0.00017504659061788193
                         0.0007539915850379861,                         0.0077179802032654185,                                        0.0064666409399231775,                                         0.003188201983416456,                                      0.8103171683898504, 4936.085160825154, 597.8637818285711, 5533.948942653726, 0.0001750448118213226
                         0.0007531725337725512,                         0.0012248817657167508,                                         0.019655314433601058,                                        0.0010287995483932635,                                      0.6512249306460207, 4936.085090014499,1839.2888011286555, 6775.373891143154,0.00017503241722231045
                         0.0007575487388884201,                         0.0006528505737505381,                                         0.018395155786008182,                                        0.0021514230453735066,                                      0.7831632880509595, 4936.085314181248,2050.9148466997854, 6987.000160881033,0.00017507165806831718
                         0.0007542077237634754,                          0.004074662243210203,                                         0.022287598598820985,                                        0.0015352917867755924,                                      0.8764801479027073, 4936.085266037037, 941.6291007949194, 5877.714366831957, 0.0001750632295844921
                         0.0007580246439689688,                           0.07229825789537565,                                         0.008558810828880194,                                         0.002032767168737934,                                     0.34911817069021545, 4936.085158315051,  622.610508596761, 5558.695666911812, 0.0001750443724412769
                         0.0007543412387911241,                         0.0007342839716306233,                                           0.0375935323752726,                                        0.0026962039421968165,                                      0.7725186214619537, 4936.082901388353, 1759.363081340888, 6695.445982729241,0.00017464975560200287
                         0.0007571085223810765,                          0.020523552610676826,                                        0.0010438030320174933,                                         0.010014995565381693,                                     0.15993592458794983, 4936.077944365696,1106.6099321259328, 6042.687876491628,0.00017378615501856831
                         0.0007582889709598056,                          0.026616095634649745,                                         0.010303926037003669,                                        0.0021483817457408154,                                      0.3563659549479571,4936.0848322840175, 600.0882615245229,  5536.17309380854,0.00017498731184594494
                         0.0007571446755540199,                         0.0016217003785655327,                                         0.006934483780461269,                                         0.004876881505280766,                                      0.6955859285054768, 4936.084377508985, 965.8926260950752, 5901.977003604061,0.00017490775007827783
                         0.0007554632559192698,                            0.1176358947509961,                                         0.015998104370356668,                                         0.004573402940561546,                                      0.9176398546119149, 4936.084186360498,289.66377649973265,5225.7479628602305,0.00017487431992166356
                         0.0007600679404893226,                          0.012227150004278679,                                         0.006264291279537492,                                        0.0040904578228084685,                                     0.21212095169055603, 4935.479735550658, 485.8915974670448, 5421.371333017702, 9.554685297037801e-05
                         0.0007555583146068199,                         0.0008567639025479116,                                         0.004927161701963918,                                         0.003354553544274372,                                      0.5420444255411412, 4936.085193965674, 1668.241558957125,   6604.3267529228,0.00017505061299352166
                         0.0007538260054282997,                        0.00046070123874639683,                                         0.007172005413540317,                                        0.0011944988605397371,                                     0.44495679526031945,  4936.08528752502,3147.2062835435686, 8083.291571068588,0.00017506699138058348
                         0.0007566174251634613,                          0.008419339636068892,                                         0.004633894186101423,                                         0.005791796107834152,                                     0.15734291953958843,4936.0841132521255,507.23338846403976, 5443.317501716165,0.00017486153561201235
                         0.0007583377556377217,                          0.029329285943993755,                                          0.00577114874400202,                                        0.0018083335679555685,                                      0.3837294033913665, 4936.085487762279, 760.3666615301709,  5696.45214929245,0.00017510204982487207
                         0.0007579187480082938,                          0.019623814503924558,                                         0.002949742833553715,                                          0.00813955855710019,                                      0.2363508084035589, 4936.081406419113, 512.8278821138622, 5448.909288532975, 0.0001743888546575672
                         0.0007568198349381712,                           0.04505900465862096,                                        0.0011659775075947498,                                         0.004532403472574456,                                     0.32009334239005427,4936.0852242392475,1100.4760904627212,6036.5613147019685, 0.0001750559124813248
                         0.0007576701633786518,                          0.021690001457881223,                                          0.01392480545688183,                                        0.0013515547567828502,                                      0.5383389848432005, 4936.085289987979, 857.8071130912269, 5793.892403079206,0.00017506742256392707
                         0.0007546619039876076,                          0.028219819505603084,                                          0.01010103546485373,                                          0.00492103066062458,                                      0.5889283451488037, 4936.083488758894, 337.6453025654881, 5273.728791324383,0.00017475236985683813
                         0.0007536345653439411,                          0.028744460727551765,                                         0.003216666297758604,                                         0.006077792051132828,                                       0.577689037676141, 4936.083291515712,510.20361067617955, 5446.286902191891,0.00017471790454233973
                         0.0007549902246398251,                        0.00041142189806022366,                                        0.0026035592894592947,                                         0.003751795334486561,                                      0.3949760451325296, 4936.085190489799, 3081.223621624131,  8017.30881211393,0.00017505000454052637
                         0.0007537423001758986,                             0.477546424247382,                                        0.0017205317814786272,                                         0.006971473851025496,                                     0.10742823043053368, 4936.084221768521, 726.7513798679967, 5662.835601636518,0.00017488051198522836
                         0.0007586717139374882,                         0.0006642580134252815,                                         0.005949425195564259,                                        0.0033022059388528985,                                      0.4522867859573457,  4936.08527297334,1976.3504587516836, 6912.435731725023,0.00017506444388018028
                         0.0007560589377390603,                           0.20595169425498513,                                         0.010457007267015907,                                         0.004493825076957324,                                     0.31574378982277096, 4936.081600600392, 323.0127384804224, 5259.094339080815,0.00017442272099653977
                         0.0007524105113636292,                           0.05214809694278138,                                         0.001273813824523068,                                          0.00820416796997378,                                      0.1164094172285125, 4935.732661164797, 926.1094981885159, 5861.842159353313,0.00012304404101734533
                         0.0007547377692692571,                          0.008760643760625872,                                         0.008753203670156614,                                        0.0046548223782389994,                                      0.1631007386442296,4936.0802845681255,443.22171694923793, 5379.302001517363,0.00017419332604631183
                         0.0007575613057361108,                           0.00432750187163517,                                         0.006024201754245563,                                         0.001468409282009437,                                     0.49865897247975144, 4936.085503293573,1078.0863400595608, 6014.171843353134, 0.0001751047694075111
                         0.0007578373594189895,                         0.0035605946958890164,                                         0.004017158388632077,                                        0.0042951790585679965,                                      0.3331780853872343, 4936.085065578821,   762.60330602199, 5698.688371600811,0.00017502814023879424
                         0.0007563179691117961,                         0.0008882286633364222,                                         0.012387812107028735,                                        0.0008064096584461652,                                      0.5028826888592086, 4936.085331720092, 2446.625236568931, 7382.710568289023,0.00017507472864975742
                         0.0007538731287128485,                            0.5244734876804488,                                         0.003910290132601737,                                        0.0027849916183587246,                                     0.31763096257918977, 4936.085216013314, 616.7096814334773, 5552.794897446791,0.00017505447248887816
                         0.0007546867850848737,                         0.0023042300416621806,                                         0.003154853196705967,                                         0.002430499275402808,                                     0.08407254727772734, 4936.085297739942,1162.3945048127202, 6098.479802552662,0.00017506877968529675
                         0.0007569533548642696,                           0.00802028868247862,                                         0.010104772252435636,                                        0.0015794627706786346,                                      0.7070060262131597, 4936.085461528763, 856.7735993721303, 5792.859060900893,0.00017509745634267904
                         0.0007549948811716754,                         0.0001761202582393915,                                         0.027242686741356825,                                        0.0008197652725066609,                                      0.5775492707653116, 4936.084005749437, 6934.507012209331,11870.591017958768, 0.0001748427385372086
                         0.0007551023145033063,                        0.00048623969890405005,                                        0.0038477057456377146,                                         0.005279047263468453,                                    0.055919735418320626, 4936.084782029866, 2505.922092692726, 7442.006874722592,0.00017497851822801161
                         0.0007569418742363355,                            0.3189625451639203,                                        0.0062686262650989266,                                         0.005190521680744046,                                     0.30916868679453147, 4936.083785701216, 355.3186107579775, 5291.402396459193,0.00017480426893632365
                         0.0007581999062961218,                          0.005379304342281413,                                         0.026107505279295486,                                        0.0038371107985967004,                                     0.47442472743153297, 4936.062057070031, 484.8135558843082, 5420.875612954339,0.00017104697965102052
                          0.000756498335850326,                           0.17149320054775327,                                          0.01212701916981569,                                        0.0025629214573790653,                                       0.695828324711012,4936.0852490280395,478.47135880007613, 5414.556607828115, 0.0001750602519597059
                         0.0007548652487220091,                           0.02136151907849272,                                        0.0013676035897340012,                                        0.0037708970258806345,                                       0.473213007884592,  4936.08521698951,1043.2080772919724, 5979.293294281482, 0.0001750546433764608
                          0.000755974050016563,                          0.053685837021360906,                                         0.005095545749257856,                                         0.006606824310446688,                                      0.5422733216654034, 4936.081770385787,366.23536790082335, 5302.317138286611, 0.0001744523379413077
                         0.0007549201658924912,                          0.026982177959476005,                                         0.026013230939493412,                                         0.004798171827349604,                                      0.6541842680932226, 4936.076765219156,283.91618778632176, 5219.992953005478, 0.0001735813564427653
                         0.0007594977008602861,                          0.009070742393927614,                                          0.02038358494708601,                                         0.001858930653505738,                                      0.7893988416938648, 4935.480595207981, 697.2473250703812, 5632.727920278363,  9.56290258374564e-05
                         0.0007581747567310746,                          0.025706563150890663,                                        0.0011293165488289968,                                         0.008712961381662237,                                      0.2523735008657435, 4936.080976689992,1039.1634307261359, 5975.244407416128,0.00017431393078803318
                         0.0007595951235891693,                           0.03910316144238094,                                         0.011965076568440215,                                         0.003609010507533931,                                      0.5446903364784383, 4935.479753988705,  386.234203253873, 5321.713957242578, 9.554861468397893e-05
                         0.0007528779165852011,                            0.2187101650141763,                                        0.0019227805726911554,                                          0.01069039499808195,                                      0.4572825940571988, 4936.051084408507, 618.1943197957949, 5554.245404204303, 0.0001691803984484087
                         0.0007560577102667287,                            0.4084529696560166,                                        0.0019388472943941996,                                         0.003525344672177303,                                       0.517313505489306, 4936.085297639475, 801.8788464501237, 5737.964144089599, 0.0001750687620967636
                         0.0007589135070592181,                           0.21410959843037647,                                         0.011940630202846197,                                         0.003448412777887284,                                     0.30855641301918524, 4936.081910563154,378.40666460277873, 5314.488575165933,0.00017447679392476012
                         0.0007535424484230721,                          0.007288432029801814,                                         0.008377003863385859,                                        0.0018271971317781364,                                      0.3305603427699413, 4936.084953982518,  803.864467596689,5739.9494215792065,0.00017500860883522176
                         0.0007554930872437191,                         0.0026876299958857315,                                        0.0021183679700095435,                                         0.004250263721514777,                                      0.5896929728986287,4936.0850513117675,1079.4160620178984, 6015.501113329666,0.00017502564312080136
                         0.0007564771859134705,                         0.0033043136212529472,                                         0.016861168505036953,                                         0.004173131251093906,                                     0.23381891012913852,4936.0337490434995, 601.5707990263655, 5537.604548069865,0.00016627286884521162
                         0.0007567142535567648,                          0.001327264945156283,                                         0.004331010611532253,                                         0.005939165730652378,                                      0.4656457029602414, 4936.083563551656,1152.6958837685468, 6088.779447320203,0.00017476544055795832
                         0.0007588361088335428,                            0.1319014132240473,                                         0.005793029376109445,                                        0.0050053083769283765,                                     0.33887940716768017, 4936.084293697593,379.99056482234494, 5316.074858519938,0.00017489309143056862
                         0.0007569371381308747,                          0.001321155247380432,                                        0.0032276497627012775,                                        0.0028136988764356752,                                     0.38838229718978357, 4936.085410240948,1422.1403340122167,6358.2257442531645,0.00017508847620701184
