galaxies.source.pixelization.mesh.weight_power,galaxies.source.pixelization.mesh.weight_floor,galaxies.source.pixelization.regularization.inner_coefficient,galaxies.source.pixelization.regularization.outer_coefficient,galaxies.source.pixelization.regularization.signal_scale,    log_likelihood,         log_prior,     log_posterior,                weight
                            1.7642143476176093,                            0.3870206829965339,                                        0.0014051332955799145,                                       0.00015984315708751182,                                       0.872012183821016,29328.977029227866, 6970.392783064029,36299.369812291894,1.6799259623901333e-10
                             1.735632581862383,                           0.38727667503602803,                                         0.020514385344684114,                                         0.007871608637293248,                                      0.7020775405146371, 29329.72702274291,178.36725082716205,29508.094273570074, 3.556380227245608e-10
                             1.788167942698984,                           0.39690323226490387,                                         0.006439250439252004,                                        0.0005115274796066229,                                      0.8497856523258795,29328.764635378615,2112.7462715436177, 31441.51090692223,1.3584656620404687e-10
                            1.7851880326475067,                            0.4100075044542079,                                        6.023402114170884e-05,                                         0.010283409943338201,                                      0.1997875408566524,29329.213437525443,16701.596342568242, 46030.80978009368,2.1279477551242587e-10
                            1.7598041133069195,                            0.4102449010615819,                                         0.008790704104067588,                                           1.2285055079861416,                                      0.6340692007976139,29328.855169987604, 117.0080961005308,29445.863266088134,1.4871930469860934e-10
                            1.7684549406487218,                            0.4146400135880892,                                       0.00037737651408627676,                                            1.471311833887343,                                      0.8849242862322783, 29330.68835343854, 2652.964832025569, 31983.65318546411, 9.300553672954814e-10
                            1.7497199543950506,                            0.4018169715689774,                                        4.033678164031086e-05,                                        9.238727770090107e-05,                                       0.802327897996832, 29330.31477308195, 35617.75873931817, 64948.07351240012, 6.401251873827002e-10
                            1.6831222677747892,                           0.31761233695671043,                                       1.4148672269292003e-06,                                       0.00010769311774837267,                                      0.4923438152830224,29329.613221354397,  716068.892835937, 745398.5060572914,3.1738388501593954e-10
                            1.7942867801093216,                           0.41116277757328606,                                        3.359288385960227e-05,                                        0.0005006846504792237,                                      0.4194861065520133, 29330.94597596072,31767.906637475287, 61098.85261343601,1.2033524407589307e-09
                             1.706520049572289,                           0.34449410225360877,                                        0.0010412435750319026,                                           0.7006622336735776,                                      0.6668713683445073,29330.481307816844, 964.7201082121361, 30295.20141602898,  7.56118792978257e-10
                            1.7677454929756307,                            0.3910566903967743,                                          0.04421266353288371,                                        0.0063612477703187875,                                      0.8095197372930351, 29329.26140006939,182.37699114459474,29511.638391213986,2.2324967186596003e-10
                            1.8158679578692027,                           0.43680686782873424,                                        9.578590134727773e-05,                                           0.4769672722328532,                                     0.21037017628682608,29328.924210359222,10444.335704359395, 39773.25991471862, 1.593496811280578e-10
                            1.8027704392749164,                           0.41556810562070984,                                       1.8600234007830707e-06,                                        4.081378275606294e-05,                                     0.39013930951784564,29329.276766585233, 562131.5780134582, 591460.8547800434,2.2670673496709783e-10
                             1.845449342583958,                            0.4716195576380542,                                        0.0001349405555146093,                                       0.00010441770195192318,                                       0.605573479421602, 29328.47599126697, 16989.71110653372, 46318.18709780069,1.0178695449532696e-10
                            1.8204326943800742,                           0.45102496080194926,                                         0.000324576760982508,                                        0.0001692230363609492,                                     0.49186115938718344,   29329.519677785, 8992.513403532686,38322.033081317684,2.8904097658695124e-10
                            1.6446374156776835,                            0.3011682166677506,                                        0.0001814249198944688,                                          0.00605354309516188,                                      0.9821394139082535,29329.070289460204, 5680.434876767841,35009.505166228046,1.8441343027487841e-10
                            1.6600155725088421,                           0.31703503760524104,                                        1.087773403451079e-05,                                         0.010907696258654431,                                      0.8126828229174144, 29329.87392327519, 92025.74366699986,121355.61759027504,4.1191373886875673e-10
                            1.7752035492329443,                             0.394609985956179,                                        3.373012707231177e-05,                                         0.024920975866620797,                                      0.8912186626784471, 29328.51441756143, 29689.74763643832,59018.262053999744,1.0577437015230744e-10
                            1.7566236865239127,                            0.3728815349468372,                                        0.0012923498719239136,                                         0.049900383567613706,                                      0.8353655899895968, 29329.48741566444, 796.5060112867262,30125.993426951165,  2.79864720402736e-10
                            1.7698929816103715,                           0.38496758918279145,                                       0.00046124528685514445,                                            0.364224928361493,                                     0.48091053718588206,29329.350396730966, 2173.387011170036,31502.737407901004,2.4402908317396084e-10
                             1.725858178443602,                           0.36159377222543954,                                        6.181607071363923e-05,                                          0.23875214814826656,                                     0.36442832836859157, 29329.60995674408,16183.977015485663, 45513.58697222974, 3.163494397594407e-10
                            1.8238027051009307,                            0.4561297535267501,                                        0.0005211492692625904,                                        9.089919688005897e-05,                                      0.7203932965310098, 29328.81477682579,12922.225706292767, 42251.04048311856,1.4283177031408985e-10
                            1.7341835400350802,                           0.37488259358685844,                                       5.6545063502287516e-05,                                        6.988554934784083e-06,                                      0.6187339060527882,29335.321246049403,160778.77539898382,190114.09664503322, 3.826785762634569e-08
                            1.6987434918035085,                           0.32793588494177617,                                        0.0028783575259045094,                                           2.4331091805192884,                                      0.8401202281844311,29335.421424225933, 350.8807305917474, 29686.30215481768, 4.230005955211387e-08
                            1.7631120621352179,                            0.3912235377775457,                                         0.013256748418845513,                                         0.000244230073285871,                                      0.8226792618256189, 29334.98891932531,4172.4892186747265,33507.478138000035,2.7447733418756016e-08
                            1.7093120390391512,                           0.34648655268821504,                                       3.7144191415237063e-06,                                        3.317627972355364e-05,                                      0.3510669084502227,29333.688805310834,299366.00157116057, 328699.6903764714, 7.479527180337308e-09
                            1.7416588859103512,                             0.374845830023528,                                       1.0251825422417622e-06,                                          0.01419047282625682,                                      0.5073608207122551,29336.816949723237, 975509.1782797138,1004845.9952294371,1.7076937998782185e-07
                            1.6969458744392636,                            0.3234763669083848,                                       0.00010217583179194159,                                        0.0016978744067903738,                                      0.7735276884267797,29331.527779265183,10379.113379414915,  39710.6411586801,  8.61692787505619e-10
                             1.691448725357628,                           0.32358383583588424,                                       2.2627277841675457e-05,                                       5.0914592129800454e-05,                                       0.798024806453829, 29331.69951965809,63838.270775790756, 93169.97029544885,1.0231477718609644e-09
                            1.8129394651041921,                           0.43799644300234003,                                        1.039929026808489e-05,                                        6.982591715246143e-05,                                      0.2713975563823837,29333.952237621874,110484.02156578701,139817.97380340888, 9.733775910636649e-09
                            1.7500125572278389,                           0.36769246390213156,                                         1.26357415115258e-05,                                          0.03686002424680639,                                      0.8793755124747527,29333.641824260016, 79170.43629429254,108504.07811855256, 7.136257847658942e-09
                             1.777094941642868,                             0.407506673899018,                                        4.437264364074694e-06,                                        0.0001333534872640329,                                     0.20643837848139918,29333.381619383523,232865.40020640218, 262198.7818257857, 5.501295728500502e-09
                             1.757943669648829,                            0.3851199279254619,                                          0.05548233697570519,                                          0.10995359082117924,                                      0.7411056586003378, 29335.45839853374,29.715094060937652, 29365.17349259468,  4.38933488474394e-08
                            1.7651097780575657,                            0.3945521607178017,                                        0.0013842336396391194,                                          0.01368749068041236,                                      0.6191134468788801, 29331.35573314705, 798.0153268082189, 30129.37105995527, 7.254939215531756e-10
                            1.7975403811440667,                            0.4185590731923303,                                         4.72081490474917e-06,                                       1.1619544733477308e-05,                                     0.22270535037253897,29332.052106228555,297892.11565965903,327224.16776588757, 1.455676144091013e-09
                             1.759605151634986,                            0.3856945041211855,                                        1.207861633484729e-05,                                       1.3617358819644553e-06,                                      0.3448674660412018,29336.296437859557, 817150.3292343853, 846486.6256722448,1.0147395124115843e-07
                             1.760060474813031,                            0.3948597199502032,                                       3.1983625551691935e-06,                                        9.020853237439895e-06,                                      0.5802887670956035,29332.886468817578,423516.78000186844,452849.66647068603,3.3529249542068346e-09
                            1.6356883129735547,                           0.29497119955428486,                                       5.6038575426018576e-05,                                         0.004204226476459993,                                      0.9250007547616403, 29334.85902396521,18086.096531598756, 47420.95555556397,2.4104251438637325e-08
                            1.7544097612046312,                           0.38862014882873236,                                        2.721884655493412e-06,                                          0.00261988035443456,                                      0.8331121920367301,29332.826650800507, 367776.7669798299, 397109.5936306304,3.1582404992045192e-09
                            1.6244443100414407,                           0.28288687368952925,                                        6.575934059867443e-06,                                          0.00476886653968137,                                      0.8265564367419185,29332.253458033098, 152282.8797985195,181615.13325655262,1.7803719462934973e-09
                            1.7481347424086717,                            0.3878051583448509,                                        3.871029299163385e-06,                                            0.711129150980055,                                      0.4065477738261494,29334.236795410772,258333.21013747418, 287667.4469328849,1.2937883055497303e-08
                            1.6953289226095367,                           0.32664566163589964,                                       5.4878604263276576e-06,                                        0.0005967849937696651,                                     0.29706804153802946, 29335.42404106417,183899.08453546575,213234.50857652992, 4.241089692380239e-08
                            1.7310523687730095,                           0.35823691108309663,                                       1.5227149220829992e-06,                                        0.0005341722656067038,                                       0.727595071242034, 29335.57887856649, 658596.5912053201, 687932.1700838866, 4.951337496852897e-08
                            1.7346839289528484,                            0.3774752218104476,                                        9.276410044813514e-06,                                        0.0004949225170938752,                                      0.8261238570863088,29334.891805768457,109823.49057050668,139158.38237627514, 2.490752673795261e-08
                            1.7490526458207312,                            0.3819091604852439,                                        2.724180618781202e-05,                                        0.0020923127217879877,                                     0.30670109942165086, 29335.92606713698, 37188.84398515789, 66524.77005229487, 7.006556208669725e-08
                            1.7565206500627373,                           0.38417788539316744,                                        0.0004877864210358723,                                       1.0415265104620786e-05,                                      0.7812053030064605,29336.613741480687, 98065.59906339744,127402.21280487813,1.3936630416917556e-07
                             1.739441214077958,                            0.3846492875161305,                                        0.0010579513145610564,                                           0.1471990048509753,                                      0.8521088232114613, 29331.09195583992, 954.6163749879495,30285.708330827867,  5.57284224338932e-10
                            1.7311337476743205,                           0.34857042894538076,                                        0.0016065675858056119,                                         0.004012387178161516,                                     0.40034486124825996, 29331.95217864807, 874.5420764920256,30206.494255140096,1.3172456345502614e-09
                            1.7039535568839512,                           0.34544945027192736,                                         0.001778516606325708,                                        0.0016051916277964914,                                     0.45279902306592257, 29331.11286095041,1188.1396861114345,30519.252547061842, 5.690569388287214e-10
                            1.7380511901734987,                            0.3819812641943592,                                         9.03006076718003e-06,                                        1.760199068643041e-05,                                      0.6094738935270847,29333.906948315514,167555.59990643695,196889.50685475246, 9.302773518407878e-09
                            1.7742571662840168,                             0.404039360758428,                                        2.806228585781929e-05,                                           1.9857686315873493,                                      0.4135873660915602, 29333.47711041419,35637.994392314075,64971.471502728265,6.0525198058120295e-09
                             1.766173768997084,                            0.3961048969191701,                                         0.008517890447010196,                                         0.006382659495797677,                                      0.6906759366436511, 29331.03453439183, 276.5990463705789, 29607.63358076241, 5.261855666246181e-10
                            1.7552485151472295,                           0.38077468747435056,                                       1.0815088234655277e-06,                                           0.9427431077982058,                                      0.2201466866571501, 29336.83854310526, 924637.8446314504, 953974.6831745557,1.7449696923813002e-07
                            1.6972988869819992,                           0.32373345530981795,                                         0.018013279468704676,                                        0.0031555069702117458,                                      0.9794113978588499, 29332.01602234015,375.50984848296565,29707.525870823116,1.4040860713715797e-09
                            1.7104721852617686,                            0.3544986025166705,                                        8.703830021202307e-06,                                       0.00016374856347805162,                                      0.8910611691653143,29337.078708632493,121001.69427439808,150338.77298303056,2.2186584567792573e-07
                            1.7744006825622984,                           0.40456737086919603,                                         7.29330861929691e-05,                                        0.0006601590703097149,                                      0.4822424545310009, 29334.07123778222,  15228.4564023883, 44562.52764017052,1.0963834135111383e-08
                            1.7498482370645392,                           0.39202052489539446,                                        0.0030721583037649986,                                           0.8747577846075058,                                      0.8858908361349757,29331.129800067036, 329.1981201657634,29660.327920232798, 5.787783644147737e-10
                            1.7679084616965925,                             0.391438713718801,                                        9.774069666848489e-05,                                       1.7872458842760184e-06,                                     0.46298630270681257,29329.692581229785, 569753.8097508353,  599083.502332065, 1.375105686052672e-10
                            1.7649477907798496,                           0.38189630174197164,                                        9.278471316609447e-06,                                        0.0011588863257054177,                                      0.5665477647524286,29330.401402266372,108641.89047813673, 137972.2918804031,2.7936573830125866e-10
                            1.7886442818683164,                           0.42193695325380326,                                         0.013173916614741184,                                        0.0019943924793786485,                                      0.4028497457974437,29331.048828489715, 579.6834142516216,29910.732242741335,  5.33760927107734e-10
                            1.7297523351799269,                            0.3669611143070078,                                         0.003290198558510169,                                        0.0047016202363608685,                                      0.5281092588728001,29330.187135782442,  519.350744825605,29849.537880608048, 2.254853814105507e-10
                            1.7107514650393254,                            0.3526290189820141,                                        3.070962372246631e-05,                                          0.00926601388723298,                                      0.8202920466407415, 29334.72030409356,32673.839260646524,62008.559564740084, 2.098207205693416e-08
                            1.7311221718306347,                           0.35652854682636975,                                        5.734712094227092e-05,                                       1.4384491526780748e-05,                                       0.789499573834697,29336.155660232253, 86959.78702166324, 116295.9426818955, 8.814864174044931e-08
                            1.7618802685917145,                           0.39422604183166154,                                        0.0018122347331479386,                                        0.0003283360840984085,                                       0.583049776712895,29331.468144928793,3600.0012753954434, 32931.46942032424, 8.118085006779735e-10
                             1.772249016924499,                            0.3976472298391828,                                        2.565827138229968e-06,                                        0.0016353333215496796,                                      0.7197955282079729,29336.609448890707, 390351.8795040121,419688.48895290284, 1.387693439377877e-07
                            1.7018783322116657,                           0.33725554566162136,                                        0.0018554486602908385,                                         0.028001515233585766,                                      0.7372304859746852, 29334.86845878319,  577.630667569545,29912.499126352734,2.4332746874892346e-08
                            1.7165285226437383,                            0.3672102156420685,                                       2.1815820849074487e-06,                                       0.00048714027489297096,                                      0.5485305681278299,29335.622907931636,460438.45548872184,489774.07839665347,5.1742122565686375e-08
                            1.7182986479305238,                           0.35740140830210376,                                        4.621975866788727e-06,                                        0.0009544569601693748,                                      0.6524080700688084,29335.611790658302, 217408.1994431226, 246743.8112337809,5.1170076931833755e-08
                             1.700422143352104,                           0.32678918613283053,                                         0.000535729214367167,                                        9.028745496384362e-05,                                      0.8699188818491033,29335.924126785783,12945.410557469519,  42281.3346842553, 6.992974210122346e-08
                             1.731515681174227,                            0.3564390038657668,                                        0.0023974178720271803,                                       1.8392510952328316e-06,                                      0.8089029073241231,29336.339279922526, 544119.4748711322, 573455.8141510547,1.0591577369694668e-07
                             1.732142469747913,                           0.35661965493077774,                                         0.005212450449708923,                                       0.00017658642920671203,                                      0.7754472288363731,29336.669630424207, 5857.601778970468, 35194.27140939468,1.4737711238799545e-07
                            1.7271916469026591,                           0.36351321782311513,                                       0.00020078978764146604,                                        0.0016629174936061038,                                      0.6178107578216006, 29329.64716239354, 5584.436649751596, 34914.08381214514, 1.314047087298595e-10
                            1.7999577308445638,                            0.4269204683002717,                                       4.3999680433452336e-05,                                       1.3840836018983597e-05,                                      0.4424697556576125,  29333.0734478928, 94979.75107915807,124312.82452705086,4.0422932245381175e-09
                             1.739221732290269,                            0.3632092691361546,                                        0.0038681758735447684,                                           0.9260370273188011,                                      0.4997598434318212,29336.385218995434,262.35289037545044,29598.738109370883,1.1089493964279825e-07
                             1.781627167052258,                            0.4074272246431852,                                       1.1879859991906729e-06,                                        3.177106694381851e-06,                                      0.2306969744696719,29333.851855773057,1156515.0004852477,1185848.8523410207, 8.804122177142859e-09
                             1.746087251230467,                           0.36244708127926933,                                       1.3772397792996063e-06,                                        0.0022049178175806757,                                      0.7676409987005353,29336.194095239218, 726546.2679021186, 755882.4619973579, 9.160258640897876e-08
                            1.7484325110005234,                            0.3908720789620633,                                        6.239982058395964e-06,                                         7.13347339236758e-05,                                      0.8863497702926604,29331.622249991025,174277.84576285013,203609.46801284116, 9.470667135668573e-10
                            1.7221849568691439,                            0.3584063395514093,                                       1.5752635994329254e-05,                                         0.001736351832538442,                                      0.6665166393891915,  29334.0349562178,64060.149213551886,  93394.1841697697,1.0573178727722062e-08
                            1.7087806212106351,                            0.3562318415161408,                                        0.0025757103523585912,                                         0.004039404457414416,                                      0.6833354164525048, 29332.88476485437, 638.6108185582682,29971.495583412638,  3.34721655827671e-09
                            1.7591469268697755,                           0.38322465087321006,                                       0.00012608056517331514,                                        0.0013157227947537041,                                      0.6335248381364067,29331.945760065824, 8694.084478493798, 38026.03023855962, 1.308817861220488e-09
                            1.7672581770780562,                            0.3937672962225821,                                         0.023630750934522243,                                         0.006239186801454949,                                      0.4669426969902516,29333.108725258557, 205.1346097208923, 29538.24333497945,4.1874398234400214e-09
                             1.755163467513802,                           0.37809629660269223,                                        5.934156979799997e-05,                                         0.000735075880151053,                                      0.2745629109884966, 29331.60886577571, 18214.64190045305, 47546.25076622876, 9.344754190166224e-10
                            1.7530370578938754,                           0.36900061772817927,                                       3.5363954720310865e-05,                                        8.250810336939442e-06,                                      0.2538246247419965,29332.103196602086,149480.30702498928,178812.41022159136,1.5319797757979642e-09
                             1.698055467035444,                             0.325977555455594,                                         0.000592521087690522,                                        6.033226995889366e-06,                                      0.5482038697623219,29330.627215361914,167439.54901608068, 196770.1762314426,3.5014064228363526e-10
                            1.7505866534396672,                            0.3810986255278714,                                       2.0863966501789306e-06,                                         0.007269761846142474,                                     0.22468065829341272, 29340.68694119556,479435.42814108497,508776.11508228054,3.5396934716922422e-06
                            1.7236404998893589,                             0.371908557226729,                                       1.4107692657151464e-05,                                         0.003478668027148857,                                      0.7670865446798285,29338.958644141203, 71173.46858510181,100512.42722924301,  6.28602032733047e-07
                            1.7450756276243375,                           0.37258469155053325,                                         0.008228187002390735,                                         0.056537297015370316,                                      0.8969387633724136,29341.086990425978,141.90484830690838,29482.991838732887, 5.280862115802817e-06
                            1.7381700506766968,                           0.36933488871654213,                                       3.3661792957659304e-06,                                        8.667760453426741e-06,                                      0.6737379273786848, 29340.97742628777, 412445.4708373669,441786.44826365466, 4.732838961300405e-06
                            1.7235669145788237,                            0.3448858445652974,                                       1.2621145577436773e-06,                                       3.7590398947096113e-05,                                      0.7170051532554482,29341.406240649227, 818926.5412586246, 848267.9474992738,   7.2669711901214e-06
                            1.7277096737563478,                           0.36792540367540283,                                         0.011929138755193601,                                        6.887690990374596e-05,                                      0.8810500446332352, 29340.07164410212,14605.199949755894,43945.271593858015, 1.913134583485917e-06
                            1.7447770992108556,                            0.3686588549767145,                                        3.343222166599866e-05,                                         4.76869427702373e-06,                                     0.44175569065774656, 29338.19562121504,239614.98496939297,268953.18059060804, 2.930887405525559e-07
                            1.7298762830384986,                            0.3730711191154986,                                        4.639193792501434e-05,                                        5.995013018928622e-06,                                      0.6841382224270158,  29340.4904531989,188363.45904287702,217703.94949607592, 2.908251777250349e-06
                            1.7094219028243927,                            0.3540755589328719,                                        6.937221006931124e-06,                                       0.00030825754888504276,                                      0.7377735279157465, 29338.17805934684,147396.80600881096, 176734.9840681578,2.8798648839523255e-07
                            1.7311622767284027,                           0.37391414465073963,                                         0.007173579426596406,                                        0.0013723230334549475,                                      0.6934225250020621,29342.096593094295, 870.7662382883825,30212.862831382678,1.4493380561814334e-05
                            1.7044113176871691,                           0.34106841021367945,                                       0.00020196768791097758,                                          0.07294298046231598,                                      0.9638237387033006,29332.123265144677,  4967.92836300387, 34300.05162814855, 6.757847718841713e-10
                              1.73053596568957,                            0.3735372992225419,                                       2.2366479682513798e-05,                                       0.00025206622335341173,                                     0.16265731421458113, 29340.19148703167, 48679.65127222581, 78019.84275925747, 2.156714436809384e-06
                             1.724602925672004,                           0.34879632412137257,                                       0.00010254715725141137,                                            4.302533905936913,                                      0.3221326115252801,29335.777171466434, 9754.710553843102, 39090.48772530953,2.6102358737664774e-08
                            1.7045151578046256,                             0.330683711355856,                                       0.00038365383032534637,                                          0.08530064369716192,                                      0.5125058291125238, 29332.43389742814,  2621.26367689328, 31953.69757432142, 9.219646885087219e-10
                            1.7294900919658907,                           0.34979107554368616,                                         0.043971127700603185,                                       1.3994438206943188e-05,                                       0.583468797233218,29337.377185233276, 71482.56024667528,100819.93743190855, 1.292876090506278e-07
                            1.7263193021343726,                            0.3614379821963397,                                          0.02976797434797292,                                          1.0664510851646e-06,                                      0.6040296762804038,29330.813994082277, 937725.8741072853, 967056.6881013676, 1.824732483985529e-10
                            1.7109499347964197,                             0.350397390080159,                                       1.6044190931181876e-05,                                           0.5249896828423697,                                      0.9420894822844359, 29332.78208576359,62332.613330958666, 91665.39541672225,1.3059620607761713e-09
                            1.7345077350084934,                            0.3660023415676677,                                        1.725411388167577e-05,                                        0.0002101415626047276,                                     0.07947094682322231,29339.596780818196,62718.621630793314, 92058.21841161151,1.1899124775192393e-06
                            1.7100640060452448,                           0.32952833237751133,                                        3.267866257872386e-06,                                        0.0017871316161152452,                                      0.6394979454910449, 29331.63924749207,306572.66592771263, 335904.3051752047, 4.164877244038221e-10
                            1.7583564936811213,                            0.3928652495715456,                                        0.0019417842831465533,                                        5.779747174003059e-06,                                      0.5977703273086579, 29337.82143980235, 173535.4843569468,202873.30579674916, 2.016017101907136e-07
                            1.7085064947199453,                           0.35432328566859783,                                        0.0001796626591297306,                                        0.0016787626418824117,                                      0.7617451637184572,29332.929794327036, 6164.485966367304, 35497.41576069434,1.5138385994320427e-09
                            1.7160020281975714,                            0.3520286723578872,                                        0.0001504312936640827,                                       4.2229175226948035e-05,                                     0.25606521347382166,29332.174904247386,   30330.704631687,59662.879535934386, 7.115984255710406e-10
                            1.7131899458499145,                            0.3347323680762901,                                        0.0007482750082228891,                                        3.202688695682429e-05,                                      0.3571507349257152,29335.304363714768, 32563.15976534141, 61898.46412905618, 1.626829190949941e-08
                            1.7309040661860648,                            0.3520239717837973,                                        0.0003983583482331023,                                        2.103244263571626e-06,                                      0.4722862333606791,29337.804624940396, 477969.0935988868, 507306.8982238272,1.9824014658207218e-07
                            1.7442332648878558,                             0.373276867159437,                                        6.214992783420856e-06,                                         0.007770650395786282,                                      0.4762711214016174,29340.743339067492,161032.60102133642,190373.34436040392,  3.74506137522117e-06
                            1.7231769140188766,                            0.3574033872714528,                                        2.984319916860851e-05,                                       0.00016443377646469852,                                     0.30157303204999775,29341.752631000014, 39592.74543762229,  68934.4980686223,1.0275166225683819e-05
                             1.728027842614486,                            0.3548230189349651,                                       1.9560672363076835e-05,                                          0.02618346476222617,                                     0.20786366078179186,29342.168059948042, 51163.99740374133, 80506.16546368937,1.5567087127314907e-05
                            1.7473253230109387,                            0.3782331516704649,                                         2.23127118444413e-06,                                       1.5203628329512186e-05,                                      0.5817075674006457,29338.793300453453, 513951.4335120546, 543290.2268125081, 5.328045560610107e-07
                            1.7244002577093578,                           0.35135667624070527,                                        4.112096286554502e-05,                                        7.173751936454614e-06,                                       0.720531735626962,29341.676091291272, 163718.4126985826,193060.08878987387,  9.51805222058387e-06
                            1.7343912341840417,                            0.3807415333267261,                                        0.0010723743313545407,                                       1.9900767853090474e-05,                                      0.9307944544359725,29338.399042102268, 51184.45403384794,  80522.8530759502, 3.592061002526765e-07
                            1.7276592358153489,                            0.3563196893940336,                                       1.1249005581185203e-05,                                           0.3257689564170298,                                     0.49235757543593206,29341.251778860318, 88902.62284852346,118243.87462738378, 6.226894903744583e-06
                            1.7347315705188344,                           0.35489757628107355,                                        9.865346429037801e-06,                                        0.0019008584924285112,                                     0.17353565576732427, 29337.87208125137,101893.81057617406,131231.68265742544, 2.120740419701258e-07
                            1.7250035670747423,                            0.3646779613004316,                                        0.0006320794142044987,                                          0.01043430293767762,                                      0.4749061681853047,29337.893571678193, 1680.659568441978, 31018.55314012017,2.1668092832510894e-07
                            1.7331020941902193,                           0.35249212467336544,                                        0.0019209383488835146,                                           0.2754655932875206,                                      0.6523500968966269, 29340.31381131528,  527.046074499051,29867.359885814334,2.4373472449835766e-06
                            1.7441206716519095,                           0.37290332142718763,                                         9.06804615639976e-05,                                           2.6586976642831575,                                      0.3425338275642423,  29339.7845386552,11030.791683583955, 40370.57622223916,1.4356785478849068e-06
                            1.7080538875365017,                            0.3434026081627315,                                        4.934508350351839e-05,                                       0.00012386245781137198,                                     0.27421515526886053, 29338.96938764154,28341.826812290037,57680.796199931574, 6.353918266524851e-07
                            1.7285852474303467,                           0.37007836283499895,                                         0.011541733209932464,                                        0.0017802749764773869,                                      0.4984898953611315, 29337.88659040395, 651.0552092005388,29988.941799604487,2.1517348739278901e-07
                             1.737781353428916,                           0.35910407038276104,                                        8.600252771390293e-06,                                        0.0006825835998597045,                                      0.2544650650824907,29337.383648588795,117743.45891268401,147080.84256127282,1.3012594715230992e-07
                            1.7101732591372218,                            0.3394578266409318,                                       2.8298789733939945e-05,                                           2.3796814031779276,                                      0.7927358466355311,29341.615346891274,35340.566360346194, 64682.18170723747, 8.957093867173314e-06
                            1.7215865793389828,                           0.36381941402969686,                                       1.6542277557639434e-05,                                          0.14417131059515162,                                      0.4699186456957338, 29334.35450818868, 60460.85282488076, 89795.20733306944, 6.292524902963591e-09
                            1.7373370711781009,                           0.38442554659563777,                                       1.1528797106745603e-05,                                        0.0004105226090782704,                                      0.3627842263982126,29338.529496117615, 89177.83885299014,118516.36834910775,4.0925987051921654e-07
                            1.7202608346888228,                            0.3398274692803243,                                       2.1390219522399176e-06,                                           1.4076901168027476,                                      0.5937294044841003,29334.071352207462, 467507.0365285797,496841.10788078717, 4.740802496158174e-09
                            1.7290375727940697,                           0.36360609725810505,                                        8.767236206590751e-05,                                       1.7496263014140042e-06,                                     0.12293317334860215, 29330.33977178034, 582959.4748398975, 612289.8146116778,1.1356567185238208e-10
                            1.7131370011747473,                            0.3578832957015346,                                        7.545310803685467e-05,                                        0.0013488950029173137,                                      0.6627603920138803, 29340.43953529344, 13997.40627719809,43337.845812491534,2.7638765223155724e-06
                              1.70504903863729,                            0.3270413027351294,                                       0.00035191078137097946,                                        0.0009302874225612787,                                      0.6987015143471513,29335.996860406747,3919.6236548073703, 33255.62051521412,  3.25154260249793e-08
                             1.727355330483651,                            0.3544392893385222,                                        0.0001429591734385115,                                        4.606167010146443e-06,                                      0.2115353683316359,29339.563515431095, 224098.0733769123, 253437.6368923434,1.1509807085668963e-06
                            1.7112660002812516,                           0.33884285330730146,                                       0.00033580550912223916,                                        0.0018359454870732642,                                      0.2392314336971592,29339.014303105265, 3525.543919773899, 32864.55822287916, 6.645813690283186e-07
                            1.7263922890419623,                            0.3633483329955787,                                          0.08249607891020772,                                        6.484760240152408e-06,                                      0.5768798424995205,29333.698300880285, 154222.5798766226,183556.27817750289,3.2646582848910614e-09
                               1.7255782425849,                            0.3585771933183374,                                       0.00031496430704625825,                                            2.660990259834945,                                      0.8750083758928596, 29336.22139929446,3178.1275324481157,32514.348931742577, 4.070103456291024e-08
                            1.7271360138386218,                           0.34750366800539256,                                        0.0014156102807465875,                                           0.0656133812524274,                                      0.2967085229223871,29337.196241912006, 724.5275720896057,30061.723814001612, 1.078882672298349e-07
                            1.7286558116826478,                           0.37161351644181273,                                         0.002462495230535076,                                        0.0001863981234644514,                                     0.35302048769775557,29341.016608535756,5773.6440012277735, 35114.66060976353, 4.921963191978084e-06
                            1.7357354763389496,                            0.3545368514079942,                                        6.814833483977391e-06,                                        4.629928820046264e-06,                                      0.3815705992009246,29338.458501471796, 362727.5908997527, 392066.0494012245, 3.812120144383241e-07
                            1.7217822324117729,                            0.3641949877485012,                                       0.00017778318665132896,                                       1.5368064416807476e-05,                                      0.8039485161684048,29339.872882012118, 70697.57779623213,100037.45067824425,  1.56828230948626e-06
                            1.7025639658092193,                           0.32896290151820357,                                        3.889770715491082e-06,                                           1.0949334312066856,                                      0.7243235352784317, 29339.40637330664,257088.51498111084,286427.92135441746, 9.836080785360159e-07
                             1.722840620198958,                            0.3484064676577659,                                       1.9637360797791615e-06,                                           0.1559464003262304,                                      0.6418894144005702, 29342.05953724452, 509242.6823605078, 538584.7418977523,1.3966144940127134e-05
                            1.7230792813893325,                           0.34481310989562286,                                           0.0525535866131184,                                        0.0019658079788943705,                                      0.9276455086485376,29340.926603565335, 530.6250026431461, 29871.55160620848, 4.498313295337508e-06
                            1.7417391054655929,                            0.3720167594239898,                                       1.0951302358141776e-06,                                       1.4430066332638497e-06,                                     0.31892000021278555,29341.348731141014,1606133.5993937978,1635474.9481249389, 6.860841342749313e-06
                            1.7340818390967203,                            0.3787724746476589,                                        0.0061742001800992215,                                        6.415975329090629e-06,                                       0.692857419638567,29341.651586504144, 156025.5528519884,185367.20443849254, 9.287648898574968e-06
                            1.7375555197931105,                            0.3618429993563422,                                         4.07396025054891e-06,                                        0.0004124350719183536,                                     0.17926125907300972, 29338.10747322088,247888.79097138505,277226.89844460593,2.6835948343084186e-07
                             1.728234706477354,                           0.36355025724660883,                                         1.69418201491432e-05,                                        9.029296150356983e-05,                                     0.07908437745997132,29330.657248346393, 70103.34613294771, 99434.00338129411, 1.560002862645813e-10
                            1.6978503586980902,                            0.3276293732392183,                                         0.003736376778683697,                                        5.518458107706834e-05,                                      0.8846712043793036,29337.533122570425, 18391.69492907182, 47729.22805164225, 1.511052762091647e-07
                            1.7188668735177388,                            0.3594064461790469,                                       2.1153008371324174e-06,                                          0.06010411546727326,                                      0.3639259181638948,29340.324481021533, 472765.4156458361,502105.74012685765, 2.463492255878216e-06
                             1.714780580267895,                           0.33839574498899466,                                        1.468194442947064e-05,                                        0.0048382365390390895,                                      0.5249159686321803, 29338.87936935728, 68320.51142584199, 97659.39079519927, 5.806937875910626e-07
                            1.7410487670738393,                            0.3673667064874211,                                         0.013365418083453972,                                         0.004867254357047825,                                      0.9913146708037106,29337.744787310472,282.99667397295104, 29620.74146128342,1.8672585541358126e-07
                            1.7341896052853523,                           0.36545309036975115,                                         0.010127085039914238,                                        0.0001653098653924698,                                     0.29047518534178485,29339.762794941198, 6150.727172853472, 35490.48996779467,1.4047985041964413e-06
                            1.7249281864255437,                           0.35066754157135804,                                        8.596573697738424e-05,                                        1.006487337134246e-06,                                      0.1979374946018444,29342.183839116162,1005189.8703149096,1034532.0541540257,1.5814671009098682e-05
                            1.7428494137711568,                           0.36341689495200336,                                        0.0017737782504925143,                                           1.4161792843027043,                                       0.492320123141484, 29338.95737750478, 567.2261148514464,29906.183492356227, 6.278063265439931e-07
                            1.7329714865022625,                            0.3848213817735875,                                        5.602696289761979e-06,                                       0.00018710375188801573,                                     0.45888395446908103, 29333.41184433589, 183832.7181896869, 213166.1300340228, 2.451496250879651e-09
                            1.7315336614541228,                            0.3750905359598876,                                       2.1523925628040443e-05,                                         0.016792054909643236,                                      0.2619267883698324,29337.776961411386, 46522.14437191697, 75859.92133332836, 1.928312835879865e-07
                            1.7273367385495588,                            0.3486190130583982,                                       1.4462721893303075e-06,                                           0.3090020543828561,                                      0.6598317532636009,29337.054335106295, 691438.8843359066, 720775.9386710129, 9.361487793949109e-08
                            1.7233081936721089,                           0.34462115916388536,                                       1.1264302545369962e-06,                                       1.1635966881455376e-05,                                     0.40413448939702407,29341.067007065372, 973703.5780884954,1003044.6450955608, 5.176380170939987e-06
                            1.7248024552171248,                             0.363585142935047,                                        0.0008691391143677988,                                        7.911373513387403e-06,                                       0.694688845524216, 29337.38197229517,127553.61601720167,156890.99798949683,1.2990800057894234e-07
                             1.735945144059393,                            0.3576278004715112,                                        1.010034973728599e-06,                                       1.8627750352616314e-05,                                      0.4276869431190531,29338.088878633414,1043750.8704344492,1073088.9593130825, 2.634155571286519e-07
                            1.7266376313169174,                            0.3474130472574276,                                        4.555392537001125e-06,                                       1.4828886997528835e-05,                                      0.6740834802936648, 29337.11427375188,  286958.873430714,316295.98770446586, 9.939760002767683e-08
                             1.720598284940571,                           0.34334201366632777,                                       1.9507980106106026e-06,                                          0.17765732447570243,                                      0.7529193174096686,29341.188456593987,  512619.275307782,  541960.463764376, 5.844818439484448e-06
                            1.7249978144143654,                             0.353107717689693,                                        0.0016601587871639843,                                           1.3553957065545295,                                     0.38064357204435617,29341.541123994593,  605.921809548527, 29947.46293354312, 8.316345641076061e-06
                            1.7337572308202829,                           0.36688721613459974,                                        0.0022488903112164007,                                          0.01654692762058642,                                      0.9622044141744892,29334.242275508084, 507.8235635151234, 29842.06583902321, 5.624486893441464e-09
                            1.7083313535341473,                            0.3312682608032157,                                        0.0007893947380843094,                                       0.00011043880713803896,                                      0.7193598542937965,29330.708288238064,10324.600175838586, 39655.30846407665,1.6416922144879607e-10
                            1.7422485773849443,                            0.3653851296565558,                                         0.019916861291615347,                                       2.0852276430818344e-06,                                      0.5519517757463978,29337.995279143226, 479616.8930754418,508954.88835458504, 2.398786954947347e-07
                               1.7210079088535,                            0.3431222267021096,                                       0.00018766133617157814,                                        3.328983897947996e-06,                                      0.5087506102659175, 29339.93549929511, 305723.6232011813, 335063.5587004764,1.6696236354376741e-06
                            1.7290700197540307,                            0.3502959560402623,                                         0.027837416914711307,                                         0.008252068931149888,                                      0.8961188196734516,29336.699680884107,159.95933351506307, 29496.65901439917, 6.566296717252008e-08
                            1.7340599503222396,                           0.36389370564087853,                                       1.2702449787985995e-05,                                            2.519242272891835,                                      0.5480486391458899,29339.386780720015, 78728.11669369205,108067.50347441206,  9.64524213662591e-07
                            1.7452650287982343,                           0.36724552442984615,                                       1.2050113127620656e-05,                                          0.25011325095649395,                                      0.6433058330298858, 29339.41165388062, 82993.49393486908,112332.90558874971,  9.88815831623191e-07
                            1.7506532248146858,                            0.3845311553917669,                                       4.2495737898729545e-05,                                          0.07663432696291639,                                     0.45313475048757934,29338.136747101973,23547.421194333343, 52885.55794143531, 2.763315240212224e-07
                            1.7227878026566945,                           0.36636415585670257,                                        0.0009320153529389548,                                        0.0028981924303934487,                                      0.8177366128174066, 29340.83046951565, 1420.715874580683,30761.546344096336,4.0860079970265185e-06
                            1.7330861286494916,                           0.35662131319770923,                                        3.780803119566852e-05,                                         0.011463553626054907,                                      0.8683440435277112, 29338.91783036675,26539.443948486165,55878.361778852915,  6.03462911909334e-07
                            1.7436059362115428,                            0.3740991618677467,                                       1.1891549135739032e-05,                                         0.007750363729613239,                                      0.9621496140233017,29340.388303552492, 84225.03217638694,113565.42047993944,2.6258443209740288e-06
                            1.7161319755644224,                            0.3382200092082187,                                        5.782991004106771e-06,                                         0.007738086877706347,                                      0.9465440471687702, 29335.95539332353,173053.08598681274,202389.04138013627, 3.119467915696646e-08
                            1.7262157104150166,                           0.37395675209015894,                                        0.0002961815249946599,                                        0.0009041250789451519,                                      0.4512237504531721,29340.544798577877,4485.0235859622635, 33825.56838454014, 3.070675333656057e-06
                            1.7016555372325581,                           0.33366484080687997,                                       0.00010246977166985484,                                        2.010637288438965e-06,                                      0.5645730727758207,  29343.4063634638, 507116.7196546855, 536460.1260181493, 3.058636477078033e-05
                            1.7280078614741967,                            0.3570313142141704,                                          0.02415492554521417,                                        2.232372740592338e-06,                                      0.8697622744418021, 29343.26507702019, 447998.0665219612, 477341.3315989814, 2.655632290853772e-05
                              1.73565611576456,                           0.36345305178167714,                                         0.010175929279671383,                                        4.138356316416941e-05,                                      0.7126091961260984,29343.341551477937,24265.205667486738,53608.547218964675,2.8666876521085368e-05
                            1.7243307000651154,                            0.3491515916590131,                                        0.0013049822657762143,                                       3.2556647150829295e-05,                                      0.6427441164404595, 29342.46520314335, 31484.85166908878, 60827.31687223213, 1.193403012593144e-05
                             1.724440830594325,                            0.3665954717119422,                                       1.2690336005967122e-06,                                         0.000675640598726166,                                      0.8862436007420824,  29342.5296131546, 789484.0045518208, 818826.5341649754,1.2727996355811958e-05
                             1.728053755691232,                            0.3567247012645722,                                       1.8538496804266448e-05,                                          0.05096983970676857,                                     0.06458223323391288, 29343.20860009469, 53964.22882777134, 83307.43742786603,2.5098069851027583e-05
                             1.723936467734013,                            0.3576029168158828,                                        0.0013920981964899457,                                       6.5025068799410655e-06,                                      0.2391267768801259,29343.116986402987,154507.97881277162, 183851.0957991746,2.2900923863060348e-05
                            1.7563912757471931,                           0.38866660252024443,                                        0.0003684776216487705,                                          0.06190870931293319,                                      0.7550602196166569,29343.892348699825, 2732.594730072159,32076.487078771985,  4.97265775610428e-05
                            1.7552265073032123,                            0.3865111711725941,                                          0.00559930829423403,                                        2.740237847313178e-06,                                       0.533850484757916, 29342.81589230734, 365113.0062632477,  394455.822155555, 1.694687002466801e-05
                             1.725035810795371,                            0.3670356026037571,                                          4.3501537879922e-06,                                        0.0005061539309983244,                                      0.6756568983572594, 29343.60507972301,231855.33859381746,261198.94367354046, 3.731034272752005e-05
                            1.7514626377233253,                            0.3812787449516336,                                        1.945029152638697e-06,                                        4.669547790704198e-06,                                     0.41656584753994735,29342.591302072677, 728287.2335790956, 757629.8248811682,1.3537896796355878e-05
                             1.727679898669572,                            0.3600575646480142,                                         0.007600430554913316,                                       5.1959270966270565e-06,                                     0.47920344630555434,29345.288776346704,192592.78432939842,221938.07310574513,0.00020093213150330845
                            1.7181517505723125,                            0.3458332119303776,                                        2.305536835459841e-05,                                           2.6026052390017917,                                       0.487002110193239, 29342.87869705904,43377.121950092114, 72720.00064715116,1.8045347749818207e-05
                            1.7126330373442211,                           0.34292301248824636,                                         0.007009592952259411,                                        0.0029717540266048816,                                      0.4467225544047776, 29343.38613023114,482.07934780138027, 29825.46547803252,2.9973722503286866e-05
                            1.7333350035812285,                           0.36196954406201054,                                        6.088644822343185e-06,                                       0.00038368272808600917,                                     0.02372641881459403,29342.336764821215,166849.24277917956, 196191.5795440008, 1.049559527299432e-05
                             1.749708422625601,                           0.37900197985261114,                                        0.0005259355771130239,                                          0.28061705318573826,                                      0.6165846146478583,29343.871393194207,1907.5756428316956,31251.447036025904, 4.869537441333699e-05
                            1.7203020024661666,                           0.34714559018009317,                                        0.0014195738762094632,                                       0.00015257357776807994,                                     0.49455000079745903, 29344.05112732716, 7261.532170495059, 36605.58329782222, 5.828345004242979e-05
                            1.7249899924304435,                           0.36770606919500515,                                       1.6319380057881787e-06,                                          0.07211000759941201,                                     0.29047341663685905,29343.360688552748, 612784.9623207906, 642128.3230093434,  2.92207596290573e-05
                            1.7027662494618532,                           0.33406889933928163,                                       1.2287997626083346e-05,                                         0.020001156475016848,                                      0.8937469465273813, 29342.75614991025, 81433.21455862709,110775.97070853734,1.5964073006514884e-05
                            1.7131947295008823,                            0.3603800851622165,                                        5.862448917879306e-05,                                       1.6973323864672102e-05,                                      0.7752970589124356,29343.061805690388, 75976.47222412315,105319.53402981354, 2.167146764966413e-05
                             1.727865112867491,                           0.35759249833329443,                                        9.717959664275154e-06,                                       1.4174812980175162e-05,                                     0.20608297350748034, 29345.98532597439,173452.72323384698,202798.70855982136, 0.0004032339136740796
                            1.7259543888141735,                            0.3595723130797581,                                         0.011855002353157828,                                       1.4687140322437088e-05,                                       0.603357657599084,29344.045263885273, 68173.90739739769, 97517.95266128296, 5.794270835597529e-05
                             1.725314878706731,                            0.3492544860250732,                                       0.00013775486022961546,                                           0.9884119597109395,                                      0.9703613184728456,29343.681819477228, 7263.146967542519,36606.828787019746, 4.028625433824014e-05
                            1.7076395783314022,                            0.3353849235416653,                                        0.0002020239318909312,                                           0.3095925875774423,                                      0.4640661012200572,29344.303969741846,4956.1203106602115, 34300.42428040206, 7.505045284489836e-05
                            1.7139197052216821,                           0.36139787772009124,                                       1.4994947292737227e-05,                                         9.85079093073204e-06,                                      0.5161286874299847, 29342.34981023174,168206.58900373656, 197548.9388139683,1.0633411602830574e-05
                            1.7273059565817208,                            0.3611946054435188,                                       2.4420676847526167e-05,                                         0.019396119934145774,                                      0.9712276468954909,29342.425654682273,41003.231265817885, 70345.65692050016,1.1471268666559737e-05
                            1.7280132643520059,                           0.35775173352944567,                                        5.111678877525308e-06,                                          0.05516790521247629,                                      0.8653828043632661,29345.984497142355,195651.36407333973,224997.34857048208, 0.0004028998389538517
                             1.714528361626733,                           0.33828157359751587,                                         0.022508784820292595,                                         0.008287141363859689,                                      0.8636786384949193, 29344.41109259213, 168.0520876919735,29512.463180284103, 8.353648163543532e-05
                            1.7205373094467455,                           0.34905042131849945,                                        5.159620043949978e-05,                                       0.00030443786040609274,                                      0.9527435154984196,29343.408795341213,22668.879584767958, 52012.28838010917, 3.066083757805266e-05
                            1.7505540532754438,                           0.37602016254006737,                                        7.583720085952846e-05,                                          0.20188616013140662,                                     0.42308635751786455,29344.433787756414, 13193.75340748448,  42538.1871952409, 8.545403307683765e-05
                            1.7261317782627565,                           0.35662849279765707,                                        7.699931151738658e-05,                                             0.73140315012744,                                     0.33915622679015517,29344.777555720328,12991.300382706304,42336.077938426635,0.00012051166707610263
                            1.7208377318471877,                           0.34809935859069985,                                       4.6421578376979185e-05,                                          0.13550317954406205,                                     0.10771612444272843,29343.705756284755, 21551.95878467868, 50895.66454096344,4.1262212719096094e-05
                            1.7035926258006087,                           0.33763692099087483,                                        0.0001650299300057805,                                           0.1799345054649259,                                      0.6387018421749443,29346.039191012685, 6068.026241694119,35414.065432706804,0.00042554975015410046
                            1.7008222288071329,                           0.33501267129573153,                                       1.5615768517102585e-06,                                         0.010916487193399679,                                     0.24679769035230648, 29338.99158607428, 640472.9345925486, 669811.9261786229,3.7001080332470634e-07
                            1.7367432051475133,                            0.3624768162832974,                                          0.02303829194302802,                                       1.0403775186041069e-06,                                      0.3872950654256745,29338.962639750906, 961235.7158143388, 990574.6784540897, 3.594538801335046e-07
                            1.7348560665691433,                           0.36434104807354745,                                        0.0004925707229850874,                                        0.0029722958325974743,                                     0.39834931820372965, 29342.00558132522,2369.3502680595534, 31711.35584938477, 7.536607712987934e-06
                            1.7143310363620148,                             0.345935803779657,                                       6.1218707524720265e-06,                                         0.005251518380361939,                                     0.09337941741109235, 29343.65022423937,163542.07243247196,192885.72265671132, 3.903329849835606e-05
                            1.6987721469044927,                           0.33320664432156116,                                          0.00845688285441613,                                       2.7817772088358157e-05,                                      0.5497938577793523,29338.842154056514, 36069.48991376716, 65408.33206782368, 3.186521871766101e-07
                            1.7429940052631752,                            0.3709915136295541,                                          0.07201784765880835,                                        0.0004675251487215052,                                      0.6347255657854526,29340.569165465917,2155.5032981974255,31496.072463663342, 1.792043011183393e-06
                            1.7324360147823512,                             0.358412481002115,                                        0.0001522026126456228,                                          0.40268137468420173,                                      0.8948254877095598,29336.490045877294,6575.4628852850965, 35911.95293116239,  3.03255929071572e-08
                            1.7381698042902036,                            0.3678313444890719,                                        0.0006383592078380974,                                       0.00011018358554681043,                                      0.3208164886365914, 29342.95975935404,10644.996785354788,39987.956544708824,1.9569068935460742e-05
                            1.7090279292016088,                           0.33954623961701386,                                         0.006123079981322837,                                        0.0005034048768174464,                                      0.9233949226993778, 29344.69910877574,2152.7342192403653,31497.433328016108,0.00011141919569236493
                            1.7192282676246968,                            0.3485048845146316,                                         0.008838372504550496,                                          0.03205130854226515,                                      0.8908669779573954, 29343.82875688941,147.21237668565405, 29491.04113357506, 4.666282175267699e-05
                            1.7042869893053152,                            0.3358162358701721,                                        5.416778823949912e-05,                                        0.0006739720093038349,                                       0.405622817188414, 29344.44456664052, 19947.87516851214, 49292.31973515266, 8.638011429039474e-05
                            1.7171171922964077,                           0.35675829156872996,                                        7.972731366880499e-06,                                        0.0051214255897335985,                                     0.12529888346949708,29338.962110226617,125625.59081262616,154964.55292285277, 3.592635909593238e-07
                            1.7305393964575382,                            0.3604930484460005,                                       3.0134163271819238e-05,                                        0.0002141526709240463,                                      0.4146774221884575,29340.592155203434, 37857.26655590705, 67197.85871111049,1.8337188321694028e-06
                            1.7262791322930013,                            0.3569845397499424,                                        0.0007463991151503531,                                        0.0001526113280000846,                                      0.5537931303063934,29345.328686162724, 7895.160558536645, 37240.48924469937,0.00020911346781481055
                            1.7133599335975402,                            0.3494473749333837,                                        1.335930947816263e-06,                                          0.22075009535647364,                                       0.318088409974024, 29338.85403391241, 748549.0746330298, 777887.9286669422,3.2246030439570603e-07
                            1.7457325787811697,                             0.376978401641038,                                       1.3370842222364147e-05,                                        8.006768867632504e-06,                                      0.3964287473065278,29336.521134251336,199686.58290405213,229023.10403830349, 3.128317397887583e-08
                             1.742927975670852,                            0.3730650413024988,                                        7.687498529814975e-05,                                          0.02140188285829727,                                     0.28909180244547306,29341.205415786077,13057.537927683366, 42398.74334346944, 3.385855598610655e-06
                            1.7208926047754942,                            0.3620502294252679,                                       1.2199797591195296e-06,                                          0.04341471295456882,                                     0.30738739116035646,29333.326521702045, 819711.5261734925, 849044.8526951945,1.2820595793259893e-09
                            1.7358760401667581,                            0.3673676219637841,                                        0.0005446428650854307,                                         0.005136213692091499,                                      0.6753897871909043,  29339.1828333176,2033.4835651384467,31372.666398456047,4.4799382404597836e-07
                             1.727489202928306,                            0.3631589469224807,                                        5.909172666130587e-06,                                         0.029360870328979334,                                     0.06381608213483703,29331.454141694492,169265.24037004446,198596.69451173896,1.9712599692231345e-10
                            1.7288126067598792,                            0.3581459194473626,                                         0.005369973630527795,                                        2.169828269066348e-05,                                     0.24584538711819137,29343.394299417316,46275.609352878586,  75619.0036522959, 3.021958630903042e-05
                            1.7097991795581602,                           0.34059591132841005,                                       0.00023717084429835655,                                          0.01853750923549631,                                      0.6986173798551641,29345.840012553643, 4273.250572159138, 33619.09058471278, 0.0003486970186575727
                            1.7155254408422937,                            0.3477772800293612,                                        7.095388949876479e-05,                                         0.018383615534920714,                                      0.8679936894667417,29344.187036936288, 14150.93174797569,43495.118784911974, 6.676825789610308e-05
                            1.7169518428185229,                            0.3624593367972671,                                        1.499519170506524e-05,                                       0.00019557009852038182,                                      0.8663915951571569, 29340.14028181942, 71804.05875292739,101144.19903474681, 1.167042381819659e-06
                            1.7073419487198218,                            0.3362513504598837,                                        0.0061088328741173755,                                          0.33512757587515735,                                      0.6887082051985512,29345.638726063444,169.65529444323354,29515.294020506677, 0.0002851219300652767
                            1.7373670639693857,                           0.36863710583077214,                                        0.0002905856333157605,                                       3.4316762853970505e-06,                                      0.6903239734526436,  29340.3687047014,294846.81625102495, 324187.1849557264, 1.466524845782741e-06
                            1.7196382309450255,                           0.34664367021694414,                                       0.00046332205046057344,                                       2.0095399152301203e-06,                                      0.7259129062826224,29344.304276249044, 499787.5541802556, 529131.8584565046, 7.507345987462496e-05
                            1.7189045270924954,                           0.34560038402509363,                                        5.180659350593848e-06,                                        8.146874880100498e-05,                                      0.2463427651201996, 29344.24407118692, 205303.1621330866,234647.40620427352, 7.068702520556123e-05
                             1.697248983835563,                           0.32943042408703244,                                         3.84665585038025e-05,                                       2.3338772202931423e-05,                                      0.5764840617751629, 29333.89897936253, 68846.79786131144, 98180.69684067398, 2.272602138823084e-09
                            1.7158645917787563,                           0.34629777317751315,                                        2.998701546672784e-05,                                         0.019573498157245798,                                      0.5782747328468351,29345.943524965107, 33401.74401586179,  62747.6875408269, 0.0003867257615042717
                             1.714796220949407,                            0.3443952149287682,                                        0.0010267551334191911,                                            0.503189239338514,                                      0.3584885595587683,29341.137342984683, 978.8330152008801, 30319.97035818556,3.1630407728621467e-06
                            1.7144666619247904,                            0.3412291232713137,                                        7.277161669678852e-06,                                            4.035243556746292,                                       0.343811059582896,29336.951261087717,137419.39166861348, 166756.3429297012, 4.809639454528734e-08
                            1.7324777660557886,                            0.3652987230778342,                                         0.019363195523815064,                                        0.0002844866115488027,                                      0.5904614674855961,29333.030644927087, 3569.485761757945,32902.516406685034, 9.536973092254191e-10
                            1.7166903381874836,                            0.3485442382860494,                                          0.08758572698628934,                                        9.438321977382141e-05,                                      0.9099317456488567,29342.298913785027,10609.390150598598, 39951.68906438362,1.0105750670693028e-05
                            1.7273501528145996,                            0.3534898708413809,                                          0.03241612635692425,                                        9.961087510997724e-05,                                       0.338643669722062, 29342.49509035908,10072.742277290563, 39415.23736764964,1.2296088568012042e-05
                            1.7415609007543307,                           0.36951155350077336,                                        4.979770730347217e-05,                                       1.6654096068921126e-06,                                      0.5094778017135089, 29341.34054532676, 620536.8351620405, 649878.1757073672, 3.875738312378797e-06
                            1.7247755767267734,                            0.3508344186557704,                                       2.7446060660849304e-06,                                        7.107256129965111e-06,                                     0.23290460131485696, 29341.03436479629, 505055.1382856845, 534396.1726504808,2.8535266387472636e-06
                             1.723112802580361,                           0.34863379795528365,                                         0.004297532592300339,                                       1.6139110296369212e-05,                                      0.5194556263046731,29341.999644244643,62196.844212771975, 91538.84385701662, 7.491994831909761e-06
                            1.7167543992044845,                            0.3433372375374427,                                        5.725745407968926e-06,                                        0.0031741988400110564,                                      0.6051898558120717,29345.153361694116,174967.70200342452,204312.85536511865, 0.0001754848201407359
                            1.7098819367189442,                            0.3403623903213384,                                       2.2443604725272687e-05,                                       1.6258452329439673e-06,                                      0.5890945392707498, 29344.43973418401, 659623.7540533147, 688968.1937874986, 8.596369312368211e-05
                            1.7206011131656915,                           0.34910995851689697,                                        4.880016118938418e-05,                                       1.1066171351536977e-06,                                      0.3760570710423115,29343.544693803007, 924149.5030876233, 953493.0477814262, 3.512399984664537e-05
                             1.704953468386699,                           0.33831803244505937,                                        6.787175427273603e-05,                                         0.011565727497833335,                                      0.9663861969323891,29347.048474017476,14823.087711817392, 44170.13618583487,0.00036469469221240723
                            1.7256163163279334,                            0.3585405119698988,                                         0.010818544163961288,                                       1.0168987033035814e-05,                                      0.7037636112041965, 29346.55969784654,  98433.4347003576,127779.99439820414,0.00022369519149283455
                            1.7251901931628164,                            0.3548654217246346,                                         0.004069853541691539,                                        0.0003717689050308025,                                      0.5622567313806085,29346.603509637607,  2938.37009265233,32284.973602289938,0.00023371353686840136
                            1.7165796846467793,                             0.345912184828151,                                       1.5716667658095904e-05,                                        3.872324502743692e-05,                                       0.611467821582099,29347.529640961122, 89453.89212900306,118801.42176996417, 0.0005900619241086709
                            1.7051536856686964,                           0.33444844946411584,                                         0.005710420142173383,                                         0.001699685683710836,                                      0.8449479312929334, 29348.24567068294,  766.452534892206,30114.698205575147,  0.001207439413758295
                             1.721086829629522,                            0.3517401242506876,                                        1.188552978512411e-06,                                          0.01972258875261089,                                     0.22903706939911989, 29347.41621958928, 841412.7604605689, 870760.1766801582, 0.0005267921748635749
                            1.7053527822054104,                            0.3400891335662475,                                         0.004979391996343312,                                       0.00024804641853939566,                                      0.7407466903721731,29346.815338902637,4235.2716191889685,33582.086958091604, 0.0002888551724245983
                            1.7092035075357415,                            0.3399658309496484,                                       0.00025278155585894724,                                       0.00015512590276725753,                                      0.2143605597318088,29346.474321555193,10405.302967667985, 39751.77728922318,0.00020538948052059423
                             1.722143236702986,                             0.352566659217565,                                       3.1505255079144904e-05,                                        0.0015161936297848734,                                     0.44641046874882384,29348.753054683337,  32403.1192152599, 61751.87226994324,  0.002005485007967743
                             1.703293974252385,                           0.33164920599264885,                                       5.9771630646987446e-06,                                        0.0039023696793218767,                                      0.5744316161457798,29347.504610126765,167562.71946366236,196910.22407378914, 0.0005754754986033951
                            1.7135105831935515,                           0.34747870258619146,                                           0.0494665621019912,                                       0.00020431406650142547,                                      0.7511436966050604, 29347.57829632997, 4917.519162490687, 34265.09745882066, 0.0006194815114775369
                            1.7065821379445079,                             0.340312385920179,                                        3.741938239844115e-06,                                          0.05370857868072221,                                      0.5630714564490086, 29348.67654790849, 267262.7399606823, 296611.4165085908, 0.0018577742955140726
                            1.7244587372350417,                           0.35369384054797914,                                        0.0006119721712809889,                                           0.4795829972961897,                                       0.721980831923202, 29346.16887377925,1638.9736805357006,30985.142554314953,0.00015132961001370018
                            1.7127098511451953,                            0.3440373811029889,                                        8.812771317847483e-05,                                           0.1658297134328091,                                     0.28889302626135827, 29347.95142721672,11356.105318957461, 40704.05674617418, 0.0008996571471267443
                            1.7221587339786948,                           0.35168631350213503,                                       1.2482420773614567e-06,                                        0.0015284058256934412,                                        0.51687478423267, 29348.82214972341, 801783.7748801955, 831132.5970299189, 0.0021489534814356013
                             1.730441449060668,                           0.36136387583964863,                                        9.915453127143431e-05,                                       2.2680319261060796e-06,                                      0.8307869471070575,29346.735077225403, 450998.9360631209, 480345.6711403463, 0.0002665771651004373
                            1.7041572570713073,                           0.33267883052883757,                                        5.379194080774556e-06,                                          0.11527035984273949,                                      0.3324209473313246, 29348.08147897497,185913.13497990466,215261.21645887964,  0.001024608124959331
                             1.707010761855743,                            0.3364513789609938,                                          0.01758391767512866,                                       0.00020315641753082994,                                     0.45344047973957013,29346.281724937646, 4982.157929613959, 34328.43965455161,0.00016940824690012154
                            1.7291773868938818,                             0.361040647329057,                                        8.414770571152639e-05,                                         0.027196943367496274,                                     0.08034013736878226,29346.166369283677,11923.403909300258, 41269.57027858394,0.00015095107988676262
                            1.7254970372619451,                             0.357215513310463,                                       1.0300725922195808e-06,                                         0.019444016544453893,                                      0.6034805975366025,29347.715110539204, 970859.5952343703,1000207.3103449096, 0.0007103068541347192
                            1.7134481917359803,                           0.34710141956856905,                                        0.0007384951408783743,                                         0.000619893170582679,                                      0.7399338316503332, 29348.49710026737, 2970.167238605725,32318.664338873095,  0.001552600884648863
                            1.7185101322596692,                           0.34799496145042613,                                        0.0014884791055452377,                                            1.632790288078665,                                      0.7338351746458884, 29346.79126341259, 675.3127496536478,30022.104013066237, 0.0002819838892470065
                             1.705407232961884,                            0.3347250918556767,                                        6.220378870236947e-05,                                          0.00755514320759172,                                      0.4697788901587634, 29347.70721940879,16211.538882308252, 45559.24610171704, 0.0007047237874389209
                            1.7242415639317636,                           0.35559031231565885,                                         0.002562471323381545,                                        0.0008693749193377602,                                     0.37505026385740364, 29347.88818445912,1543.3122190181368,30891.200403477258, 0.0008445221677897776
                            1.7149718056053125,                            0.3420166004115872,                                       2.9060443346624742e-05,                                        0.0013647435203852627,                                      0.3813930921756799,  29346.3815169475, 35146.69954829048, 64493.08106523798, 0.0001871861308361299
                            1.7067337085526755,                           0.33694062274471986,                                         0.017250395964926262,                                       2.7335268947665514e-06,                                       0.648683997477302,29346.926392038575,365888.68995211914, 395235.6163441577,0.00032278244937812106
                            1.7171264584316794,                            0.3480733045365899,                                        1.514879857580219e-06,                                         0.024945432713663215,                                     0.18079743312797797, 29346.72021162681, 660161.3157151282,  689508.035926755, 0.0002626436454691378
                            1.7243124061047936,                           0.35562618626698245,                                         0.001091506029199765,                                        0.0005926218757145753,                                      0.5663497115176174,29348.088270219425,2606.3939042712514,31954.482174490677,  0.001031590170760278
                            1.7059096133751896,                           0.33318608427950186,                                        0.0009654316420108249,                                        0.0022693284963278917,                                      0.6658904870801712,29346.072728254832,1479.4664310778996,30825.539159332733,0.00013745750038487664
                            1.7124471402350516,                           0.34473695640424334,                                        0.0029005565133584815,                                        1.532389642423804e-06,                                     0.22384839123228062,29348.721721637496, 652923.2032357919, 682271.9249574294, 0.0019436213045978584
                            1.7163886307722214,                           0.35069627467384434,                                        0.0012084314683770375,                                          0.06537294820549674,                                      0.5883199715894075,29345.493764522656, 845.6673172398262,30191.161081762482, 7.704202475747187e-05
                            1.7322523614479972,                            0.3651340179127779,                                       1.1886582184496275e-06,                                       3.6461938669647243e-06,                                      0.6638661111374622,29334.804142380588,1115546.0547444266,1144880.8588868072,1.7550269026697491e-09
                            1.7321317808942842,                           0.36648239658758885,                                        6.043694059102641e-06,                                        6.137614892187147e-05,                                      0.8946106370817513,29339.673025908356,181757.42032168922,211097.09334759758, 2.284615017682722e-07
                            1.7208569715868927,                           0.35615988525129155,                                       3.3402653171207326e-06,                                        3.619197320556551e-06,                                     0.39189728005496577,29334.141499187725, 575684.5840832301, 605018.7255824178, 9.046935540751455e-10
                             1.719841952989157,                           0.35482286594879864,                                        0.0011119396101493624,                                          0.10246612751589244,                                      0.5779560440104508,29334.267680852558, 911.9070461151481,30246.174726967707,1.0263642034945732e-09
                            1.7081312541967772,                            0.3384544064330495,                                       1.4399656695355826e-06,                                            2.450612594035349,                                     0.26197375593475725, 29344.34942889013, 694464.3634805299,   723808.71290942,2.4532908406213853e-05
                            1.7186027806129238,                           0.35295052880451094,                                        0.0008650909764638542,                                         0.001937859870281985,                                       0.778325587631751,29340.937880801845,1674.8142300036448, 31015.75211080549, 8.093428379587727e-07
                            1.7032742986353535,                           0.33686950590604486,                                        1.944444276253869e-05,                                        0.0024186365419046306,                                      0.7874188900219569, 29345.98363202905, 51845.00047236258, 81190.98410439162, 0.0001257402857420315
                            1.7158183168927774,                            0.3486785979334981,                                         0.004464014207688128,                                          0.00820098135212545,                                      0.7956773995713796,29346.422289440525, 348.8182211279441, 29695.24051056847,0.00019497590111705287
                             1.723903426651985,                            0.3556968927433473,                                         0.000599913338548845,                                           0.7653990459035532,                                      0.7229232689856675, 29347.83005686677,1671.0253181698629,31018.855375036634, 0.0007968316231378757
                              1.72495534039825,                           0.35825644356256925,                                         0.010314754591079882,                                         0.008854660045191403,                                      0.7995824563025133,29344.896436256156, 212.6746814565112, 29557.57111771267,4.2394675755259036e-05
                            1.7289053621442798,                            0.3594025995583596,                                         0.004096225429879201,                                       0.00045052511367546993,                                     0.47229459253769834, 29344.77680447924, 2466.541674826372, 31811.31847930561, 3.761455233202082e-05
                            1.7260975088401243,                           0.35563524438509164,                                        0.0012224101321207455,                                          0.15209708545148923,                                      0.6635685146883588,29346.656148016125, 827.4426643297678,30174.098812345892,0.00024634538184846504
                             1.713760284389004,                           0.34523045156233007,                                        7.824811885057693e-06,                                         1.07459409514721e-05,                                     0.23763699625127288,29346.686330655328,220859.88943450936,250206.57576516469, 0.0002538940824226428
                            1.7162986372858382,                            0.3491250504406394,                                       3.2514226037304836e-06,                                          0.01386236174013084,                                       0.741325218365693,29344.581293205956, 307632.6843273719,336977.26562057785, 3.093473715755685e-05
                            1.7062530647374308,                           0.33751657992356265,                                        0.0009364416446914056,                                        0.0031173617195909965,                                      0.6639206292362793,29348.604345845088, 1391.619094564958,30740.223440410045, 0.0017283671043959337
                            1.7014814877754167,                            0.3311452245287745,                                         0.003203479084610566,                                         0.041591822334389905,                                      0.9317067934706222,29342.391831211025, 339.2236256448595,29681.615456855885, 3.463978338677977e-06
                            1.7216755970703028,                            0.3528344569106174,                                        5.409006688664154e-05,                                          0.05397492986868205,                                     0.21526809799980123,29347.694945167077,18509.044124480726,  47856.7390696478, 0.0006961267065901179
                            1.7073554146603813,                           0.34216218469262466,                                         0.001155520231227071,                                        7.750348340774322e-05,                                      0.7412871678005448, 29348.30266856632,13770.979529583301, 43119.28219814962, 0.0012782600454833578
                            1.7242050346592805,                           0.35699562877813107,                                       2.4807599498485462e-05,                                       0.00013098425749632968,                                      0.5851950249647786,29346.300048354984, 47947.53471896075, 77293.83476731574,0.00017254099861650082
                            1.7116412384544004,                            0.3397386131191607,                                         9.79459215274513e-06,                                       0.00046496798955936056,                                      0.6875590268214752,29339.676325295994,104250.78482245767,133590.46114775367,2.2921652970284022e-07
                            1.7136938345660726,                            0.3485816197067492,                                         0.004707120562047401,                                       2.8630305222250705e-06,                                      0.9017327204449141,29338.220720447527, 349495.5570861915,378833.77780663903,5.3466872306903486e-08
                             1.724896907407928,                           0.35648953221248564,                                       1.1504578522633536e-05,                                           0.3430951995307014,                                     0.22035823467701943,29348.331986721932, 86927.63508251411,116275.96706923604,  0.001316291047726525
                            1.7209687808499263,                            0.3517413160472865,                                       1.5067778302459976e-06,                                         0.010423505762369086,                                      0.7515232546237731, 29346.82855391281, 663766.6280017124, 693113.4565556252,0.00029269773026582195
                            1.7239335532788997,                            0.3533968570137703,                                        9.558484899686668e-05,                                       1.2848141155425509e-06,                                      0.4532278268078035,29348.184169733384, 788787.4454517902, 818135.6296215237, 0.0011354181313859805
                             1.708842481866333,                            0.3440927712626248,                                        0.0024422051555437925,                                       3.6882115931515026e-06,                                      0.5435472814288449, 29338.60245088202, 271546.4909330256,300885.09338390763, 7.831919245962879e-08
                            1.7132975364732563,                           0.34663098720451324,                                        4.599264355010995e-06,                                        0.0013073501091269805,                                      0.9283256459981135, 29348.20816934068,  218193.866696035,247542.07486537567, 0.0011629973420223133
                            1.7182017060657522,                            0.3511563257177608,                                       1.9175293924538945e-05,                                           3.3607580579039844,                                      0.3768104143065474, 29340.84603481004, 52153.58448887226,  81494.4305236823, 7.383194687443626e-07
                             1.700405256985894,                            0.3340053759761142,                                        7.938400754351925e-06,                                          0.01928124338339812,                                     0.32176094604068833,29340.963919442387,  126024.814628024,155365.77854746638, 8.306937937895262e-07
                            1.7006296871806983,                            0.3317616302744761,                                         0.009561917712457905,                                        5.008159717525704e-06,                                       0.710531108592542,29340.682086806984,199781.73882306038,229122.42090986736,  6.26675343050453e-07
                             1.713065097288469,                           0.34707526865908755,                                       1.9259942006768615e-06,                                         0.026207489962124235,                                     0.44828031712374344, 29348.31534575276,519253.40122016997, 548601.7165659227, 0.0012945679370829416
                            1.7230403734447854,                            0.3558647606705778,                                        1.856722245291838e-06,                                        6.545967640300457e-05,                                     0.29958272765497235, 29345.42788882462, 553862.9089472337, 583208.3368360583, 7.213038261388986e-05
                            1.7199031319920175,                           0.35408915312267364,                                        3.806499314470366e-06,                                         0.010040559953775013,                                      0.8842122223922554, 29347.48620126357,262810.99239043234, 292158.4785916959, 0.0005649785636351995
                            1.7285382584617524,                            0.3619469872691819,                                       1.8196371468103625e-06,                                          0.03686659112590614,                                       0.788406230176569,29340.669857866913, 549590.0028522738, 578930.6727101407, 6.190584361088028e-07
                            1.7234095121650719,                            0.3557296494482234,                                       4.0029539634561915e-05,                                       2.4584099548474848e-06,                                      0.8670413828245278,29346.813214932394, 431751.3453498284, 461098.1585647608,0.00028824230372147383
                            1.7223640130979962,                            0.3514588578185406,                                       1.3505937323406175e-06,                                        0.0008028453656411264,                                     0.17497949413584818,  29345.2477673648, 741663.5200499804, 771008.7678173452, 6.024104262451958e-05
                            1.7199093939488799,                            0.3549237945938903,                                        5.985574085199654e-05,                                          0.37560775451405104,                                      0.4983087943729864,29334.278147660425, 16712.31508834205,46046.593236002474,1.0371633782674091e-09
                            1.7105263362638152,                            0.3417038488700379,                                        0.0010073018768668156,                                           0.5711699948527417,                                       0.777351831310648,29348.424082869347, 997.4283570811764,30345.852439950522, 0.0014432739607366752
                             1.700043867693948,                            0.3298656281657729,                                        0.0021179748891832907,                                         0.007804049149351276,                                       0.672360851736951,29340.427507545955, 603.3192754963889,29943.746783042345, 4.858254248898834e-07
                            1.7138755779603934,                            0.3484702355563003,                                        9.084218129620711e-05,                                          0.01707488919503404,                                      0.7353668445092049,29347.110293759524,11069.537245631442,40416.647539390964,0.00038795148219334627
                            1.7145615909910326,                           0.34832955225952544,                                        6.574411193561966e-06,                                          0.11890510921476082,                                      0.3647420154996273, 29345.95767930318, 152116.1570079683,181462.11468727147,0.00012251896441672403
                            1.7030575285979375,                           0.33771565997909103,                                         0.001270853785548605,                                       2.1750113428133585e-05,                                      0.9665775215660135, 29344.85392632505, 46766.60537459868, 76111.45930092373, 4.063024952733701e-05
                            1.7136931778454114,                           0.34591033253214176,                                        0.0001801763019196656,                                            2.102419313474096,                                      0.5447572620820584, 29345.72985422191, 5553.486027807271, 34899.21588202918, 9.755738298317575e-05
                            1.7193852479355665,                            0.3531911034078041,                                       0.00026850776157800424,                                            0.633210006572596,                                      0.5097846204306902,29347.341465861187,3728.6977104928374,33076.039176354025, 0.0004888483836799685
                            1.7179702679670368,                            0.3526842487951166,                                        0.0011216840882602819,                                       0.00025319204616109465,                                      0.7026096039709557,29333.900745894865, 4843.923157425406, 34177.82390332027,  7.11121270973812e-10
                               1.7214977321931,                            0.3520589903734983,                                        3.721335517826274e-06,                                         4.58001520637069e-06,                                      0.5310864766010778, 29348.69692258148,487063.45768788276,516412.15461046423, 0.0018960140779488194
                            1.7015635372997862,                           0.33427751147946744,                                       4.0848398993595615e-06,                                         0.002308768957725838,                                      0.6735647179496319,29342.405916872456,245243.75897873624, 274586.1648956087, 3.513116020705253e-06
                             1.724670834219964,                             0.357738036879894,                                        0.0018361660735415433,                                       1.5345405309106336e-06,                                      0.8013524490240729,  29346.2444902481,  652208.267034291, 681554.5115245392,0.00016321637499682343
                            1.7242042103446877,                           0.35694855073175963,                                        3.870008654684684e-06,                                        1.521741153097756e-05,                                     0.19648405289922066,29346.314540743297,324114.35484150867,  353460.669382252, 0.0001750597369513861
                            1.7062599059812136,                           0.33532003869793053,                                       2.1122317948575677e-06,                                           0.4334162965202897,                                       0.651355762632418,29347.863004531002, 473438.1780609302,502786.04106546124, 0.0008235226529609622
                            1.7149829266506391,                           0.34675801730613026,                                         0.008113410400586591,                                        3.386474377806135e-05,                                      0.7671626037311752, 29342.71974760459,29655.372259907184,58998.092007511776, 4.808254512182412e-06
                            1.7191161516070297,                            0.3482508458468944,                                         4.45455665662928e-06,                                         0.006725479694541876,                                     0.31242911183624744,29343.844838512476,224640.79115548584,253984.63599399832,1.4811813011693695e-05
                            1.7129450829674122,                           0.34346995654938284,                                        0.0014987681522545932,                                          0.03229370194018231,                                      0.7823086187031261, 29343.00236758026, 701.0918575625025,30044.094225142762, 6.378634885327506e-06
                            1.7236760690134116,                            0.3571281180332234,                                         0.005562790473722703,                                            0.174157937945867,                                      0.6432674216721976,29342.908887496997,188.30792364630636,29531.216811143302,  5.80938099211591e-06
                            1.7161724438749935,                           0.34341180229624574,                                        4.615527393711122e-06,                                        0.0006569210274617147,                                      0.5327538046317204,29342.836207293803, 218185.1291732906, 247527.9653805844, 5.402132700786255e-06
                            1.7138928733506475,                            0.3447921463538858,                                        6.024204840373374e-06,                                           0.1283541670682155,                                     0.22267513706289954,29344.591925433193, 166007.7027135594, 195352.2946389926,3.1265397023012624e-05
                            1.7149558766899797,                           0.34668302351243396,                                        0.0016376567675472477,                                        4.069894108621596e-05,                                      0.7665132562553023,29341.983144832528,25184.176881304247, 54526.16002613677,2.3018919204482065e-06
                            1.7230119510551398,                           0.35549007984788494,                                        0.0019998856913748205,                                        0.0002139471876117758,                                      0.7589554420525799,29346.594913278204, 5176.892287367276, 34523.48720064548,0.00023171306202765922
                            1.7132244418105713,                            0.3468340722279467,                                        0.0005743513557213917,                                          0.03387216772867083,                                      0.8159486092415688,  29348.4496748306,1773.5005101406286, 31121.95018497123, 0.0014806868648767403
                            1.6997772128948487,                            0.3329758964578523,                                        0.0009764493127746503,                                       0.00031921227375312296,                                      0.8413493969521086,  29336.6983625859, 4159.833541953513, 33496.53190453941,1.1666300554291458e-08
                            1.7019248535743683,                           0.33441867626518607,                                         0.012062140798420823,                                       0.00012355659366183994,                                      0.6596852728402691,29341.596569440982, 8179.351465886069, 37520.94803532705, 1.563858191114142e-06
                            1.7178080803978089,                             0.351159188611059,                                        0.0057493972499820965,                                           0.5907022999187334,                                       0.697737695827306,29342.707741575003,178.47188747320064,  29521.1796290482, 4.750871625840808e-06
                             1.705520159398175,                           0.33703285241602887,                                         0.026389651060844937,                                        1.423786932849741e-05,                                      0.5847648935292225,29347.132101640207, 70276.08881605451, 99623.22091769472, 0.0003965048077974096
                            1.7246979555100332,                            0.3589465203207379,                                         0.019761504392869864,                                         0.010381565350305494,                                      0.6518615684305837,29340.402990170463,149.71395268457564, 29490.11694285504, 4.740590897438705e-07
                            1.7046449532584242,                            0.3368623253036601,                                         0.029338318501203466,                                       6.3372999057877324e-06,                                      0.8776102148777258,29345.079957555296,157832.96280818578,187178.04276574106,5.0934682759484384e-05
                            1.7035668042460494,                            0.3338447965224603,                                         5.53530250602593e-06,                                           0.5668274189516416,                                     0.34259455412341844,29343.145676266107,180663.35937170457,210006.50504797068, 7.361493199234038e-06
                            1.7226937058991356,                           0.35567209460621896,                                       2.1576871993143445e-05,                                        2.202912495514286e-06,                                      0.8252221419906725,29344.118368785057, 500293.2272163658, 529637.3455851509,1.9471567243477376e-05
                            1.6978639219429663,                            0.3287318156567152,                                        0.0004516323887658412,                                         0.012622196102451157,                                      0.8810548410838677, 29333.12643748262,2296.4576890284034,31629.584126511025,3.2784291204548806e-10
                            1.7117015793568566,                            0.3450825916001104,                                        0.0004712915058699007,                                        1.830235431884786e-06,                                      0.7560752604065715,29350.765314219632, 548502.5221059686, 577853.2874201882, 0.0010200769309042196
                            1.7205014806248808,                            0.3520926793974937,                                         0.010458665388712169,                                           1.2006640376803108,                                      0.4843329019393901,29349.349795863476, 99.28752783546473,29448.637323698942,0.00024767439737627856
                            1.7117122278646482,                           0.34361253180116474,                                        0.0019290994879275114,                                       2.1884340889744416e-06,                                      0.6956039387041946,29349.630523766617, 457469.0217671028,486818.65229086945, 0.0003279440035329587
                            1.7172793301023175,                           0.34709259091277284,                                        0.0026370013225682338,                                           0.0808682496533556,                                      0.6603497664073967, 29348.98912166755,  394.465487235282, 29743.45460890283,0.00017268010414668578
                            1.7060190939656614,                           0.33868108704338057,                                         0.002020247997867846,                                       4.3573890367337554e-05,                                      0.8206490820258444, 29349.73473192655, 23447.46438347271, 52797.19911539926,0.00036396257004657424
                            1.7284440953627849,                             0.359897158374532,                                       0.00047414247341871817,                                         8.26428716883332e-05,                                      0.7210992805043397, 29349.66460127155,14212.106436670187, 43561.77103794174,0.00033931211526782706
                            1.7202575062407623,                           0.35371333109121067,                                       1.9639386117392236e-05,                                       1.0182744713914064e-06,                                       0.180061573098256, 29349.25225764684,1032974.4071908399,1062323.6594484868,0.00022465743998773872
                            1.7248425495696604,                             0.355760902819368,                                        0.0031206658538811623,                                        8.336944067260386e-06,                                       0.618722392925577,29349.204074726887,120271.28325988677,149620.48733461366,0.00021408943176005386
                            1.7064069436113585,                            0.3394284960932612,                                       2.4235430121961075e-06,                                        0.0007435987727377834,                                      0.7954814383155172,29350.144543904542,413966.80106123385, 443316.9456051384, 0.0005483221673337591
                            1.7059986005217298,                            0.3352493580082331,                                        4.260870759056729e-06,                                          0.10070043998919848,                                       0.528065112980585,29349.178662065293, 234706.7250904534, 264055.9037525187, 0.0002087173974284052
                            1.7277004533139206,                            0.3583790748569099,                                       2.9395056515238462e-05,                                       0.00013496229561309696,                                      0.5326033439085902,  29349.4697669632,41431.592801542654, 70781.06256850585,0.00027924403291243216
                            1.7120104338555393,                            0.3440692035777538,                                        5.146708837579529e-06,                                        8.393659999673424e-06,                                       0.897870493202148, 29349.46957047915,  313439.372002873, 342788.8415733521, 0.0002791891713032019
                            1.7072190024551892,                           0.34163042898579754,                                       0.00017114277044053203,                                        0.0002703560070110022,                                       0.341128928498806, 29349.10775077015, 9544.828522424341,38893.936273194486,0.00019442954800865907
                            1.7278163058319296,                             0.358465853463054,                                        0.0006562187141057175,                                        0.0002788982361219101,                                      0.7357311337862059,29349.544505222588, 5112.209036710601, 34461.75354193319, 0.0003009139455964781
                            1.7101054980004906,                            0.3422446073739411,                                         0.005351195862067171,                                           1.4577385414769557,                                     0.31867324956629367,29350.581134843895,190.48199756913087,29541.063132413026,  0.000848486309968047
                             1.724174155160999,                           0.35469328077106216,                                       0.00010999170189232204,                                            2.102985825231123,                                     0.19069209095318113,29349.301935924304, 9094.889788359811,38444.191724284115,0.00023609990236558238
                            1.7242291098912816,                            0.3551122463272967,                                         0.010459875398394105,                                         0.032820931810149785,                                      0.3172260286244755,29349.137504250622,  128.887805363206, 29478.02530961383,0.00020030142498087103
                            1.7211263820081446,                            0.3544654891521972,                                        5.125830331581828e-06,                                          0.07063285899449881,                                      0.8720888730761227,29349.366475328465,195107.32234404952,224456.68881937797,0.00025184011823707494
                            1.7182933709769004,                           0.35073217835436904,                                        0.0007806860102894126,                                           0.8138394080468084,                                      0.5632786282028381,29350.830202932993,1285.0046303075408,30635.834833240533, 0.0010884631642330972
                            1.7230837435901356,                           0.35293158839251304,                                        0.0023088458298413527,                                          0.02699768948601986,                                      0.5622673360776705, 29349.35710994675, 472.9904527699706, 29822.34756271672,0.00024949254949663393
                            1.7212775409660823,                            0.3545948146345254,                                       2.9895616883001085e-06,                                       1.4409758565619142e-06,                                       0.334693121514992,29349.476217518317,1028474.1687609882,1057823.6449785065, 0.0002810511340743914
                            1.7181324959814523,                           0.35004973381466414,                                        6.959442691090811e-06,                                           1.6514703686088972,                                     0.12213035510228465,29350.009645275815,143693.12885726363,173043.13850253943,0.00047912636951924297
                            1.7127996396935465,                            0.3470534213479072,                                        1.780115097998028e-05,                                       1.3505104550768318e-06,                                     0.31376699744971415,29349.427324149055, 796639.7857462394, 825989.2130703884,0.00026764012348856457
                            1.7067171858041368,                           0.34118402065900627,                                       1.1196313593718939e-05,                                        2.198535662848139e-05,                                      0.7727162191432135,29349.756057530954,134802.86324218518,164152.61929971614,0.00037180764500198134
                            1.7244354535745128,                           0.35519749764210984,                                        9.939293536843342e-05,                                            0.793148743798337,                                     0.27128317666724344, 29349.24202579795, 10065.15337419568, 39414.39539999363,0.00022237049878000084
                            1.7131482944658898,                           0.34565724130491154,                                        3.638573436713894e-05,                                           0.5079980853036407,                                     0.11742195656008564, 29349.29400169681,27488.160084954463, 56837.45408665127,0.00023423404388979167
                            1.7105247054393546,                            0.3452875678126764,                                        5.174553835262848e-05,                                        3.540854074182065e-06,                                       0.853239410979536, 29350.32401495455,301745.97227926855, 331096.2962942231, 0.0006561136761896289
                            1.7123929479307516,                           0.34407115510482505,                                       0.00024283487989100005,                                        1.695376519928355e-05,                                      0.9408900641563187,29349.125111948546, 63104.87864784981, 92454.00375979836, 0.0001978345459409129
                             1.707532258259437,                           0.34167020232868756,                                        0.0010466695520528944,                                          0.03185814608281231,                                     0.32055662103084853, 29349.43295086624,  989.727323941893,30339.160274808135, 0.0002691503034644715
                            1.7178777484922938,                           0.34842229876239866,                                         0.007759791199176929,                                            2.709271783614405,                                      0.7824598583385564,29345.812819286053,132.10863015613745, 29477.92144944219, 7.207617063578115e-06
                            1.7168756450133462,                             0.349846449762845,                                          0.00137199626728433,                                       1.2082462704035982e-05,                                     0.17577503931878885,29343.140463043797,  83496.3074036856, 112839.4478667294, 4.979688022791578e-07
                            1.7193616048704927,                           0.35110021370765415,                                         0.006639651901657826,                                            5.436376317905663,                                     0.32822640639452105, 29335.93868542976,153.64244102486555,29489.581126454625,  3.71116152818147e-10
                            1.7187995425806117,                           0.35086777061145275,                                        0.0023421964605267044,                                            2.874476661864958,                                      0.8608784773870738,29338.856800368536, 430.1476334310171,29769.004433799553, 6.868012436172568e-09
                            1.7200643117451186,                           0.35336862138645836,                                            0.049586800586266,                                        0.0006563777303484323,                                     0.31394987064871693,29349.247293209948,1546.5095553040992,30895.756848514047, 0.0002235449061415835
                            1.7202894294569029,                           0.35226398101834483,                                          0.12563733380397196,                                        0.0002866732280202907,                                     0.37272575363361854,29349.393129601078, 3499.090449157269, 32848.48357875834,0.00025864299349538926
                             1.706037210869054,                            0.3402531529821895,                                        4.008332423031372e-06,                                        4.637517494279182e-05,                                      0.8626803394852203, 29349.24873993281, 271046.5060998747, 300395.7548398075,0.00022386854772117875
                            1.7096693787781803,                           0.34126193989416054,                                          0.05580258100349101,                                        0.0018183548565172507,                                      0.5465791877244482,29350.015573504068, 570.7982793449863,29920.813852849053, 0.0004819751758435566
                            1.7135784079557856,                           0.34740882431045395,                                       0.00016739347020193848,                                         0.010911313997275749,                                      0.6580049685233292,29347.843252574683, 6068.475121323832, 35416.31837389852, 5.490320254351229e-05
                             1.706335061094888,                             0.337829983937211,                                         0.004066965770687742,                                         0.028701128437064644,                                      0.7392867207305652,29348.574720360702,283.68545903249094,29632.260179393194,0.00011409591644451405
                            1.7067423057842976,                           0.34044319933709316,                                        8.542932455612968e-06,                                         6.00876246155859e-06,                                      0.6276884631566699,29348.634974963978, 283482.3814900915,312831.01646505547,0.00012118206331522521
                            1.7207172736183747,                           0.35245264344436605,                                         4.90355664999851e-06,                                          0.36345824913888547,                                     0.17003019632158523,29349.349613099796,203939.19667624857,233288.54628934836, 0.0002476291356280413
                            1.7075881332962797,                            0.3387968491263373,                                        3.988072181521106e-06,                                        1.702507062938178e-05,                                      0.8832914128846938,29349.145854698552, 309487.5775124009, 338836.7233670995,0.00020198103458680806
                            1.7126629243737812,                           0.34578018215662365,                                         1.98727011341063e-06,                                       1.4696047959181607e-05,                                       0.521549119064608, 29348.36774254615,  571251.254332914, 600599.6220754602, 9.276428004697765e-05
                            1.7107015759727064,                           0.34252502202743723,                                        0.0011488554484590354,                                        7.315036060946521e-05,                                      0.6244399940181865, 29349.19681102163, 14543.82361437747,43893.020425399096,0.00021253998340952827
                            1.7157267816835884,                            0.3471419526810416,                                        2.594484998341969e-06,                                         0.002304885213882413,                                      0.5642732646671824, 29344.13927025343, 385869.6891911475,415213.82846140093,1.3520059245646002e-06
                            1.7069230687372352,                           0.33948223658893695,                                       1.9098102413747285e-05,                                        0.0003195278002512169,                                      0.5677136705536774, 29350.51330101453, 55493.78683588623, 84844.30013690077, 0.0007928389573814934
                            1.7074033230752934,                           0.34156280859024113,                                        1.735138460541544e-05,                                        0.0055235718977383694,                                     0.33583544843997654, 29349.36958624711, 57816.25829110104, 87165.62787734815,0.00025262479225231617
                            1.7056781330620077,                            0.3354798203837767,                                        9.015189498733651e-06,                                         0.002004931967187088,                                      0.5379265104921287,29346.817426843256,111425.65323815854, 140772.4706650018,1.9682815580641104e-05
                             1.716365085369174,                            0.3485989173874286,                                        0.0017950313340106803,                                       1.2469843918493422e-05,                                      0.6293739753040267,  29344.4266825051, 80753.42762045529,110097.85430296039, 1.802188232645625e-06
                            1.7128704825673653,                           0.34540955366971166,                                       0.00016563344192858107,                                           0.5550799809110043,                                     0.06322453639589704,29348.782497162694, 6042.124776613225, 35390.90727377592,0.00014044504436549644
                            1.7129041471417965,                            0.3437997448501692,                                        0.0040899937717557185,                                            2.170028770133088,                                      0.3295342667700516,29346.193567660197,247.86864320118147, 29594.06221086138,1.0547477865437136e-05
                              1.71370933948648,                           0.34558552448660146,                                        0.0021453458767998358,                                          0.07290517188486598,                                      0.7830420405141449, 29345.96625891406, 482.7353921937603, 29828.70165110782, 8.402909545315205e-06
                            1.7166982706041365,                           0.34881789057640816,                                       1.1255309146416472e-05,                                         0.002682259433854441,                                       0.311265062197848,29342.670490417462, 89222.64670456626,118565.31719498371,3.1124015062543477e-07
                            1.7219211649728177,                            0.3539306825722148,                                        0.0026494197765937304,                                           0.0884898672675604,                                      0.8946409920415722,29347.374679067325,391.56727304524964,29738.941952112575, 3.436361061705979e-05
                             1.706847041713727,                            0.3405737141208809,                                       3.8308351881977664e-05,                                       0.00036479040655544326,                                      0.9430255918620285,29348.761068160115,28848.204600008354, 58196.96566816847, 0.0001374674643738687
                            1.7131741406113068,                           0.34721369278502767,                                       5.0550505264032364e-05,                                        5.386495286389612e-05,                                      0.7067416061612116,29348.196303548993, 38350.02310218513, 67698.21940573413, 7.814942156577215e-05
                            1.7254924309290152,                            0.3563973493487012,                                        3.274013149427766e-05,                                        0.0029418442549344367,                                       0.570685336998657,29347.892451204996, 30886.28346477241, 60234.17591597741, 5.767191488489528e-05
                             1.713820792833232,                           0.34555817522757704,                                        9.987602500983816e-06,                                       0.00024177239811534943,                                      0.9458206786186233, 29345.44628443953,104263.14418995906,133608.59047439857, 4.995829906705726e-06
                            1.7136260432112882,                            0.3441837278894063,                                        3.378677866093827e-06,                                       1.0345115591782824e-05,                                      0.7929545203442526,29340.134804793546, 392640.6433247071, 421980.7781295007, 2.465252128894747e-08
                            1.7299157352455639,                           0.36150200573202895,                                       6.0019497263006903e-05,                                        8.300227530913666e-05,                                      0.6802224204718061,29343.536688153916,28711.881254662683,58055.417942816595, 7.400831458587117e-07
                            1.7167764888931645,                           0.34685281365578813,                                        0.0006169651665310435,                                         0.061389370510055614,                                     0.04927160105915507, 29348.91931990225,1640.0095814817435, 30988.92890138399, 0.0001610377820393561
                            1.7074428926269902,                            0.3404746746508521,                                       4.5488772425838734e-05,                                         0.013157585404734416,                                     0.48374932865975095, 29350.49699408519,22062.385473243987, 51412.88246732918, 0.0007800150321214992
                            1.7035162895535618,                           0.33685292697426117,                                       1.8593135400627376e-05,                                        0.0006994614287631264,                                      0.9777827573394895,  29347.1081469259, 55215.93041690932, 84563.03856383523,2.6323604131182446e-05
                            1.7274338920369778,                            0.3581856048140715,                                         0.000301198633631988,                                        2.440550563997981e-05,                                      0.8230992187520265, 29349.93134105358, 44297.22109299087, 73647.15243404444,0.00044304004448744326
                            1.7045384762564746,                           0.33821406475975846,                                        0.0002952506467755992,                                          0.00583869750411505,                                      0.3583980199084615, 29346.35831494216, 3561.180566385337,  32907.5388813275,1.2436479494415628e-05
                            1.7045925909132111,                            0.3374555843032808,                                         0.017616955071702807,                                         0.021026700744757005,                                     0.49720107998907026,29347.460802091533, 107.2854298848749, 29454.74623197641, 3.745428781455917e-05
                            1.7080472636250634,                            0.3414458005014488,                                         9.97241495359934e-05,                                         0.000429757339091673,                                      0.6038508171944855,  29350.5058140486,12357.484599239084, 41707.99041328768,  0.000786925164926099
                             1.722768967579659,                            0.3546071269047964,                                        0.0005847073196051839,                                        0.0031290467179631216,                                     0.15052924121131872,29346.398624650697,2032.6635397488599, 31379.06216439956,1.2948031345727995e-05
                            1.7026449436895905,                           0.33477453946425456,                                       0.00026745617350794077,                                       2.7287552781133565e-05,                                      0.5566125779242812,29343.566481418813, 40388.66284192539,  69732.2293233442,  7.62464388704234e-07
                            1.7068242554942108,                            0.3395608815432583,                                       1.3335827240186444e-05,                                        4.237153615833239e-05,                                      0.7915680409572983,29350.835435823752, 98589.66862236896,127940.50405819272,  0.001094173901867933
                            1.7037785816401372,                           0.33750777274125665,                                        0.0002683192100698817,                                        0.0014442115874073265,                                       0.801156980925988,29345.840411336452, 4422.286444792498, 33768.12685612895, 7.409259062249651e-06
                             1.721643118776832,                            0.3524736614428049,                                          0.01789153950141859,                                          0.04515088728869868,                                       0.661687474281279, 29347.04579626067, 80.87738990793318,29427.923186168602, 2.473243071725155e-05
                            1.7138817302324512,                            0.3466089466097393,                                         0.000533646875773584,                                        0.0021904688336557643,                                      0.2057856356406787,29346.314490308887, 2333.306718149291, 31679.62120845818,1.1903225515876473e-05
                             1.718423494123901,                            0.3519080774882184,                                         7.02404509973544e-05,                                          0.08694131599692938,                                     0.10562510247644163,29341.280594086114, 14251.15430080745,43592.434894893566, 7.753027237288395e-08
                            1.7217506915766458,                           0.35487624617132446,                                         0.001621491521398749,                                            0.141976080586066,                                     0.16233592749895348,29347.065126048747, 626.5774685536445,29973.642594602392,2.5215153798729857e-05
                             1.717628446628501,                            0.3495674263246512,                                        0.0011198081788904323,                                           0.7834674294693267,                                      0.8885131962320852, 29344.13823450175,  897.147143352546,30241.285377854296,1.3506063071096193e-06
                             1.708620743946005,                           0.34226592253031024,                                       0.00023036265880960132,                                           2.0733249392290785,                                      0.5352884359810494,29350.703885511328,4344.3853474632515, 33695.08923297458,  0.000959300734594765
                            1.7159194579393335,                            0.3486874347531684,                                       1.0790672316376375e-06,                                        0.0028317098071181557,                                      0.2592528521858709,29345.031281685457, 927082.3271585103, 956427.3584401958,3.2989386374130477e-06
                            1.7056141179471538,                           0.33979473846706953,                                        0.0014010553253626181,                                        0.0007976729173178922,                                      0.8813546210054655,29346.412730762055, 1970.337316037762,31316.750046799818,1.3131972011435669e-05
                              1.70360537959473,                           0.33537922868813475,                                       1.5949466122213918e-06,                                        0.0001728974264108851,                                      0.4881316494529361,29344.574682920997, 632766.9916912328, 662111.5663741538,2.0896613665052817e-06
                            1.7259721587865218,                           0.35828650189559125,                                        6.963919163623242e-05,                                         0.021876321845077613,                                      0.7316367898590623,29348.012143305317, 14408.23273937987, 43756.24488268519, 6.500488439262317e-05
                            1.7177643203317707,                            0.3500508321485856,                                       1.9344134893124956e-06,                                        8.956858192229405e-06,                                      0.2835240845622741, 29346.43621183958, 628601.7053641317, 657948.1415759713,1.3443973595665508e-05
                            1.7074934062625218,                           0.34115459757324873,                                        2.384416855353249e-05,                                       0.00014605023738096403,                                     0.20309968627470149, 29349.55686835361, 48788.86577654563, 78138.42264489924,  0.000304657276095766
                            1.7192332641293653,                            0.3504336915285711,                                        0.0039061698592433875,                                           0.0335092690291208,                                      0.9134045079532159, 29349.69311907215,288.70134833880047, 29638.39446741095, 0.0003491278468268838
                            1.7169586150996994,                           0.34882671324365305,                                       1.0808027893092965e-05,                                       0.00023594931008070016,                                      0.6941180154680633,29342.575588598567, 96764.88267262463, 126107.4582612232,2.8306115899175203e-07
                            1.7199605094656876,                            0.3509918510757452,                                          0.07699676929323179,                                          0.01874129352718509,                                       0.515572641882913, 29350.27712752933, 69.19473681929472,29419.471864348627, 0.0006260602644699098
                            1.7206689661361463,                            0.3527941585367384,                                         0.004683611164290404,                                       0.00018420200819559298,                                     0.28318339015435545,29350.387180260015, 5645.167443538599, 34995.55462379861, 0.0006988941962111027
                            1.7021568831184395,                           0.33488165344227966,                                        9.234380358186862e-05,                                        0.0003302273947835471,                                      0.9632315366987877,29347.166863838895,13860.299422728385, 43207.46628656728,2.7915523868674212e-05
                            1.7038351353965873,                            0.3365781720337987,                                        0.0009691426812723233,                                         0.009549848627637487,                                       0.723169363311714,29347.520062138632,1139.5245895334097, 30487.04465167204, 3.974091433911604e-05
                             1.716337233219515,                            0.3480912813014823,                                         0.029367088527977946,                                           0.1849720606392088,                                      0.5133204417707348,29341.501312477994, 42.33075577556294,29383.832068253556,  9.66780961380085e-08
                             1.715517942556136,                           0.34630104133913875,                                        3.733908790524338e-06,                                         0.011668343806063955,                                     0.47346849158624277,29344.860152212495,267904.45126140426,297249.31141361676,2.7800566876967773e-06
                            1.7068176551505356,                           0.34052987595706236,                                         0.002003850161704834,                                         0.012532762606851867,                                     0.22585596541926084, 29348.75706029934, 581.7667763369461,29930.523836636286,0.00013691761650850382
                            1.7222659970505936,                           0.35363311706177886,                                        0.0022772542542878116,                                          0.12667842413435879,                                      0.9608654077456533,  29345.1616077293, 449.8471121838781,29795.008719913178,3.7581500770953204e-06
                            1.7219868050837688,                            0.3528078981942989,                                         0.000504675978332127,                                          0.05433840915551748,                                     0.33114089355737364,29348.769700339293,2002.7069766022585, 31351.47667694155,0.00013865924458735296
                            1.7156586807010066,                           0.34856515785636344,                                         0.004888124614980586,                                         0.005363824375299101,                                      0.5536667459924588,29345.889890126986,393.88048283701244,29739.770372963998, 7.785081182067871e-06
                             1.713127383650087,                            0.3470260822515874,                                       0.00016812055601654803,                                         0.018822111904754343,                                     0.22007926750519669,29348.218209322313, 6004.123243172712, 35352.34145249503, 7.988023325171192e-05
                            1.7254344437837197,                            0.3573988613893397,                                       3.4275628139729407e-06,                                          0.11219472821661153,                                      0.7137436550213261,29349.433490573527, 291764.2052680203, 321113.6387585938, 0.0002692956050507805
                            1.7157357087359368,                           0.34709835487549284,                                        3.604664544369463e-05,                                         0.003846131902435134,                                     0.36779728426419644,29343.952128198653,28004.715008793773, 57348.66713699243, 1.121253554949847e-06
                            1.7053306936949209,                            0.3377861837773993,                                         0.010205040346381178,                                          0.01591311086547496,                                      0.7589290136722525,29349.865678213242, 163.7925099595382, 29513.65818817278, 0.0004148833181026703
                             1.714320706599407,                           0.34675582938870186,                                        2.020368149379878e-05,                                       0.00014515160667827936,                                      0.8596106621838657,29347.159197172256,56388.162102406575, 85735.32129957883,2.7702323166758558e-05
                             1.715651056320254,                            0.3493485908529168,                                        3.144204209184991e-05,                                        4.351933670632992e-06,                                      0.6388788250152646,29345.253827569046, 261590.3263907115,290935.58021828055,4.1212094466834906e-06
                            1.7151766154869794,                             0.347524267043365,                                        8.694945241753708e-06,                                        0.0006254303334001934,                                      0.9005739876308876, 29345.65026837936, 116611.1265393267,145956.77680770605, 6.126278599693952e-06
                            1.7177791792665533,                           0.35125160504860614,                                         0.015488663541699291,                                           0.9558518620871354,                                     0.41341607355070575, 29342.57561004757, 68.45649895667354,29411.032109004245,2.8306723043646127e-07
                            1.7120520647590987,                            0.3434169621248602,                                        0.0008013774731118702,                                          0.00416822629249625,                                      0.2867730226659494, 29347.61841012076,1490.6735090590378,30838.291919179796, 4.384800522981328e-05
                            1.7153322156883886,                           0.34713507247097003,                                        0.0002584036477489005,                                         0.013416717775587469,                                      0.2473763900383335, 29343.06101001718, 3947.329010523112, 33290.39002054029, 4.599346445936677e-07
                            1.7131023928858602,                            0.3439428194375601,                                       1.2085195114941835e-06,                                       2.0567665259348163e-05,                                      0.6159655499139776, 29345.75633938233, 876081.6263731716,  905427.382712554, 6.811814210587219e-06
                            1.7255566928570518,                           0.35742076857002075,                                        8.209387936646027e-06,                                         0.032872075216079204,                                      0.7092932879784172,29348.391475054264,121844.97962252737,151193.37109758164, 9.499214087259049e-05
                            1.7054739643390617,                            0.3378458359712662,                                        0.0007865444759528911,                                       1.9034997565813724e-05,                                      0.8258371022015025, 29349.99967107721, 53809.15487705978, 83159.15454813698, 0.0004743712217687186
                            1.7188924477241163,                           0.35267950763746475,                                         0.006516516023794448,                                           0.1786094333368673,                                     0.27344904473722487,29342.818134040892,  161.890476736453,29504.708610777347,3.6075837977043036e-07
                            1.7158864080493168,                            0.3483330823683476,                                       0.00012424619072609277,                                       2.8641467594379312e-05,                                     0.38925701308572924,29343.395144408496, 42965.81931142641, 72309.21445583491, 6.424049022390123e-07
                             1.713213915808077,                           0.34567567807403027,                                         0.006188797212532918,                                        6.533453356926891e-06,                                      0.3990444507265999,29348.395632953325,  153222.887830949,182571.28346390233, 9.538793086307693e-05
                            1.7148539037889166,                            0.3480769166600419,                                         0.038501611580402106,                                          0.14684066316274022,                                      0.2864983262213019, 29346.39438309867,35.655969719183176,29382.050352817852,1.2893227905083855e-05
                            1.7131795281514781,                            0.3449298333488542,                                          0.02163891945635813,                                         0.015369209572239976,                                      0.8983167168996248,29345.752563694965,114.17732358685343,29459.929887281818,6.7861434226749644e-06
                            1.7223035524780308,                            0.3546202801661849,                                        6.932303790701499e-06,                                       1.6007480061649557e-06,                                     0.38352255132977364, 29347.59111457976, 768962.9560329061, 798310.5471474859,4.2667336998003914e-05
                            1.7157654095851516,                           0.34891587227785453,                                       2.1704558795382007e-05,                                        2.181490010918605e-05,                                      0.5187415922329468,29344.281141163097,  91916.3643687323, 121260.6455098954, 1.558089310088954e-06
                             1.723350379377214,                            0.3540994591256637,                                         0.000484668927918422,                                          0.05439206776076902,                                      0.9067591646187643, 29349.11560054355,2084.4732003569156,31433.588800900467, 0.0001959617818798406
                            1.7067605176330911,                            0.3403972003550047,                                        0.0009180405245007682,                                         0.042369290487398396,                                     0.33716677822636776,29348.665604670514,1115.8162779770796,30464.481882647593,0.00012495126443666407
                              1.72119963425446,                           0.35417430922398613,                                        0.0020170686606572593,                                         0.026857467712443468,                                      0.2626601012069223, 29349.10292858387, 535.8260047365766,29884.928933320447,0.00019349422946278645
                            1.7114202059020223,                           0.34379599892250384,                                        9.485396912990188e-06,                                       0.00018441899079349556,                                      0.5266307568369873,29350.570801853144,110850.55781445975, 140201.1286163129, 0.0008397640498981177
                            1.7208547048609748,                           0.35199030769562056,                                         0.001685741262482599,                                        1.899613934398526e-05,                                        0.34990261819726,29347.821348561498, 53238.32729185726, 82586.14864041876, 5.371367731859415e-05
                            1.7200313762150707,                             0.351249155308807,                                         0.004223016888719735,                                         0.012151485554191845,                                     0.32900643016738107, 29350.41249033937, 321.9389842018696, 29672.35147454124, 0.0007168090202447295
                             1.716824971385634,                           0.34814916512869176,                                         0.048933788854367444,                                         0.033990949290643904,                                       0.769615318341935, 29346.25133978385, 52.72770522459843,29398.979045008447,1.1174773704135865e-05
                              1.72673807610535,                           0.35804434811766844,                                        0.0002547040593863066,                                           1.5181409590526436,                                     0.18164434956025927,29344.857906661884, 3929.576748000939, 33274.43465466282,2.7738209336729224e-06
                            1.7166724361735581,                           0.34787785336280286,                                        0.0006299603706806654,                                        0.0003734424756709917,                                     0.45398112557488696,29346.248239789984, 4268.064601878995, 33614.31284166898,1.1140185613350187e-05
                            1.7037041521252814,                           0.33642997817769404,                                         0.013042495706085613,                                          0.01133095555751508,                                      0.6918466943665738,29347.360706372976,167.89863916020417, 29515.25934553318, 3.388679732991904e-05
                            1.7260098969225308,                           0.35829028319696976,                                        3.718771545429146e-06,                                        0.0004668552858274776,                                      0.8791207048076415, 29348.00317635671, 271050.7874741119, 300398.7906504686, 6.442459453790286e-05
                            1.7163173064478199,                            0.3489089604372331,                                        7.971890853087953e-05,                                         0.054550834367990735,                                     0.11021179899680167,29344.764251407487,12565.273009759063, 41910.03726116655, 2.525832000861126e-06
                            1.7078600205656747,                            0.3411763573879215,                                       0.00018925106066528398,                                         0.001415460356107387,                                     0.38285721883636226,29350.518351871353, 5993.401206452716,35343.919558324065, 0.0007968536036063469
                            1.7257456019790394,                           0.35745512084955616,                                       0.00012919900488311988,                                        0.0005184808226949106,                                      0.9142166702207513,29347.771801121497, 9671.506893205593, 39019.27869432709, 5.111715871098426e-05
                            1.7063661622828379,                           0.34076631056760864,                                        0.0027020527792186453,                                        0.0044872926413411915,                                     0.34326152635350915,29350.063021381196, 595.8750814823512,29945.938102863547,  0.000505395093853003
                             1.711848713561864,                           0.34531569287380287,                                        0.0013226498195181282,                                            5.481837920602151,                                     0.32027385280749354,29337.709346874533, 759.1363385996146, 30096.84568547415, 2.180210125004023e-09
                            1.7055967255689044,                            0.3359073163906247,                                       1.9615521687691426e-05,                                         0.004765934664543464,                                      0.5638609070841164,29347.066570407675, 51192.83535160749, 80539.90192201517,2.5251599845489983e-05
                            1.7045659250752578,                            0.3379510657280109,                                       5.8233028666769665e-05,                                         0.004701826619211865,                                     0.23606770527472343, 29347.48830735685,17388.027514357822, 46735.51582171467,  3.84987765592113e-05
                             1.714469941637201,                           0.34787892281461286,                                         0.005070615457142122,                                          0.02489328144093154,                                      0.5860487832079062,29346.636180996302,240.26076355027016,29586.896944546574,1.6419999975938036e-05
                            1.7215785184328185,                            0.3543838869836172,                                       0.00016236998657006213,                                         0.008803733387744647,                                      0.7646498547660423,29347.691664350892, 6275.183654523643, 35622.87531887453, 4.718063142216686e-05
                             1.717142589567018,                            0.3487155110432772,                                        4.882314365807572e-06,                                         0.013110039968890663,                                       0.461285670927442,29345.342553850427,204900.04047926603,234245.38303311646, 4.503581444022944e-06
                            1.7171343311052594,                           0.35000537406077137,                                          0.00149594541904818,                                       1.6723493812512598e-05,                                      0.6512615682271723,29344.665996674452,60467.448124633054,  89812.1141213075, 2.289459539383769e-06
                            1.7231514207155034,                            0.3551475633035027,                                         0.004498883322366088,                                       1.8035125283700216e-05,                                     0.17248036984458304,29348.361590349792, 55672.44844001083, 85020.81003036062, 9.219532792824094e-05
                            1.7071626859125202,                            0.3409631874432735,                                        0.0006508856553432181,                                         0.020756845503080042,                                      0.3323074724377538,29349.413967999226,1587.4779104037984,30936.891878403025, 0.0002640892476989715
                            1.7226968495173725,                            0.3543739146110866,                                         0.006262517671991857,                                          0.05956497124804713,                                      0.6985104291448191, 29346.83561994214,179.29045679957753, 29526.12607674172,2.0044184231246893e-05
                            1.7194158008130767,                            0.3518212518120892,                                         0.021868744524303076,                                         0.025855353632165158,                                     0.26435138791271334, 29351.86515197212, 87.24642402351786,29439.111575995637, 0.0030639832936382627
                            1.7231229109162345,                           0.35439653198769405,                                       1.3130649067042064e-06,                                       1.4766523012561244e-06,                                      0.4853919660274819,29350.107079956462,1438787.2879737022,1468137.3950536586, 0.0005281598915235553
                            1.7257946057740892,                            0.3577291039820253,                                       2.0891528006012468e-05,                                       2.6541643389005012e-05,                                      0.6328583157517067,29348.976674889695,  85545.7305237656,114894.70719865529,0.00017054411392424857
                            1.7254301343306253,                            0.3568767627105406,                                       0.00023190132204788824,                                          0.09102896265429357,                                      0.8429720035859614,29347.502130252076, 4325.966554890184, 33673.46868514226,3.9034636147134894e-05
                            1.7196867694238986,                            0.3512150714968854,                                       0.00014741993643307887,                                         2.25574412285016e-05,                                     0.42465887735483443,29348.625439237258, 51117.45951917974, 80466.08495841699,0.00012003199635283704
                            1.7068681369576084,                            0.3400123868508477,                                       3.0138831819639315e-06,                                         4.90464407033868e-05,                                      0.7502940474027905, 29350.87212878812, 352189.6437116396, 381540.5158404277,  0.001135068061704319
                             1.715239331382937,                           0.34697299382095964,                                         9.00966325065637e-05,                                           0.5777516045969744,                                       0.304688040799023,29342.922233483514,11103.806883723655, 40446.72911720717,  4.00337470936343e-07
                            1.7194596528101391,                            0.3535341900255611,                                         0.002195571163459313,                                            0.817221113511181,                                      0.2740878188063773, 29346.59802171684,459.51458899875223, 29806.11261071559, 1.580522881742668e-05
                            1.7114952446777278,                           0.34349129703873366,                                        0.0017305282378180659,                                        2.264294892067012e-05,                                       0.506913452110012,29349.638060831086,44744.628367342324,  74094.2664281734, 0.0003304250768897866
                             1.717604250277037,                            0.3504212863409097,                                         0.011105924272123627,                                          0.45595867261182726,                                     0.28997857314031816,29343.370327501303, 95.08892216165967,29438.459249662963, 6.266585948674567e-07
                            1.7062043288790378,                            0.3392002526107213,                                       1.6370147191410965e-06,                                         0.021925962965972025,                                       0.527253560385004,29350.121881653584, 610916.6126765171, 640266.7345581707, 0.0005360356981294701
                             1.720385584593955,                            0.3518648205406988,                                        0.0037397360000701015,                                         0.011343618739080982,                                     0.40492472774799604,29349.552799950445,358.39584487893865,29707.948644829383,0.00030342032538227065
                             1.706124363787035,                            0.3399112862178789,                                         0.002812054645378281,                                        2.784796035043012e-05,                                      0.6559544924491778, 29349.31992991191, 36267.82642535324, 65617.14635526515,0.00024038673401402945
                            1.7157813737471157,                            0.3475362621925957,                                        3.165561327770635e-05,                                       2.5337336051223626e-06,                                      0.4340951663866754, 29343.11678103616, 426267.3341240102, 455610.4509050463, 4.863144452638689e-07
                            1.7057941760667072,                            0.3394661578462354,                                       5.2525824701325286e-05,                                        8.722437917110713e-06,                                      0.5343859331745764,29349.601344158407, 133688.0463364397, 163037.6476805981,0.00031851299176916106
                            1.7145677723899058,                            0.3488159298903437,                                        0.0001731162357567321,                                          0.06409313401200008,                                     0.11638561738529002,29346.089183697175, 5794.934848564456, 35141.02403226163, 9.502004757342176e-06
                            1.7186371646688803,                             0.349802819525239,                                        5.160729648262961e-05,                                        8.067107935839276e-05,                                      0.5895478911442706,29350.150914892107,31775.979819097764, 61126.13073398987, 0.0005518266727698363
                            1.7199713258373204,                           0.35020945230366624,                                        0.0032496593734174218,                                          0.19573339662163083,                                      0.6323370796445001,29348.230923518087,  315.688983981822, 29663.91990749991, 8.090232997619979e-05
                            1.7178684586113864,                             0.348950511824691,                                        1.703159323530244e-06,                                         8.72389522427394e-05,                                      0.6607015185273459,29352.200726693132,  598609.765655866, 627961.9663825592,  0.004285728376310427
                             1.714684812633145,                            0.3479520537511954,                                          0.01932396487399802,                                        2.350135884286005e-06,                                     0.29858764987342873, 29345.34973815594,425561.93391516956, 454907.2836533255,4.5360530523261424e-06
                              1.71334027528406,                            0.3468661622541824,                                       0.00028493813758322296,                                       3.3276023608792016e-05,                                      0.6505335715136082, 29348.42900144209, 33564.08425318549, 62912.51325462758, 9.862458273648116e-05
                             1.705946383394451,                            0.3411006345106172,                                        0.0005901008413941011,                                         0.011394889934713106,                                      0.5246558484715068, 29341.28807724192,1785.3159351701381, 31126.60401241206, 7.811261966089202e-08
                            1.7173852507400658,                            0.3493068398777285,                                       0.00019446264849927737,                                          0.21923465633222236,                                     0.49776728182726354,29345.035655090574, 5149.799844423891, 34494.83549951446,3.3133978274347076e-06
                            1.7034440871655152,                            0.3357596825198173,                                       3.5545220022359164e-05,                                       1.6715093433386718e-05,                                      0.9204227320888926, 29342.52111585011, 87962.32499113868,117304.84610698879, 2.680544778333309e-07
                            1.7138115060613446,                            0.3457172307995944,                                        8.595547615164964e-05,                                          0.09747557488777452,                                     0.01831742896184163,29346.002719510216,11647.081602952032, 40993.08432246225, 8.714938450536209e-06
                              1.72365715364601,                           0.35516627239415355,                                       0.00032078334521013716,                                        8.818722817653504e-06,                                      0.7564118036799715,29347.758325698924, 116515.2894221813,145863.04774788022, 5.043295372581347e-05
                            1.7178958997562739,                           0.34838895060627384,                                       0.00027374111250216566,                                            9.008833506736828,                                     0.08400483707399786,29351.827928016453,3656.0679939698534, 33007.89592198631,  0.002952026382112479
                            1.7084132045857423,                             0.342368923507814,                                        4.781481646655647e-06,                                        0.0021268112293654075,                                      0.5788445938481264,29350.524611437046, 209613.3024696398,238963.82708107686, 0.0008018572049335754
                             1.713664374152818,                            0.3476566410074336,                                       0.00031111554270978823,                                           1.3576462314450892,                                      0.6495167948026775,29347.499569375766,3217.8528994540234, 32565.35246882979,3.8934801159249466e-05
                            1.7226345192775332,                           0.35591599065752927,                                       5.1829526878276835e-06,                                        0.0017444755552826793,                                      0.9418877515458084, 29346.58092250126,193516.26169313022,222862.84261563147,1.5537269280405398e-05
                            1.7153746473398184,                           0.34763095313117504,                                        7.816847042439346e-05,                                       0.00015865193968912024,                                      0.6791306448556083, 29344.09641297712, 19098.86442454871,48442.960837525825, 1.295286729490225e-06
                            1.7240871866276162,                            0.3543248468094639,                                          0.01431157935440695,                                          0.03768527917218547,                                      0.5151944518606326,29349.038922929532, 99.23131948442123,29448.270242413953,0.00018149752836517393
                             1.721405517693251,                           0.35233579674477356,                                        0.0032001586786366857,                                        8.844013529411101e-05,                                      0.4487999371045145,29347.638003507087, 11622.40626828749, 40970.04427179458,4.4715608018397086e-05
                            1.7147838323085325,                           0.34764928380562937,                                        0.0023506592951264478,                                       0.00032102609798718783,                                     0.26830186667167333,29347.428495377408,3543.3005674558535, 32890.72906283326,3.6263600011234364e-05
                            1.7202318537311876,                           0.35218009709018216,                                        0.0006239235091336488,                                        0.0019860034694954075,                                      0.6980736753987655,29349.384328227796,2109.1238207633924, 31458.50814899119,0.00025637656841994734
                            1.7175965377595666,                           0.35067395049957395,                                           0.0656031640418891,                                        8.213813274737794e-06,                                      0.5742738870689067,29343.361178821408,121764.22740710415,151107.58858592555, 6.209516413298999e-07
                            1.7072701893531874,                            0.3404689787587982,                                         9.24343869838774e-06,                                         0.000729653999373409,                                      0.8835252507163505,29350.864170410467,109558.29658059351,138909.16075100398,  0.001126070611448962
                            1.7185783697122234,                            0.3519724196198816,                                         0.009805437644261238,                                       2.1313720558999386e-06,                                     0.42991180961401654,29341.941320577538, 469286.1666625464, 498628.1079831239, 1.501139935953571e-07
                            1.7216319563969462,                            0.3539231492285347,                                         9.32157079418347e-05,                                        0.0008539436952441897,                                      0.7562475724341381, 29349.68586878854, 11901.66853467572, 41251.35440346426,0.00034660572501804613
                            1.7139849941007144,                           0.34766041593938074,                                         0.000730405864912297,                                        5.175797176162159e-05,                                      0.3244492886465296, 29347.80375132602,20692.673457554152, 50040.47720888017, 5.277673308257425e-05
                            1.7156530299355974,                           0.34885807714110645,                                       3.3857010460007356e-05,                                        8.765885098639668e-06,                                      0.6451948844610371, 29344.12498348251,143617.45840259537,172961.58338607787,1.3328274510804848e-06
                              1.71254976114656,                           0.34553745409438014,                                        3.930225518407303e-05,                                        0.0005663511886120754,                                     0.46837746718396644,29349.757244133238, 27212.41548609438, 56562.17273022762,0.00037224909466326795
                            1.7148505353651435,                            0.3482238184265998,                                         0.009801156808347056,                                         0.013469479619793712,                                      0.5736746027269141,29345.401048824544,  179.142406829153,29524.543455653697,4.7748756456654954e-06
                             1.706339778126016,                           0.33785511530428286,                                         0.017003566187591704,                                        0.0035794304462147784,                                      0.6750626927266885, 29348.56866707903,341.14509634095276,29689.713763419983,0.00011340734787700932
                            1.7176262127352797,                           0.34986112763364763,                                          0.00358988292366392,                                       1.9905466997699525e-06,                                      0.7824476289905518,29346.667276685006,502655.96761183883, 532002.6348885238,1.6938612705353033e-05
                            1.7211597467657236,                           0.35236869894726885,                                         0.002312014582195135,                                          0.01301678554891968,                                     0.14980595749992826,   29347.010891205, 512.1850423065489,29859.195933511546,2.3884036603941216e-05
                             1.705964583108532,                            0.3386490714743061,                                         0.008592981875943902,                                         0.018490642037134093,                                      0.9593695233018043,29350.332532421053, 173.4083577650268, 29523.74089018608, 0.0006617259697808654
                            1.7221019195245284,                            0.3551021616069169,                                        0.0023421177075020577,                                          0.27123231981015133,                                     0.13865549474181482,29347.257467390064, 433.4669907932382,  29780.7244581833, 3.056288903515096e-05
                            1.7246614235777145,                            0.3570207684032582,                                       1.3556009566595243e-06,                                          0.03575773246406019,                                      0.7228089215521307,29347.927851438795, 737710.9781281399, 767058.9059795786,5.9750080915930507e-05
                            1.7203722599287086,                           0.35292129839006325,                                        3.938329092754684e-06,                                          0.02062541982027451,                                      0.7385110372188016,29349.829645637503,253966.10620233061, 283315.9358479681, 0.0004002001287084359
                            1.7135007528534976,                           0.34438592497456605,                                         0.008577897045824803,                                          0.09305959946602711,                                      0.8081104844126761,29345.765439761468, 130.2282107465157,29475.993650507982,6.8740872267827076e-06
                            1.7153129168467698,                           0.34802716709080095,                                        5.393866768134453e-05,                                         0.013004798143891858,                                      0.5929221197582396,29345.322911651067,18619.343500665942,47964.666412317005, 4.415984315936019e-06
                            1.7132506315971647,                            0.3447381823598147,                                        0.0004986699319535067,                                        6.615396467595747e-06,                                      0.4199866133424341,29347.237351973738,153170.75508755553,182517.99243952928, 2.995424587615236e-05
                            1.7232079379642191,                            0.3563805677428014,                                       0.00011932886238851095,                                          0.06162348666991264,                                       0.838152187521728,29345.563134702945, 8399.235809126481,37744.798943829424, 5.615068621398501e-06
                            1.7156234314696108,                            0.3489794985295706,                                        0.0014068501526606572,                                        1.867455282865282e-05,                                     0.38412073973423244,29344.039491529784, 54262.47890262492,  83606.5183941547,1.2236162773485954e-06
                            1.7217792861374157,                            0.3535471749124642,                                       0.00011177072429904936,                                           3.4228314693834934,                                     0.32470938004515865,29344.413896805196, 8950.007272861767,38294.421169666966, 1.779292674498315e-06
                            1.7179179200873496,                           0.34930808861561763,                                       1.1430726308746786e-06,                                       2.0261252024096055e-05,                                     0.40166777830003064,29352.956640586945, 924193.2024005535, 953546.1590411405,  0.009126702105830923
                             1.705198251352133,                            0.3384961769581312,                                        7.577239802562421e-06,                                       0.00031039224709697005,                                      0.9312211215907171, 29347.96032749676, 135198.8629294229,164546.82325691966, 6.172238092710877e-05
                             1.718573273431698,                            0.3501218697988954,                                        7.330371197902183e-05,                                       1.2844058073794022e-05,                                     0.48780456617194556, 29351.42480894648, 91501.74339196578,120853.16820091226,  0.001972640052508871
                            1.7129514000197292,                            0.3448404037594551,                                       0.00029907657330306865,                                        0.0021302062240798067,                                      0.3823097580238589,29345.727826095306, 3815.963319425078, 33161.69114552038, 6.620329893506431e-06
                            1.7163082001078025,                           0.34821885072530556,                                        3.826683931298171e-05,                                            7.555243652988839,                                     0.12623705961839066, 29340.55186040332,26135.290396736895, 55475.84225714022, 3.740987805106482e-08
                            1.7140239677583746,                            0.3464702650524334,                                        9.299658242527393e-05,                                           0.5543386342489051,                                     0.23177225755488334, 29346.76137823964, 10757.77352963993, 40104.53490787957,1.8609967902300864e-05
                            1.7183558509909709,                           0.35093863358415356,                                       3.8844463769825504e-05,                                        5.704084504329043e-06,                                      0.5380582326641702,29351.073512977393,201059.51456121466,230410.58807419206, 0.0013882955957768932
                            1.7154180000942454,                            0.3475532526972104,                                         0.009712420772285648,                                         0.019687069167457515,                                      0.7070990308506101,29343.607376471402,156.63296212250648,29500.240338593907, 7.942917655361958e-07
                            1.7198632250352266,                             0.349880744156491,                                        0.0004500122571737374,                                            3.376278823871723,                                     0.10921657438465077,  29347.9285013709,2225.3159953928725,31573.244496763775, 5.978892703416638e-05
                             1.707090934246846,                            0.3383314229346413,                                       0.00047622129239126103,                                        0.0004994993491466742,                                     0.41614476791269406,29348.598276070217, 4104.824401695804, 33453.42267776602,0.00011681543100940491
                            1.7070888017328112,                           0.33828341101129916,                                        0.0005827859242190074,                                        0.0009524567954388815,                                      0.4601551947293365,  29348.6065559513, 2768.768428739049, 32117.37498469035,0.00011778666418580893
                            1.7161786330689635,                            0.3463991819824802,                                       1.8300738656917079e-06,                                          0.10228342092043388,                                      0.4071445695952478, 29342.32257915564,  546438.695217603, 575781.0177967587,2.1978582311748863e-07
                            1.7137607098018108,                            0.3470195932966743,                                        3.764032221012534e-06,                                       2.0056776549865453e-05,                                      0.9482760600354393, 29347.80643265538,315533.88190135005, 344881.6883340054, 5.291843477601309e-05
                             1.715493290084639,                            0.3486528868209286,                                         0.009665274012234621,                                          0.43887361324732566,                                      0.5091864484933343, 29344.07343635305,108.60992407184531,29452.683360424897,1.2658647168793436e-06
                            1.7155444951897625,                            0.3479157757666394,                                        0.0007952674426926901,                                        0.0014668930712979829,                                     0.36013864768711834, 29344.19321492061,1942.0258322771315,31286.219047197745,1.4269424764686893e-06
                            1.7040648600797668,                           0.33817343021243174,                                        0.0004934824441696289,                                       3.2656751728840865e-05,                                      0.8905788214582917,29345.799787417203,32650.910704113146, 61996.71049153035, 7.114297726661067e-06
                             1.708042239752835,                            0.3418833953958021,                                       1.3969709291312135e-06,                                         0.012678021367881424,                                       0.282000562837508, 29349.43381576548, 715916.3112496277, 745265.7450653932,0.00026938319205465613
                            1.7081434411676497,                           0.33804211646803517,                                       2.1601546600450413e-05,                                        0.0031980596169846566,                                      0.3733203994451312,29345.192718407496, 46608.62944889217, 75953.82216729966, 3.876906391212998e-06
                            1.7056452356674876,                           0.33913952981716083,                                         9.28926199432729e-05,                                         0.002286428284437558,                                     0.41829778458309175, 29349.61702055254,11205.429856053135, 40555.04687660567, 0.0003235454694565553
                            1.7143875779748872,                           0.34572631395689013,                                        4.611042797381868e-05,                                        0.0019130998517795808,                                     0.37355016784672945,29344.011292996467,22212.672613238312, 51556.68390623478,1.1895940360270987e-06
                             1.715072440418869,                           0.34763746056750194,                                         0.005908315226968453,                                       1.5581641877920656e-06,                                      0.7069124357755494,29345.145837470554, 641953.0200556373, 671298.1658931079,3.6993479589570917e-06
                            1.7146506420635799,                           0.34780875961636853,                                       1.3445603883934214e-05,                                        0.0014998332388197972,                                     0.12008600471179764, 29346.42786589051, 75043.36728315105,104389.79514904156,1.3332237795953635e-05
                            1.7165705273976788,                           0.34839348705181855,                                          0.00958602724461578,                                          0.14849319094074367,                                      0.5892351867819885,29343.104613505577,113.92313500036575, 29457.02774850594, 4.804330529500851e-07
                            1.7220651041101973,                            0.3534514163147309,                                       0.00039459387225557153,                                       2.7609330047165968e-05,                                      0.7295031546437873, 29346.42529377887, 38756.72064058561, 68103.14593436448,1.3297989855577226e-05
                            1.7138553714939209,                            0.3455878228499816,                                       1.5061428952578314e-05,                                       2.1224305761140337e-06,                                     0.46086555492537884,29345.462314180542, 537555.5877415657, 566901.0500557462, 5.076557055308186e-06
                             1.705838877038453,                           0.33978429395818005,                                        0.0005430651881476762,                                         0.020988054213323174,                                      0.4408206280137831,29349.248366784912,1891.9887573629771, 31241.23712414789,0.00022378502722703465
                            1.7171446338282967,                            0.3490642930812912,                                        0.0004057474343057318,                                         0.009893240099331043,                                      0.3130026788605327,29345.172521231325,2568.5312865055803,31913.703807736907,3.7993892783102837e-06
                            1.7209766024275164,                           0.35255909207368896,                                        0.0019033657848069126,                                           0.5820505926643126,                                      0.2736936786632999,29346.702017959436, 529.9395554727322,29876.641573432167, 1.753742319056459e-05
                             1.717024244268286,                           0.35034846208304826,                                       0.00025058560212864236,                                       1.2827804232149976e-06,                                      0.5803796484887602,29342.044536889072, 783550.1492299199,  812892.193766809,1.6643607043073707e-07
                            1.7156408183229104,                           0.34870307412191853,                                         0.000300863917446782,                                        9.587051262023662e-06,                                      0.8375027935225421, 29344.27227026097,107633.98881912422, 136978.2610893852,1.5443287767263923e-06
                             1.707560599095186,                            0.3413670607999953,                                        8.963200934768845e-05,                                        7.347642443508763e-05,                                      0.6936368486650688,29349.812429087244,24769.465578008312,54119.278007095556,0.00039336903573919824
                             1.706284038759752,                           0.33990389928876635,                                        0.0008117822106903207,                                        0.0001586021431138958,                                      0.4216818225527311,29349.669486713323, 7539.884543240123, 36889.55402995345,0.00034097386072495773
                             1.713551972233549,                           0.34718110691587095,                                        0.0008911497234603715,                                         0.003298503267270396,                                     0.19554549086607892,29348.230027867245,1428.1940379834668, 30776.42406585071, 8.082990217603031e-05
                            1.7179622511367174,                           0.35004301680418826,                                          0.02559296253907684,                                         0.037749470890384045,                                      0.5553834537727694,29344.941628460372, 68.42047052774916, 29413.36209898812, 3.016048607705863e-06
                            1.7234425662417616,                           0.35548548187952056,                                       0.00017866648468921404,                                        1.187365486799877e-06,                                      0.3355144927701442, 29348.51062310854, 847800.4965068726, 877149.0071299812,0.00010701213238374345
                            1.7156361418519273,                           0.34673683414695816,                                         0.007483149147058458,                                           0.3145345656596048,                                      0.3723686356773892,29343.777509776053,139.69691108829534, 29483.47442086435, 9.416033948001902e-07
                            1.7215216005800695,                           0.35343936211254945,                                        4.471761143357765e-05,                                           0.6351318519023074,                                      0.9261183811924989, 29346.85307800358,22366.957806156777, 51713.81088416035,2.0397189256981236e-05
                            1.7119576558607346,                           0.34617267174664973,                                        6.179551966677391e-05,                                        0.0020219033804084415,                                      0.3758901152021109, 29353.22103154524,16679.875160793734, 46033.09619233897,  0.011888783261200256
                            1.7142586407223823,                            0.3461984364917448,                                         0.004064496078922694,                                          0.26268088470153295,                                      0.9435135803807309,29345.002882807534,252.72837703659943,29597.731259844135, 3.206570268600937e-06
                            1.7153855138441576,                            0.3483795113664398,                                         0.007338687714326383,                                        0.0008651577288256284,                                     0.11101206877806918,29344.113145059775,1294.9931755298546,30639.106320589628,1.3171419055322756e-06
                             1.707789978176233,                           0.33919511809318553,                                        1.602338256231399e-06,                                         0.009109651981668122,                                     0.33605909053710636,29349.022995167314,   624200.67336976, 653549.6963649273,0.00017862957952510198
                             1.714105781834733,                           0.34579249656117844,                                       0.00022544554228416425,                                       0.00021922193967710522,                                      0.2342693075536546,29345.966002460522, 9000.140137230226,38346.106139690746, 8.400754865724701e-06
                            1.7050871300502046,                            0.3400692553497684,                                        5.087504525418803e-05,                                         0.008347693941275599,                                      0.4128427768101325,29346.325989534773, 19778.73631215827, 49125.06230169305,1.2040893414981825e-05
                            1.7149120575980226,                           0.34776287021578495,                                        0.0017397147913668057,                                         5.96392036886511e-05,                                     0.44840232893581533, 29347.43323046527,  17345.1765520568, 46692.60978252207, 3.643571852006052e-05
                            1.7065133159209669,                             0.339211335263163,                                        3.100942975924632e-05,                                       0.00036855596533722884,                                      0.9034990792875525,29350.879131508736, 34964.49519955343,64315.374331062165, 0.0011430445220871838
                             1.727374472395751,                           0.35848948434550826,                                        0.0034106484243389885,                                       0.00011948258403304733,                                      0.7994211263850908, 29345.67113938875,  8665.40945986623, 38011.08059925498, 6.255483849763057e-06
                             1.712428042043542,                            0.3435729258341923,                                       0.00016592241142911876,                                         0.009655582809240594,                                      0.5479134403137548, 29348.93960080095, 6133.390987712195, 35482.33058851314,0.00016433711663132325
                             1.716245818280082,                             0.349304874424715,                                         0.006408693428159664,                                        0.0002078379541717938,                                      0.4176865420762279,29344.169406701792, 4970.341614554648, 34314.51102125644,1.3933707450877017e-06
                            1.7168332970069455,                            0.3499358701479345,                                       0.00016121291942091038,                                        5.445277235201498e-05,                                      0.3477304600628134,29342.445136593524,24570.372342764498,53912.817479358026,2.4844238778616494e-07
                            1.7228459799653784,                           0.35593197795632414,                                       2.8754425070998927e-05,                                          0.02217215965171126,                                      0.9379909215850397,29344.200085248696,34825.167067656716, 64169.36715290541,1.4367797935436495e-06
                             1.716064804960746,                            0.3483258856208915,                                        0.0018014817541425795,                                          0.00952810973193045,                                      0.5796797828364433, 29344.13473047907, 662.9220865758801, 30007.05681705495,1.3458820337927653e-06
                             1.716521462532755,                           0.34674816534789915,                                        0.0023702986095643645,                                         0.011008478243070045,                                     0.16702082852372935,29343.385021446047, 515.6107864093148, 29858.99580785536, 6.359346657698141e-07
                             1.719909819165251,                            0.3496003955887678,                                         0.005825406830954263,                                           1.5075081726655182,                                     0.31089108014690375,29345.485838307803,175.18558548197166,29520.671423789776, 5.197394353100495e-06
                            1.7146534587534776,                            0.3460747695313811,                                        0.0009885277877930009,                                           0.8149313802346337,                                      0.5346232621862306,29343.190966652608,1015.7219974289194,30358.912964081526,  5.23763914447267e-07
                            1.7132128503848054,                           0.34586512316548396,                                        9.221252850397214e-06,                                        0.0005497901531928166,                                      0.8461516767447836, 29349.50342476069, 110266.9009824597, 139616.4044072204, 0.0002888027320399686
                             1.708329769530572,                            0.3422400250580475,                                       1.2977734934715315e-05,                                       0.00011723191670280114,                                      0.6507817176278359, 29350.51474176171, 85588.07105863543,114938.58580039714, 0.0007939820611396556
                            1.7075098315093584,                            0.3420910661400822,                                       0.00042131897650724774,                                        1.998273402688244e-06,                                      0.8519099208230891,29349.152100888583, 502808.4440883155,  532157.596189204,0.00020324659486177266
                             1.709459681474979,                           0.34185544453711497,                                       1.0439986810249907e-06,                                         0.030870861162895395,                                     0.14474417708665688,29351.430112641927, 957890.9344909905, 987242.3646036324, 0.0019831301280632645
                            1.7138935399374209,                            0.3455569418151149,                                         0.004482344441992854,                                            1.153213267056784,                                      0.5509702207954276, 29344.55748711772, 226.8585572475599, 29571.41604436528, 2.054035149314615e-06
                            1.7139287324363646,                            0.3467632541899856,                                         0.006177200582865322,                                          0.02145142363817112,                                      0.7510419288831488,29346.485704729457, 211.3863932583581,29557.872097987816,1.4126095558864036e-05
                            1.7189640604903509,                              0.34939373642622,                                         0.035147266691193044,                                           0.0445559680723953,                                       0.598299819235924, 29350.94668697415, 53.75749759031484,29404.704184564467,  0.001222931446316024
                            1.7127205450187186,                            0.3446571135344066,                                        6.134407574905295e-05,                                       1.8893970898736415e-05,                                      0.8081160768603675,29346.423042676142, 69231.33069166227, 98577.75373433842, 1.326808838261626e-05
                             1.722888305215486,                            0.3544782802911081,                                        0.0010799633418852453,                                       1.1021196840966706e-06,                                      0.6381407228440091,29347.227889489845,  908271.251665631, 937618.4795551208,2.9672141117823776e-05
                            1.7058065290885835,                           0.33809438038129613,                                        0.0009937107069094787,                                        3.125783135625008e-05,                                      0.3963779976913747,29349.279825375925, 33001.26955299178,  62350.5493783677,0.00023093689287516592
                            1.7151248817130988,                            0.3469596103333639,                                         0.001352354576848029,                                        0.0009083923401159515,                                      0.5854799287622643,29342.172111505588,1843.1791395998544,31185.351251105443, 1.890829657245467e-07
                             1.716325570893154,                            0.3475609022596547,                                         0.008824154092037453,                                       3.9634731295242285e-05,                                     0.35253437347831207,29347.014125550806, 25346.59936335509,54693.613488905896,2.3961410897766604e-05
                             1.704147762071093,                            0.3372989409007876,                                         0.008723126710874943,                                        0.0026370699203942544,                                      0.5247276378659838,29347.964156690257,496.81127729263386, 29844.77543398289, 6.195918095405021e-05
                            1.7230288595655499,                            0.3541890915113128,                                       1.0190935785815017e-05,                                        2.590592553970433e-05,                                      0.5606934819444983, 29348.84636386188,136730.44614459158,166079.29250845345,0.00014970743678862942
                             1.716432317559331,                             0.349087698293202,                                          0.07609293209775844,                                        0.0004126422282690729,                                       0.790925606664489, 29344.25440892382, 2439.413278447254,31783.667687371075, 1.516989881207446e-06
                            1.7194589750470788,                            0.3512988811303992,                                        0.0076295303362501786,                                           1.2752166813089683,                                       0.212300302383148,29349.041683380732, 134.7004263359273, 29483.74210971666,0.00018199923558565723
                            1.7205237784556717,                            0.3518919292321419,                                        0.0031724850603250493,                                        0.0004579010954271506,                                      0.2620803378550736,29348.021863034395,2501.9298111989883,31849.951674233384,  6.56397948379288e-05
                            1.7204642823064242,                            0.3524450748120699,                                          0.04222289056211786,                                        0.0004081192661545319,                                      0.6604913417494203,29349.450227877493,2476.7852905460004, 31826.23551842349,0.00027384081865348373
                            1.7168793884835583,                           0.35000185824873115,                                        0.0001544322431317011,                                       1.7058061078391143e-05,                                      0.5156905207879243,29342.456061804303, 65101.49867895948, 94443.95474076379,2.5117155445373746e-07
                            1.7246802918788573,                            0.3565771135827985,                                       1.0276366653125922e-06,                                        7.063786402630076e-06,                                      0.2923956002990167,29348.647954730433,1114676.5181375372,1144025.1660922677,0.00012276523053924806
                            1.7073715173454382,                           0.34130932157000227,                                        9.133550522908796e-05,                                         0.002605562071363406,                                      0.7890219156915294, 29349.52472050904,11335.368995033963,   40684.893715543,0.00029501895700197997
                             1.721466429506611,                           0.35316824225306437,                                        0.0001578394168167012,                                       1.1371307916702515e-05,                                      0.8521371001274672, 29345.73452323596, 94279.01614287742,123624.75066611337,  6.66481597245857e-06
                            1.7203856986981367,                           0.35110939083821036,                                        4.697986951013776e-05,                                         0.035579757016525784,                                      0.7983401566770287,29348.066875470442,21316.666576455766, 50664.73345192621, 6.866190799655895e-05
                            1.7058254413131393,                           0.33987200661421574,                                         0.001191947911313549,                                        0.0017726743162795413,                                       0.361375641822164, 29346.68833181405,1406.0245360306933,30752.712867844744,  1.72990384720168e-05
                            1.7189815737103453,                            0.3524691955201952,                                         0.000495296660400079,                                         0.008999722081349247,                                     0.15639741097698606,29347.150141334416, 2132.943679823211, 31480.09382115763,2.7452587908072852e-05
                            1.7134456446426714,                           0.34653687794781807,                                         0.015340451969139482,                                         0.001180149901950896,                                      0.6461946936712721, 29348.53147319329,  915.422806910877,30263.954280104164,0.00010926676740008565
                             1.710762951330071,                           0.34579590239049757,                                       1.0117015526903363e-05,                                       1.3024577870060316e-06,                                      0.5135512640854945,29343.313256031575, 866625.4726061043, 895968.7858621359, 5.918956880939203e-07
                            1.7227942118525044,                            0.3541511843155058,                                       2.5011263452020323e-05,                                            1.020674899752001,                                      0.2636719814323376,29347.749077841298,39985.789989234145, 69333.53906707544,4.9968706902988646e-05
                            1.7233074879516113,                            0.3532074043603128,                                        0.0036843608876500613,                                          0.09187534768307246,                                      0.5916043076366857,29349.387068503296,285.13300451734375, 29634.52007302064,0.00025708007430901616
                             1.717009388246678,                            0.3491278002314476,                                        7.457373238055841e-05,                                         0.008834014165998529,                                     0.08292565232432719,29343.759146483833,13525.610514339482,42869.369660823315, 9.244702484465179e-07
                            1.7174726523913213,                            0.3492956748034955,                                       0.00039837987933636563,                                        0.0009766326587368605,                                     0.23272956129898809,  29344.5928767827,  3536.95627585584, 32881.54915263854,2.1280283397790287e-06
                            1.7128729654779884,                           0.34465541758582846,                                          0.03117544754012035,                                       1.5403578059906865e-05,                                      0.6111702803465232,29346.013692003267, 64954.95929876498, 94300.97299076825, 8.811089596340718e-06
                            1.7159795768979875,                           0.34829205196664137,                                        0.0002367379216668958,                                         0.000400953357009072,                                     0.27870776496872623,  29344.3247523488, 6721.007177259729,36065.331929608525,1.6275429013928202e-06
                            1.7135263936748968,                           0.34664888609211686,                                        8.504817153759193e-05,                                       1.1044532758834922e-06,                                     0.28187707927031164, 29347.62198679798, 917186.2826265721, 946533.9046133701, 4.400511619152386e-05
                            1.7186118261540273,                            0.3515117044262238,                                          0.02621616793138516,                                       0.00011398118072111736,                                      0.3463411020112309,29350.647543918352, 8814.367401688176, 38165.01494560653, 0.0009067465964715982
                            1.7122367577304243,                            0.3440386772617522,                                       0.00042276575429154824,                                         0.004730462271134931,                                     0.21985071077108254, 29347.89321669579,2579.6785540869423, 31927.57177078273, 5.771607910625756e-05
                            1.7138358732538643,                           0.34586176463702334,                                        1.009579501441719e-05,                                        0.0034110043896841452,                                      0.3177061671416617, 29345.91068749517, 99347.19957656087,128693.11026405604, 7.948685757079676e-06
                            1.7149109569540177,                            0.3460925774718597,                                       1.2516368033570215e-05,                                       0.00014835188904534214,                                      0.4353911098416787,  29345.0743498733, 86639.00078150573,115984.07513137904,3.4441218956167947e-06
                            1.7214383204053008,                           0.35318440018289105,                                        0.0028662644386889136,                                           0.3547477522191594,                                      0.9551830771700189, 29346.46036586384,354.53644878039853, 29700.99681464424,1.3772653147374257e-05
                             1.717909605446489,                           0.35061448527360534,                                       2.7908065558723368e-05,                                       0.00014910735726152458,                                      0.6025077304065888,  29344.1203608282, 42541.36463802457, 71885.48499885277,1.3266804691529618e-06
                            1.7075658010943702,                            0.3416857149563078,                                        0.0006854512904828322,                                       0.00027440817764437444,                                     0.48359810141939874, 29349.60255065164, 5106.025799988036, 34455.62835063968,  0.000318897507449924
                            1.7185848451930086,                            0.3517747071136045,                                        1.802793849558719e-06,                                        0.0002092988094173578,                                     0.33877455539959156,29342.044756606938, 559475.2934145533, 588817.3381711602,1.6647264342660546e-07
                             1.724619363341933,                           0.35703289906517377,                                        0.0005981055800962783,                                        0.0011730261025885364,                                      0.8079814397686242, 29347.75030766328,2527.2424226280937, 31874.99273029137,5.0030197320474176e-05
                             1.721066180941814,                           0.35409741038843084,                                        3.072083029513468e-05,                                           0.5559632777759999,                                      0.8504770511909447,29348.906439966122,32555.826306330448, 61904.73274629657, 0.0001589769260296471
                            1.7269592976588752,                             0.357345073626911,                                         0.000144729637872444,                                          0.02882492483150277,                                      0.8678773851063384,29346.772725204864, 6946.925437666986, 36293.69816287185,1.8822337155573632e-05
                            1.7270704170487037,                           0.35856304034983194,                                        7.292619247177865e-05,                                        0.0005877595420385588,                                      0.9373788830894632,29344.792259037826, 15416.65926561607,44761.451524653894,2.5975745495574568e-06
                             1.716004480534503,                            0.3478403760221627,                                       1.5708487339993883e-06,                                        0.0022320179259101114,                                      0.6093574711700659,29343.155664797767, 637049.4331937288, 666392.5888585265, 5.055966328028448e-07
                             1.722300056426346,                           0.35350534006065004,                                        0.0011032935600220862,                                        0.0001357191182917317,                                      0.7328205365342141, 29348.59646730978, 8277.364579635157, 37625.96104694494,0.00011660433085176026
                            1.7055767333827485,                           0.33922845039477617,                                       0.00012732522743071683,                                        0.0032812684529839277,                                      0.9652677509652178, 29346.40802954446, 8161.611169176673, 37508.01919872113,1.3070380644187343e-05
                            1.7035756608192094,                            0.3379252577310379,                                       1.1678774983260141e-05,                                        0.0006361902354670475,                                     0.45321434690212326, 29346.63919451266, 87200.23500099397,116546.87419550662,1.6469556546727447e-05
                            1.7052330716770356,                            0.3379135310599291,                                         0.028362473504804964,                                         0.008496164064721584,                                      0.5828350163242263,29350.578961376938,155.91736804493695,29506.496329421876, 0.0008466441556656581
                             1.716309834767503,                            0.3484317690792733,                                        0.0001872977728262302,                                       2.1612969672289874e-06,                                      0.9081534081794673,29343.800236869378,468027.10647586535, 497370.9067127347,  9.63248334648861e-07
                            1.7152468806024037,                            0.3492604831852276,                                       2.9724440628810713e-05,                                           0.1778656541164855,                                     0.13965009632067094, 29345.91912610985, 33650.83422959337,62996.753355703215, 8.016045464988991e-06
                            1.7193374036912747,                           0.35102718673325356,                                         0.005204184649944114,                                           2.3774373624231457,                                     0.23478458359255594,29350.757949096438,195.42246214552034, 29546.18041124196,  0.001012591537898484
                            1.7140709813926336,                           0.34648148977703946,                                       1.1831467025573961e-06,                                       2.2632032240011882e-05,                                      0.9214415016735744,29346.832012614133, 889391.7724863607, 918738.6044989749, 1.997200854306649e-05
                            1.7236201727212919,                           0.35723804342587173,                                        4.199634466011344e-05,                                         0.013075587086030052,                                      0.9719250440634254,29342.810666990757, 23890.87383354411,53233.684500534866, 3.580746112491739e-07
                            1.7122100295273284,                            0.3443413213901589,                                       2.2660008657058726e-05,                                       2.5001545918321392e-05,                                       0.894167547355684, 29348.23571539877, 84131.04057406707,113479.27628946584, 8.129093461822435e-05
                            1.7166792236564228,                            0.3486031560327342,                                         0.004865680117322952,                                          0.48074865952557916,                                     0.42635599343657515,29343.039421397258,210.46979475366504,29553.509216150924,4.5011170374146446e-07
                            1.7278584229381468,                           0.35909712121776316,                                        0.0005730867031164945,                                        7.558080338321301e-06,                                      0.7505974849748991,29348.974082213223,134056.44999699172,163405.42407920494,0.00017010252091391166
                            1.7182845200901937,                           0.35070250008548226,                                         0.006096513652728542,                                          0.13836973797024418,                                     0.15159830452243261, 29350.83507772113,  174.106607043194,29524.941684764326, 0.0010937821454742541
                            1.7049598092968359,                           0.33923181642481093,                                         0.003679009546410414,                                         0.008896458152679095,                                      0.8255672210542586,29346.494806009898,387.16440706941546,29733.659213079314,1.4255247950634618e-05
                            1.7190838737822665,                           0.35122269057164235,                                       0.00016269546088879113,                                          0.16068402414154254,                                     0.05471309822875031,29352.092470292915,  6155.52356797311,35507.616038266024,   0.00384600181924843
                            1.7238555137885359,                           0.35598353519621245,                                        0.0004584986124958134,                                           1.9223043143408294,                                      0.3185983926151146, 29348.56372514191,2184.3610096676234,31532.924734809534,0.00011284827847551808
                             1.705922901561581,                            0.3400462752418131,                                        0.0013178035528014435,                                          0.00524495097276311,                                      0.4972081746846886,29349.246720387404, 952.4387735928059, 30301.68549398021,0.00022341689124811347
                            1.7121598394243782,                           0.34337801266515666,                                         5.75656771539374e-05,                                         0.004425151036508106,                                      0.4409751647892731, 29348.38180792215,17600.355695471495, 46948.73750339364, 9.407826369961541e-05
                            1.7157034486655824,                           0.34777015071013134,                                        0.0005221544721677957,                                       2.1179941980584273e-06,                                      0.7348530434587025, 29342.94828933682,474062.84254192485,503405.79083126166,4.1090568942996943e-07
                            1.7183654685972094,                            0.3497886361936097,                                        0.0005529820958072128,                                          0.18360140839977776,                                      0.8314736901710769, 29353.49878459232,1816.6822635194542,31170.181048111775,  0.015695097769192597
                            1.7187690144625694,                           0.35209918028720083,                                       0.00027929831201287754,                                         0.001416395713873351,                                      0.1945522707083513, 29347.27767537416, 4289.258654108824, 33636.53632948299, 3.118678602978216e-05
                             1.712782012912727,                            0.3457706744237929,                                       1.0080130963907674e-05,                                        0.0007207013355470547,                                      0.9091119533203362,29349.439230366253,100595.48970020168,129944.92893056793, 0.0002708457505069617
                            1.7119886079743911,                            0.3466798437012105,                                       0.00010653686685069196,                                         3.18634351583271e-05,                                      0.9124421938613425,29349.161468939565, 40773.24228596018, 70122.40375489974,0.00020515956573841464
                            1.7119663065424529,                           0.34376755417404037,                                       2.5362519966783428e-05,                                        0.0016036370520270261,                                     0.40700941596376516,29348.109996088275, 40054.75019890646, 69402.86019499473, 7.168741394940362e-05
                            1.7113738422221616,                            0.3437979366202493,                                        0.0012694578018694824,                                           1.5907523065849891,                                      0.3861780634393255,29351.199633257325, 791.2752005628317,30142.474833820157, 0.0015749083570744098
                            1.7260389742622915,                           0.35726972955891184,                                       1.3721283650459774e-05,                                        0.0033449685867507277,                                      0.8530716437901399,29346.082608571458,  73181.2342088874,102527.31681745886, 9.439732828724455e-06
                            1.7168910678921592,                           0.35015627934953614,                                         0.002632246250829379,                                        5.042944000617015e-05,                                     0.26876121236001604,29343.470115290802,20212.446317190017, 49555.91643248082, 6.924179006678922e-07
                            1.7219147031661066,                            0.3531020140810095,                                         0.000608297064890077,                                              0.3142502789931,                                      0.9376933718047067, 29347.34728651459,1649.9478464279196, 30997.29513294251,3.3435079085227077e-05
                             1.711317037761355,                           0.34437694281511244,                                        3.067036100886941e-06,                                        9.998842568799368e-05,                                      0.8129820239337737,29350.911731827124,336051.73967424344,365402.65140607057,   0.00118092219495663
                            1.7173531191930733,                            0.3514753074486989,                                       0.00033762846469601726,                                          0.02561073548135797,                                     0.27442794867512327,29344.252473706445,3003.7268572153775,32347.979330921822,1.5140570148113159e-06
                            1.7114692035097236,                            0.3459254382705611,                                        8.740911342280027e-06,                                        6.647963072261696e-06,                                      0.7834744935101965,29351.326620687392, 264829.4523658713,294180.77898655867,   0.00178815527293523
                             1.718878053693215,                           0.34956280608942814,                                         0.018765646894740445,                                           0.4716271595218083,                                      0.3571299684249081,29350.117331800087, 58.26989891331776,29408.387230713404, 0.0005336023541112735
                            1.7176005808067076,                            0.3483773905177895,                                        3.091222586480674e-06,                                         0.055733722388271484,                                      0.6964016535477375,29352.284106442916, 323517.4140185138,352869.69812495675,  0.004658391748350094
                            1.7180802458099407,                            0.3497497990396537,                                         0.002721083924194094,                                           0.3146567912173661,                                      0.9633748805460567,29350.820155758018, 373.5378618807631, 29724.35801763878, 0.0010775819386902928
                            1.7165508218735483,                            0.3474379811465549,                                       6.3370808191249745e-06,                                         0.000991398962836564,                                     0.39353093133695805, 29346.26937730516,158812.91833602884,188159.18771333402,1.1378167770871423e-05
                            1.7125765652043081,                            0.3465089213992914,                                        9.350466008777486e-05,                                          0.08350617144726931,                                     0.37406531420353206,29349.661507423734, 10709.51523015536,40059.176737579095, 0.0003382639574775602
                            1.7225769617866287,                            0.3543532641705396,                                        7.885667330547556e-06,                                         0.002420120442645251,                                      0.9061720562868817, 29345.79446034104,127228.37392001576, 156574.1683803568, 7.076500085660612e-06
                            1.7219290537318845,                           0.35470040391616603,                                        0.0024899886458162445,                                       1.5307119491890623e-05,                                     0.29399874546443705,29348.013015215405, 65733.50532595866, 95081.51834117406, 6.506158752351026e-05
                            1.7123525820539518,                           0.34455020527347646,                                        0.0018805653261534851,                                         0.002623117751945365,                                      0.1883277514793386,29347.431028145027,  915.883064348058,30263.314092493085, 3.635556369526516e-05
                            1.7265985526129424,                            0.3591173624566864,                                       7.5756151043566226e-06,                                         0.003596462353966673,                                      0.8725380776005824,29347.472171388697, 132283.3180861626, 161630.7902575513, 3.788254663059469e-05
                             1.718569507266229,                           0.35051556554817465,                                       2.0314381868602085e-06,                                       6.5879924548016915e-06,                                     0.48132862558493594, 29350.93564177846, 644056.2484575155,  673407.184099294, 0.0012094982518689728
                            1.7117673667497608,                           0.34404596283967837,                                        4.302854265530053e-06,                                         0.017576450511336023,                                      0.4152011803855349,29350.437765061575,232463.67476533365, 261814.1125303952, 0.0007351570632143909
                            1.7130217794072005,                           0.34537987010523197,                                       0.00018732506393703323,                                          0.03913681868141212,                                     0.12728432438097703,29349.446959321413, 5366.760689042549, 34716.20764836396,0.00027294721577185107
                             1.722364360932099,                            0.3543840159891456,                                       3.4903530778868753e-06,                                          0.22801626583887694,                                      0.8589129098348396,29347.091051985044, 286511.1735772541,315858.26462923916, 2.587742821656912e-05
                            1.7255806217821288,                            0.3582208425167329,                                        7.044340334656453e-05,                                         0.004076290404761578,                                      0.8251182005995927,29346.661083323866,14443.906058470038,  43790.5671417939,1.6834029953337298e-05
                            1.7056235827455257,                           0.33770226690968946,                                       3.3749765666829606e-05,                                         0.005135083723065624,                                      0.9809247255330273,29346.501873927155, 29827.53533574294,59174.037209670096,1.4356359767679472e-05
                            1.7166333056133245,                            0.3486963201713484,                                        0.0035820394823938705,                                          0.22979751437156343,                                      0.4228799639333384,29342.374791789436,286.39005096130865,29628.764842750745, 2.315662882047375e-07
                             1.715224338869863,                            0.3480561414993719,                                          0.02208932013457295,                                           0.1534313081812423,                                      0.2906225141983464,29345.162512079984,54.661420280603174, 29399.82393236059, 3.761550299951103e-06
                             1.727812739861724,                            0.3592600691447329,                                        3.351476439774955e-05,                                       0.00012870329027479447,                                       0.725081047096285, 29347.63917216038,  37610.1886261023, 66957.82779826268,4.4767895608017165e-05
                            1.7229264612334105,                           0.35428971777222823,                                         0.008304717593937668,                                        1.353492799211838e-05,                                      0.4834351895420979, 29347.81370534471, 74006.15588399282,103353.96958933753, 5.330469699202581e-05
                            1.7247567908868477,                           0.35656415517283013,                                        7.851121733281438e-05,                                          0.18874111729665718,                                      0.8550398741702145, 29348.79661138354,12745.136239544103, 42093.93285092764,0.00014244137190131155
                            1.7098096366568836,                            0.3411312909353816,                                       1.5493755677527198e-05,                                       0.00023783057118441475,                                      0.9591229478730564, 29347.44586795807, 68749.73578609715, 98097.18165405522,3.6899096451158163e-05
                              1.72666879956274,                           0.35814170648564125,                                        0.0005612791697332594,                                       0.00010957549528340424,                                       0.708406052727006,29346.453658821025,10910.564827544338, 40257.01848636536,1.3680588459053215e-05
                              1.70379998577374,                           0.33705000597959756,                                        4.682343272393483e-06,                                        3.648823284111411e-05,                                      0.6357463411029072, 29347.67349529015,  240977.342788704,270325.01628399413,  4.63311442251296e-05
                              1.70874127756544,                           0.34349827937643246,                                       0.00042697993476804413,                                        3.532907962847478e-06,                                      0.9235150363956421, 29348.62953201959,285397.88571871567, 314746.5152507353,0.00012052426787972521
                            1.7142680033696287,                            0.3462181848390801,                                          0.01244516049664986,                                         0.004596348110425175,                                      0.2782715264359067,29345.002674781892, 300.8048974622834,29645.807572244175,3.2059032891397563e-06
                            1.7133103625178707,                            0.3467249345655852,                                        0.0023955906213752485,                                        2.011723742578002e-06,                                      0.6598828521780257,29348.441674529597, 497506.4627219091, 526854.9043964387, 9.988241417293238e-05
                            1.7178835325556383,                            0.3501287223551487,                                         0.006737338778629532,                                          0.02934246852802712,                                      0.8202055065174791,29345.436805177706, 185.3629452713658, 29530.79975044907, 4.948696873100119e-06
                            1.7123557414953248,                           0.34469172590224056,                                        0.0004903508795260614,                                          0.11242802919306501,                                     0.27570319200835075,29349.067124762572,2051.1517052880963,31400.218830050668,0.00018668895110014337
                            1.7147611024048606,                           0.34721237392463905,                                        1.411821983781727e-05,                                           0.8127658817166032,                                     0.22606342518001138,29346.093094843174, 70834.57005917194,100180.66315401511,  9.53924125645766e-06
                            1.7178734445235724,                           0.35089999002359284,                                          0.02125637375682118,                                       0.00024011155376566008,                                     0.13227485518211746,29341.944593674652, 4214.625396829971, 33556.56999050462,1.5060613625059367e-07
                            1.7183538126443423,                            0.3513496873188532,                                         0.001632979205339201,                                        0.0010005215188848334,                                     0.20887345989089184, 29342.82647052768, 1614.702589715329, 30957.52906024301,3.6377840795996397e-07
                             1.717507671529423,                            0.3506812342229206,                                        0.0020461301134609288,                                          0.23328590137870225,                                     0.27703602222024104, 29343.36472342088,495.86565133350723, 29839.23037475439, 6.231565716791873e-07
                            1.7176881174456722,                            0.3510876852743412,                                        0.0024663662503278754,                                           0.8390466891882499,                                      0.5029409733453657,29342.571721726817, 409.4949060000728, 29752.06662772689, 2.819687113313383e-07
                            1.7231967178828569,                            0.3544728842958646,                                         0.005863338682264829,                                        0.0030159249852332627,                                      0.8346852152249303,29346.955945143334, 504.9456180715439,29851.901563214877,2.2607105275564073e-05
                            1.7274597647262717,                            0.3575135990501431,                                        4.124454996313276e-05,                                       1.7700000988610395e-05,                                      0.5915659319330712, 29349.27384859042, 80745.59670786912,110094.87055645953,0.00022956074915561096
                             1.717852676809576,                            0.3506413192087155,                                         0.004024577712221926,                                         0.030735023195652647,                                     0.21051637811515433,29344.724081585657,283.86136298230986,29628.585444567965, 2.426380624112265e-06
                            1.7164433831486614,                           0.34699571989686945,                                          0.03473328657566846,                                        0.0061818626487539306,                                      0.7816583904183303, 29346.62916700217,193.43624792126062,29540.065414923432, 1.630523314990711e-05
                            1.7050513672115997,                            0.3373509331231697,                                       0.00021805294704006786,                                       2.2951911861669774e-06,                                      0.6611947921333452,29349.485263670405,440282.55821137055,469632.04347504093, 0.0002836050997423165
                            1.7091816595038876,                            0.3398874687705653,                                       1.1468592318991638e-05,                                        0.0012335855704438926,                                      0.5479692650373573, 29346.48891257037, 88008.24647899033,117354.73539156071,1.4171482584398433e-05
                            1.7066792503546604,                            0.3406626278394953,                                       3.7148484183847574e-05,                                       2.0458670225311593e-05,                                      0.5087276853742576,29348.699977423636,   75800.966389325,105149.66636674863,0.00012932085054501125
                            1.7124545803408187,                           0.34447098467683185,                                       0.00014309621186496503,                                          0.01378535766099019,                                      0.1656623120019869,29347.458761709982,7063.7489284779995,36411.207690187985,3.7377944687750374e-05
                            1.7222528502915948,                            0.3560191121047611,                                         0.003771741683450725,                                           0.2424005916606962,                                     0.20559648812307807, 29347.41628655036,  272.063743977614,29619.480030527975, 3.582355566912214e-05
                            1.7133764145271455,                           0.34510029640218903,                                       0.00015709987085373204,                                       0.00023278140184136996,                                      0.3729885547638664, 29346.02202209848,10664.151154614392, 40010.17317671287, 8.884793365126385e-06
                            1.7128686009571346,                            0.3462571777672312,                                          0.03892943199473444,                                       0.00016418348577001366,                                      0.7716329758412962, 29348.93088630354, 6119.322085232285,35468.252971535825,0.00016291122325004905
                            1.7233310079249589,                           0.35449838890506447,                                        4.843024133430714e-05,                                        2.587658984726799e-05,                                      0.5485618771605983,29348.939230476884, 59296.04496725528, 88644.98419773216,0.00016427626990938722
                            1.7137806069878836,                           0.34515088940818617,                                        7.152620251331577e-05,                                        9.242052955859046e-05,                                     0.26860299732344967, 29346.71867895631, 24803.89450695277, 54150.61318590908, 1.783206181442784e-05
                            1.7045004735591098,                            0.3379189191869379,                                       3.0740614766754816e-06,                                         7.03415584939716e-05,                                     0.48780228848099627,29347.493958625353, 339521.8441243593, 368869.3380829847,3.8716959406884206e-05
                            1.7199776544327778,                            0.3523615249613546,                                         0.007325578875475201,                                           1.7592963345589843,                                       0.438455084668668,29351.572111514946,139.91438683985095,29491.486498354796, 0.0022857069006673035
                            1.7107198484073587,                           0.34217448544273676,                                        8.609961354157972e-06,                                          0.03659634567350627,                                     0.39048313687998204,29351.173810559365,116174.78751411206,145525.96132467143, 0.0015347605672725974
                            1.7148453544582474,                           0.34611696495898125,                                       1.0100323073859648e-05,                                       1.1248622935191619e-06,                                      0.4390075796452927,29344.692422670545, 988007.3305373953,1017352.0229600659, 2.350767279550016e-06
                            1.7085060648792667,                            0.3418992249950369,                                       0.00019850375723324098,                                          0.17338357957240935,                                     0.36023189918717413, 29351.09763244201,5046.3804186243615, 34397.47805106637, 0.0014221876280790006
                            1.7217134603097852,                           0.35454934328225646,                                        0.0036429736476971714,                                           2.4658078316296206,                                      0.3390396122612258,  29347.5379794123, 277.7270533983955,29625.265032810694,4.0459380433378925e-05
                            1.7160526788004256,                            0.3498649757932287,                                          0.01370377617930292,                                        0.0002449609427662012,                                     0.19219355112064146,29343.150853719715, 4158.114272146097,33501.265125865815, 5.031700099563482e-07
                             1.712587274185887,                            0.3445150901797588,                                         0.015399529165923267,                                           0.2859492707413742,                                      0.2530856560805261, 29346.92119315658, 71.33680457151989,29418.257997728102,2.1834957987318303e-05
                            1.7157582524119006,                            0.3478835728199287,                                       0.00013913866836359247,                                           0.1642652168573865,                                     0.02253610442085241,29343.508375753085, 7196.036918079471,36539.545293832554, 7.194234579030894e-07
                            1.7179416592414685,                           0.35032306097553984,                                       0.00016021538935144563,                                       1.9703518222512564e-06,                                      0.3351304434334972, 29346.43944942695,513768.02674794453, 543114.4661973715,1.3487570170569206e-05
                            1.7085413559468159,                           0.34299182567385433,                                        5.070570252310918e-05,                                          0.03671936274718683,                                     0.45803050928021394,29349.906304275766,  19751.7967790617, 49101.70308333747, 0.0004320854553635539
                             1.709079528240013,                           0.34037735989332124,                                        6.338799779936779e-06,                                        0.0027834694216010442,                                      0.6637324855212327, 29347.27077840378,158120.77355404443,187468.04433244822, 3.097243173762754e-05
                            1.7074972284581156,                            0.3407607701903542,                                         2.39096592553828e-06,                                          0.02287349167890903,                                     0.18670302190482346,29350.748317922094,   418287.66184555, 447638.4101634721,  0.001002885905600483
                             1.712624280667823,                           0.34445028239163034,                                         0.010770553753147396,                                         0.018283075170189574,                                      0.5520717097049199,29346.793893641014, 150.4443074997959,29497.238201140808,1.9225023682888997e-05
                             1.707969157646513,                            0.3424101863285143,                                       0.00040704135124529985,                                          0.01537682046816401,                                      0.5017963740974198,29349.925727727354, 2524.706274720446,  31874.6320024478,0.00044056008311449987
                            1.7057103386819208,                            0.3389709525742325,                                        0.0005252052272930361,                                       1.4758543126352783e-05,                                      0.7510676633491187,29350.903739597896, 69664.33315392779, 99015.23689352568, 0.0011715216099284027
                             1.722192534901843,                           0.35470545767010936,                                        0.0002697683632456279,                                       7.3790394276482555e-06,                                      0.6720590850378966,29346.503324025714,139228.69714213646,168575.20046616218, 1.437719300577721e-05
                            1.7136118807963663,                           0.34744876847708867,                                       2.3466631102690042e-06,                                         0.011098355022042853,                                      0.3188154540682761,29347.851018125642, 426229.9910166585,455577.84203478415,5.5331215889525925e-05
                            1.7052297472254474,                           0.33892888192193643,                                         0.000692924550980227,                                        0.0070991441281987155,                                      0.7256352953094936,29345.590607047692, 1586.971086232381,30932.561693280073, 5.771466189938528e-06
                            1.7145191682271863,                           0.34877792127901214,                                        0.0006279315577379518,                                        0.0019858211735864334,                                     0.07361956448280726,29346.335205815492,2098.9674188876916,31445.302624703185, 1.215237861915066e-05
                            1.7143398490420225,                            0.3458799897460934,                                         0.009097378044971596,                                        0.0020570014980515147,                                     0.23667285525602555, 29345.90089393361, 598.9574746583559,29944.858368591966, 7.871219766943031e-06
                            1.7068354290027283,                           0.33851255929270724,                                       2.0763339098065655e-06,                                        0.0013530651140837395,                                      0.8987509193525416,29347.943565678674, 482360.1203930905,511708.06395876914, 6.069642407805304e-05
                            1.7197470639235755,                            0.3516972448534552,                                       1.0554805327716964e-06,                                       3.9475716563382026e-05,                                      0.5017061357398422,29351.492017738274,  972770.631742952,1002122.1237606903, 0.0021097755460470742
                             1.715872131886797,                           0.34922543384787935,                                          0.01597323891963922,                                       0.00044410363705462124,                                     0.44707607491002266,29344.113338375613,2317.1948519196444,31661.308190295258,1.3173965545369006e-06
                              1.72188192504422,                           0.35317975879953906,                                        2.126571295392311e-06,                                          2.0258481239881e-06,                                        0.56512205497085,29348.594385158474, 963863.7743950131, 993212.3687801716,0.00011636179557715645
                            1.7158936524978639,                           0.34937978071183157,                                       1.9854829403445898e-06,                                       1.7578254094138667e-05,                                     0.17144234463121033,29343.536928800087, 560547.1339654876, 589890.6708942876, 7.402612654655678e-07
                            1.7164688503585075,                            0.3473216739759324,                                        4.685180887817286e-06,                                        0.0017048698271433258,                                      0.7475610592560056,29346.256930493895, 214028.3651707513, 243374.6221012452,1.1237423589243355e-05
                            1.7193946197791892,                            0.3525953182408985,                                          0.02840155424790895,                                        0.0007119679202180969,                                     0.24107376524074298,29349.103886656878,1442.6031188273562,30791.707005484233,0.00019367969989406088
                            1.7108593263929575,                            0.3455224646953864,                                        7.728276231547879e-05,                                        2.116348312880729e-05,                                      0.9375943418637627, 29350.05014648429, 60193.59147518135, 89543.64162166564, 0.0004989298928278598
                             1.709059952577299,                            0.3442387939475809,                                       1.0568486098601403e-05,                                       0.00013293229591177893,                                      0.8394430201679773,29338.445560609012,102146.46294667447, 131484.9085072835,4.5523109005065115e-09
                            1.7218958270284903,                           0.35247221176696847,                                        7.763355294234803e-06,                                        8.345701711250534e-05,                                      0.4771190328075517,29348.715208097376,140795.33700275826,170144.05221085565,0.00013130557016927173
                            1.7278959994957808,                           0.36072447685112846,                                        6.325487226153477e-05,                                        0.0003088713209266089,                                      0.9343986331001894,29342.432035305323,19049.425287575086, 48391.85732288041, 2.452087014441306e-07
                            1.7065211991007867,                            0.3414962848087267,                                       0.00020603540993805353,                                          0.05907374425972084,                                      0.6391394031850397,29348.645037113973, 4873.390927618499, 34222.03596473247, 0.0001224075706926597
                            1.7164946889543355,                            0.3508370457492765,                                        2.364935309596928e-06,                                         2.92503944537194e-06,                                     0.36499786646401927, 29344.32977883402, 764723.1289472457, 794067.4587260797,1.6357443166126328e-06
                            1.7164969549817424,                            0.3481141855812432,                                        5.025238314676224e-06,                                          0.08472537188751555,                                     0.28375048924657187,29343.130755235707,199010.21306113174,228353.34381636744, 4.931580056380745e-07
                            1.7093257011862983,                            0.3431702059812417,                                        6.528997998273468e-06,                                         3.70532356363126e-06,                                      0.7124438045305149,29351.132918494433, 423047.7368691613,452398.86978765577, 0.0014732669085466253
                            1.7143300237740278,                            0.3456242807507896,                                       5.1178699962785064e-05,                                         3.82704433491782e-06,                                      0.6918627724605064,29344.009959342024,280840.52531218925,310184.53527153126,1.1880085861112158e-06
                            1.7044726747956869,                            0.3378133926149509,                                        0.0002784633878736337,                                        7.890091583266908e-05,                                      0.5317922159442454,29347.419392212545,16268.220698891826,45615.640091104375, 3.593498447183178e-05
                            1.7219014882431307,                           0.35262310325735075,                                          0.01662177177325016,                                          0.10528912399873404,                                      0.3938636614746627,29348.611920436142, 72.49560434599624, 29421.10752478214,0.00011842022680951034
                            1.7127068672852728,                            0.3463784620277978,                                        0.0037070619205629477,                                       3.0303353906456774e-05,                                      0.6464225670795142,29350.104994930833, 33272.29002293161,62622.395017862436, 0.0005270598118588629
                            1.7132946443554427,                            0.3457886209008071,                                       2.2120722760715838e-05,                                          0.10647829165536501,                                     0.04334603583160934,29348.409249243345, 45218.76302551074, 74567.17227475409,   9.6695643486813e-05
                            1.7157139364912748,                           0.34843527232161536,                                         4.34323413057194e-06,                                       2.5749771817104003e-05,                                      0.8247362362071431, 29345.82257333141,269081.33688581316, 298427.1594591446, 7.278264476243109e-06
                            1.7236245286592324,                           0.35451217304720456,                                        2.039319168068666e-05,                                         0.023968373449901763,                                      0.6368635904842863,29349.149890856672, 49080.51558879196, 78429.66547964863, 0.0002027979093885386
                            1.7167038805257144,                            0.3489471002967188,                                       4.2151762835401465e-06,                                              4.0456244126652,                                       0.135490037858078,29343.447581205615, 237241.1150430129, 266584.5626242185,  6.76989383330096e-07
                             1.727117490243777,                           0.35692656896644664,                                       0.00020777674817008915,                                         0.004022500771815237,                                      0.7914031878405416, 29348.85658995307, 5064.261338841379, 34413.11792879445,  0.000151246213112762
                            1.7123534260122086,                             0.343818768884052,                                        0.0071088664082007025,                                         0.005911920507198807,                                      0.7026441553090321,29348.198013887537,312.72768394726296,  29660.9256978348, 7.828319790242902e-05
                            1.7278287407154442,                            0.3591063634310375,                                        7.498408731490819e-05,                                       3.8599463808925535e-06,                                      0.5584447355251918,29349.087231492325,272409.90380311327, 301758.9910346056,0.00019048064694809363
                             1.721486855852591,                            0.3531828659372157,                                         0.009995081887042344,                                         0.021936453927861175,                                     0.40623433627288674, 29345.71170280658,148.46681908749957, 29494.17852189408,6.5144443089281025e-06
                              1.71908027237883,                           0.35119947565368215,                                        0.0037039639019524903,                                            2.653703463691326,                                     0.45167730893537206,29351.012128699564, 273.2052493968129,29624.217378096375,  0.001305638935675628
                            1.7269519830252744,                            0.3576271898061493,                                        6.316368754030581e-06,                                       0.00030774325209577337,                                      0.7914416798289207,29347.047290438557,161571.07062551167,190918.11791595022,2.4769412990471743e-05
                            1.7099893212239836,                           0.34509410506243693,                                         0.000828833516041107,                                           0.3354086389439685,                                      0.6846164709582879, 29342.48746541107,1212.3941141425282,  30554.8815795536, 2.591844048802315e-07
                             1.722875257212695,                            0.3545941729930178,                                         0.000864662534787558,                                        6.139230510711387e-05,                                      0.9528588302134218,29346.811062988385,17448.027000800426, 46794.83806378881, 1.955795471842996e-05
                            1.7234270339664002,                            0.3550026597879897,                                         0.004012920285034642,                                        1.271338631007729e-06,                                     0.47951189232884683,29347.722530114064, 786824.5077634497, 816172.2302935638, 4.865960502672555e-05
                             1.717034508517361,                           0.34815016934686577,                                        3.393854041834854e-05,                                       1.5732062975231433e-06,                                     0.43350230298549863,29346.226212342855, 665112.4432857496, 694458.6694980925, 1.089747868431527e-05
                            1.7186716033330496,                            0.3498694724640528,                                         0.003754684277095521,                                           0.8127249600024045,                                      0.8007153527490475,29350.000621237425, 270.4226154352933, 29620.42323667272,0.00047482216463056397
                            1.7196752125206416,                            0.3506860688828502,                                         0.027855009941402404,                                         0.003200798231331469,                                      0.8605125143852219, 29350.36105232658, 351.1738050516033,29701.534857378185, 0.0006808700276797784
                            1.7228134281551384,                           0.35333122383750015,                                          0.02122311696211175,                                          0.49943228382844734,                                     0.49612812769820835, 29348.86797708674,51.950911333007824,29400.818888419748,0.00015297831709183525
                            1.7166914297514404,                            0.3479212257022427,                                        7.521384605637534e-05,                                          0.12086110713523593,                                      0.3387966403691757,29346.220735518375,13306.572519926038, 42652.79325544441,1.0837958246551857e-05
                            1.7245495759110452,                            0.3558922270086884,                                        0.0007660620632358065,                                       1.5775610608063813e-05,                                      0.9287783622674506,29348.213582722918, 64697.17564026573, 94045.38922298864, 7.951151303095977e-05
                             1.721729478155978,                           0.35502223183597453,                                       2.7464134339285764e-06,                                          0.01326801892666604,                                      0.8210508950550972,29349.012105641654, 364189.4255701433,  393538.437675785,0.00017669494090141936
                            1.7163003373209864,                            0.3496639583456672,                                        3.186431711829019e-05,                                         0.007503979384721362,                                     0.21876962315194937,  29344.9024441931,31519.189545284426, 60864.09198947753,2.9001524348624776e-06
                            1.7147954362155935,                             0.348238915206554,                                        2.114989999785434e-06,                                       5.0815778629527465e-05,                                     0.38792237167295573,29345.535894597477, 492497.2729819888,521842.80887658626, 5.464178028026417e-06
                            1.7137442695579543,                            0.3452609232744307,                                        7.481941765965213e-06,                                         0.008999790761221397,                                     0.39566230991075557, 29346.53895249513,133769.15350262032,163115.69245511544,1.4898664847536862e-05
                              1.72154388794902,                            0.3547816127905247,                                       2.1983534361303866e-05,                                          0.31974984208838814,                                      0.9611111726569972,29349.075906842656, 45494.53693030155,  74843.6128371442,0.00018833568872659104
                            1.7037529402926057,                            0.3367516342190013,                                       2.8890017231260255e-05,                                        0.0014257552993119519,                                      0.8928471907969365,29348.051698045114,35318.384836797246, 64666.43653484236, 6.762766543809117e-05
                            1.7231903526448726,                            0.3554560253285452,                                         0.012640669893020515,                                        4.023268977958907e-06,                                     0.20150160411278173,29346.971605359642,248636.02305011835,  277982.994655478,2.2963924071812772e-05
                            1.7203585565388257,                           0.35154148020860465,                                         1.08084826086598e-06,                                       2.4985553983221015e-06,                                      0.5736650684223783,29349.874676283554,1325433.3642268477, 1354783.238903131, 0.0004186333134296192
                            1.7169779276289603,                           0.34791231144154594,                                       2.2246523488575764e-06,                                         0.038019905222159533,                                       0.934885656102864,29346.679120416844, 449537.6132079816,478884.29232839844,1.7140421819413626e-05
                             1.715707540275322,                           0.34921350094369336,                                        0.0001469903854419653,                                        0.0009739042437669032,                                      0.3785056679796899, 29344.53622795109,  7832.82462010217, 37177.36084805326, 2.010828964795246e-06
                            1.7240139504573966,                             0.354304284677692,                                         0.011134222409548892,                                          0.16478242139050295,                                      0.3453446015579798,29349.306563616883, 98.70422824122484, 29448.01079185811,0.00023719503213914402
                            1.7108021012176542,                           0.34206233822591064,                                        0.0005128267720923151,                                        0.0004275697244414139,                                      0.5053088117337352,29351.374981652683, 4291.699475866114,  33643.0744575188, 0.0018767573615424112
                            1.7060730184831716,                            0.3375229387132336,                                        1.876453247765517e-05,                                        1.674377653569809e-05,                                      0.6061651378365219, 29347.50308193771,113018.67416164225,142366.17724357996, 3.907180253211646e-05
                            1.7204866154418188,                            0.3540026201944375,                                          0.00525147950745261,                                         0.060422557702778136,                                      0.1732216301220666,29349.503212587733,209.79747556219905, 29559.30068814993,  0.000288741462410778
                             1.722272149869029,                            0.3550315883116008,                                         0.000465750703699566,                                           0.3539093090908895,                                      0.0910085225907476,29346.053308245508,2152.7136002621974,31498.766908507707,  9.16715834098798e-06
                            1.7171545919983768,                           0.34960161934611533,                                       0.00017726065354923922,                                       1.1728041348143233e-06,                                      0.5748591992765102,29342.910058482892, 858301.5642805281,  887644.474339011, 3.954929130687454e-07
                             1.713982879152918,                            0.3458134466644716,                                        0.0007165914075316283,                                         0.002614748203534781,                                      0.6722496636111662, 29345.21197239347,1780.8331178326105, 31126.04509022608,3.9522755424193345e-06
                            1.7259508532468462,                           0.35659785083640744,                                       1.1243186720597277e-05,                                        0.0020280075086905164,                                      0.6599611243358917, 29347.13476718961, 89438.65393081239,  118785.788698002,2.7033755689612317e-05
                            1.7202938300287942,                           0.35241860443125134,                                        0.0003804875022972104,                                          0.11885464640556276,                                     0.08004159671294192,  29351.7417391896, 2639.458391175413,31991.200130365014,  0.002708250939851898
                            1.7152471223339791,                            0.3483582355408213,                                        0.0012414163082789015,                                          0.28458307423882134,                                      0.1488164154122874,29345.075885426904, 811.9160681825668, 30156.99195360947,3.4494145919798956e-06
                            1.7133753969448564,                            0.3461140923367232,                                           0.0067098380129867,                                          0.04594987166322081,                                      0.8332952993523008,29348.439650157725,173.68696156277025,29522.126611720494, 9.968041954829272e-05
                            1.7085483926223268,                            0.3431143827918455,                                        7.359144362550492e-06,                                       1.2423235456834808e-05,                                      0.9149415595242273,29349.895693838254, 216382.6058925958,245732.50158643405,0.00042752507623296726
                               1.7180478488067,                            0.3481063046422584,                                        0.0002522279868755012,                                            2.075129309481933,                                     0.04702988129628671,29348.420728020403,3968.0216783567425,33316.442406377144,  9.78119860871691e-05
                              1.71745398883034,                            0.3482638607999775,                                         0.016229704412210513,                                         0.021906076388962425,                                      0.7506053712959069,29352.199877400883,110.13623729037172,29462.336114691254,  0.004282090085620549
                            1.7184207273715415,                           0.35101355276730434,                                          0.04251375269352401,                                          0.02275101276944407,                                     0.35874754019923416, 29351.11465562114, 70.32478036474785,29421.439435985885, 0.0014466050240225454
                            1.7153090906073174,                           0.34631570512110954,                                         0.013324738844927582,                                        0.0014707416784659076,                                     0.22021356604667602, 29344.17718369554, 757.8649691563513,30102.042152851893,1.4042492267751454e-06
                            1.7067077410506544,                            0.3404940159629819,                                        6.410070843986226e-05,                                       0.00033126747785160773,                                      0.4413558332071947, 29348.73973546398,18622.097163745842,47970.836899209826,0.00013456597109955256
                             1.710385865556869,                            0.3441869160539654,                                         0.002056631585362058,                                        2.062594075723896e-06,                                      0.9275703832789437, 29351.47869304998,485315.50807391637,514666.98676696635,  0.002081849907912605
                            1.7180520102120231,                           0.35008061324243667,                                       0.00029987468500846287,                                          0.10136509043448343,                                     0.15641891070493774,29350.093261215112,3347.4481182695495, 32697.54137948466, 0.0005209115831829638
                            1.7149843502654118,                            0.3471614055528174,                                         0.007038921593342483,                                         0.061221620898326286,                                      0.5553520186557608,29344.980055838325,161.28182004785026,29506.261875886175,3.1342030918113672e-06
                            1.7124479288040306,                            0.3450000737676593,                                         1.96329410713686e-05,                                        0.0004244330077376318,                                      0.7809002271677201,29349.563913388443, 53293.78670174643, 82643.35061513487,0.00030681117545711855
                            1.7123102598416053,                           0.34492913524565105,                                        5.086884643294187e-06,                                       0.00013924438262266625,                                      0.7475262793435428,29349.530206743322,203768.49170321785, 233118.0219099612, 0.0002966419481011199
                             1.708727948755773,                            0.3426512078007954,                                          0.02696965348449313,                                         0.000360770478057926,                                      0.8256815494485195, 29350.58800064172, 2811.842558618039, 32162.43055925976, 0.0008543318897522089
                            1.7094190354948944,                            0.3380062931383506,                                       2.7971072372294178e-06,                                         0.008982949792693446,                                      0.5812953928611585,29346.854530813274, 357626.4941109271, 386973.3486417404, 2.042684402742651e-05
                            1.7163559253716787,                           0.34869389426763997,                                         0.028202165520675778,                                        4.761101642086321e-05,                                     0.32150780335507223, 29344.44477323208,21041.868470731337, 50386.31324396342,1.8350878193862025e-06
                            1.7056006652200575,                            0.3391897172337469,                                       1.6870875125373917e-06,                                       0.00022176031846872065,                                      0.7372766502482104,29349.228268398954, 597249.8008087734, 626599.0290771723,0.00021933220652308605
                             1.724595366599042,                            0.3557209425546881,                                         0.005262751766617667,                                        0.0058914577286137025,                                     0.16792614296453612,29349.336996476522, 362.5631330151265, 29711.90012949165, 0.0002445245181891351
                            1.7197189741897159,                           0.35076100477506067,                                        9.130319349560156e-05,                                        0.0013236215922171695,                                      0.4042825330338311,29350.215694424154,11710.873302190856, 41061.08899661501, 0.0005887569973827917
                             1.717025957421297,                            0.3491054891725037,                                        0.0019102172958957633,                                             2.09494542140311,                                     0.42210682146148587,29342.918047820353, 526.8424551727516,29869.760502993104,  3.98665295155712e-07
                            1.7182053805369648,                           0.34907181368659607,                                         0.007135704976369549,                                          0.05252747217679017,                                      0.7281790469958266,29352.060580553687,162.04272003556738,29514.103300589253,  0.003725288807206091
                            1.7070287077302706,                            0.3398907335479001,                                       1.6555567634747633e-05,                                           0.0010872046467586,                                      0.4972523325524715,29351.031421478616, 61325.37264994714, 90676.40407142576, 0.0013310728961779745
                            1.7054393968025265,                           0.33987651003204367,                                        6.468179461629922e-05,                                       1.0842657641217998e-05,                                      0.8085641788096629, 29346.46010515544,107691.55393654956,  137038.014041705,1.3769062968989286e-05
                            1.7241215901513505,                           0.35484905340855943,                                       1.9741771419330933e-05,                                       0.00017800613746362217,                                      0.6096786443336789,29349.161367557183, 56274.61765517607, 85623.77902273326, 0.0002051387672272431
                              1.71508715609915,                            0.3481974261022093,                                          0.12228836372467457,                                          0.13114959758042072,                                      0.6019009929943263,29346.000601640255,18.674207275553794, 29364.67480891581, 8.696500875266755e-06
                            1.7212825782365517,                            0.3538390866019494,                                        9.142815212371428e-05,                                           0.0415791860012469,                                     0.11258412023761105,29350.792308882985,10964.426799492676, 40315.21910837566,   0.00104798860239214
                            1.7132915145184233,                            0.3467028927135911,                                         0.008739942795367585,                                         0.007849196004415287,                                     0.49607277426107194,29348.437148893987,244.70312230873822,29593.140271202727,  9.94314040859936e-05
                             1.713209502213096,                           0.34446122955608055,                                         0.001253679977913943,                                          0.26423483258146474,                                     0.05880717970959731,29346.411558040578, 804.3393241428577,30150.750882183434, 1.311658089233562e-05
                            1.7026592802712504,                           0.33636027320161865,                                        0.0007540369586316336,                                         0.001797853792819369,                                      0.8186079300758311,29347.849849934566,1885.3866998165488,31233.236549751116, 5.526661619661455e-05
                            1.7218548102504103,                           0.35470811517084333,                                       0.00011074561574615178,                                       3.8592513973169515e-06,                                      0.4986951231824062,29347.793936220616,268150.13244872686, 297497.9263849475, 5.226125774509553e-05
                            1.7207805081066454,                           0.35217859019950126,                                        8.821797318741481e-05,                                        5.636334966062536e-06,                                      0.4063845594250135,29345.277088350027,188758.65533223262,218103.93242058266, 4.218195611027175e-06
                             1.716487895308211,                            0.3489934110497132,                                        0.0013302464817613827,                                       3.0067258179920384e-05,                                      0.7509452189264098,29344.421548659306, 34013.37495744266,63357.796506101964,1.7929597851459355e-06
                             1.713774065721039,                           0.34717240181750936,                                          0.09063899899073814,                                         0.000877305968418356,                                      0.6795671991219425, 29347.88884759198, 1153.766374151299, 30501.65522174328, 5.746446163692756e-05
                            1.7173289937927936,                            0.3505603583781364,                                         0.007879136363921969,                                       1.1417549177826157e-05,                                      0.2668236099491817,29342.656222612444, 87714.24061373217,117056.89683634462,3.0683096633145163e-07
                            1.7033722323674163,                           0.33644857608008627,                                         0.009100546889599374,                                        0.0027682352274246993,                                      0.5182490476159385,29347.248544720027, 474.0967062336263,29821.345250953655, 3.029139946803542e-05
                            1.7085307113130295,                           0.34348106190998684,                                       1.8207112306220316e-06,                                         0.009381116473082811,                                      0.5318274380285855,29343.711108427167, 549345.4242020327, 578689.1353104599, 8.811102961840154e-07
                            1.7247636954143952,                           0.35659612422962167,                                        6.963164970971461e-06,                                          0.07387584361762602,                                      0.8573456834050417,29348.856426159073,143629.19532823187,172978.05175439094,0.00015122144191976285
                            1.7053133956392617,                            0.3382790684432338,                                       1.0462593044966609e-05,                                        9.493747096195093e-05,                                      0.9612928476381493,29350.793600686655,106114.80533700957,135465.59893769622,  0.001049343272710518
                            1.7061867036344927,                           0.33883731291172337,                                        4.465454096194922e-05,                                       0.00027313720523036494,                                      0.7259161632538355,29349.764115993647,26058.253953122105, 55408.01806911575,0.00037481594790662236
                            1.7241383144138678,                           0.35696160633115337,                                       2.9438675129487334e-05,                                         0.003034488249037798,                                      0.8197377463192599,29346.260756071162, 34301.26626712127, 63647.52702319243,  1.12804955565052e-05
                            1.7237497824784975,                            0.3556908145295533,                                        0.0014498524104889872,                                         0.007028658476092362,                                      0.9279118164204185, 29348.60595242782, 834.8114679179347,30183.417420345755,0.00011771559861535804
                            1.7057199636328444,                           0.33955607923778786,                                        0.0010058753802579532,                                         0.003129975512816912,                                      0.9639981489023248,29346.497835361268,1316.5952772309854,30663.093112592254,1.4298497581633837e-05
                            1.7125069115928204,                           0.34594086229759013,                                       1.9450672383420135e-06,                                        2.542228530281987e-06,                                      0.4014022763588102,29350.146586923787, 907479.6023815573, 936829.7489684811, 0.0005494435451824752
                            1.7078615431397624,                            0.3408031050681559,                                       2.0002543575094984e-06,                                          0.03528346337592223,                                      0.2630518250114379,29351.684443462123, 499967.6948433092, 529319.3792867713, 0.0025574413586159626
                             1.722926467337973,                            0.3547259568773124,                                          4.4516443233736e-06,                                        1.407773185915688e-06,                                     0.37368596447660263, 29346.89377482561, 934980.6160731931, 964327.5098480188,2.1244412760211656e-05
                            1.7051299848649935,                           0.33891478303766137,                                        0.0006540525312072169,                                       1.2353620811004954e-05,                                      0.7979610953728065, 29346.12417395636, 82479.80713047361,111825.93130442996, 9.840367546137504e-06
                            1.7126114861313906,                            0.3453833182986696,                                         0.003381052199545176,                                        8.082687257251129e-06,                                      0.8741438768314089, 29349.64294840959,124019.89011473906,153369.53306314864, 0.0003320440084973831
                            1.7134627303687398,                           0.34618162496080357,                                       6.0712271834651605e-06,                                        1.167507323999487e-05,                                      0.7404463272764908,29348.474883887182, 250366.8020560258,  279715.276939913,0.00010325513801281171
                            1.7182309037455896,                           0.35044651809697536,                                        0.0024390535209670595,                                            4.684550222189732,                                      0.3214237670073519, 29345.29698670336, 413.0620733052088, 29758.35906000857, 4.302971409935906e-06
                            1.7116064422365438,                           0.34582517144071845,                                        0.0003131206721420054,                                       1.7389758791329387e-05,                                      0.7113898925308273, 29351.31981573926,60701.659000428284, 90052.97881616754, 0.0017760282776377988
                            1.7174801431618623,                           0.34972116199120834,                                        1.046566224924847e-06,                                       1.7993327874465866e-06,                                      0.5697024920315991, 29346.49203219306,1511270.1274985822,1540616.6195307754,1.4215761293517393e-05
                            1.7143192534879848,                           0.34515415415784334,                                       1.4361306998569504e-05,                                       0.00034975033825533516,                                     0.45348938204085465,29345.005706098837, 72493.62500409006, 101838.6307101889, 3.215636142331256e-06
                            1.7168823812728242,                           0.34908372180313046,                                        8.080009762648577e-05,                                          0.23587460211600797,                                      0.2792356711863152,29342.912585569567,12383.326853323833,41726.239438893404, 3.964936218459272e-07
                            1.7170116668186854,                           0.34970038002798903,                                          0.11204326704660737,                                          0.08901034650114335,                                      0.6088978962094264,29344.706269881204, 23.01936336467206,29367.725633245875,2.3835452673815643e-06
                            1.7046104560699635,                           0.33624207639395043,                                        0.0009435968485854917,                                        5.586675186733848e-06,                                      0.5666133201621826,29347.431394291103,180060.08905801267,209407.52045230378,3.6368877579516565e-05
                            1.7050851205423094,                            0.3386913466327134,                                         0.005537089875226144,                                          0.11446469826602819,                                      0.4683047120326388,29345.784470523868, 192.2891419865948,29538.073612510463, 7.006159075483647e-06
                            1.7169810821644005,                           0.34890365509655474,                                        0.0013860267027134617,                                           1.0918254814976722,                                      0.5537814371590506,29342.529519325803, 725.2688393403192, 30067.79835866612, 2.703165584795026e-07
                            1.7187481047372877,                            0.3505189170876303,                                          0.01149628448286137,                                           0.7978236190094634,                                      0.8729053882633525, 29351.03221071679,  91.0909484088961,29442.123159125684, 0.0013321238443879926
                            1.7219410008979308,                            0.3529658766280496,                                        4.588572733425878e-06,                                        7.404458380649154e-05,                                       0.453512249120826,29348.675110281183,231440.90008260257,260789.57519288376,0.00012614466552613745
                            1.7197682220991737,                            0.3517607078725882,                                         0.004134734772502613,                                         0.004067089323227426,                                     0.45946568235809276, 29351.48500986566, 490.5724081867824, 29842.05741805244,  0.002095042192806168
                            1.7191216368329132,                           0.35297439478218134,                                       0.00013431861947477833,                                          0.01539966512625771,                                    0.030356977169787358,29347.959381558816, 7512.753745491116, 36860.71312704993, 6.166402299087315e-05
                            1.7184669537050272,                            0.3504278661903477,                                         0.009536125018863431,                                           0.1743745797591251,                                      0.5749192977411672, 29351.12357130807,113.45283220126522,29464.576403509338, 0.0014595601677181806
                            1.7147720080632887,                            0.3459494703589784,                                         0.005688910363736943,                                       1.0497442103006513e-05,                                      0.2926667566809561, 29345.36538270025, 95439.97295318205,124785.33833588229, 4.607575544932298e-06
                             1.716178772360517,                           0.34905832196035036,                                        0.0009770027623176678,                                          0.04823993105159245,                                     0.07277099917466523,  29344.4942916174,1047.1331248308873, 30391.62741644829,1.9282458886389195e-06
                            1.7151697418849368,                           0.34835553133674796,                                          0.03950432094311666,                                           0.1599229893886154,                                      0.4818528041301114,29345.805186978898,34.437326745608246,29380.242513724505,7.1528157126867165e-06
                             1.705679342744367,                           0.33910919013346413,                                        0.0008266713755953175,                                           0.2770392799347524,                                     0.44811594518653863,29349.362201697633,1216.2290278534322,30565.591229551064,0.00025076614306446883
                            1.7166003108358425,                            0.3496710475226489,                                           0.0037022755470694,                                        3.869980281052146e-06,                                      0.6787048882978428, 29343.38374275619,258672.21343086078,  288015.597173617, 6.351220222321264e-07
                            1.7059906702900232,                           0.33801613937082486,                                        3.186976146575303e-06,                                       3.1007567292409415e-05,                                      0.7469261673332346,29346.954552522548,346030.20873730583, 375377.1632898284,2.2575644062685576e-05
                             1.718054447119966,                            0.3513201751814885,                                        0.0022179611594121728,                                       2.0346219854250818e-06,                                     0.40253677024146434,29342.095257713758, 491945.5001479007,521287.59540561447,1.7509559798969854e-07
                            1.7237711464514693,                            0.3548054928794195,                                         0.014669689418567115,                                        0.0013568889478104802,                                      0.5434584052735074,29349.303514831314,  807.966202333965, 30157.26971716528, 0.0002364729766036036
                            1.7048242793689483,                           0.33725609150569713,                                        2.854875667091834e-06,                                         0.000705411165428301,                                      0.3403943905241912,29347.005312520156, 351698.5293915345,381045.53470405465,2.3751166057011288e-05
                            1.7222080180587978,                           0.35574137309757337,                                        0.0006165431735524443,                                           0.2929630834331248,                                     0.09475247021769939, 29345.66149595281,1628.1708614377617, 30973.83235739057, 6.195449426286535e-06
                            1.7127564407537168,                            0.3442783953283868,                                        6.785865580398921e-05,                                        2.943741023048616e-06,                                       0.443007114814959,29347.667627013114, 354443.2141751622, 383790.8818021753, 4.606005642253536e-05
                            1.7254782924367684,                           0.35549711693545294,                                       4.5915120829999086e-05,                                        0.0008693863514623657,                                      0.8531455386112281,29346.499817399334,22932.367178639874, 52278.86699603921,1.4326865852333032e-05
                            1.7151757054297465,                           0.34833168159746525,                                        0.0002784460458790957,                                         9.12246763630942e-06,                                     0.39861329485736763,29346.011476674135,113213.69347151235, 142559.7049481865,  8.79159173793414e-06
                            1.7057224319341358,                            0.3378504806469323,                                         0.006151398841994325,                                       0.00013347727602616935,                                       0.469833754339559,29349.258926115977,7657.4364944122035, 37006.69542052818,0.00022616056740201734
                            1.7141850741757503,                            0.3444408605028761,                                       2.4610216149312353e-06,                                          0.05510932025018567,                                      0.5811600009489188,29340.281997852544,406356.36680055875, 435696.6487984113,2.8561859325425488e-08
                            1.7132436120676953,                            0.3461881042782911,                                       0.00020922654815084814,                                        0.0031846752123835596,                                      0.8846584623891941,29350.021474146488, 5096.400553652506,34446.422027798995,0.00048482754614401343
                             1.713152364075383,                           0.34611245460169393,                                         0.002604113963648005,                                            0.852896790409885,                                      0.3984162583490273,29349.202397371937, 388.0694807117283,29737.271878083666,0.00021373062879592698
                            1.7078013102094844,                           0.34159053977107673,                                        0.0009517099009047551,                                        5.138225418900182e-05,                                       0.978380570751854, 29349.39012841168,20515.639986856946, 49865.03011526863,0.00025786792053764216
                            1.7196019725588318,                            0.3510396135821874,                                         0.004033712782955251,                                       0.00031960492952464624,                                     0.19964409795766674,29347.932273593076, 3379.622121816165,32727.554395409243,6.0014890073992664e-05
                            1.7172203776749007,                           0.34930288124003467,                                         9.23134787301821e-06,                                       0.00012571952498236882,                                      0.5816921718733634, 29343.32156038248,116283.61954901736,145626.94110939984, 5.968314634263996e-07
                            1.7204684959314647,                            0.3525306424304103,                                         0.005261276246821552,                                        3.105187769772402e-06,                                     0.19280165265442167,29350.014985508024,322234.62126745016, 351584.6362529582, 0.0004816918596491832
                            1.7111373768862437,                            0.3454939144940019,                                       1.1408161456902719e-06,                                        3.315376614913055e-06,                                      0.6719534964355436,29351.266910919046,1178193.1863206318,1207544.4532315508, 0.0016845100437886211
                            1.7168587651222147,                           0.34704798813501164,                                        0.0007077391866603127,                                         0.011020182276711693,                                     0.23026899138870977,29349.983972212834,1506.5739282013958, 30856.55790041423,0.00046698228302044444
                             1.705660733191329,                            0.3389097515996453,                                       1.6983594425149284e-06,                                        5.094328454937009e-06,                                      0.5408058025450102,29350.925121644814, 785103.1866663634, 814454.1117880082, 0.0011968408640580087
                            1.7196550907458532,                           0.35081853446228733,                                       1.7853973603997568e-06,                                       0.00043778448739430193,                                      0.5412744609755956, 29349.91141213581,  562386.484847538, 591736.3962596739, 0.0004342981336114573
                            1.7127642278368271,                           0.34305831062078157,                                       1.2351094853123297e-06,                                         0.018637883054125174,                                      0.9864236277949661,29343.520011870452, 809701.3916154727, 839044.9116273432,  7.27843647848536e-07
                            1.7044848343209573,                           0.33486837254409435,                                       1.5165060801771885e-06,                                        0.0002828028636576362,                                      0.5127608587066619, 29346.70651677071, 662949.4968489483, 692296.2033657191,1.7616498486796334e-05
                             1.711986843701543,                             0.343300813245733,                                       0.00010696665566922301,                                        0.0007887050517918098,                                      0.4048856290075381, 29347.61602259086,10619.521717177391, 39967.13773976825, 4.374344168035048e-05
                            1.7129598496181115,                           0.34672925380449515,                                          0.06939680628047237,                                        0.0026427605455251577,                                      0.4672689414772899, 29348.87852422682, 395.6861884643409, 29744.56471269116,0.00015460033964484737
                            1.7158643355287082,                            0.3479563217339746,                                         0.001766889708257744,                                          0.10324705149349794,                                      0.7246242557013104, 29343.41428531697, 578.5257131740389, 29921.93999849101,  6.54819550466173e-07
                            1.7167116000743567,                           0.34824780261864463,                                        0.0005205326008265803,                                         0.011187844041706103,                                      0.3961606646729826,29345.307792364158,2013.3635054179206, 31358.67129778208, 4.349719979129501e-06
                            1.7259780559327078,                            0.3583445046324001,                                       2.2525649906768107e-05,                                       0.00017766454669812417,                                      0.7655601476365558, 29347.02132113356,50025.211251919995, 79372.23257305355,2.4134449021275206e-05
                            1.7118908753503064,                            0.3463086500794039,                                       0.00010521831964645349,                                       0.00012672608460924438,                                      0.8880868629787093,29350.632801515258, 17397.97121800315,  46748.6040195184, 0.0008934770256540539
                            1.7233155995561278,                            0.3543712858015276,                                        6.286005927564993e-06,                                          0.11536233770058237,                                      0.7601865359528667,29348.911081207254,159095.01824159108,188443.92932279833, 0.0001597164912003396
                             1.722515835370972,                            0.3553763740066463,                                        0.0001154104491634742,                                          0.23540732457065458,                                      0.0987884099261252,29344.711858904753, 8671.788571429452, 38016.50043033421,2.3969042550846683e-06
                             1.719118206880671,                           0.35150867223544136,                                        0.0033506284900967167,                                        0.0015620330659382425,                                      0.2531841563833168, 29351.57106280249,  941.487663897013,30293.058726699503,  0.002283311107837371
                            1.7126483194689233,                            0.3460794221502897,                                        0.0017728395280329878,                                       0.00016919146369801874,                                     0.24344154055894146,29350.201632632343,   6477.4200287379, 35827.62166137024, 0.0005805359558101224
                             1.707583246294787,                           0.34052845967312334,                                        2.083831560657822e-06,                                           0.0651471247824003,                                      0.3140109619875976,29351.800774479307,479903.52235388453, 509255.3231283638,  0.002872946926367356
                              1.71848865579709,                           0.35081314135678804,                                        0.0006499949628450595,                                       0.00026285807815353907,                                     0.46354038916738205,29350.639983558773, 5345.658270700497, 34696.29825425927, 0.0008999171153516637
                            1.7248157727698437,                           0.35554813172367933,                                        0.0015216065367961871,                                        0.0001470144649072669,                                      0.8362262587207875, 29349.21940106967,7462.0644412397805, 36811.28384230945,0.00021739591318784257
                            1.7252600827689406,                            0.3573558777381299,                                         0.005088633373014167,                                          0.03929829897768272,                                      0.8225335860088503,29348.592359616036,224.76114234586043,29573.353501961898, 0.0001161263383667508
                            1.7269612491115747,                           0.35890836836235174,                                       2.6448619127626174e-06,                                         0.033299426057485586,                                      0.7487910354514622,29347.745072715843, 378124.3894095439,407472.13448225975, 4.976897620328476e-05
                             1.720912404283395,                           0.35250687741164755,                                         0.048138760212979956,                                         0.003487561747259999,                                       0.549650508947892,29348.108200715073, 310.3433797863392,29658.451580501413, 7.155882375569992e-05
                            1.7221689326981022,                           0.35433818310828474,                                        0.0013804145428312146,                                        0.0038536291739656894,                                     0.17794358209464128,29347.593745389397, 986.7378809642299,30334.331626353625, 4.277973442255936e-05
                            1.7219798617288171,                           0.35521280922890247,                                       1.1589719864506464e-06,                                       2.8885893579195284e-06,                                      0.3570591635130027, 29347.09482102781, 1209026.180338778,1238373.2751598058,2.5975145384634183e-05
                            1.7157217468700061,                            0.3457390440093394,                                       1.6436415381776238e-06,                                        0.0008866269934257933,                                      0.5701938157848433,29342.917887556767, 609535.9266175515, 638878.8445051082,3.9860140874548053e-07
                             1.712505534076396,                           0.34360854746287267,                                        4.419658656794785e-06,                                        0.0006625474690772918,                                      0.4521169844441657, 29347.96694323432,227774.05351126348, 257122.0204544978, 6.213207371674345e-05
                            1.7212198507487222,                            0.3540071912864461,                                        4.322595002717414e-05,                                       1.0153785489402028e-05,                                     0.40193635652824933, 29347.43981489004,121622.51320751291,150969.95302240294, 3.667641833285315e-05
                            1.7073350781416894,                           0.34181226025942446,                                        0.0003218675924800776,                                         0.004066467400421647,                                      0.7933257780420322,29349.134754951454, 3355.706888567976, 32704.84164351943,0.00019975149275022928
                            1.7164252460621865,                            0.3478125833104039,                                       3.7809393697913232e-06,                                          0.20692348585478063,                                      0.2510439631139972,29347.221025626517, 264492.2451743782,293839.46620000474,2.9469172966247077e-05
                            1.7056671967731551,                           0.33719535489083513,                                        0.0002705787054723302,                                       2.9110275713769245e-06,                                      0.5401672297417146,29346.840356796696, 347220.0563381727, 376566.8966949694,2.0139355845749383e-05
                            1.7247139145348371,                            0.3572528062365661,                                        0.0029966110369618916,                                         0.004300933929927131,                                     0.06015882264172423, 29347.08633503251, 569.0170894019108, 29916.10342443442,2.5755653045579835e-05
                             1.703263488843802,                           0.33637107121496534,                                        0.0007251545016705751,                                       1.9049186013664507e-05,                                      0.5377590028493804,29347.115344327496, 53877.67078085583, 83224.78612518332, 2.651374913570143e-05
                            1.7052719367886005,                           0.33940009952844624,                                        3.687998095250603e-05,                                        0.0004120934447712345,                                      0.8123930716763366,29346.248648847708,29544.561927996496,58890.810576844204,1.1144743524483251e-05
                            1.7189071728048313,                            0.3517415557799557,                                       0.00042529746751772423,                                          0.16542027035035237,                                      0.5314715577331768,29349.829073584086,2360.1836541813745, 31710.01272776546,0.00039997125832649886
                              1.72816759764739,                           0.35934408233654924,                                        0.0004888001215281732,                                         0.005498760597016503,                                      0.6835782929466306,29348.295715035936,  2230.46801642855,31578.763731464485, 8.631765396160353e-05
                            1.7189971417453993,                            0.3514333468676268,                                        0.0005376830994097815,                                          0.00094528930875904,                                      0.3901901922644478,29351.427406302937, 2920.554246771999,32271.981653074938, 0.0019777703616196355
                            1.7211218928726821,                           0.35309440875778714,                                        0.0011939968825853365,                                       1.9606629543768324e-05,                                      0.7582952215806716, 29349.74378899533,51843.511980505325, 81193.25576950065,0.00036727397726155916
                            1.7139090791849634,                            0.3480487958335441,                                        0.0019735837627524954,                                            1.093022484388615,                                     0.39031774869382463, 29347.23212061319,510.48050865127584,29857.712629264464,2.9797953583127306e-05
                             1.705768347342199,                           0.33857547424843254,                                       1.2879995017376823e-05,                                        3.758214283638696e-05,                                     0.32101016312512237, 29351.24325621621,104251.11679383258, 133602.3600500488,  0.001645131044714994
                            1.7190982840637672,                            0.3506477408732912,                                        5.369192663146288e-06,                                        4.098296041799605e-06,                                      0.6284581294755062,29349.035285569666,430254.43894200947,459603.47422757914,0.00018083855572642037
                             1.716515102883067,                           0.34904548848329947,                                          0.04687608012164366,                                        4.237784626283071e-05,                                      0.5555459874557411, 29344.42156270414,23621.432867290972, 52965.85442999512, 1.792984967148108e-06
                             1.717040091943454,                           0.35026240785731655,                                        0.0031433590012547707,                                        0.0009723098477141839,                                     0.30368373048071573,29342.602733292333,1349.4647534044525,30692.067486696786,2.9085000209863936e-07
                            1.7195509039694223,                            0.3508019757730058,                                        3.631480106023706e-06,                                          0.03882004882075903,                                      0.7732139936268444, 29349.79181266263,275398.42412713595,304748.21593979857, 0.0003853421993083672
                            1.7123331030180011,                           0.34731774497078804,                                       3.9069837432182296e-05,                                       1.5346981697806727e-05,                                      0.9713943726587708, 29341.91216594082, 90757.46368182932,120099.37584777013, 1.458006570468272e-07
                            1.7160700634680346,                           0.35071988537304055,                                         0.002323130749109889,                                          0.05469604433121077,                                     0.26466367842327043,29338.658787817993, 451.5877385766571, 29790.24652639465, 5.634239640399073e-09
                             1.717797138194162,                           0.34763032161802954,                                         0.010471159758655976,                                            0.284200325913901,                                      0.5360170041413651,29346.326091694293,101.89566905069306,29448.221760744986,1.2042123569707007e-05
                            1.7163557385401764,                           0.34763674266552214,                                         0.004358431651471277,                                          0.03694766128513908,                                      0.5675181447981706,29347.256679269336, 259.3822092599892,29606.638888529324, 3.053881127814543e-05
                            1.7205448037619875,                            0.3516310653063074,                                        1.674442558377554e-06,                                       1.1503808501871072e-05,                                      0.5253377790634073,29349.242726925335, 684144.2560809924, 713493.4988079177,0.00022252646349541627
                            1.7165404236059736,                            0.3480000841054448,                                        4.052181553475916e-06,                                           1.1843199842437795,                                      0.1369419180392039,29348.438269837585,246784.36850027007,276132.80677010765, 9.954292357368726e-05
                            1.7083869129474818,                            0.3427309140985051,                                       1.0605278798704083e-05,                                          0.01791900773385383,                                      0.6558361839500836,29349.800493479772,  94351.3893083521,123701.18980183188, 0.0003887018456183263
                            1.7115856372030094,                            0.3456053545797839,                                        4.025549157196944e-06,                                       0.00013824083896703138,                                         0.7185073911388,29352.304444696234,255649.95817744866, 285002.2626221449, 0.0047541053239966505
                            1.7151519542090448,                            0.3493690870764341,                                       1.2691898024823668e-05,                                       1.0836918997777826e-05,                                     0.40691961186261805,29345.813262433614,171070.43420517864,200416.24746761227, 7.210811809319152e-06
                              1.71391946829881,                            0.3445586178768671,                                        1.619375675086614e-05,                                        0.0006941970508230306,                                      0.4300389577792876,29342.365900866404,63195.608919085076, 92537.97481995149,2.2951657558016743e-07
                            1.7140470152475886,                            0.3456484960947197,                                       0.00025552147360292785,                                          0.03465831356241812,                                     0.28405895862080316,29348.174634213796, 3945.311626322395, 33293.48626053619, 7.647419166473505e-05
                             1.713537453890577,                            0.3452378209385359,                                       2.8452142405841166e-05,                                       1.2486048689141056e-05,                                      0.2667266688843651, 29345.31307712357,115239.02289717244,  144584.335974296, 4.372768050845918e-06
                            1.7159092979474293,                            0.3477309336049598,                                        0.0002421301148540628,                                        0.0001501414972094771,                                     0.34354088009385636, 29343.16072271603, 10793.27045918616, 40136.43118190219, 5.081603773859827e-07
                            1.7226225707400378,                            0.3537282220601822,                                        0.0008028105333731843,                                        7.870468832313155e-05,                                      0.7687746554268943,29348.692899083333,13954.174343197503, 43302.86724228084,0.00012840870560122073
                            1.7084592029904866,                            0.3403749907760807,                                       1.9817490605534852e-05,                                        2.405040424433272e-05,                                      0.9788313978005738, 29351.11625190245, 92042.75617177662,121393.87242367907, 0.0005616396983593662
                             1.719410625931477,                            0.3513598116774256,                                         0.012782439328847022,                                       1.1072157058157074e-06,                                     0.46817306346830523, 29351.41406397959,  903247.457600895, 932598.8716648746, 0.0007564773674374943
                            1.7111301556304301,                             0.345604820251284,                                        5.599838116435465e-06,                                       3.7863352918621528e-06,                                      0.3167344631686779, 29351.21918266832,442687.10365370655,472038.32283637486, 0.0006225296788335375
                            1.7117787422748532,                           0.34647396366510624,                                        0.0016609259506940844,                                          0.17894803743256893,                                      0.5460273394092829,29350.620147680933, 610.5482349723093,29961.168382653243, 0.0003419813887276969
                            1.7187704752378474,                            0.3508011684073209,                                        0.0020074825779000504,                                         0.022401206731451285,                                      0.8415628327510646,29351.045496446714, 545.6273979787585,29896.672894425472, 0.0005232739241185195
                            1.7187905536941988,                            0.3497246333889129,                                        0.0048998188890086525,                                        0.0002610709286163006,                                      0.5918136390811912,29351.446226710832,4037.3252608635435, 33388.77148757438, 0.0007812032400755717
                             1.712078941840495,                           0.34490894516814685,                                        0.0029834885443805297,                                        8.866593504206583e-05,                                      0.5879579766419069,29351.211302623167,11616.365959118217, 40967.57726174138, 0.0006176433942121101
                            1.7184661556957619,                             0.350373270243629,                                          0.05683421781611193,                                         0.005655563914466373,                                      0.5340306277275606,29350.834366876734, 197.2661605561879, 29548.10052743292, 0.0004236787540222368
                            1.7109675542106138,                           0.34223372332416613,                                        8.740581827333725e-05,                                        0.0005347785460157277,                                      0.3454536979805187, 29351.30651248201,13313.740854798989,   42665.047367281, 0.0006793395782146289
                            1.7100080489553726,                            0.3421004765143326,                                         0.023670183055729335,                                            1.779072558138082,                                      0.6001524939939531,29350.871062010716,45.732452482966934,29396.603514493683,0.00043951447267210556
                             1.707607191651587,                           0.34023087678086755,                                          0.00506165550499747,                                        0.0001874889663102223,                                     0.26952369567926404,29351.955464138206, 5534.150200175608,34886.105664313814, 0.0012999392010458605
                            1.7132309749408883,                            0.3467860875295646,                                          2.7326440786166e-06,                                        0.0004971511207158717,                                      0.0722891784351819, 29348.46986229637,367960.28223173093, 397308.7520940273,3.9824047249952225e-05
                            1.7193926116562122,                            0.3494083936673663,                                       1.4213233247818903e-05,                                         0.004721959579890452,                                      0.7053485848202075,29348.822475535126,  70571.6066906317, 99920.42916616682,5.6660888234474866e-05
                            1.7156324810712733,                           0.34734112768144104,                                          0.06248367949867799,                                        6.032069325058046e-05,                                      0.2743040337813184,29342.830670764542, 16596.94200044116,45939.772671205705,1.4160403537275397e-07
                            1.7220585124410623,                            0.3531786194632533,                                         0.019721693493500992,                                        7.253064364952975e-05,                                      0.6794162756553965,29348.683275703726,13840.812979352215, 43189.49625505594, 4.929804077814372e-05
                            1.7196396408479409,                            0.3494640691437911,                                       0.00015953321837602351,                                           1.5180491069279216,                                      0.6456845945335891,29346.069365108036, 6271.807272160971, 35617.87663726901, 3.610960284509369e-06
                             1.718657061770348,                           0.34839345758094525,                                         0.005608065643391032,                                          0.03474671121563463,                                     0.27644316340301783,29346.247839650914,209.96462334361487, 29556.21246299453, 4.316514667253567e-06
                            1.7212628119403837,                            0.3522539103069344,                                         0.022925364491593346,                                        9.786625396699713e-05,                                      0.6352974164755404, 29346.87213680913,10264.485409649476,  39611.3575464586,  8.05864513385851e-06
                            1.7096193824730632,                           0.34232259664113507,                                         0.014431782718126252,                                        4.449252708461879e-06,                                      0.3887911353146014,29350.912818248624, 224829.0574239488,254179.97024219742, 0.0004582554979460636
                               1.7214960685068,                            0.3514843835817353,                                        5.481708364920062e-05,                                           1.1224184361918776,                                     0.34966311549060497,29348.922046730477,18246.224180232493, 47595.14622696297, 6.259311989284357e-05
                            1.7208675770421769,                           0.35078599309582176,                                         0.000758274049722309,                                         0.001737175918956362,                                      0.6467390160991121, 29349.00628993231,1897.2820960416432,31246.288385973952, 6.809464447778423e-05
                             1.719418958849372,                           0.34989721415843544,                                         0.005051828673482009,                                        5.839255094120984e-05,                                     0.37638189487021795,29350.592903547287,17326.278170346824,46676.871073894115, 0.0003327901739136766
                            1.7079172848720803,                            0.3402549200824305,                                        0.0007029477847208679,                                        7.115554748784784e-06,                                     0.23886081101638523,29350.997540163557,141962.69994832578,171313.69748848933, 0.0004987718612285496
                            1.7203109730259447,                           0.35022671525642585,                                       2.5494373317081675e-05,                                       0.00015298518924033397,                                      0.7247010874404469,29348.215189840146, 45763.77705350875,  75111.9922433489,  3.08704209880579e-05
                            1.7193420738793554,                            0.3499389778944682,                                       1.0386047803887874e-06,                                          0.04827107234140885,                                      0.7009291606181953,29351.034851114797, 962853.7273593579, 992204.7622104727, 0.0005177330440921002
                            1.7087703834231152,                            0.3432040792436976,                                       0.00010004890126280056,                                          0.12148886343080914,                                      0.4969168140163561,29350.851626043626, 10006.25718930535,39357.108815348976, 0.0004310545634188183
                            1.7090769521073792,                            0.3434021645765171,                                       1.0520900763476059e-05,                                        0.0005459227039482208,                                     0.22873591770316554,29351.407645880427, 96883.56895051662,126234.97659639706, 0.0007516377678051954
                            1.7199477144462547,                            0.3523493157676852,                                        6.254294553726137e-05,                                          0.25320928588183655,                                      0.8946965598848047, 29351.33931948375,15995.800886486086, 45347.14020596984, 0.0007019962902557439
                            1.7068541867029496,                            0.3398227755804975,                                        0.0016925985893059168,                                           0.1250822739493322,                                      0.5609655456547493,29351.298837869872, 601.7449831113315,29953.043820981202, 0.0006741458657985658
                              1.71898288566642,                           0.35148085163939463,                                        0.0015461361767010956,                                       1.3007849796115404e-06,                                      0.8012860495352738,29351.456885098276, 769416.1832201434, 798767.6401052417, 0.0007895741377710363
                            1.7092142643286934,                            0.3425549392873583,                                       0.00015348968708214897,                                         0.056079278167322034,                                     0.22139635384601142, 29351.55568962036,6535.8468363550855, 35887.40252597544, 0.0008715718068224869
                            1.7189204981480781,                            0.3506400486764927,                                          0.12110927411078751,                                         0.015447182041281012,                                     0.47202939437855307, 29351.22249714103, 75.84566004727684,29427.068157188307, 0.0006245964597171883
                             1.720959754108934,                            0.3504528876463595,                                        1.712944889398646e-05,                                        0.0009383253838340042,                                     0.36335773557918516,  29344.6761538962, 59447.57617822947, 88792.25233212567, 8.965174979316215e-07
                            1.7114636294686898,                           0.34463107676117116,                                       2.9816343977847566e-05,                                        2.789286866521753e-06,                                     0.12699020675635386,  29350.9819713037, 392056.1307824098, 421407.1127537135, 0.0004910666880383092
                            1.7075086392834633,                            0.3415322871335906,                                        6.427075050372586e-05,                                          0.21896334102164763,                                      0.7191080791011407, 29349.63721109208,15566.672219729568,44916.309430821646,0.00012797305421363646
                            1.7079070526696103,                           0.34043909191808264,                                        0.0038888255392331315,                                        0.0025573207704880406,                                     0.24599528972985418,29351.652604877512, 651.1186753284034,30002.771280205914, 0.0009602690573205042
                            1.7075659038420947,                            0.3411746027608386,                                         0.002711187008693137,                                        2.687052412268029e-06,                                     0.31820407981054866, 29349.44358233114,372526.77672389074,401876.22030622186,0.00010544515573183707
                            1.7209467561776925,                           0.35055655958078563,                                        3.246025995405202e-05,                                           1.9830402101066034,                                      0.6152756197190113, 29346.54721407174,30810.257425800377, 60156.80463987212, 5.823041428512243e-06
                            1.7098649376818411,                            0.3441686592363127,                                        0.0026265759841095975,                                        3.282064453975696e-05,                                      0.3605509957586469,29351.453409161215,30852.257075747577, 60203.71048490879, 0.0007868343921133744
                            1.7223133648653535,                            0.3545264413531614,                                         0.000268135551973432,                                          0.03374516617040473,                                      0.6190279404108262,29347.513825476246,3761.9114960334887,33109.425321509734,1.5308896224011152e-05
                            1.7116977852813064,                           0.34607450912282295,                                        8.993545814074752e-05,                                        0.0006078274983210779,                                     0.02970820190612089,29350.670519500964,12767.178130402262, 42117.84864990323, 0.0003596488492564647
                            1.7080370445020971,                            0.3413972267285542,                                         0.026001349611928955,                                           0.3900147474043684,                                      0.8473726864643918, 29350.51733619196, 43.95268690820038, 29394.47002310016, 0.0003085687983382863
                            1.7111075501338122,                            0.3455604281636124,                                       0.00018162106509639228,                                           0.0600296453963703,                                      0.9749064627319696, 29351.21970924974, 5525.521538121873, 34876.74124737161,  0.000622857577721949
                            1.7112780278197675,                            0.3437225485470793,                                        0.0021233558383846355,                                         0.038370829323175135,                                     0.25273937857386186,29351.155778737993, 499.9234098045233,29851.079188542517, 0.0005842841213707608
                             1.708009327219058,                           0.34208784006659876,                                       2.7341993733229433e-06,                                       0.00026060427185992135,                                     0.26268454215089654,29349.112334883248, 369577.9356196378,  398927.047954521, 7.571251867562774e-05
                            1.7209894343904855,                           0.35336568223341414,                                       0.00017868345055632476,                                          0.01169623206665563,                                      0.8561008102869851,29350.436602935373,  5684.81674215438, 35035.25334508975,0.00028463611388779346
                            1.7183390219416126,                            0.3482956434619292,                                         0.000425969156999583,                                          0.18031736088937234,                                      0.6110863693022552,29348.244940205303, 2356.004710802022,31704.249651007325, 3.180262523780611e-05
                            1.7208296056580057,                            0.3503728437931172,                                        8.898944543282317e-05,                                         0.057290302308355266,                                      0.7327013115487404,29346.314652573474,11257.596756951163, 40603.91140952463, 4.614766215758226e-06
                            1.7062577463966646,                            0.3388027982646819,                                        3.639941760441873e-05,                                        0.0015266925066107688,                                      0.6592404743186491,29349.915413671308,28130.929353675343, 57480.84476734665,0.00016902088835717973
                            1.7169535731502805,                            0.3499514022391562,                                        0.0005337974525724211,                                        4.640916230529953e-06,                                      0.8961456063299482,29343.140173109678,217350.92028649125,246694.06045960094,1.9297044151114772e-07
                             1.717399020814904,                            0.3470572883589545,                                       0.00010388025886350103,                                           1.3447674734909691,                                     0.31442463763245254,29346.662573929883, 9630.093109284313,  38976.7556832142, 6.535066778443228e-06
                             1.711495576433871,                            0.3433433146242578,                                        2.536821384373137e-06,                                        1.518084355092278e-05,                                      0.2622200563001307,29350.020185453915, 460069.4959832333,489419.51616868726,0.00018769045495574998
                            1.7067857672173903,                            0.3393056577355077,                                        0.0006536195601629837,                                          0.10944304087784947,                                      0.7334004859073286,29350.489861669383,1542.0263420150386, 30892.51620368442,0.00030020642011805733
                            1.7094252615872338,                            0.3403376762841563,                                        0.0001049667569885278,                                        0.0008879201847530906,                                     0.36453496393784707,29346.456390060877,10655.991329898729, 40002.44771995961, 5.317475691153102e-06
                             1.719623997256233,                            0.3501659621677564,                                         7.56724991760379e-05,                                          0.08235320634073183,                                      0.6021531967542109,29350.451819148875,13229.839016259273,42580.290835408145, 0.0002890003168848478
                             1.719634556062165,                            0.3489240549663659,                                       1.2257642965254982e-05,                                         0.016534223881962087,                                     0.46777105409371644, 29344.47247770921,  81645.0995049347, 110989.5719826439, 7.313130550194773e-07
                            1.7097362228728858,                           0.34440403221018584,                                        5.232757263689709e-06,                                         0.008334922198367402,                                      0.5322590306349013,29350.017746750265, 191226.7193765723,220576.73712332256,0.00018723329122815664
                             1.707947657906865,                           0.34025165704723687,                                       0.00013241955716756655,                                           0.3441457069887002,                                      0.4352504541877706, 29351.06423309786,7557.5993473087665,36908.663580406625, 0.0005331707522647053
                            1.7203909821818062,                            0.3509380972499513,                                        0.0003691108865908618,                                           3.4926328636282373,                                     0.10790078598726721,29347.772476776892,2712.3487887674946, 32060.12126554439,1.9827808312905425e-05
                            1.7073754080308536,                            0.3397695155054833,                                       2.5000242004012445e-06,                                        0.0007846072060004632,                                      0.8980259749767701,29350.888927444823,401273.59423411597, 430624.4831615608, 0.0004474371498313558
                            1.7109789643998596,                            0.3453885113125175,                                         0.016833730885219046,                                           0.7843315665628843,                                      0.6057509349002729,29351.170095894435, 63.57479891928455, 29414.74489481372, 0.0005927095789185029
                            1.7114935760024022,                           0.34388048888805867,                                        0.0001451163261280266,                                       2.7620248136261565e-05,                                      0.4354795470146222,29350.588287798942, 43099.25420829647, 72449.84249609541, 0.0003312576378405949
                            1.7086170726369818,                           0.34309294099570425,                                       2.8217679709449282e-05,                                       0.00021235817856141674,                                        0.98640619104406,29349.878263117997,  40150.7147153488,  69500.5929784668, 0.0001628568759976002
                            1.7118676319369086,                           0.34453343747546183,                                        0.0004164005919870705,                                       1.1320510739448452e-05,                                     0.45013094920095476,29351.114843827483, 90739.67312219478,120090.78796602227, 0.0005608494240724125
                            1.7199249759158977,                           0.35131125117852785,                                        5.130595484822324e-06,                                          0.18420556241224684,                                      0.7475514905207462, 29348.63192489746,194917.42423347427,224266.05615837174,4.6830445354954043e-05
                            1.7102523054249872,                           0.34378405637950743,                                        6.533581088779996e-06,                                          0.04591876037615785,                                      0.2636350857359497, 29351.09840160643,153080.10675419835,182431.20515580478, 0.0005517032119373781
                             1.710140419111689,                            0.3450861929167843,                                        0.0010030691484035012,                                         0.019508241231364284,                                      0.8347537796068789,29346.000962157894,1051.0984564395144, 30397.09941859741,3.3722183557984665e-06
                            1.7080071334875968,                           0.33993948008263614,                                        0.0002018728207632211,                                        3.564233520610355e-06,                                      0.2966489643749194,29351.117436936547,285521.78625174775, 314872.9036886843, 0.0005623056550644262
                            1.7236549161678387,                            0.3551051822634766,                                        0.0019553166520978158,                                         0.013427617582621612,                                       0.802308518172607, 29347.77814761082,  588.715557595228, 29936.49370520605,1.9940567939399417e-05
                            1.7225518610771196,                           0.35368208288491165,                                        8.770200837419372e-05,                                            2.046807332062073,                                     0.18832178365998897,29348.678510814978, 11405.56339840026, 40754.24190921524, 4.906369984593011e-05
                            1.7120262191808546,                              0.34517269008018,                                        4.312588518654247e-05,                                        0.0008202984588690027,                                     0.12115213139989117,29349.867902511352,24409.895426338222, 53759.76332884957,0.00016117829056302874
                            1.7086233200350232,                           0.34231278019349065,                                       2.8203996868282062e-05,                                       0.00025781708378255633,                                     0.22852050900927606, 29350.77581829078, 39337.60785197596, 68688.38367026675,0.00039958516701460553
                            1.7096335927102562,                            0.3425278053932013,                                          0.03138444335917959,                                           2.4563327822196857,                                      0.6373700697718561, 29350.32369061839,35.189501722302495, 29385.51319234069,0.00025424522502232147
                            1.7066429233020646,                           0.33857147207706473,                                       3.9482767344670267e-05,                                       1.2126722760195176e-05,                                      0.6053112539774159, 29351.18715621302,107792.96916416427,137144.15632037728, 0.0006029081411647331
                             1.707020588839171,                           0.33936975241680417,                                          0.01644037620181766,                                        0.0028237579314589053,                                      0.5305150150968129, 29350.61557901757, 417.9105021154782,29768.526081133048, 0.0003404225544917342
                            1.7187360557440579,                           0.34859063343325464,                                       1.0477502758536185e-06,                                         0.013971176678949454,                                      0.5819977368919351,29346.202233374588, 954500.3446204567, 983846.5468538313,4.1240760644070404e-06
                            1.7091162732591458,                           0.34407673993184074,                                        0.0011579825293532068,                                           0.5882978973019549,                                      0.5789810259476282,29343.453664518755, 868.1770344895185,30211.630699008274, 2.640209440337554e-07
                            1.7217354731462176,                           0.35193235976167503,                                        0.0006216071644720893,                                            4.031166802675311,                                       0.351898428666634,  29344.7656051992,  1611.82258896534,30956.588194164542,  9.80408296428897e-07
                            1.7091570440235508,                            0.3424145383444389,                                       2.5818500268670454e-06,                                         0.036996867237340914,                                      0.1994346185616649, 29351.41005900672,387349.11608417146,416700.52614317817, 0.0007534537548884163
                            1.7173244992583534,                           0.34811958965639456,                                       2.2547559120737918e-05,                                            4.853452026548165,                                     0.19876018547785856,29350.305411664038, 44353.77727132557, 73704.08268298961, 0.0002496401047729556
                            1.7091331517236166,                           0.34076198960463844,                                       3.0112374561249467e-06,                                       0.00011277116175995836,                                        0.88422016190594,29351.514893722244, 340959.8365749784, 370311.3514687007, 0.0008367307699291799
                            1.7113522324082364,                            0.3446312864141117,                                        8.252450081413826e-06,                                         3.30313681232938e-05,                                     0.41743159518175593,29350.844508370083,151453.28916444146,180804.13367281156,0.00042799735078447515
                            1.7237703042784727,                           0.35359902599685467,                                       5.0290531975772754e-05,                                          0.48009448148233247,                                      0.6108011411529957,29348.858468590344,19889.369564662855,49238.228033253195, 5.873743313558575e-05
                             1.711006357856769,                            0.3430149855403195,                                        0.0038952414711821755,                                          0.02360344628435636,                                     0.11084464706934383, 29349.85152754845,302.00551299862343,29651.857040547075,0.00015856049369193328
                             1.719095513717461,                            0.3494121303110096,                                        6.408965370106294e-05,                                          0.05927724990335191,                                     0.06315430589572407,29351.155404205372,15622.874336522815, 44974.02974072819, 0.0005840653288822731
                            1.7217708038487622,                             0.353532632215074,                                        6.718498840674348e-06,                                       1.1626418972132951e-05,                                     0.18554977207398987,29345.647781660715,234856.60860483066,264202.25638649135,2.3688161046582577e-06
                            1.7101508941635144,                            0.3435109375247948,                                        0.0006361287240544635,                                         0.002393547978120758,                                     0.20920835780984565,29350.995028776066,1992.7098194821322,  31343.7048482582, 0.0004975208233934072
                             1.711492883753245,                           0.34498533723071856,                                         0.020427682600496173,                                         0.031832323217888724,                                      0.5382374460507722,29350.876638016944,  83.2664621729142,29434.143100189856, 0.0004419720534843266
                            1.7112831004225548,                            0.3453641460624165,                                       0.00047440436851685955,                                          0.05171225698638462,                                      0.5558631100833941,29350.581611969177, 2130.139660064916,31480.721272034094,0.00032905358337373695
                            1.7119987214532242,                            0.3451826141694838,                                        0.0006669523922467843,                                          0.04579395779874095,                                      0.8237662553567133,29349.848244350127,1524.0913521356947,30873.939596485823,0.00015804076180331083
                            1.7084465643288782,                           0.34229853493786844,                                        4.713322387161341e-05,                                           0.8212264406828447,                                      0.8843946483009635, 29350.56321326815,21220.595745202423, 50571.15895847057, 0.0003230547791948468
                             1.719914451611252,                           0.34972773870847723,                                       2.4833745011223107e-06,                                        4.434972238945573e-05,                                     0.43348133611863204,29346.855038980582,425228.80313756247, 454575.6581765431,  7.92203103138018e-06
                             1.719457863969875,                            0.3489923118294636,                                        0.0010727802727092024,                                        0.0003563211657105373,                                      0.5545612453773511, 29343.78340525973,3741.4796440788605,33085.263049338595,  3.67149519232239e-07
                             1.720108032461019,                            0.3505356648244187,                                        5.166697826592716e-06,                                       1.6185231840792032e-05,                                      0.4861287999121776, 29348.45238568966, 255334.7915230782, 284683.2439087679, 3.913410452813506e-05
                            1.7088145605761849,                            0.3430789127734148,                                          0.01026302853006674,                                        0.0022437352435105565,                                     0.48377034660566076,29350.881440975205,  546.037289305839,29896.918730281042, 0.0004440999327770138
                            1.7101207303848465,                            0.3421937582347669,                                         0.002126376040271819,                                          0.01763323242694163,                                      0.2641270726741827,29350.220318681248,  529.917124409991, 29880.13744309124,0.00022927618318281252
                             1.711194634396367,                           0.34389828272760586,                                       0.00033649943397610606,                                         0.014509266135892667,                                      0.3876589378543782,29351.165637187227,3043.6025108345875,32394.768148021816, 0.0005900727432542154
                             1.712542658536718,                            0.3461104327317227,                                        0.0033633570875515103,                                          0.01730053416450215,                                      0.7383715419472674, 29349.83912413272,358.01291809414914,29707.852042226867,0.00015660594854619069
                            1.7195715768360922,                            0.3494095266396756,                                        2.003960859857623e-05,                                          0.02265863630922229,                                       0.502459192230078, 29346.29334662695,49948.169474902454,  79294.4628215294,4.5174842754660004e-06
                            1.7094014046654502,                            0.3436138647549967,                                        0.0009434651635949035,                                           1.9594157948055975,                                      0.7610815923737533, 29350.39675893107,1063.3431474970726, 30413.73990642814,0.00027351803653376624
                             1.711580623845527,                            0.3464465176169559,                                       0.00022326310528392816,                                          0.08622733785235613,                                      0.6444250017983011,29346.546268013775, 4493.504084443335, 33840.05035245711, 5.817535098858131e-06
                            1.7096267108388115,                           0.34462350196377906,                                        5.616742942113333e-05,                                         0.007785739172041999,                                      0.2307083214797696,29345.519598327184,17935.254195800222, 47280.77379412741,2.0838287835456207e-06
                            1.7091679314655503,                            0.3428199596914337,                                        6.451086612089521e-05,                                          0.02071894736328477,                                      0.5955476428619554,29351.150840283135,  15552.4465008902,44903.597341173336, 0.0005814057737576391
                            1.7078427645783067,                           0.34031641075451974,                                         0.040985022687187185,                                         0.007275833614058446,                                      0.4108704189072253,29351.581952333327,164.77889462832502,29516.360846961652, 0.0008947648703358427
                            1.7107494314572658,                           0.34520238991775193,                                        8.832146300779132e-05,                                        0.0002760796672572353,                                      0.7260977189130262, 29350.76746612036,14947.315943730775, 44298.08340985113, 0.0003962616621628335
                             1.707089418248442,                           0.33910381872711914,                                        8.277793782733297e-06,                                          0.06911497416486945,                                     0.46093046575519225,29350.292322031433,120822.55314667716, 150172.8454687086,0.00024639370098723324
                            1.7177802620816853,                            0.3493247157291079,                                          0.04626651186172984,                                       2.1295905986677673e-05,                                     0.36903531340990986,29350.831140220987,46981.858925620094, 76332.69006584107, 0.0004223138916905516
                            1.7175668338704253,                            0.3471703294780666,                                        4.052320121500014e-06,                                        0.0028109284645974285,                                      0.6642395195864192,29346.732970876652,247130.84674193422,276477.57971281087, 7.011695302383771e-06
                            1.7130042285741596,                           0.34594092537554666,                                        4.834602930868104e-05,                                        0.0015547744958490494,                                     0.20619317305121876,29349.363823634325,21330.292693976942, 50679.65651761126, 9.736163774233745e-05
                            1.7151272453259523,                           0.34577147148256554,                                       0.00029547781168826276,                                           2.0858158128084057,                                     0.13143114537729295,29343.530954787027, 3387.720388751201,32731.251343538228, 2.852365116997418e-07
                             1.711337800384756,                            0.3438436735023066,                                         0.004880083641595763,                                       1.1930078054011922e-06,                                      0.4425381084630201,29351.194133342557, 838425.3059508206, 867776.5000841632, 0.0006071294184379678
                             1.708934012187694,                            0.3437489048411934,                                         0.008465170067205308,                                       0.00010844443377827477,                                      0.4500814450780548,29348.644527675926, 9342.352600074919,38690.997127750845, 4.742437379632316e-05
                            1.7195671310338656,                            0.3491368574544154,                                        9.977428870430412e-06,                                         0.008416742552044998,                                      0.5583055576652662,29343.094600152897, 100347.8969204047, 129690.9915205576,1.8437358778684757e-07
                            1.7212584652084995,                            0.3523235263884068,                                       3.1675617762575494e-05,                                            2.233323011500923,                                     0.37235005388417064, 29346.96767738211, 31573.30965388888, 60920.27733127099, 8.866552205060323e-06
                            1.7074491608956017,                            0.3405335962914604,                                       3.3836035233888824e-05,                                         0.025591891715726216,                                      0.1865434671561066, 29350.83643902694,29596.301510419635, 58947.13794944658, 0.0004245575902663245
                            1.7082842224263726,                           0.34000311876027967,                                        2.946022506780265e-05,                                        0.0010055084151923534,                                      0.8625271338305078,29352.660898322494,34941.534882278414, 64294.19578060091,  0.002632020176392102
                            1.7120103307432302,                           0.34566499412163815,                                         1.89294785856754e-06,                                       1.3286634468942839e-06,                                     0.35709964444760345,29351.050111855355,1280915.5056042196, 1310266.555716075, 0.0005256946290837954
                            1.7086699370876524,                            0.3428880731466671,                                        0.0029905165772325846,                                           0.1399594964049563,                                      0.9286833162735635,29350.852633530663,344.45171629341434,29695.304349824077,0.00043148906414386797
                             1.709025771618974,                            0.3427195944407676,                                          0.01804851951576601,                                         0.016790763738134908,                                      0.9674365705267235, 29351.22433296595,117.88059616706819, 29469.10492913302, 0.0006257441626324295
                            1.7228092967959407,                           0.35261793537340397,                                        8.679370591116282e-06,                                         0.010205044618893846,                                      0.6188036131810443,29349.415594935865,115316.55454042164, 144665.9701353575, 0.0001025349351857022
                            1.7115300569993446,                            0.3438362615523206,                                       0.00020122616049498505,                                         0.004041504609227346,                                     0.16908292407116549, 29350.84642772819, 5219.873738873542, 34570.72016660173, 0.0004288196198312264
                            1.7179924239707012,                            0.3484375042336618,                                         0.002031621618141451,                                         0.007387158948951868,                                      0.4650285210358742, 29352.39906669489, 630.4576356555162,29982.856702350404, 0.0020257095852153923
                            1.7081370962758964,                           0.34212531019441705,                                        1.255897962107526e-05,                                         0.001087199176880863,                                     0.18471307410419768,  29349.4127465261, 80547.02067014489,109896.43341667099,0.00010224328923595873
                             1.708357038761636,                           0.33983741632331216,                                       1.3933456979767372e-05,                                         0.041525727490183614,                                      0.5051133279516332,29347.913460478423, 71796.72207352429,101144.63553400271, 2.282985511227312e-05
                            1.7182503952612482,                           0.34813771920883596,                                        2.545816090551764e-06,                                        0.0009678398308750839,                                     0.42916280398902823,29346.571592683045, 393837.4523316625,423184.02392434556, 5.966743604887992e-06
                             1.720765447184027,                            0.3532779159120785,                                        0.0004318824041863208,                                           2.0114210786562876,                                       0.778528265375416,29350.357616568886,2318.7729015731206,31669.130518142007, 0.0002630187190159566
                             1.707400057148548,                            0.3416007838781053,                                        0.0030933803524408987,                                            0.182925299794781,                                      0.6071432895484794, 29349.32442832505,331.66505442980997, 29680.98948275486, 9.360061563639101e-05
                            1.7093923675228941,                           0.34129296949642574,                                          0.00524454096931928,                                       3.0316097518405503e-05,                                      0.3130638485237439, 29350.08692418712, 33179.38042682339,62529.467351010506,0.00020064412628393905
                            1.7174313232871194,                            0.3490362038085163,                                           0.0903888514680369,                                         0.012453782222802787,                                     0.20401270963271068,  29345.0541277738,  94.2252350933028,29439.279362867102, 1.308310237475232e-06
                            1.7089912722091916,                            0.3409357810784332,                                        0.0001253796287991714,                                          0.07420601880338085,                                      0.8171975769457357,29351.955417695877, 7992.186421390577, 37344.14183908646,  0.001299878830244591
                            1.7218312544913528,                           0.35378514720470444,                                        9.535630221941262e-05,                                        0.0027152978115302846,                                      0.8343387970207505,29346.440636080806,10858.094137668608,40204.534773749416, 5.234360700046578e-06
                            1.7085975164135787,                            0.3403645902723846,                                         0.002322680759065516,                                        0.0011315718780893864,                                     0.43386754486852974,  29352.4126568471,1317.2014744955477, 30669.61413134265,  0.002053427203540041
                            1.7117045709699275,                           0.34519925528592543,                                        6.482681295519594e-06,                                        0.0008634575129635872,                                      0.3785916872637741,29351.347883930583,155418.19055322875,184769.53843715932, 0.0007080343194417816
                            1.7190968412085883,                           0.34944113696295603,                                          0.08794816927288945,                                         0.007644263515415643,                                      0.5157185850626917,  29351.1387325066,145.04909529788736,29496.187827804486,  0.000574408687629622
                            1.7112081776229946,                           0.34357009961516594,                                        0.0026441979179040493,                                        0.0021544890986570754,                                      0.2704703354515069, 29350.12005812429, 845.2442925291986,30195.364350653486,0.00020740362211023992
                            1.7180708870880563,                            0.3492154279702175,                                       1.1107399243884199e-06,                                        6.415098125685078e-06,                                      0.3946928209623588,29352.262728129583, 1056185.886224711,1085538.1489528406, 0.0017675271623287206
                             1.722785225437391,                           0.35449174683993173,                                         7.20959671046065e-05,                                          0.01729923957005047,                                      0.6231407547364296,29346.852748907862,13931.028306772823,43277.881055680686, 7.903909761661256e-06
                            1.7069022314154858,                            0.3398697011429086,                                        0.0006345966476467413,                                        3.871119824691887e-05,                                      0.7018363386938432, 29350.96539544305, 27411.06483733739, 56762.03023278044,0.00048299392637214146
                            1.7202656113025097,                            0.3530412023254023,                                        0.0005969264306705836,                                         0.001219887446850497,                                      0.9304998771287181,29350.002411330464,2497.8286086875455, 31847.83102001801, 0.0001843838942975581
                             1.712386579246366,                            0.3443255391012481,                                           0.2529135717245083,                                          0.13431270731868086,                                      0.4698376028042034, 29347.54354725191,14.303460169698559, 29361.84700742161, 1.577073311164442e-05
                            1.7090046687700404,                           0.34037004176018687,                                        0.0005400606381622106,                                        5.945375014314048e-06,                                      0.4523646116311584,29347.465466654303,170052.55050886792,199400.01597552223,1.4586191449288196e-05
                            1.7225981888302175,                            0.3543805888057107,                                       4.3177194034319965e-06,                                          0.02339737301533628,                                      0.6374165008799496,29345.806177645754,231649.31044240628,260995.11662005202,2.7753761331161162e-06
                            1.7217492425536456,                           0.35216309316660954,                                       4.3398034420263996e-05,                                            2.762938474759376,                                     0.36894082926867144,29348.251122584887, 23045.71977362021, 52393.97089620509, 3.199985017030304e-05
                            1.7065358535690396,                            0.3388385575714026,                                       4.5284022052329976e-05,                                       2.0730602642389052e-05,                                      0.6044301317537545, 29349.96682091608,  70323.6598144858, 99673.62663540189,  0.000177936999421016
                            1.7128162786331593,                           0.34649597459437687,                                       1.0868353358866461e-05,                                       4.4455238688450895e-05,                                   0.0038453471594624977, 29350.16311976408,114507.68109151405,143857.84421127813,0.00021652984709386622
                            1.7106087576352156,                            0.3451156065463732,                                       0.00017720452126796703,                                         0.003670196794911024,                                     0.37366291978421406,29350.739695395707, 5918.559404828456, 35269.29910022416,0.00038540858505430075
                            1.7183821640277945,                           0.34781704097606597,                                        4.498268516850867e-05,                                           0.6502673190765383,                                     0.44290367939343167,29346.022665806326,22235.188951445212, 51581.21161725154, 3.446207813657152e-06
                            1.7107588328468606,                           0.34512683156928226,                                       0.00018525463238724106,                                       2.2292838691117914e-05,                                     0.23978549882782807,  29350.9132038271,  50258.3277870573,  79609.2409908844,0.00045843222547081264
                            1.7213765257296525,                           0.35174917901012875,                                        0.0018884134299684153,                                          0.06865235826578399,                                     0.11873284760707603,29348.931105182844,  546.954135234488,29895.885240417334, 6.316269251647117e-05
                             1.712385934752802,                            0.3462088753999758,                                        0.0011081349427283125,                                         0.006274592836113461,                                      0.7242083491669428,29350.181506029483, 1064.678491590196, 30414.85999761968, 0.0002205478471461234
                            1.7184856854517652,                           0.34906548509923335,                                       0.00031476132544150365,                                        0.0007544938831529582,                                      0.5345343254058077,29350.061896793803, 4505.266970055716, 33855.32886684952,0.00019568484462476006
                            1.7106600073742957,                            0.3439395725768262,                                         0.011910306907567315,                                       2.0081145835901486e-06,                                      0.1710733588367111, 29351.81964415883,  498066.420031124, 527418.2396752828, 0.0011348466317275291
                            1.7097399400999307,                            0.3447494627092437,                                       5.9306708925517395e-05,                                          0.03746764157699372,                                      0.3661340331998282,29346.090239985635,16891.089130879493,46237.179370865124,3.6871308985924228e-06
                            1.7166052330188575,                            0.3483837884174801,                                          0.09203333756055038,                                        0.0011422288809479822,                                      0.4089044975669087,29342.366018540833, 889.2173031212371, 30231.58332166207, 8.897740450565456e-08
                            1.7091000698749135,                           0.34292202095465557,                                        0.0009121169579312686,                                        0.0017766966793157266,                                      0.6270943760745337,29351.203589236316,1662.1090177077294,31013.312606944048,  0.000612897598386031
                            1.7207504037858812,                           0.35144636551754593,                                         0.022116344772006895,                                        0.0015776277286988427,                                      0.1938420730246575,29347.665655344532, 681.9239108758018,30029.589566220333,1.7818976416759483e-05
                             1.713482361315688,                           0.34672118673116165,                                       2.8148739455764485e-06,                                       2.3736326860458645e-06,                                     0.21050114596750985, 29348.90900348379, 776553.7551112041, 805902.6641146879, 6.178200368291487e-05
                            1.7178997982123032,                            0.3494571114379764,                                          0.10015358723035714,                                         0.005700151860702963,                                      0.6602517439197179,29351.030987618065,188.28016885569636,29539.311156473763, 0.0005157366431959942
                             1.707903784326472,                            0.3410150234949063,                                        1.370108775706934e-06,                                       0.00030713137457910453,                                      0.7157392462436019,29351.924715402754, 733127.9250168506, 762479.8497322534, 0.0012605760001686498
                             1.714167164426616,                           0.34671108842953147,                                          0.05779938547766144,                                         0.000583858442432659,                                      0.4482294290285324,29346.861652646297,1732.9293922285883,31079.791044874884, 7.974598336086786e-06
                             1.709551709436523,                            0.3447497663992845,                                         1.88770410619956e-05,                                          0.00454154285702917,                                      0.6323080560605204,29340.001203776264, 53197.49416762361, 82537.49537139988, 8.360913495892559e-09
                            1.7104668877344074,                            0.3446273966937235,                                       0.00017119425194735927,                                       0.00014241729185148893,                                      0.8454435967248692,29351.446160403488,12865.838566631528, 42217.28472703502, 0.0007811514422807159
                            1.7060208646691954,                             0.339061158807432,                                        0.0029544932486607286,                                         0.047607812898992026,                                      0.7355785317753527, 29351.10922691204,  362.421795178465, 29713.53102209051, 0.0005577080110669022
                            1.7176396164878804,                           0.34742512590384406,                                         5.82671047485188e-06,                                           0.0210752300123952,                                      0.4036783685822818,  29346.3008162376,171673.75098153294,201020.05179777055, 4.551354465201236e-06
                            1.7181644623688035,                            0.3508711521578446,                                         0.003392152927606372,                                       5.7098777228249575e-05,                                      0.9634759975521997,29346.901184071165,17811.157974276666, 47158.05915834783, 8.296159583071468e-06
                            1.7129482417142299,                            0.3471532610759988,                                        8.375173269809784e-05,                                        0.0007620119414065732,                                       0.927159577719348,29349.451659375547,13255.247445179015, 42604.69910455456,0.00010630028976603545
                            1.7084209078894494,                            0.3407465156947081,                                          0.01607807113575056,                                       0.00021206124953682988,                                      0.2927515424682726,29351.428860339987, 4780.749977280583, 34132.17883762057, 0.0007677536977926983
                            1.7192988960735447,                           0.35049186372422886,                                        6.794996530358575e-05,                                           3.6409737282362507,                                     0.07731453704377095,29349.693869720017,14719.838758106827, 44069.53262782685,0.00013543317642242448
                             1.710974768664152,                           0.34312750794273017,                                        0.0007095207156459832,                                       1.4568788628587737e-05,                                      0.3427707417368025, 29349.87847724121, 70052.20313089194, 99402.08160813316, 0.0001628917511690332
                            1.7100517330333689,                           0.34420945456915186,                                        0.0007108442866144378,                                       3.4399509905319748e-06,                                     0.17970727702583866,29351.753042891058, 292111.4990912143,321463.25213410537,  0.001061726384382163
                            1.7076380619499745,                           0.34106084854617935,                                        0.0014777895565528847,                                        0.0025973847476021554,                                     0.46729160477594833,29349.221145527998,1064.6210096564564,30413.842155184455, 8.441576419494133e-05
                             1.707964133259833,                           0.34106749876126263,                                       0.00015279106839487342,                                          0.01235213207483601,                                       0.259855714099283,  29351.9536886346,  6628.77483993678, 35980.72852857138, 0.0012976332020673091
                            1.7094313494690927,                            0.3433066756075646,                                       0.00034587974612027315,                                         0.005173517546344937,                                     0.08717267551980801,29351.479025831504,3087.3831864222307,32438.862212253734,  0.000807250853739974
                            1.7216439964867853,                            0.3514148864625527,                                        6.180983638093889e-05,                                        0.0007586437478872008,                                      0.6951591714671703, 29349.07945088473, 17499.64209469837,  46848.7215455831, 7.326327941824175e-05
                            1.7115721920799283,                           0.34582145751118515,                                       1.4678827410263084e-05,                                          0.12108286166733641,                                     0.25854112757139797,29350.942936237767, 68136.48310659855, 97487.42604283632,0.00047226717467968273
                            1.7100413221088329,                             0.344534090231486,                                       0.00018428578583817937,                                        0.0014428201791954797,                                      0.0661191124808897, 29350.97096857278, 6122.344015362835, 35473.31498393561,0.00048569322897722833
                            1.7171130905178822,                            0.3474478090410962,                                         0.030705167340341736,                                        0.0006253282647763871,                                      0.3881506820775155,29352.279741030572,1634.6060216016444,30986.885762632217, 0.0017978551792063844
                            1.7211214063677927,                            0.3515550399564112,                                       2.5655846691306386e-05,                                        0.0053134234626674316,                                     0.35265356821070076, 29347.32749638336, 39168.51728921004, 68515.84478559339,1.2706390032421487e-05
                            1.7128612279053104,                            0.3460491351254815,                                        7.560617349632441e-05,                                         0.001719957197217277,                                      0.9644463972475293,29348.020731382236, 13810.73273738032, 43158.75346876256, 2.541501187035642e-05
                            1.7085450499016865,                            0.3400160607981071,                                        0.0007535614188135714,                                         0.007130734414180443,                                       0.393882237508494,29348.053725220845,1470.2108920645246, 30818.26461728537,2.6267537378374574e-05
                            1.7190931917487249,                            0.3501309161143908,                                         0.006894663107105069,                                       3.5706503477466986e-05,                                      0.6114483017330314, 29349.69251018535,28153.998397043146, 57503.69090722849, 0.0001352491754300653
                            1.7073888597944362,                            0.3408682293406205,                                         0.006849220800532049,                                         0.004139682180082497,                                      0.7036674839717127,29349.435543427186,390.50013257188056,29739.935675999066,0.00010460089028356353
                            1.7207984998303139,                            0.3516823835766344,                                       4.0385469907626666e-05,                                       1.8587533347718696e-06,                                      0.3845534315204179, 29347.49437132938, 562759.2241121363, 592106.7184834657,1.5013952945491402e-05
                            1.7108089333071053,                           0.34487431286579245,                                       1.5714041072498756e-06,                                         0.058068749273474767,                                      0.5561386560511614,  29351.8954746866, 636393.6640731514,  665745.559547838, 0.0012242495491601067
                            1.7113317964776162,                            0.3457738604754131,                                         7.77897367149879e-06,                                        0.0001280436194211344,                                     0.20706302927284276,29351.365752219986,136364.39340756307,165715.75915978305, 0.0007207993868996399
                            1.7107923031024364,                            0.3458391707391035,                                        0.0033544690430325134,                                          0.03317419841509145,                                       0.664357108903313,29343.194438695537, 331.1451974338171,29674.339636129353,2.0373143068855121e-07
                            1.7187721960280087,                              0.35014694360153,                                         0.034185422423834995,                                        3.004020056872475e-06,                                      0.5597571128584216, 29352.69337949012, 332919.3662752954, 362272.0596547855, 0.0027189148455471204
                            1.7127311197598365,                            0.3461681342460897,                                       0.00020655731480430226,                                          0.00038759034236843,                                      0.9408216486028489,29348.917105989894, 7424.203715606219,36773.120821596116, 6.228462624631006e-05
                            1.7090331712433924,                           0.34286450149309067,                                        7.131594378770344e-05,                                        9.346803056716157e-06,                                      0.3997293555766253, 29351.16782939903,121013.47953413485,150364.64736353388, 0.0005913677266069117
                             1.721149000493022,                           0.35180951793970683,                                        6.257931570128342e-05,                                          0.13111578504043533,                                      0.8489194262632282, 29347.38146313727,15990.190209684843,45337.571672822116,1.3410953159013574e-05
                            1.7086055174715051,                            0.3400257831942222,                                       0.00025337877328180357,                                          0.00714866844905575,                                     0.26843890936964937,29348.785696900337, 4089.487660031353, 33438.27335693169, 5.461483428553576e-05
                             1.706096448496083,                            0.3386891202250486,                                       1.7642891012786217e-06,                                        6.201277852945011e-06,                                      0.6843495495129431,29349.592810179354, 728060.5705145077,  757410.163324687,0.00012241523301583713
                            1.7094729320568616,                              0.34387141647018,                                        0.0010974510162007792,                                         0.003328482502883097,                                     0.46151567673891225,29351.473716613993,1214.5476748804379,30566.021391494432,  0.000802976340572168
                            1.7090615321088498,                           0.34035253208762506,                                       0.00018550030205115382,                                       4.6025201282872566e-05,                                      0.6191656853968669, 29347.21133702685,27120.992018678196,56468.203355705045, 1.131292256989261e-05
                            1.7078769938213376,                            0.3411243653978065,                                        7.283008586109359e-05,                                           1.0765973280668957,                                      0.9121551104089586, 29351.86581396679,13734.449666944807,43086.315480911595, 0.0011884706630875107
                            1.7065101997293883,                           0.33939259531810667,                                         0.008464900172091453,                                          0.05243598340146427,                                       0.903640671719909, 29350.42360380385,140.15219763151688,29490.575801435367, 0.0002809600362798271
                            1.7234047749772698,                            0.3548674428006024,                                        4.781223807441416e-05,                                          0.12120205854397813,                                      0.7501240335155295,29347.695110291126,20926.215895306843, 50273.91100559797,1.8351639688871373e-05
                            1.7090172451162409,                            0.3430003977996681,                                         0.016175358192139992,                                        8.790146049863501e-06,                                      0.4680325679148092,29350.984702202586, 113828.4904208211,143179.47512302367, 0.0004924095743186175
                            1.7097722494934775,                            0.3416509938469194,                                        0.0022636047057568356,                                       0.00014310428278061163,                                     0.28605470097194524,29350.157412416826, 7432.611267557978,36782.768679974804,0.00021529755596688373
                             1.707714747878701,                           0.34029474530994164,                                        0.0005745681953809981,                                          0.03342763669478411,                                      0.3256442667913256,29351.522088533777,1773.2914370018218,  31124.8135255356, 0.0008427725989700938
                            1.7105617575530205,                            0.3430619160155736,                                          0.05563490975280447,                                        4.421266450847115e-06,                                      0.3946413756379905,29351.644085903026,226200.42652163043,255552.07060753345, 0.0009521232957524721
                            1.7122655287733222,                            0.3442902721736677,                                          0.03884280831277071,                                         0.006787506310612894,                                      0.5066306476617632,29347.368184769042,175.97883044402303,29523.347015213065,1.3234054645634943e-05
                            1.7081055427363343,                            0.3427541484299741,                                       0.00016832129288835954,                                           0.1994747882533406,                                      0.7068270568676179,29349.948758193976, 5948.949712987461,35298.898471181434,0.00017475182589991867
                            1.7192696187585286,                            0.3507524133718555,                                        8.766596847968086e-06,                                          0.20881198332972128,                                      0.7574425377939707,29351.002461921442,114076.98953656414,143427.99199848558, 0.0005012327465427297
                            1.7208155541313574,                           0.35169487260093657,                                        6.767757726450851e-06,                                          0.39898562173150676,                                     0.32600176703570316,29347.501578959924,147764.77617791036, 177112.2777568703,1.5122558896943855e-05
                            1.7103781626594359,                           0.34484441453023335,                                       7.4320210212914734e-06,                                        0.0038278650707459488,                                      0.5295123691889997,29350.941346353276,134817.04460599928,164167.98595235255, 0.0004715169209897306
                            1.7100081745469498,                            0.3431371173340703,                                         0.002167135939444699,                                       1.2525848210348442e-06,                                     0.11187304108367507, 29352.41794340293, 798813.4811106435, 828165.8990540464,  0.002064311505977726
                            1.7179187264755162,                            0.3472889749069864,                                        0.0002530328800858725,                                           0.1091716489418273,                                      0.5689500671000661,29347.356397725638,3964.0948913312077,33311.451289056844,1.3078980000330366e-05
                            1.7124861162680383,                           0.34403052276660645,                                          0.03691790361183898,                                         0.052948558171018296,                                     0.19488319366293372,29347.984777478818, 48.88010289706314, 29396.86488037588, 2.451747465523101e-05
                             1.709966840195649,                            0.3446945021877199,                                        5.965692167711915e-05,                                        0.0002571362226586833,                                      0.2569143158931205,29349.453353385325,20654.404602110244,50003.857955495565,0.00010648051610574887
                             1.709104086293074,                            0.3426666340547786,                                       2.1695386329576682e-05,                                       2.2626333699399003e-06,                                     0.20615635502580687,29351.161895722395, 488058.5648771681, 517409.7267728905, 0.0005878691317748883
                            1.7196184187071528,                           0.34940148747336286,                                        0.0030672564782586974,                                       2.2266783551061504e-05,                                     0.36398151669819745, 29346.17844374979, 45238.83018435096, 74585.00862810075, 4.027123645482911e-06
                            1.7074590094956545,                           0.33890758001212207,                                        4.366129265542112e-06,                                        0.0012149836147684443,                                      0.7567232291895988,29348.354039369857,229861.82781199654, 259210.1818513664,3.5468607361471073e-05
                            1.7202137093039074,                           0.35102800406709417,                                       3.1270239303314574e-05,                                           0.2638867703198237,                                      0.9139391732340921,29349.640072627924,31985.926647124885, 61335.56671975281, 0.0001283397781421876
                            1.7214036262607086,                            0.3538892600454803,                                          0.02091036395100413,                                        9.152807585731928e-05,                                      0.2757086212165677,29350.764955968225,10976.258252965883, 40327.02320893411, 0.0003952682324569783
                            1.7172352719873714,                              0.34754873705494,                                       2.7789058500764507e-06,                                         0.008270596972219648,                                      0.5667622828788155,29352.280967221282, 359977.6487285887,   389329.92969581, 0.0018000610446553206
                            1.7116747655068998,                            0.3457671898603265,                                         0.005916698945174183,                                         0.005000605226500688,                                      0.9799595378134354, 29352.31510309048, 371.8810757286738,29724.196178819155, 0.0018625684964689738
                            1.7222429510477644,                           0.35229069263056395,                                        0.0002909008119696473,                                            0.431691564652886,                                      0.5667461395778912,29349.017135731883,3442.7528637165915, 32791.76999944847, 6.883720489555676e-05
                            1.7083886620286204,                            0.3420998213183013,                                        0.0018722134336731958,                                          0.05806459467971042,                                     0.49742955360589663,29350.601102891524, 554.2724587139904,29904.873561605513, 0.0003355300523613677
                            1.7085120489593448,                            0.3419201708880293,                                        0.0007158431091520473,                                        1.852995388323661e-05,                                     0.14312867996063428,29351.192366095514, 55366.55386133226, 84717.74622742776, 0.0006060574182925749
                            1.7096960471435039,                            0.3411668980579548,                                        0.0001889855019137979,                                       2.1241770379480357e-05,                                      0.3719403737873567,  29349.9189778925, 52371.39766430387, 81721.31664219637,0.00016962439105893326
                            1.7107400094988368,                           0.34173803500730887,                                        7.103238306812634e-05,                                       0.00018801919504085474,                                     0.38021636307704554, 29347.04593932876,19399.618151258837,  48746.6640905876, 9.588341798273595e-06
                            1.7190190656732112,                            0.3500823525063619,                                         0.010870142935803998,                                       3.0373916111449113e-06,                                      0.5830175314059384, 29349.65440627663,329324.70667488175, 358674.3610811584,0.00013019260258199011
                            1.7136665622040077,                           0.34667953748839414,                                          0.09775412406422575,                                       1.9525274837393184e-05,                                      0.3844482689391602,   29348.439025076, 51228.78257937439, 80577.22160445039,3.8614726209174426e-05
                            1.7083845937229598,                           0.34039811932031816,                                        0.0036405982168371464,                                           0.0703418954484734,                                     0.29569077605070504,29352.060628917272, 291.8341477428401,29643.894776660112, 0.0014440942003090271
                              1.71836909676795,                           0.34770146083115094,                                       0.00011936263876817036,                                        0.0018542798067113782,                                     0.39534268306536946,29345.232182916494,  8919.99983757806, 38265.23202049456, 1.563288401321411e-06
                            1.7176270593971878,                           0.34706654411291815,                                        0.0015030144325371493,                                           0.3910649344348325,                                     0.43324740795664285,29346.670265685443, 670.7680177836246, 30017.43828346907, 6.585526728690991e-06
                            1.7104513918384066,                            0.3418808899688838,                                       0.00026291534486985247,                                        0.0003598759560320906,                                      0.5231041687945477,29349.804189105464, 6585.165883580247, 35934.97007268571,  0.000151229377602883
                             1.718044717732963,                           0.35019335139439633,                                           0.2640606305126116,                                         0.002397409421448993,                                      0.6109664744433368, 29350.79574129612, 423.7594802883607, 29774.55522158448,0.00040762593661460646
                            1.7099052645340163,                           0.34449569039285277,                                       3.2358619324018064e-06,                                          0.01921102661907154,                                      0.7225154937233893,  29350.7945602806, 309091.6274166679, 338442.4219769485,0.00040714480822338694
                            1.7111417143942078,                           0.34269560572255575,                                       1.7737605027268533e-05,                                        4.597371803187053e-06,                                     0.27584616078597163, 29351.51241275629, 273895.8962676579, 303247.4086804142, 0.0008346574423662361
                            1.7110042212617151,                              0.34436748378331,                                        0.0021048328033861185,                                          0.15044746576471438,                                      0.7980070034248534,29352.074392770264, 484.6478316691273,29836.722224439392, 0.0014641079175651695
                             1.707617689420653,                           0.34197338720818865,                                       0.00011131450235737549,                                         0.007897058283234969,                                      0.8288188008624804,29349.808348330676, 9113.109046759337,38462.917395090015,0.00015185968452870424
                            1.7104898810345026,                           0.34271202571802833,                                         0.009200357738554692,                                       5.0125763234937055e-05,                                     0.21152432398564291, 29348.81236998023,20061.430247135853,49410.242617116084,5.6091181965318134e-05
                            1.7092755862984834,                           0.34333616568261255,                                       5.7283960767381645e-06,                                       0.00013619033184754202,                                      0.8362484890043906, 29351.49367732954,181914.51230770172,211266.00598503125, 0.0008191653575674153
                             1.720385477394704,                            0.3528961698473286,                                        0.0001241475113661415,                                            2.376563302796821,                                      0.5702619005071453,  29350.2740878124, 8058.188387230843, 37408.46247504324,0.00024194161775925086
                            1.7087448400788703,                            0.3416874934870665,                                       2.8268052506576503e-06,                                       1.1037218310838043e-05,                                       0.189862409128065,29352.508681459338, 444361.7066007929,473714.21528225223,  0.002260384238978003
                            1.7090989869918014,                            0.3409061253236624,                                        9.129812322607411e-05,                                          0.05750611289936543,                                      0.5477716286976417,29354.540890449767,10973.450487497857, 40327.99137794763,   0.01724882122757569
                            1.7172857653505982,                            0.3479503777265454,                                        0.0006295381417202131,                                           1.4619049055027022,                                     0.08662490468500361,29352.286959578603,1592.0241171624048,30944.311076741007, 0.0018108800368934815
                            1.7088628263900851,                            0.3424871467687269,                                       4.8362202060068705e-06,                                       2.2182189837814312e-06,                                      0.3644635608842992,29350.752242978535, 657588.0880889221, 686938.8403319006, 0.0003902749982111012
                            1.7128196834498288,                           0.34579668048355244,                                        0.0007172045542688824,                                         0.003917772014216945,                                      0.5889588933519108, 29349.25602290341, 1652.441343120465,31001.697366023876, 8.741190962705008e-05
                            1.7090632859346946,                           0.34304947960936066,                                        0.0013748020184149517,                                        0.0017494957092887235,                                     0.08840593639905792,29350.995129110375, 1301.885776519589,30652.880905629965, 0.0004975707443060505
                            1.7118890924437846,                            0.3466987021206455,                                        0.0005770234835802247,                                           0.7197770297657402,                                     0.41175834875443795,29345.558443628597,   1737.3053875789,31082.863831207498,2.1663685020413246e-06
                            1.7205938051952538,                            0.3513068360090153,                                       1.0444185155813313e-05,                                           1.2471833876702296,                                     0.16471511639234082, 29347.71048733421, 95750.70614153595,125098.41662887015,1.8636014461169874e-05
                            1.7108646530459093,                            0.3456847278257097,                                         3.33487550823206e-06,                                          0.00076441691128366,                                      0.4151011380139309, 29345.49038177461,301172.34790504986,330517.83828682447,2.0238272769998333e-06
                            1.7212584386978382,                            0.3509943476168706,                                       0.00010354823169491027,                                          0.03233008201141091,                                      0.3452193307192677,29348.964263841084, 9691.115359755024, 39040.07962359611, 6.529219323303765e-05
                            1.7077833009417125,                            0.3420137929940237,                                       5.4651706264526174e-05,                                           0.3752884182931393,                                      0.7967916120961385,29349.916838834535, 18303.27885655989,47653.195695394425,0.00016926194244183652
                            1.7193811194770294,                           0.34960919737129503,                                         0.000498960660276962,                                         0.003412574542744852,                                     0.41882717849117207,29349.413865526938,2300.0602473582308,31649.474112885167,0.00010235776359872139
                             1.718544700408112,                            0.3502882381241613,                                        0.0025309103889514005,                                         0.039796009345655116,                                      0.8580261573379667, 29351.12630279342,423.09767939513085, 29774.22398218855, 0.0005673131415488595
                            1.7073218604549312,                            0.3404084304709643,                                        4.755641352797079e-05,                                       2.1325480804570825e-06,                                     0.30476670890293933,29350.800554383954,489953.20010945876, 519304.0006638427,0.00040959260512885237
                            1.7181800455732712,                           0.34994000980873324,                                          0.01527349462954169,                                        0.0030385364047017687,                                      0.5382715653246003,29350.819425141195,397.43634857945744, 29748.25577372065,  0.000417395317748313
                            1.7106061787964282,                            0.3415158861151522,                                       5.4888455934102694e-05,                                        0.0016041375697114853,                                     0.38782431308677756,29347.042208724044, 18845.08324059305, 48192.12544931709, 9.552638124696336e-06
                            1.7115277270355655,                              0.34564701675636,                                        0.0023385879023649554,                                        0.0001442034539934079,                                       0.668891140262552,  29351.8803876788, 7365.148252979386, 36717.02864065819, 0.0012059179191019095
                            1.7131498723374259,                           0.34617381175697026,                                       1.9760442665014296e-06,                                        7.127051977626717e-06,                                     0.13261588261628948, 29349.36842983693, 646374.8946060885, 675724.2630359255,  9.78111396253372e-05
                             1.707412329751018,                             0.342182832620979,                                          0.00636066148103785,                                         0.044817881712273966,                                      0.4907908265581533, 29350.28488589249,  182.451289809311,29532.736175701804,0.00024456827865099043
                            1.7066420488468939,                            0.3387974467130828,                                        4.727403596099931e-06,                                       0.00020614120166217602,                                      0.7448226627955222,29350.038709454206, 216386.6009387587, 245736.6396482129,0.00019119963467689735
                            1.7101434987330393,                            0.3426490421723165,                                           0.0851514516036229,                                           0.4139489792019124,                                     0.35946318645372477,29352.309893840084,17.077975700837733,29369.387869540922, 0.0018528911385626687
                            1.7088669159540157,                           0.34071003894430696,                                       0.00022943050273310003,                                          0.31277683096808984,                                       0.508596187928785,29354.025484195976, 4364.750568041106, 33718.77605223708,  0.010301994865221435
                            1.7083270579306773,                           0.34207582297778427,                                        0.0034329659712723595,                                           0.3863847218426731,                                      0.7141527793242252,29350.569524331735, 296.8047264588677,29647.374250790603, 0.0003251000455625309
                            1.7082314153745628,                            0.3422029801239862,                                       1.6295716902602904e-05,                                         0.010396256651076552,                                      0.8811047061068265,29349.514556480535,61464.928855976395, 90814.44341245692,0.00011320101320003452
                             1.710553593035688,                            0.3439207942947698,                                       3.1035987920916884e-05,                                        0.0072892469894036745,                                     0.05998841345839068, 29350.94934903224, 32360.75555890141, 61711.70490793364, 0.0004753054585393547
                            1.7108037833985448,                           0.34409642579231225,                                         0.003934792733934893,                                       3.0348825086991664e-06,                                      0.2431526567189694, 29351.94531042069,329759.09647718165,359111.04178760236,  0.001286806769937763
                              1.71113824411653,                            0.3430838438860685,                                       2.0397910661086566e-05,                                         0.007863717377239761,                                      0.8727919318357891,29350.177198106834, 49154.70993508594, 78504.88713319278, 0.0002195997876299618
                            1.7110420527826833,                            0.3452682220062307,                                         0.025538877899985754,                                        0.0016783486099468286,                                      0.5303399447738063, 29351.37344114912, 637.8760594082216,29989.249500557344, 0.0007263629237160203
                            1.7085782905481879,                           0.34177181330549106,                                         0.001811131733820247,                                         0.013692149834870682,                                     0.21082277520362647,29352.219916065966, 628.1014308595647, 29980.32134692553, 0.0016934526325054677
                            1.7113711884209764,                            0.3457799488851937,                                       2.0154344739595437e-06,                                         0.024281598504631945,                                      0.4682730742729604,29351.286673743634, 496215.0068031469, 525566.2934768905, 0.0006659951440905175
                            1.7086610493790095,                            0.3425638480869509,                                            0.073828416875453,                                          0.00868455850583268,                                      0.7610106401798832, 29350.57458352575,131.61098501379067,29482.185568539542, 0.0003267489573329413
                            1.7096415369203577,                           0.34135601779005964,                                       1.3224668771917896e-05,                                       4.1292737426727875e-06,                                      0.9556712010678357, 29351.93147074939, 317792.5266777552,347144.45814850455, 0.0012691204558973924
                            1.7122232872817709,                             0.344986326567534,                                          0.02719830252660265,                                         4.92477165829551e-06,                                      0.3410521441591019,29351.196854593767, 203094.7653507977,232445.96220539146, 0.0006087838201031326
                             1.709223806615876,                           0.34302001339219923,                                       0.00010733370295348731,                                         0.061759289503345825,                                      0.3060250736203568,29351.117284612235, 9335.845280513477, 38686.96256512571, 0.0005622200087656784
                            1.7066527212861078,                           0.33825165592525697,                                       2.7698012103547966e-05,                                         0.002445321884510579,                                      0.8815240254603328, 29347.76786472907, 36515.57451661555, 65863.34238134461,1.9736572067450762e-05
                            1.7122665147883878,                            0.3447565181686695,                                         0.003023984780676363,                                        0.0011640690027740032,                                     0.09681635590011894, 29349.53164176378, 1192.645696565408,30542.177338329187,0.00011515170115091266
                            1.7090285485374301,                            0.3430514995674175,                                        0.0021095570233245265,                                        3.171776440781156e-05,                                     0.09853784337584004,29350.974597724322, 32005.02144614658,  61355.9960438709, 0.0004874590856509788
                            1.7204067391646358,                            0.3527442755141739,                                       0.00028419352049173117,                                        2.327364153582109e-05,                                      0.8077963001302182,29352.025148213623, 46488.62602768401, 75840.65117589763, 0.0013937550372145433
                            1.7092382086988487,                              0.34083326440219,                                       0.00012708716246604318,                                         0.016614190332596347,                                      0.5930076428865573,29351.468623820336, 7931.738868126434, 37283.20749194677, 0.0007988973433199097
                             1.711518186794915,                           0.34495680752499447,                                       2.1090449887219077e-06,                                        0.0008399651807490982,                                      0.1746940181917272, 29350.96305857573,475341.67892262264, 504692.6419811984,0.00048186655142524565
                            1.7083746336678192,                           0.34194547032758293,                                          0.06191287312404191,                                       0.00014561564035230217,                                     0.35216169771117006,29350.646000988978, 6886.470345362018,36237.116346350995,0.00035093801930690896
                            1.7087455435987386,                           0.34339861638354785,                                        4.837306371333773e-05,                                       1.1286447259147139e-06,                                     0.25270814628372323,29350.749401657442, 906693.9792674754, 936044.7286691329, 0.0003891676755012601
                            1.7189313045645345,                             0.351746583063123,                                         0.008241485859679668,                                        8.763903015781327e-06,                                      0.7957809890051872,29349.842993453873,114228.59224895503, 143578.4352424089,0.00015721308109360594
                             1.720056978347121,                           0.35330268879047366,                                        0.0004162193939813354,                                       2.9292575828543074e-06,                                      0.7940839547558414,29349.260509204203, 343788.8391559388,  373138.099665143, 8.780494672867163e-05
                             1.710521724248639,                           0.34179349126559544,                                        0.0018331748520173064,                                       4.2336689194090316e-05,                                      0.2819243291609963, 29348.81359280914,24168.602262725337, 53517.41585553448, 5.615981383812067e-05
                            1.7215121113562457,                            0.3532949071710854,                                        5.885723577360775e-05,                                          0.06314727021443349,                                       0.804851878373817, 29345.81620866247, 17008.93093377787,46354.747142440334,2.8033560765219405e-06
                            1.7176434985145461,                           0.34904870453848075,                                         0.045702536717302546,                                        9.041981370342908e-05,                                     0.20253502735424406, 29352.87400461439,11084.268450272082,40437.142454886474,  0.003257167560147945
                            1.7211583228984035,                            0.3539197068356256,                                         0.000421523905837477,                                           1.3423990635364913,                                      0.5167090356464895,29347.423919960947,2375.9151252538854,31723.339045214834,1.3992599695352302e-05
                            1.7169487062129665,                            0.3475283257512847,                                        8.377009556318725e-06,                                            2.177470119788883,                                      0.4559962102630195,29345.982965805477,119377.67826857547,148723.66123438094,3.3120735427098885e-06
                            1.7130483331113286,                            0.3448342697982657,                                          0.15136457663858932,                                         0.011250893152321475,                                     0.44503526593095655,29346.649680926603, 98.38834180164342,29445.038022728248, 6.451350974762117e-06
                            1.7215153992914358,                           0.35153789560595783,                                        4.177720371218762e-05,                                        8.079791393831098e-06,                                      0.5160844886588188,29348.917047530824, 147704.9153331396, 177053.8323806704, 6.228098525136551e-05
                            1.7107569384853984,                            0.3422427505262413,                                       3.7762654602555065e-05,                                        0.0029797079221848756,                                     0.13411260158288013,29351.449736920888,26819.714433411275,56171.164170332166,  0.000783950246007607
                             1.709910267951329,                            0.3435220547358924,                                        0.0012590256295542399,                                       4.6051116996932965e-05,                                     0.03754527826562548,29351.688310100588, 22512.17590652031,  51863.8642166209,  0.000995175134568917
                            1.7098191744274003,                           0.34368021456573017,                                        0.0015747403989256777,                                        0.0005344356072177391,                                     0.22527458637702613,29351.783112837067, 2509.067796201796, 31860.85090903886, 0.0010941372944657853
                            1.7226582292150048,                           0.35485918448762976,                                       0.00033750555239728025,                                          0.10255309457107062,                                      0.7818559780478298,29347.125810971927,2975.4832842122073,32322.609095184136,1.0385593523069042e-05
                            1.7114456819931099,                           0.34623979936134114,                                        0.0036508059274931283,                                         0.008531563249505223,                                      0.6429187299365576, 29345.63122331147,394.01210755543315,29739.643330866904,2.3299153750421457e-06
                             1.709773746479942,                           0.34409681332245406,                                           0.0661944359686872,                                         0.008577082938614207,                                      0.5487695644288438,29351.426390563127,134.60292394286003,29486.029314505988, 0.0007658598571200243
                            1.7119030558685862,                           0.34380422834640617,                                        0.0013243468284421492,                                         0.001701338713415914,                                      0.3231140351810537, 29349.64900146655,1345.7702776873966,30695.419279153946,0.00012949083446135872
                            1.7117355579472202,                            0.3435088500941057,                                       1.0025689933784027e-06,                                       1.1737462731814822e-06,                                      0.4207491960234061,29348.936847986897,1849413.3867458731,  1878762.32359386, 6.352646702613242e-05
                            1.7125744607703839,                           0.34674434916295904,                                        4.656538154536287e-06,                                         0.004548279439909649,                                     0.19622479160113637, 29350.90782181109,214974.55796896404,244325.46579077514,0.00045597156349615485
                            1.7189011902409332,                           0.34949577082206223,                                       3.9694494575273845e-06,                                           0.6850783051759545,                                      0.5519347568739883,29350.354823239744,251928.42546580933, 281278.7802890491,0.00026228504633489015
                             1.720604374217289,                            0.3515505325152776,                                          0.03667296330410884,                                        0.0005102966390929186,                                     0.17403910240593246,29347.884862469386,  1989.75708165616,31337.641944125546, 2.218621400260014e-05
                             1.721583370109891,                            0.3533777419988702,                                       1.1286454625977769e-05,                                           0.1227731450343595,                                      0.8007572139201881,29345.754797535235, 88612.75761685656, 117958.5124143918, 2.636378436348032e-06
                            1.7191941968199684,                            0.3489086249939585,                                         0.007196865366996732,                                       0.00041007929470149003,                                      0.5043288917974301, 29344.04750225425,2580.3682325578898,31924.415734812137, 4.781221142250944e-07
                            1.7147791534030363,                            0.3461968603629891,                                           0.2489921853112495,                                         0.043660280915100914,                                     0.37965625359356275,29342.939164341195, 29.80883307686677, 29372.74799741806,1.5783153908516866e-07
                            1.7081163255078222,                            0.3426561992687757,                                        0.0005744051104249605,                                          0.02627163979841747,                                      0.6020961254600462,29349.798788378175,1781.9138225285258,  31131.7126109067,0.00015041483052964592
                             1.707435495910207,                            0.3404948295046394,                                        0.0008388830783517545,                                          0.02350694237351386,                                      0.5668414021407497,29350.486049805604,1237.5387631977017,30588.024813003307,0.00029906425241597466
                            1.7114712156523462,                            0.3451345812432161,                                        0.0055984988187391845,                                        0.0001275646243143009,                                       0.585881394657887,29351.628787965143, 8020.680648094807, 37372.30943605995, 0.0009376686179952856
                            1.7081607420820746,                            0.3395716343389679,                                        0.0004207931309875858,                                        9.416953392136333e-06,                                     0.49093699573231003,29348.234169787174,108570.86640622735,137919.10057601452, 3.146193564448598e-05
                            1.7082455856458978,                            0.3412138413966627,                                        7.814940212632388e-05,                                       1.5204838696564925e-05,                                      0.1462019643107697, 29352.45980095112, 78567.47115463515,107919.93095558627, 0.0021525524151824694
                             1.716801603629111,                            0.3497223870568866,                                        0.0008785508992583688,                                        9.150485522116095e-06,                                      0.8335524581808191,29343.134028585988,110424.91600069511, 139768.0500292811,1.9178836542823405e-07
                             1.706944879470715,                           0.33936035291345684,                                       0.00016653984472059854,                                         0.005264736782222429,                                      0.3485954869794309,29349.863249490743, 6197.458806240808, 35547.32205573155, 0.0001604300667556529
                             1.709403040301688,                            0.3434570664495382,                                        0.0002149663580080326,                                       0.00011937630798941826,                                       0.278271442626608, 29351.35723320709,13031.673830055788, 42383.03106326288, 0.0007146849690085802
                             1.719488954439462,                           0.35067395975562854,                                       0.00011777221221353521,                                           0.7422393057722109,                                     0.17676533030467967, 29349.79754380587, 8495.166202715593, 37844.96374652146, 0.0001502277448424196
                            1.7091506221073534,                            0.3429376089494107,                                        3.074883019635499e-06,                                           0.3043508047219301,                                      0.5387495871487555,29351.264412755514, 325221.8256781717, 354573.0900909272, 0.0006513332338770594
                            1.7130591482941504,                            0.3460411791816477,                                       3.3045721578110685e-05,                                        0.0002066916326561485,                                        0.20392271342903,  29349.3623594851, 35102.11851855135,64451.480878036455, 9.721919008380343e-05
                              1.71921150108568,                            0.3508701995988764,                                        9.621531851393251e-05,                                         0.011693368973444843,                                      0.9068576046577301, 29350.39522167296,10481.724007802783, 39832.11922947574,0.00027309789173182584
                            1.7169047469539234,                            0.3482709084546313,                                          0.10498597668048264,                                         0.003087801239216339,                                     0.44928074771107374,29346.232760901425, 336.2514516139002,29682.484212515326, 4.251915286840663e-06
                            1.7203212979268667,                           0.34970071556941523,                                        0.0010766455898422445,                                        0.0025439004465576016,                                      0.6624422217465784,29344.706543558787,1324.7674840793238, 30669.47402763811, 9.241805689515762e-07
                            1.7217405988303867,                           0.35197449368892064,                                       3.0558657919679854e-06,                                        9.095032311891765e-05,                                     0.47817281518768523,29348.829748851498,338237.35629820917,367586.18604706065,5.7074503153238566e-05
                            1.7075338302633587,                           0.34087863086018727,                                        7.305808354437283e-05,                                          0.24910741641885964,                                      0.9809900497161684,29349.360997905835,13694.687209985763,43044.048207891596, 9.708690852659815e-05
                            1.7105460033528503,                            0.3424365296913342,                                       0.00040945259794786763,                                        0.0006671846292174601,                                      0.7960953856227614,29348.695186369692,3944.0408891990824, 33292.73607556878,4.9888724006898515e-05
                            1.7199688355134368,                            0.3507569828453899,                                         0.011973799834327968,                                       0.00041156661879194925,                                      0.2906461162661106,29349.912478201753,2516.1069542424325,31866.019432444187, 0.0001685254601982529
                            1.7124247451881436,                            0.3449642457635438,                                        5.081734528200427e-06,                                       0.00023505610296207575,                                    0.052195930785414846,29349.562091900345, 201040.4058848232,230389.96797672356,0.00011871201713789012
                            1.7121476048799436,                           0.34479393076124065,                                        9.602209169436813e-05,                                        3.935815996900326e-05,                                     0.09008177207686957,  29351.2134290397,35824.862241983414,65176.075671023114, 0.0006189581587104007
                            1.7105684102090795,                           0.34211707232344635,                                        4.459827914219816e-05,                                        0.0016980308929262556,                                      0.8063730023760085,29351.194609440823, 23014.23022709278,  52365.4248365336,  0.000607418540521438
                            1.7064737135874817,                           0.33879507842391443,                                        1.227121190687332e-06,                                        0.0037271162983752433,                                      0.7458907787753095,29349.826093422722,  815186.691470999, 844536.5175644218, 0.0001545785000815649
                            1.7196613611407752,                            0.3503838011562152,                                           0.0287262917512316,                                         0.009648544913768506,                                     0.44489070552868404, 29351.01191690236,141.30789940213396,29492.319816304494, 0.0005059943676425044
                            1.7204608721585477,                           0.35168888143539595,                                        2.258527770573331e-06,                                          0.43590872589065977,                                      0.6277893262775098,29349.902518204835,442771.44437703333,472121.34689523815,0.00016685527844365804
                            1.7092415886792272,                           0.34140593638712224,                                         0.010298437124697897,                                        0.0006799845068263231,                                      0.8422601661805846, 29351.46862955193,1570.6529190065696,  30922.1215485585, 0.0007989019222895242
                            1.7180499192117382,                           0.34917029488094964,                                         0.040483832619642106,                                        0.0016136497531258854,                                     0.09121587285065785,29352.265359466008, 647.2783183296153,29999.543677795624, 0.0017721842454224087
                            1.7193827872767606,                           0.35076795041051534,                                         0.031494067343488766,                                       5.6514476613942765e-05,                                      0.4007686278337134, 29352.72247010672,17729.184180490225,47081.906650596946,  0.002799171452200274
                            1.7211802743877578,                            0.3512735249309364,                                        0.0005104564337130658,                                         0.019392965960907064,                                     0.31724119513965043,29349.013823831818,2013.4429161173673,31362.456739949186, 6.860960006243199e-05
                            1.7210870581339675,                           0.35212056331932423,                                         5.84173995785299e-05,                                          0.09451982292312197,                                      0.8933079747285886, 29347.05872418965,17131.607240561465, 46478.66596475111, 9.711714384546104e-06
                            1.7201108831410286,                            0.3515086305555551,                                        4.244593419227377e-06,                                           1.4324444655198063,                                      0.4184689949405282,29348.590424189308,235597.36817485897,264945.95859904826,4.4926724809979833e-05
                            1.7119529293281923,                            0.3451618951875288,                                          0.00269201722490705,                                       1.2780002910958187e-05,                                      0.6482992996554643, 29349.87496322446, 78621.60936270813,107971.48432593259, 0.0001623203513693291
                            1.7118741780650018,                           0.34520733026751305,                                       0.00019600810450111245,                                       4.7988378945482625e-06,                                      0.7707643300400868,29349.769722397166,213488.51082052177,242838.28054291895, 0.0001461058023501649
                            1.7109652227539525,                           0.34583082979071894,                                       0.00020833003491966238,                                         0.008155038358779261,                                      0.8745543828333979, 29344.95261062057, 4925.591164024705, 34270.54377464527,1.1820134007770377e-06
                            1.7188935775430438,                           0.34893969718780055,                                        0.0018342465818761357,                                          0.09341667433153455,                                      0.5028776522410421, 29350.69937263873, 558.7535221600142,29909.452894798746,0.00037017700178570116
                            1.7226203894981156,                            0.3531931088683684,                                       2.4345406293766807e-05,                                           1.0131888505517535,                                     0.39253960518797915,29348.840155424372, 41079.32913006351, 70428.16928548788, 5.767155436981762e-05
                            1.7196663984967886,                           0.35092456097820524,                                          0.08566321987727528,                                       0.00028361913591601193,                                      0.5051404727923984,29349.879252685198,3540.3784184477176, 32890.25767113292,0.00016301811358510643
                            1.7209840311432665,                           0.35135097409841864,                                        1.294801532358537e-06,                                        5.647666726717322e-05,                                     0.41729180640574987, 29347.13591441631,  790028.408812804, 819375.5447272203,1.0491055657897489e-05
                            1.7181631256891403,                            0.3493372157672862,                                         0.035993406203514225,                                       0.00012071751920897783,                                     0.24341243995026035,29352.290052494376, 8314.447205975383, 37666.73725846976,  0.001816489606814183
                            1.7102579681036665,                            0.3449068002696518,                                       0.00013396797924370687,                                       1.5626429915787654e-05,                                      0.2979156320411036, 29350.26606187259, 71461.51321830381, 100811.7792801764,0.00024000758051290265
                            1.7217647531123323,                            0.3521318101134273,                                       3.7777740270165286e-06,                                        0.0031931927840196926,                                     0.17047710627625756, 29348.81793260229,265022.15119606804,294370.96912867035, 5.640406543093986e-05
                            1.7214860526600249,                            0.3530062573424586,                                        0.0002005970925217781,                                          0.04133095682868367,                                       0.900411506273403, 29345.75435258791,5012.1448697157275, 34357.89922230363, 2.635205647743228e-06
                            1.7116489751991604,                            0.3436895777500278,                                          0.01609700979637356,                                       0.00016900579941581226,                                     0.11325745528116504, 29349.65592831692, 5981.989658173877,  35331.6455864908,0.00013039091184754753
                            1.7096312597860197,                            0.3436566204903892,                                        0.0002245593749830101,                                          0.12136638634298984,                                      0.6041350566633816,29351.488260717688, 4464.314621735163, 33815.80288245285, 0.0008147402521402089
                             1.719791029748495,                           0.35229930332340503,                                       5.7013862711952996e-06,                                          0.05498571611883319,                                       0.907403051043399,29351.323945424316,  175416.964275777, 204768.2882212013,  0.000691286296557207
                            1.7069408240989314,                            0.3396965024285629,                                        9.344757085966375e-06,                                       1.6852724646498698e-06,                                      0.8158885523475632,29350.884955955757, 700390.6824047917, 729741.5673607475,0.00044566368206788726
                             1.711271757245178,                           0.34509014704707897,                                        0.0014026205264137787,                                         7.08759646451269e-05,                                      0.5149994437435744,29352.270092068844,14825.004412324039, 44177.27450439288,  0.001780591167228294
                            1.7110395493303265,                           0.34289073056810404,                                       1.9230938695005542e-05,                                       6.0025208937504216e-05,                                     0.08620057916712237, 29350.29514640618, 68662.12527858563, 98012.42042499181,  0.000247090592812801
                            1.7176601526540434,                            0.3492969951818873,                                        1.895381272701117e-05,                                       6.0500587673601724e-05,                                      0.3987930243715314, 29345.07917914538,  69291.4612655398, 98636.54044468518, 1.341499181982769e-06
                             1.711428130067938,                           0.34540558936420523,                                        9.148124916157267e-05,                                       1.6747041980269745e-05,                                      0.9422398225207674,29351.998057902878,  70646.1345715455, 99998.13262944837, 0.0013565046209292584
                            1.7117758193915855,                            0.3441611732013429,                                         0.022925564579345033,                                          0.14045509732673933,                                     0.19524758343551202, 29350.56509906864, 53.64475592120899, 29404.20985498985,0.00032366457084819915
                            1.7102488342995694,                            0.3449749045386862,                                         0.007904280390802553,                                        0.0007617454725688017,                                      0.6035680878802155,  29350.0656201358,1442.1869503387427,30792.252570474542,  0.000196414804326452
                            1.7191678597324198,                           0.34915720281339785,                                        0.0029466603449979484,                                         0.000570966354932935,                                      0.4924453338023537,29349.074872177684,2093.6479672876117,31442.722839465296, 7.292859512002599e-05
                            1.7095933979613647,                           0.34180086191585374,                                       2.3783465921075988e-05,                                       0.00019281715677025638,                                      0.9948207078672122,29351.658697320043, 47235.20263713227, 76586.86133445232, 0.0009661372991779528
                             1.718646557972288,                            0.3503390326857638,                                         0.040469981437379766,                                         0.007342328228421854,                                     0.10618838315867929, 29351.09393040377,163.76063155724194,29514.854561961012, 0.0005492419415897081
                            1.7194296021739086,                           0.34958070757029686,                                         0.031606390197881105,                                         0.007322918197399396,                                      0.5748490319847891,  29348.4511458296,171.05732295564653,29519.508468785247, 3.908561378205623e-05
                             1.706253653960784,                            0.3386106807428225,                                        0.0019996029865532155,                                         0.006115895368204446,                                      0.7234568293407683,29349.795382977994, 666.5608736529297,30016.356256630923, 0.0001499034790110129
                            1.7104806575174971,                            0.3445469912401527,                                        0.0011014975342270225,                                         0.004154551393156802,                                     0.05762616782378166,29351.458735474887,1151.4571965941973,30502.915932069085, 0.0007910364998315642
                             1.719749284776101,                            0.3496209505290227,                                        0.0014524363584132516,                                           1.0013418026557113,                                     0.30053046481472717, 29347.51344645479, 692.3572255322745,30039.870671987064,1.5303094923325574e-05
                            1.7183772062210465,                           0.34908657011274097,                                       3.3090317989834734e-06,                                        0.0017899661891337554,                                      0.4198107800294635,29352.002965008924,302764.73482620646,332116.73779121536,  0.001363177491808135
                            1.7109370185640937,                            0.3449223059302907,                                         0.020681944508035757,                                        5.180942808735536e-06,                                     0.39839470242725183, 29351.99539380936, 193066.3130494991,222418.30844330846, 0.0013528955753142316
                            1.7217225667139897,                            0.3520664760172524,                                        0.0037955977252690357,                                          0.21669911836646316,                                      0.1588538535498107, 29348.81335866387, 270.9181811236394,29619.731539787506, 5.614666582262585e-05
                             1.706710411109438,                           0.33845380546407744,                                       0.00010000081906534012,                                        0.0023838395594685444,                                        0.91537966417875, 29347.49730265058,10422.364025641393, 39769.86132829197,1.5058028231904787e-05
                            1.7117205230247796,                           0.34663564781257117,                                         0.000268832178945193,                                          0.03771933139621934,                                      0.6849950403007796, 29346.76482099417, 3749.189264550144, 33095.95408554431, 7.238613118958427e-06
                             1.706974326867723,                           0.33933099229750285,                                         0.002517528484418511,                                         0.006056099595157602,                                      0.6793303664756454,29350.744112893306,  565.284724400111,29916.028837293416, 0.0003871148925834183
                            1.7141150144682475,                            0.3470516768315324,                                           0.0960095570203847,                                       0.00033587131497453285,                                     0.44659596967683723, 29346.01258385389,2990.6278125504305, 32336.64039640432, 3.411637869491668e-06
                            1.7075555479934221,                            0.3397555241587978,                                        0.0005069343686783463,                                          0.11182644930552506,                                      0.6579353990687573,29351.049322298735, 1984.527668030038,31335.576990328773, 0.0005252797272253407
                            1.7117389653211306,                           0.34556699049467254,                                        4.745718877575423e-06,                                        0.0044185189900395275,                                      0.2076291929010488, 29353.03590530215,210945.44596899502,240298.48187429717, 0.0038295934889010456
                             1.708052943070747,                            0.3401611023957108,                                       0.00028044615581236855,                                           0.1196257000330933,                                      0.6515798481859433, 29351.80602623927,3577.0460530573496,32928.852079296616, 0.0011194971329121803
                             1.712615446918332,                            0.3450126956750511,                                        6.393314153429964e-06,                                        5.583549376486632e-05,                                     0.11890567944457914,29349.296165772394,174326.05257329674,203675.34873906913, 9.099225637516688e-05
                              1.72084795661367,                           0.35029203315252444,                                       1.8892131794648923e-05,                                        0.0012874480417367803,                                      0.3537825845143585, 29344.94136842563,53711.674053444316, 83056.61542186994,1.1687993921055471e-06
                            1.7213115991152725,                             0.352517935141368,                                         0.013626974044987493,                                        0.0008072753643927341,                                      0.4124770377119348,29346.704363998222, 1314.955290523349,30661.659654521573, 6.813954446568841e-06
                            1.7182667730891743,                           0.35043798112412455,                                          0.06573920904885612,                                        7.738897010897907e-05,                                      0.5353348411542372, 29350.70547513334,12939.803247769896,42290.508722903236,0.00037244291176423666
                            1.7078645341252945,                            0.3394389527355201,                                        0.0008539725885341531,                                          0.06126575050110517,                                      0.6486677836625777,29348.641983157788,1190.2661448799233, 30538.90812803771, 4.730385501314779e-05
                            1.7063018674233565,                           0.33876244358408564,                                          0.01272562906621566,                                        8.588755584755888e-05,                                      0.6543341830557186,29349.648069996474,11724.663752863582, 41074.31182286006,0.00012937027378193087
                            1.7196037330573353,                            0.3515552753347987,                                           0.0360655312036384,                                        0.0020388168978253685,                                     0.17273764714243667,29349.709269197203, 521.0523419727687, 29870.76161116997,0.00013753491785822261
                            1.7222475150907428,                            0.3521547010924052,                                        0.0015685558497987716,                                          0.05098653747581903,                                      0.3080220443442444,29349.012185967604, 659.9817819864393,30008.993967954044, 6.849731882956066e-05
                            1.7084936492867167,                           0.34206826533609064,                                         0.002233211821571626,                                        0.0008608529161909898,                                     0.17834055081821926,29350.635812113047, 1612.347577789241, 30962.98338990229,0.00034738050965729016
                            1.7110983603198795,                           0.34485210854183634,                                       0.00017430911271691852,                                        9.203863545064174e-06,                                     0.40426661305294653,29352.006593519294,114389.85904573496,143741.86563925425, 0.0013681327801949917
                            1.7109988574386794,                           0.34553889818846667,                                       0.00012503840993258183,                                        7.093036326766176e-06,                                     0.09795743981295635,29351.276610759072,148983.78330430642,178335.05991506547, 0.0006593268529637305
                            1.7124690797244493,                           0.34493134572098944,                                          0.19980780459873354,                                       4.8045704233151894e-05,                                       0.614920280053653, 29349.65340671749,20821.419233905308,  50171.0726406228,0.00013006253239349918
                            1.7125401347327296,                            0.3450903468303708,                                        0.0029080642652416808,                                        0.0022743972743281063,                                       0.636121497863549,29349.208527354956, 786.4460721868196,30135.654599541776, 8.335728356489239e-05
                            1.7089217041641445,                            0.3431053195708934,                                         0.008355551661920785,                                         0.005422870353512041,                                      0.1975922637109231,29350.954086624624,306.99965103389167,29657.953737658518, 0.0004775626045578594
                            1.7077586909940061,                            0.3389152872939875,                                       2.3192029262976917e-05,                                        7.656372252591919e-05,                                      0.6903958425060098, 29348.14770398644, 56182.22878100634, 85530.37648499278,2.8855846445028293e-05
                            1.7092442405155124,                            0.3405364625644434,                                        0.0003391218525263776,                                        0.0022592874597863045,                                     0.26479920148209646,29346.448791225463,3394.3465418701817,32740.795333095644, 5.277222202067565e-06
                             1.711482170436457,                            0.3460273127308124,                                        0.0001767841375585312,                                           2.4647949819169392,                                      0.5816367019434202,29350.876828435292, 5659.911765676902, 35010.78859411219, 0.0004420562210859801
                            1.7113777819320481,                            0.3443028082839621,                                         0.010851795363957641,                                        7.186311198588625e-05,                                     0.30099416653394995, 29350.87608862461,14010.400125300546, 43361.27621392516, 0.0004417293041145039
                            1.7102015363604144,                            0.3446197293167117,                                        0.0001664685086369391,                                         0.003298925287029401,                                      0.1504334913373001, 29351.16798747588, 6313.172953124101,35664.340940599985, 0.0005914612155440712
                            1.7111651826807357,                            0.3425587018138714,                                         0.010949537984360125,                                       0.00022379423819559617,                                     0.19932670530302465,29350.907216937358, 4562.637547965459,33913.544764902814,0.00045569584167074254
                            1.7074434979260351,                            0.3424588139903263,                                       5.8707319071529755e-05,                                         0.011345064872146204,                                      0.7857242597227115, 29342.61179013082,17124.715381184298, 46467.32717131512, 1.137671761470732e-07
                            1.7192537683793108,                           0.35031622738511103,                                        9.028742248479344e-05,                                        1.712555355873183e-06,                                     0.13260855696651141,29349.734049402552, 595001.3251508295,  624351.059200232,0.00014098563958494915
                             1.722759932229545,                           0.35384266042624357,                                       5.9999902669116204e-05,                                           3.0513926005644847,                                     0.25927718039113534,29348.601353623082, 16669.84753714409, 46018.44889076718, 4.542044158123717e-05
                            1.7203694826036209,                           0.35225936041057093,                                        3.365986718768439e-05,                                       1.0077341002333876e-06,                                     0.08380951741772419,29348.894331586176,1022037.0662766458,1051385.9606082318, 6.088216178653436e-05
                            1.7095361138707728,                            0.3437666888276169,                                        1.360947699667035e-05,                                          0.02647986319335261,                                     0.25543194323696417, 29351.33751698862, 73518.88285219649,102870.22036918512, 0.0007007320850644204
                            1.7110495799449992,                            0.3452432269604324,                                          0.07734264807896946,                                        0.0003061166350372203,                                      0.7048949880365123,29351.956837158268, 3282.554694875923, 32634.51153203419, 0.0013017252695223952
                             1.711034851939014,                            0.3452430062550878,                                       0.00018655288052880074,                                        0.0009717283726388025,                                      0.7298988594853931,29352.021776745125,6392.4010723044385,35744.422849049566, 0.0013890639483855975
                            1.7085205038957687,                           0.34151976582676086,                                         3.54481789934806e-05,                                       2.9433226835496046e-06,                                     0.19558472806737792,29352.530062074296,367965.20060191595,397317.73066399025, 0.0023092329913922335
                            1.7203067112001933,                            0.3502437044769464,                                        8.703620513718737e-06,                                          0.00656946885990133,                                     0.26850898859297434,29348.202189788775,115049.78964700735, 144397.9918367961,3.0471701233350226e-05
                            1.7110166355500027,                           0.34468379631378565,                                        0.0005764812162966406,                                          0.03526359116333129,                                     0.04932109892439329, 29352.13085270423,1765.9209668808376,31118.051819585067,  0.001549149484997366
                            1.7201623334258582,                           0.35120607304469126,                                          0.05354067312494827,                                        0.0011558046466806557,                                     0.24950750387407716, 29349.66242328297, 886.7228341618104, 30236.38525744478, 0.0001312405526005787
                            1.7141934515199073,                            0.3469985271505368,                                           0.4303311533284759,                                         0.012861483615345474,                                      0.5873396135591897,29347.341422937607,  82.9571761325154,29430.298599070124,1.2884584197792425e-05
                            1.7090848212420948,                           0.34270859248342433,                                        0.0022098821883729915,                                          0.10380289139823756,                                      0.9770482175192247,29351.135204365455, 465.0643844721455,  29816.1995888376, 0.0005723856635612003
                            1.7213298448260261,                            0.3531055592638066,                                        0.0007832181469089568,                                          0.08427503718750602,                                     0.43709748500962514, 29346.17769443064,1291.4814154653186,30637.659109895958, 4.024107174900583e-06
                            1.7117595352083772,                            0.3453324405672342,                                       0.00021329969562578356,                                        5.233899634057797e-06,                                     0.25774817405918315,29352.005009308068, 195753.2626387054,225105.26764801348, 0.0013659670847981714
                            1.7229694854723852,                           0.35289215047058964,                                        0.0002328871278410537,                                          0.19580646898801685,                                      0.5099702092168774,29349.390560498487, 4301.866409892479, 33651.25697039097, 9.999989482231741e-05
                            1.7129100730525786,                            0.3454915015730442,                                          0.22555381912472838,                                        0.0008474503351420593,                                      0.7341505379533625,29348.779927938678,1187.3381123052661,30536.118040243946, 5.430067047134686e-05
                            1.7076609214846075,                            0.3406885226590212,                                          0.00715698965345418,                                          0.04680614078673429,                                      0.7994675599594521,29351.933671889066,164.02350022303133,  29515.9571721121,  0.001271917043997738
                             1.712751155195319,                            0.3469349126785225,                                       1.0715023988876295e-05,                                        0.0007852858850864171,                                     0.16835982276698236,29348.935066901377, 94603.20655899456,123952.14162589594, 6.341342165715427e-05
                            1.7120410238704724,                           0.34567487081515896,                                       2.5228735232862947e-05,                                        2.819692329723474e-06,                                      0.3521697169287407, 29350.48354257706, 394288.8569116944,423639.34045427147, 0.0002983153691892706
                            1.7179253233844596,                           0.34809053116648375,                                           0.0163101629188962,                                        0.0012433060332220996,                                      0.7044509609405479,29350.077368409242, 868.4914864747377, 30218.56885488398,0.00019873594716885955
                            1.7063684497415041,                           0.33889147192101055,                                        0.0005668137485169064,                                        0.0036239640708155786,                                       0.607905123370199,29349.675472171904,2043.1396836146262, 31392.81515578653,0.00013296431814840206
                            1.7069242364097406,                            0.3396856539139216,                                       0.00015062638937874423,                                          0.27988815815783236,                                      0.6569802677104261,29350.877872951565, 6645.459665101768, 35996.33753805333,0.00044251819723145934
                            1.7119322603983917,                            0.3453242101440981,                                       2.0554654947346367e-05,                                           0.1318410486333428,                                      0.1373816461843103,29349.762125508387, 48661.26092392286, 78011.02304943124,0.00014500005824511408
                            1.7195036108114683,                           0.34976614874769496,                                        0.0003162480331525452,                                         0.024152364280741502,                                      0.3366925519667403,29349.343371709896, 3206.337868991767,32555.681240701662, 9.539062904790172e-05
                            1.7114421934485238,                            0.3453425956712582,                                        2.329742301218324e-06,                                        9.717128011628137e-06,                                     0.24116085724013558,29352.411259449706, 532145.9840174216, 561498.3952768713, 0.0020505597536658905
                            1.7086697773203021,                             0.340755084807721,                                          0.03161874151306514,                                         0.009226112810739514,                                      0.6613481090328565,29351.789543094772,142.94948045159344,29494.739023546364, 0.0011011955481080435
                            1.7196940831342336,                           0.34921358035127603,                                        7.778785578188963e-05,                                           2.0824573072768873,                                      0.4239095040626579, 29343.90490481569,12858.820896186051, 42202.72580100174,4.1458114872955147e-07
                             1.710997918728637,                             0.342829307673696,                                        0.0001665462705777656,                                       0.00036571541193886205,                                    0.055529135439167765,29350.233216585937, 8741.620875371738, 38091.85409195768,  0.000232252518525041
                            1.7223654614332253,                           0.35410561852874206,                                        0.0026094283345270094,                                           0.1038661723517356,                                       0.708260216124936,  29346.6275454747, 395.6774898289907,29742.305035303692, 6.310116318804638e-06
                            1.7071657086342986,                           0.34017420909174273,                                        0.0016211650954411224,                                         0.002760894598809625,                                      0.7044001523663302,29350.840942590017, 981.9814327853121, 30332.82237537533, 0.0004264739240794617
                             1.719592930271886,                            0.3500142838610794,                                        0.0033154594796440274,                                         0.003598723190928988,                                       0.299410784483511, 29349.50854812947, 582.3506773590952,29931.859225488566,0.00011252290097992934
                             1.710232191704265,                            0.3417343326176767,                                        0.0012967818053159464,                                         0.004220260869109626,                                     0.24557589148647313,29349.660298533705,1011.0181788223653, 30360.67847735607,0.00013096199536971303
                            1.7101751255553566,                            0.3447946979071464,                                       1.3193560030913456e-05,                                       0.00021124657736142587,                                       0.343761298559603, 29352.19811051855, 80531.25891887792,109883.45702939648, 0.0016569256634262237
                            1.7180424633005185,                           0.34854235193103894,                                        6.573448371712875e-06,                                        0.0014888394052106984,                                      0.7088089951633618, 29352.34130813287, 152801.6883080162,182154.02961614906,   0.00191202232269549
                              1.71147753903904,                           0.34515143320076186,                                       0.00023889427965153505,                                       4.1219240756888695e-06,                                     0.11311061042245929,29351.627172631026,246793.99722685077, 276145.6243994818, 0.0009361551925594777
                            1.7154282292136331,                            0.3463294987596737,                                       0.00015478317261351614,                                           0.9101785856850337,                                      0.2750560316923823,29343.873961868838, 6464.636728458539, 35808.51069032738, 4.019492285662749e-07
                             1.720819146732746,                            0.3509753664563214,                                        4.877190944171825e-05,                                          0.43123606000644943,                                     0.47532988537504317, 29347.11676270757, 20508.77380954873,  49855.8905722563,1.0292045787921107e-05
                            1.7128695850887543,                           0.34518662721224364,                                       2.9412426238955087e-05,                                       1.0249679961741674e-06,                                      0.3027953229482182,29348.767721793294,1009642.3510194384,1038991.1187412316,5.3641897312797284e-05
                            1.7188893781666255,                           0.35148519140923284,                                         0.025864014912474993,                                         5.72723795867279e-06,                                     0.30784409809656144, 29351.06185503952,174645.74340203925,203996.80525707878, 0.0005319043474998291
                            1.7086076758208826,                           0.34309588169511634,                                        8.049052233818366e-05,                                         0.004911707821740444,                                      0.9037754476474964,  29349.8291842819,12630.332775756993,41980.161960038895,0.00015505701959479793
                            1.7197571789516861,                             0.352214027702001,                                         0.002865986712520491,                                            2.306422665731322,                                      0.6057510665445553, 29349.99615681756, 352.1927254325223,29702.188882250084,0.00018323426179474712
                             1.718951262760812,                           0.34945356731309146,                                       1.0212859562982184e-05,                                       0.00010412814846727396,                                      0.6695563592211157,29350.996417784347,107522.18197645975,136873.17839424408, 0.0004982123641037557
                            1.7129767798879527,                            0.3449198970253793,                                          0.01573669188851232,                                        0.0012181478037551182,                                     0.40945200800351866, 29345.71738498225, 887.3634252658086, 30233.08081024806,2.5395670607386226e-06
                            1.7077994191848458,                           0.34148968855272777,                                         0.021548624984713643,                                           0.0986527385199853,                                      0.8563416821244842,29349.278257581158, 59.47158546916479,29408.749843050322,  8.93772536966085e-05
                            1.7105527750143332,                            0.3422211884235779,                                       3.3401529294309195e-05,                                        0.0001332531710476009,                                        0.91506276348229,29349.696490754075,37446.182875271545, 66795.87936602562,0.00013578861699790667
                             1.706441054159074,                            0.3392420354412353,                                         0.010880332711060266,                                          0.01536701854886317,                                      0.8298481968919731,29350.645962517403,159.93113379735365,29510.577096314755, 0.0003509245184282969
                             1.718617929208507,                           0.34841389216971086,                                        0.0006266458202131544,                                         0.017828375817873294,                                     0.33808759383115133,29346.756567436198, 1654.758274667594,31001.514842103792, 7.179114680612587e-06
                            1.7077247633926045,                            0.3417973225723246,                                        0.0006926217618349688,                                          0.00557396139454428,                                        0.95850593321732, 29349.62875369066,1626.1207911987044,30975.749544889364,0.00012689529865325195
                            1.7099990205979734,                           0.34440065801860315,                                        2.392619804743891e-05,                                       2.5127802424927856e-06,                                     0.21742432982816834,29350.883411856346, 439763.6553203698, 469114.5387322262,0.00044497606405114896
                            1.7102053226335376,                            0.3441002677023721,                                        7.747431183526683e-05,                                       0.00010354696331819498,                                     0.20746147110813234, 29351.85849786921,22567.863921068623, 51919.72241893783, 0.0011798074249341505
                            1.7180425612747374,                           0.34879362668201225,                                        6.858930501478333e-06,                                           0.0822193777907928,                                     0.24204300855723715,29351.996785195857,  145810.354372259,175162.35115745486, 0.0013547792861303492
                            1.7091631926052373,                             0.343862793440984,                                       0.00012121638086049078,                                            0.200493880447194,                                      0.5395174993262497,29349.680495848643, 8257.605907947167,37607.286403795806,0.00013363396854572797
                            1.7113860775777487,                            0.3450684566125433,                                        9.590935349355994e-06,                                       2.1184893026356576e-06,                                      0.4964194282536673,29352.486836225522, 576302.4970777784, 605654.9839140039,  0.002211541054529337
                            1.7112152187262528,                           0.34477271414975463,                                         0.007721481979028117,                                         0.022261901835245946,                                     0.08229196763382934,29351.987574842016,177.32907099060614,29529.316645832623, 0.0013423585768968446
                            1.7060177608235203,                            0.3390274366916653,                                          0.00708215184159892,                                        8.878081874923918e-06,                                      0.5077984929852943,29351.118631743342,   112781.09240038,142132.21103212333, 0.0005629779032052897
                            1.7167112109654614,                           0.34701596935927204,                                        0.0017100334841226798,                                          0.14895860005740266,                                     0.12569071507963953, 29345.92159937567, 594.3788572280057,29940.300456603676,3.1149341469622396e-06
                            1.7084424124857347,                            0.3400539975229618,                                        0.0006146998474654509,                                         0.009665821356357483,                                      0.7589874808393051, 29350.24200115382,1733.2082618340066,31083.450262987826,0.00023430174414274367
                            1.7195516438753162,                           0.34951399142934864,                                        0.0002766960373417894,                                          0.11591407644278612,                                      0.2224647713333831, 29347.99109458097,3625.5623602843884, 32973.55345486536, 2.467284427337863e-05
                            1.7125025694563947,                            0.3456921143973712,                                        4.204457524738998e-05,                                       0.00022215871462370087,                                     0.19870844365535645,29349.816040747522,28288.460329292564, 57638.27637004008,0.00015303235708471303
                            1.7061265391269096,                           0.33918982785600044,                                         0.001725064350855015,                                        0.0007643318034872096,                                      0.6634234402061387,29350.072181516254, 1890.969039125834,31241.041220642088,0.00019770779384382912
                            1.7072482317298623,                           0.33956493189135634,                                        0.0010936696885751709,                                         0.022669609617713124,                                     0.42313804825918694,29350.845035559963, 961.4097176085651,30312.254753168527, 0.0004282230461437511
                            1.7118711866024847,                           0.34399159219810027,                                         0.012750136198373256,                                          0.07862718897155224,                                      0.5135114506140159,29349.458451559567, 94.05582940210473, 29443.51428096167,0.00010702475847268984
                            1.7100010724044625,                           0.34481021802273704,                                       0.00025723520352701276,                                        0.0014354971737102864,                                      0.2518083681988874,29350.002351207848, 4587.015697609576, 33937.01804881742,0.00018437280898862365
                            1.7209431876340684,                           0.35097989301399135,                                        0.0019952034189344658,                                       0.00039373190496562693,                                     0.24737969077824357,29348.953398061116,3043.8504519321755, 32392.80384999329, 6.458658307241276e-05
                            1.7125754303693879,                            0.3447923099977351,                                        5.345191883214344e-06,                                       1.1102280690689995e-05,                                     0.30131760635649657,29347.386147796362, 277158.5063640711,306505.89251186745,1.3473926291325462e-05
                            1.7127648515388332,                            0.3447005528186969,                                          0.14432023819780898,                                          0.01740187048022446,                                      0.5112869014427607,29346.644413152244, 67.29519080773112,29413.939603959974,6.4174560672603415e-06
                             1.710446040063647,                           0.34393681477744037,                                       0.00032242270373244645,                                         0.003749708996478246,                                     0.29445989542391865,29350.811133521314,3371.1134332927436,32721.924566814057, 0.0004139487430235412
                             1.709575916891263,                            0.3438805421664808,                                        5.819373815959087e-05,                                         0.010179316410456843,                                      0.2033654617083544,29351.258938576237, 17285.12584919893, 46636.38478777517, 0.0006477774603359672
                            1.7189031266636365,                           0.34976855144217894,                                        4.228990696066543e-06,                                          0.05074585464786338,                                     0.35222662912607955,29349.708050486137,236485.60599322908,265835.31404371525, 0.0001373674046277104
                            1.7080839799668457,                           0.34261383082860386,                                         0.017389420251252678,                                         0.021900121407243407,                                      0.5753354893389226, 29349.79250099209,106.08681526831948, 29455.87931626041, 0.0001494720812373602
                            1.7129856510386339,                            0.3461923343264169,                                          0.07763438962626223,                                         0.020006605592630955,                                      0.5373498710042083, 29348.04976560658, 65.75294876053961, 29413.80271436712, 2.616373370957749e-05
                            1.7068517007600792,                            0.3407367092588107,                                       1.7271667955063017e-05,                                          0.05180128629908162,                                      0.9963703036291656,29348.707501851975, 57920.52703867452,  87269.2345405265, 5.050692662160619e-05
                            1.7085899898411223,                            0.3426054528621956,                                       1.1754905459431057e-05,                                       0.00018183467556645073,                                     0.28947501827616806,29350.883294564857, 90573.28700916894, 119924.1703037338,0.00044492387520673836
                             1.721693431403075,                            0.3530421521354189,                                        1.393304203580614e-06,                                          0.02169809926644037,                                      0.8027102841524051,29344.633959841813, 717767.2737852952,  747111.907745137,  8.59476735107553e-07
                             1.714538541703651,                            0.3473980261057434,                                           0.3666552380433573,                                          0.04865252367134077,                                      0.4307505969252886,29347.030213392827,26.159818655684802, 29373.19003204851,  9.43873558152524e-06
                            1.7193609709018438,                           0.35184730817108256,                                        8.282494719774369e-05,                                        0.0003778728045862657,                                      0.9660215095075873, 29351.82077895981,14722.892245293697,44074.713024253506, 0.0011361351877856763
                            1.7114335040175177,                            0.3457661693042958,                                         0.004274451603252465,                                         0.017168246845371805,                                      0.4310847071763296, 29350.38422757898, 295.0873330375803, 29645.47156061656, 0.0002701118722106223
                             1.721420916116605,                            0.3512682068146831,                                        2.836403439093048e-06,                                         0.007060962927312217,                                      0.5335012177424237,29348.980039050974, 352703.6256673674, 382052.6057064184, 6.633035839258615e-05
                            1.7129282809539643,                            0.3452241156094632,                                        0.0007607513911257563,                                        0.0017041783399245908,                                      0.5968720036277086, 29348.70239528163,1904.1795892481957,31252.881984529828,5.0249666864492046e-05
                             1.710783128763487,                           0.34507549388763925,                                         0.021859054081046537,                                         0.004577729009338922,                                      0.5541372042103658,29351.362425248204, 267.0944794777849, 29618.45690472599, 0.0007184052924293483
                            1.7200623157003863,                            0.3507654081397946,                                       3.8597151997560504e-05,                                            0.631132595224048,                                     0.48740140679811333, 29349.22511900886, 25913.08271605223, 55262.30783506109, 8.475185590332093e-05
                            1.7199399016820731,                            0.3495665335510344,                                         0.001040835123176483,                                           1.8941491970494797,                                       0.361851952429673, 29343.83661632397, 964.1555899961836,30307.992206320152,3.8721505589625774e-07
                             1.710876998578348,                            0.3442258328054315,                                          0.03602804811546845,                                        6.318852557253334e-05,                                     0.20376229749983904, 29352.01116175283,15856.319297561486, 45208.33045931432, 0.0013743970276228127
                            1.7194000658967712,                           0.35147541664696397,                                        0.0006567169263399886,                                           0.8807778716348849,                                      0.5619227436321333,29351.913722333913,1526.7066030725352, 30878.62032540645, 0.0012467942918434434
                             1.710686591155675,                             0.343719275822306,                                         0.032076593273564706,                                           0.4354749439415144,                                      0.6513430684907349, 29352.51107264407, 36.38107480053171,  29388.8921474446, 0.0022657957025827725
                            1.7127517260098486,                             0.345572646833722,                                        8.555968920479753e-05,                                       1.4187399068433111e-05,                                      0.9422804551011073, 29349.28717394328, 82175.72367499824,111525.01084894151, 9.017773705259272e-05
                            1.7185778880406941,                            0.3480619258944363,                                       2.5403127778369846e-05,                                        0.0001140669867751573,                                      0.5954427305388453,29344.595971599992, 48134.88275957615, 77479.47873117615,  8.27439104403581e-07
                            1.7115482736631902,                           0.34539562861496564,                                        1.707032695828402e-05,                                         0.006532621235382003,                                     0.13431271653404941, 29352.44694644442,  58737.1592203777, 88089.60616682212,  0.002125059498250543
                            1.7105934976408115,                            0.3413413460196971,                                        8.950156856399931e-06,                                        0.0001649786298944396,                                     0.37219139596628137,29347.167514557208,117794.20613887663,147141.37365343384,1.0827868128541313e-05
                            1.7190500951501386,                            0.3513939849279412,                                       0.00024007705756706765,                                       0.00023645715369414961,                                       0.895146715563695, 29351.23652763843, 8397.271087516854,37748.507615155286, 0.0006334216246764304
                             1.718560329040285,                            0.3489450923307097,                                       0.00014325906565442977,                                              3.3350687243973,                                     0.40843060879013265,29347.907287451388, 6983.526660641431, 36331.43394809282,2.2689359886011165e-05
                            1.7101046325720473,                            0.3442854037432741,                                        0.0007576798748177464,                                        0.0003499105185547658,                                     0.14595120998309924,29351.761187832784, 4180.596682700518,33532.357870533306,  0.001070409397226818
                            1.7212967542761288,                           0.35123432471457605,                                        0.0017522717533668874,                                          0.06336684274281028,                                      0.4080915064339161, 29349.04843128751, 589.3159622249241,29938.364393512435, 7.102556788213127e-05
                            1.7221165565522434,                            0.3537682645253267,                                        1.075596594601084e-05,                                           0.7888726134336393,                                      0.6245234308540992,29345.374301207143, 92975.75351313474,122321.12781434189,1.8020228561375359e-06
                            1.7233899281255365,                           0.35498143516108543,                                        9.590737248299195e-05,                                           0.8035966197845745,                                      0.5577114573573065,29347.627643670196,10430.788556681531, 39778.41620035173, 1.715435892292533e-05
                            1.7172982574583482,                           0.34946229802491297,                                           0.0637973256953841,                                       0.00029498295284261465,                                     0.43786498848036537, 29343.97139186937,3408.5625850829383, 32752.53397695231,4.4308241188068163e-07
                            1.7062050051345112,                           0.33944793781055504,                                         0.006661657402260178,                                        0.0069132278787293906,                                      0.9495729168655268,29350.962123127505,297.70898267206167,29648.671105799567, 0.0004814160009814392
                            1.7074817684039338,                            0.3408408968718636,                                         0.024094289491986564,                                        9.361299821046368e-06,                                      0.4626569426604791, 29349.34014343656,106867.20991424363, 136216.5500576802, 9.508317855764253e-05
                            1.7090814934935474,                           0.34256908368437305,                                       1.6878994728748044e-05,                                       2.0183911467023306e-05,                                     0.18831033342751863,29351.180287664112,108792.56430704809, 138143.7445947122, 0.0005987812262920973
                            1.7089437343283467,                            0.3399894684850575,                                         0.000386660790824031,                                       0.00011987619062601824,                                        0.59024312787911, 29346.44510538908,10931.127551598964, 40277.57265698804, 5.257807027039175e-06
                             1.717253587377552,                            0.3468583584258946,                                       1.2353448581515373e-05,                                           0.6102068863405136,                                     0.48783738704344626, 29346.63656799347, 80953.57772722904,110300.21429522251, 6.367307076104456e-06
                            1.7098385679997554,                            0.3438096848163729,                                       2.3657845415081535e-05,                                           0.4037297234059244,                                      0.3580253344953936, 29351.75127862327, 42274.66159972157, 71626.41287834484, 0.0010598548661370892
                            1.7058756452231703,                           0.33816433130759377,                                        0.0019271957260193313,                                          0.04295473478016152,                                      0.8217967960988701,29349.339137851417, 545.1261187633476,29894.465256614763, 9.498761238407606e-05
                            1.7095289761515335,                            0.3416644714182806,                                        0.0005603148144720577,                                       2.7556789434954945e-06,                                     0.26839406568964425,29351.708545352303,364674.61432158365,  394026.322866936, 0.0010155178800728833
                            1.7071544173200728,                           0.34040487802183667,                                         0.006088763483390341,                                          0.01240008513976887,                                     0.35122429574524894, 29350.81500438915,247.81924503970728, 29598.63424942886,0.00041555418912917147
                            1.7210986489934026,                            0.3505278910254928,                                        3.269186726717058e-05,                                          0.01599769879831884,                                       0.637287885338083,29344.652160972026,30654.009209499967, 59998.66137047199, 8.752634149695977e-07
                            1.7091642986676732,                            0.3408129861733482,                                         0.004158319375818494,                                       1.4832425623844514e-06,                                      0.5723384239904954,29351.980585908208, 674441.9761383937, 703793.9567243019, 0.0013330096292980937
                             1.720663294688698,                           0.35174990325976274,                                        4.468915459762463e-05,                                          0.34227096194692264,                                      0.1606158773353154, 29347.91711310503, 22382.55844614279, 51730.47555924782,2.2913396528442953e-05
                            1.7176397278236912,                           0.34816475101069166,                                       1.4510523259981007e-05,                                         0.030283560996253473,                                     0.08670856695206292,29352.034077630196, 68951.39578136014, 98303.42985899033, 0.0014062561874683256
                            1.7076179878189814,                           0.34250363241834736,                                       0.00027538403065122054,                                         0.013384088213642207,                                      0.8479936405105879, 29347.82383901716,3708.9278901623065,33056.751729179465,2.0872816216575684e-05
                            1.7229371430168179,                           0.35529461022151726,                                        0.0008978551471481545,                                           2.0630085528875703,                                      0.4540392061761387,29346.931331045205, 1117.064697822816,30463.996028868023, 8.550071803036894e-06
                             1.710571756234819,                            0.3429264156141899,                                        0.0008691392453683806,                                         0.012303733817303632,                                      0.4109588326917344,29349.547405484576,  1234.75584221709,30584.303247701668,0.00011698130319786166
                            1.7184843470243032,                            0.3512856571610433,                                       7.3446347997970145e-06,                                         0.014802368422657562,                                      0.9565516312381049, 29352.01797242275,136224.21193803567,165576.22991045844, 0.0013837895404606977
                            1.7092371093451186,                            0.3442339102078236,                                       0.00017335807332970662,                                         0.043282603598355514,                                      0.4711059270553433,29344.359104521754,  5794.41641212246,35138.775516644215, 6.529290274485302e-07
                            1.7081914252179295,                            0.3410906291862075,                                          0.07342044410988317,                                          0.33079222408603265,                                      0.6375877988917636,29352.293853910945, 19.57500236674291,29371.868856277688,  0.001823407981985231
                            1.7065363187052025,                            0.3398326571397741,                                          0.00988036039334784,                                          0.00285284633953354,                                      0.4693181682943908,29350.117692599124, 454.6806238837727,  29804.7983164829,0.00020691358345086033
                            1.7213358653378206,                            0.3513973433173738,                                        0.0014935984172955315,                                          0.30940558726806994,                                     0.20726471560545617, 29349.00261525431,  675.601793900531,30024.604409154843, 6.784487777304908e-05
                            1.7204015356225801,                           0.35117531210609393,                                       1.0572880226016163e-05,                                          0.10816595370821218,                                      0.5944386401419998, 29348.01564595422, 94593.69940728035,123941.71505323457,2.5286093736739197e-05
                            1.7106229500612071,                           0.34529416116783107,                                        5.658265306568261e-05,                                         9.72532411372139e-05,                                     0.26444374902517664, 29349.86282063819,27958.590815167685,57308.453635805876,  0.000160361280662638
                             1.710382733247902,                            0.3444030150737685,                                        0.0007411554444586547,                                       1.7242897465034297e-05,                                     0.18458178061302893, 29351.46821073616, 59347.04157769356, 88698.50978842971, 0.0007985673996201892
                            1.7183009579240947,                             0.350083305339632,                                          0.02300667240883443,                                          0.00195621437089454,                                      0.1190437497118012, 29350.76770317238, 557.5135331895355,29908.281236361916,0.00039635560792473793
                            1.7106795874809602,                           0.34463585212090214,                                        0.0006690567770268298,                                       0.00044036893545062095,                                      0.5423252750788023, 29351.89387508242, 3768.366287256892, 33120.26016233931, 0.0012222927998930147
                            1.7205302568903464,                           0.35300754677368884,                                        0.0015935164749885263,                                            3.632652845749739,                                      0.5623873519875755,29340.162871948836, 630.6510129749907,29970.813884923828, 9.828004018508631e-09
                            1.7071723448768075,                            0.3396870287918102,                                        0.0005815723246939819,                                        0.0004411161717162751,                                     0.30249390205365884,29351.154332406863,3989.3969914975514,33340.551323904416, 0.0005834396638865347
                            1.7095884992925008,                           0.34357571397950204,                                        0.0036095426339960283,                                          0.00231005230563299,                                      0.8658181657528098,29351.488264360578, 712.8446075459045, 30064.33287190648,  0.000814743220154796
                            1.7094050227658342,                            0.3441376093956315,                                       5.2928728496549725e-05,                                           0.7046932394105576,                                      0.5090019699810692, 29349.74539888923,18897.656119125113, 48247.40151801435,0.00014259486891283704
                              1.71902021002431,                           0.34908349600784855,                                         6.09471877089264e-06,                                         4.15715270295538e-05,                                      0.3992465744566046,29350.638422491775,188134.27007700043,217484.90849949222, 0.0003482884889194043
                             1.711296490384808,                            0.3456743823343458,                                         0.018287299933842992,                                         0.012369367957153482,                                     0.41323107182822455,29351.274436398762,138.42052855624712,29489.694964955008, 0.0006578947962910278
                             1.711194926206915,                            0.3449659334600275,                                         0.059807971093784995,                                         0.003322531134410344,                                      0.2225714706700706, 29351.95940677523, 320.5943749706232,29672.553781745853, 0.0013050745061387655
                            1.7065406312217042,                            0.3391183378530446,                                        8.281898764273882e-05,                                         0.007163724986198033,                                      0.2909156936956677,29350.270793117077, 12217.06676835458, 41567.33756147166,0.00024114580554240967
                            1.7086118394633452,                             0.340415474761583,                                        2.535470810459998e-06,                                        7.315375669325262e-06,                                      0.8752558879585921, 29352.41264668943, 531105.3843992236, 560457.7970459131, 0.0020534063456105886
                            1.7206300582369964,                            0.3515940759906944,                                         0.017236558435497432,                                         0.006188887136465314,                                      0.2740062471391162,29347.886137865007,222.44034898162369,29570.326486846632,2.2214528254898294e-05
                             1.717676181275698,                            0.3498956160082161,                                            0.102559740085941,                                        8.768943968065642e-05,                                      0.6131004843052612, 29346.41311460275,11416.490150349638, 40762.90326495239, 5.092267631244895e-06
                            1.7114476171695323,                            0.3458888968111675,                                       0.00041285706171243484,                                         0.008542466951833829,                                      0.9964608022853605,29351.325150846613, 2542.099109492347, 31893.42426033896, 0.0006921200909089202
                            1.7060572940275474,                           0.33889067854558486,                                       0.00036843644243457404,                                         0.009087663671227937,                                      0.5487296638213398,29350.414606570535,2827.1624246950696,32177.577031265606, 0.0002784435111391358
                             1.709731569011219,                           0.34376354997739245,                                          0.01717293196254288,                                          0.03736432919714742,                                      0.2882763817241285,29351.678238973935, 87.90364486402238,29439.581883837956,  0.000985202899854141
                            1.7123614518850603,                           0.34435540607771276,                                        0.0029913696632361286,                                         0.007150836816956188,                                      0.7428758518225264,  29347.5177267278,477.04277561564703,29824.560502343447, 1.536873672975249e-05
                            1.7217372140074194,                           0.35170102306730605,                                       0.00010512860656629926,                                          0.01033271247386721,                                     0.09305519848229032,29349.005404088806, 9611.782131739115, 38960.78753582792, 6.803434998906408e-05
                             1.711884134640209,                           0.34488865851411205,                                        8.205243743910483e-05,                                            0.006578655935005,                                      0.7110053206813216, 29351.27307505595,12342.234606754526, 41693.50768181047, 0.0006569997852851798
                            1.7089799634763017,                           0.34419501120706814,                                       0.00017911508917204576,                                        0.0034058915879198364,                                      0.4695123795432872,29338.348745282135, 5879.516757750066,35217.865503032204,1.6017698863378446e-09
                             1.711274036085451,                           0.34534205413227503,                                        0.0033422331065956754,                                          0.04323991579772344,                                     0.40315228308508183,29350.558738324013, 325.2236125835703,29675.782350907582, 0.0003216123568915121
                            1.7068867696893588,                            0.3402164213932602,                                        0.0016869507753237859,                                          0.08849310385737032,                                      0.8658674927447603,29350.967126393487, 607.0251454889354,29957.992271882424,0.00048383068890812004
                            1.7092534206602703,                           0.34328502948958056,                                        2.453644207883914e-06,                                        4.468358794459281e-05,                                      0.2305576057755715,29351.496083743867,429939.54656432074, 459291.0426480646, 0.0008211389825460192
                            1.7108953502603728,                           0.34434301033795656,                                         0.013426853323637881,                                        8.801211247765043e-05,                                     0.12504264337806453,29351.834716913676,11439.454162714035, 40791.28887962771, 0.0011520814586620147
                            1.7094189668612492,                           0.34142045494970297,                                       0.00017669761204538314,                                          0.19857455584844014,                                      0.7407714619523225,29351.761924627543,  5667.35087799656,35019.112802624106, 0.0010711983598759758
                            1.7190057171726778,                            0.3509005987542871,                                        6.998679103962988e-05,                                         0.017706066367529655,                                      0.9323285809456889,29351.172693482757,14347.738128935898, 43698.91082241866, 0.0005942511957750617
                            1.7199069764122354,                           0.35221120104206105,                                        5.451812102251944e-05,                                            0.725797212504565,                                      0.6311192178006297,29352.063682979213,18346.742041071528, 47698.80572405074,  0.001448511295052486
                             1.713046079364999,                           0.34633179793861546,                                       1.5040934193663306e-06,                                        0.0020564897909410317,                                     0.10252838207502979,29348.412384281986, 665341.4733106901, 694689.8856949721, 3.759958141335806e-05
                            1.7090264900790753,                            0.3426867943505351,                                        1.348913591670633e-06,                                           0.5391468919733651,                                      0.5170457126395024, 29351.23644466487, 741342.1025651576, 770693.3390098225, 0.0006333690696107831
                             1.711422598951641,                           0.34408745335015195,                                        0.0002902468083101541,                                         0.014528933478074102,                                     0.21057168649829439, 29351.17018491851, 3517.078071641773,32868.248256560284, 0.0005927623466884056
                            1.7092226824816146,                           0.34306078526959155,                                         7.89340496093066e-05,                                         0.006567090591987056,                                     0.39037031375863473,29351.102790107594,12823.993325464751, 42175.09611557235,  0.000554129682516199
                            1.7210107138749469,                            0.3521483504189843,                                         0.016412514953195012,                                       3.2522814183420903e-05,                                      0.5939366353738275,29347.953389504975,30811.415520424467, 60159.36890992944, 2.375987279417187e-05
                             1.707624950347566,                           0.34116292797563336,                                         0.011091104316916617,                                          0.08728989260255116,                                     0.26233031001239626,29349.323225368724,104.54957827090738, 29453.87280363963, 9.348808588146642e-05
                             1.705920586274159,                            0.3384232458076948,                                        0.0003069897705814354,                                        0.0036151804521242963,                                      0.5091906166418165, 29349.04283346825,3537.0037748183286, 32886.04660828658, 7.062909033061071e-05
                            1.7122634110340365,                            0.3453891453541692,                                        0.0002791733757913425,                                       0.00023729261242654785,                                      0.9915574874774347,29349.754598380936, 7799.104958354692,37148.859556735624,0.00014391272172044158
                            1.7081780531610167,                           0.34173061156615836,                                        0.0002370335129180516,                                         0.011827727535662351,                                      0.6144402500436499,29350.590796296194,  4306.28609897315, 33656.87689526934, 0.0003320896398156242
                            1.7053566709192127,                           0.33830693526529243,                                       0.00010434564459261461,                                         2.90149754038325e-06,                                     0.42727947804460764,29351.026511788128,354236.10106109874, 383587.1275728869, 0.0005134334518799362
                            1.7130252111861053,                            0.3450390229987395,                                          0.02064128136578635,                                        0.0011047376478092548,                                      0.3015373961808708,29345.636066332543,  956.537116513633,30302.173182846178,2.3412265723782086e-06
                            1.7099486175901688,                            0.3450433551478483,                                        3.753375109983642e-05,                                          0.10345547113583327,                                     0.44607079181061715,29342.478376429768,26655.251647417186,55997.730023846954,  9.95579955762056e-08
                            1.7098955766613013,                           0.34406012749981163,                                       1.1536712394193178e-05,                                          0.39496298971619576,                                      0.6757217242032828, 29351.68889788981, 86685.24502706648,116036.93392495629,  0.000995760259735061
                            1.7206229017349344,                             0.351154805627277,                                        0.0067108092367469535,                                       2.8480034353324078e-05,                                     0.49506513057306295,29347.589464664656,35264.178269363045,  64611.7677340277, 1.651176736540242e-05
                             1.705280585028763,                             0.337714519120725,                                        3.476199425186623e-05,                                        5.462913195610939e-06,                                      0.5758227013378138,29350.015917971978,211822.52536952068,241172.54128749267,0.00018689119595396322
                            1.7189620602013058,                           0.35094296959739196,                                       2.6670925357575756e-05,                                        4.593172068434948e-06,                                      0.4064903836247966, 29351.72300080435, 255211.3267398344,284563.04974063876,  0.001030304264549015
                            1.7098029743378786,                           0.34408100861513397,                                       5.3919036135474174e-05,                                       0.00020391505462219304,                                       0.588208455573494,29351.480454919158, 23453.23469424866,52804.715149167816, 0.0008084053106818354
                            1.7081763872682834,                            0.3421308889830335,                                        0.0033222113366429473,                                          0.04373868722635052,                                      0.9539848686814447,29349.503381807048,326.79024346671576,29676.293625273764,0.00011194307047893188
                            1.7072992404780771,                            0.3395768323746732,                                       2.2720880886692257e-06,                                        4.979129932937717e-05,                                      0.6497537635507484,29350.865688339385, 460210.5558640672, 489561.4215524066,0.00043715900078485087
                            1.7117373543635372,                            0.3440577959544087,                                        0.0017509689334826981,                                       2.5050272998824006e-06,                                     0.24689501179892337,29350.415153442762,399771.26514074876, 429121.6802941915, 0.0002785958258065756
                             1.710906292482173,                            0.3429315600388384,                                         0.019618105150302153,                                        0.0005236852719566478,                                      0.3714046561522132,29350.100965315276,1963.4332245381704,31313.534189853446,0.00020348126789709382
                            1.7102405428707708,                            0.3447625766295287,                                       0.00035855396203096277,                                         0.007214219373720809,                                      0.9894080597676107,29351.028568936505, 2930.496159731633,32281.524728668137,   0.00051449074780634
                             1.709469895744864,                           0.34396216506649147,                                       5.4978468295087917e-05,                                        3.459851492731465e-05,                                      0.3538575033118526, 29350.84749030475,47094.820838659805, 76445.66832896456, 0.0004292755156772948
                             1.721458035554921,                             0.353712771972234,                                        6.301582207620063e-06,                                         0.008278387907936452,                                      0.7115980220989915, 29350.47094995439, 158813.9282199497, 188164.3991699041, 0.0002945823498894612
                            1.7101893337926768,                            0.3437826692574244,                                         0.007571814405621168,                                        0.0013549254522047716,                                     0.08105901167730312,29351.107185648336, 873.0255411671881,30224.132726815526, 0.0005565707430722528
                             1.719962500681197,                           0.34972753224610104,                                       6.7277225555035015e-06,                                         0.023915154422015653,                                     0.43088098430360905,29346.142033981778,148683.38357880438,178029.52561278615,  3.88313422501932e-06
                            1.7088286124400263,                           0.34334898248008583,                                        0.0005674290234356163,                                        0.0033853327818466872,                                      0.1505488048448988,29350.891440659165,  2060.63937392383,31411.530814582995, 0.0004485630695395528
                             1.717884768576231,                            0.3475126415367457,                                        2.422078249486057e-06,                                         0.013236217023020835,                                      0.5307706548346381, 29347.18229287219, 412947.0047781711,442294.18707104324,1.0989074016086096e-05
                            1.7187722344482546,                           0.35026733240000923,                                        0.0059819967621711845,                                       1.4045200284378794e-05,                                      0.4164022707441806, 29351.50876196547, 71368.72311797847,100720.23187994394, 0.0008316158381473429
                            1.7201268951794968,                            0.3517700909386966,                                         5.49035576077687e-05,                                           0.0656957397151382,                                      0.5432926400344602,29348.851486504245,18231.820420258817, 47580.67190676306, 5.832875170491679e-05
                            1.7125496438557841,                             0.345211655591959,                                        0.0006247177411097884,                                        0.0006033999669587017,                                     0.30544012692778866,29349.571203783646, 3260.895212733075, 32610.46641651672, 0.0001197986503034716
                            1.7227166893172094,                            0.3553545841555517,                                        0.0002949872438115656,                                           0.4941990114975006,                                      0.6230260634833221,29346.933276204003,3394.8146624879055,32741.747938691908, 8.566719236127464e-06
                            1.7097520114475993,                           0.34447472066572105,                                        0.0002359474126392035,                                       0.00037493408454508393,                                      0.6575123535357326, 29350.08614853834,  6908.27098345933, 36258.35713199767,0.00020048855725356076
                             1.720016227679271,                           0.35072214982943434,                                       1.6707239529026235e-06,                                         0.002414819290724253,                                       0.582782931945153,29349.183552628867, 598959.8849414291,  628309.068494058, 8.130123967487938e-05
                            1.7094794129518245,                            0.3408161664162306,                                         0.006151211378953536,                                        0.0009127694871958691,                                     0.44662831694023275,29345.364576585307, 1261.070596354943, 30606.43517294025,1.7845837968822379e-06
                             1.720088458731854,                           0.35222688013357106,                                        6.024040214987153e-06,                                           1.4645551602317528,                                      0.6790015790576404,29351.568218666653,166005.06973060666, 195356.6379492733, 0.0008825604652962749
                            1.7207575511386368,                            0.3528328326922359,                                       0.00020126072345681397,                                           2.5001769696713847,                                      0.4284172639071223, 29350.05835698774,  4971.91352203636,  34321.9718790241, 0.0001949933827681864
                             1.711849393984055,                            0.3449979914274077,                                        7.890238641602377e-06,                                          0.18625223735277607,                                      0.2776560253036853,29349.856331314353,126747.14656989093,156097.00290120527, 0.0001593240136023683
                             1.707316378207846,                           0.33959922499973094,                                         0.004572998330727121,                                         4.69918551328897e-06,                                      0.6097402213149139,29350.869019843554, 213024.4546814994,242375.32370134295,0.00043861782651127373
                            1.7182225283302488,                           0.34941675536781447,                                       2.0430530376780636e-06,                                        3.754268144526171e-05,                                      0.4344876662659916,29352.303884412082,516102.76542692364, 545455.0693113357,  0.001841789712689498
                            1.7208502861814048,                            0.3511204809373342,                                         0.003000163967798279,                                         1.66772760193072e-05,                                      0.7163026109843386, 29347.16856118505, 60297.99376858157, 89645.16232976662,1.0839206809466071e-05
                            1.7086449500860441,                            0.3434858640505093,                                        0.0012789344687560132,                                          0.08579878808362748,                                      0.3943925716307559, 29348.41230618058, 796.4673947345993, 30144.87970091518,3.7596644947858666e-05
                             1.707679364577258,                           0.34048504057803225,                                        0.0008041113553385658,                                       0.00033259680701068224,                                      0.4184870357357384,29351.851930505523,4253.1892552821355, 33605.04118578766, 0.0011720845875938632
                             1.708048151775292,                            0.3415449877965918,                                        1.747114006431749e-06,                                          0.16178480344004498,                                     0.49044725548201523,29350.612660641236, 572381.6022561786, 601732.2149168198, 0.0003394305216322953
                             1.722069196819003,                           0.35215161527807554,                                       1.4490194769168862e-05,                                           0.2019630102918136,                                      0.5000427859496851,29349.019036788563,  69019.9759430601, 98368.99497984866, 6.896819279196915e-05
                             1.723435112338926,                            0.3546521194602069,                                       0.00035618897329720814,                                          0.01971168822624167,                                      0.7659789602553733,29350.156890015656,2861.0494632372697,32211.206353252925, 0.0002151851136444585
                            1.7077357171597105,                            0.3416819564115674,                                        2.793340857680556e-06,                                       0.00010901049782749585,                                     0.22740463615238632,29349.649714947027, 367170.6175370407,396520.26725198777,0.00012958325661039928
                            1.7106463423267646,                            0.3421330842752728,                                       0.00028321564575883585,                                        4.775345847192331e-06,                                     0.15891804743590093, 29351.05214830005, 212942.7177649752,242293.76991327526, 0.0005267662679179363
                             1.706262657827065,                            0.3393885081445905,                                         0.026141459165681905,                                        9.744844578871773e-05,                                      0.5809489195016605, 29350.10626553718,10303.036204120432,39653.142469657614,0.00020456262696002902
                             1.708840859317087,                           0.34173259809323137,                                        9.937968918039332e-06,                                          0.27908233975916313,                                     0.24721788388099802,29352.738768603005,100630.69212887711,129983.43089748011,  0.002845167553154096
                            1.7194950494772812,                           0.35102497309605674,                                          0.02666995612690541,                                        3.227738680791167e-05,                                       0.429454527491256,29350.345081080042,31021.786568365485,60372.131649445524,0.00025974222989941123
                            1.7183080971094236,                            0.3492891651688816,                                          0.06915251800369016,                                          0.04731969173946714,                                      0.2998604776751583,29351.942138962393, 38.45659791707512, 29390.39873687947, 0.0012827321805393352
                             1.708798930125842,                             0.342523437048184,                                         0.002531799421798321,                                         0.003942962594386212,                                     0.24805510993493246, 29350.68171334733, 651.5119103687659,30002.193623716095, 0.0003636973199270116
                            1.7099096195534924,                           0.34177150693779434,                                         0.016100957250857046,                                         0.003934050058015742,                                     0.29417622449773895, 29348.98435834385, 319.2250098842512,  29668.2093682281, 6.661747826803119e-05
                             1.710383519624731,                             0.342049359116891,                                        0.0013472029330888812,                                        0.0006347331780335718,                                       0.309542467193059,29349.681907977872,2320.6673712049947, 31670.34927918287, 0.0001338228102818817
                            1.7087282746928576,                            0.3420305203468992,                                          0.00787329319906669,                                       1.9388414664610965e-05,                                     0.22245221192700582, 29351.20132603416,  51707.1281066455, 81058.32943267966, 0.0006115120556921494
                            1.7074265597475309,                           0.33957396984090266,                                        4.264920331030519e-05,                                          0.12254350753639448,                                      0.7188943898859671,29351.014643659277,23458.202069635132, 52809.21671329441,  0.000507375974080683
                            1.7105950956383298,                            0.3442277477515338,                                          0.01056811257889035,                                       0.00014822588560168398,                                      0.1119412933365247,29351.716643097745,6843.9892741321555,  36195.7059172299,  0.001023774670933734
                            1.7199294305404202,                           0.35077427658790805,                                          0.02198453285523706,                                         0.009748671038839446,                                     0.10454939271552838,29350.350495711733,150.91544536950457,29501.265941081238,0.00026115245288241756
                            1.7082503227544112,                            0.3404744329496066,                                         0.001356791547247243,                                           1.8411259082784117,                                      0.5686352624454365,29351.401986780835, 740.5131175457163,30091.915104326552, 0.0007473961879015826
                            1.7199040308694786,                            0.3495101919306055,                                        4.224090170116442e-05,                                          0.12105449795648048,                                      0.3404778110255262,29343.871517561398,23684.858947896104,  53028.7304654575,4.0096794084944245e-07
                            1.7226013765372061,                            0.3526639108023869,                                        6.703242105671661e-06,                                       0.00023959151606553025,                                      0.4185624245741968, 29348.97673184488, 153358.1489897276, 182707.1257215725, 6.611135257538454e-05
                            1.7219002294405807,                            0.3533127904665386,                                        0.0015226420096313283,                                           0.0160391295663481,                                       0.851104384276737, 29346.86665441952, 721.9310682005287,30068.797722620046,  8.01458538821037e-06
                            1.7094847761770668,                            0.3413227382274057,                                        0.0065275477998254314,                                          0.12154923946200458,                                      0.5430089681450251,29350.468678103494,164.35378355889836,29514.822461662392,0.00029391386235363916
                              1.71346742000581,                            0.3466267654504477,                                          0.16408910300466675,                                         0.027992183542958442,                                     0.36475035803802647, 29348.64162235718,44.703455812655406,29393.345078169834,4.7286790832058464e-05
                            1.7217237676505293,                             0.353916849504206,                                        3.641086773623673e-05,                                         0.003167197311443979,                                      0.8220772887493308,29346.767411518864,27782.889695517028, 57129.65710703589, 7.257389234494595e-06
                            1.7095190405092575,                            0.3444255268057835,                                        1.943456983315987e-05,                                          0.20493793986897174,                                      0.6155542859588461,29344.658784552397, 51462.48494913748, 80807.14373368988, 8.810800347035958e-07
                            1.7122301980533392,                            0.3455394172323383,                                         4.24969108123553e-05,                                        2.341894999652383e-05,                                      0.7556949630170233, 29349.42798081496, 66234.47885761087, 95583.90683842583,0.00010381281801027122
                            1.7092699781263678,                           0.34336866388738063,                                        9.717268052043322e-05,                                        9.380868350932429e-06,                                      0.5468724708608454, 29351.47833738094,116893.81023151844,146245.28856889938, 0.0008066952926947237
                             1.707795704566296,                            0.3407986079644993,                                       0.00030933797325447487,                                       0.00010002804513583791,                                      0.7629833847019326, 29351.80331120925, 13232.84068787302, 42584.64399908227, 0.0011164617869820032
                            1.7095981251711676,                           0.34353212642497927,                                       0.00012186857239352631,                                          0.22886973599366797,                                     0.12472259296368082, 29351.50924518191, 8212.841194510698, 37564.35043969261, 0.0008320177856992368
                            1.7116334710693373,                            0.3436598606922644,                                        0.0018520313817245997,                                          0.02823271101583508,                                      0.1422881100974288,29349.658670823766, 578.2774151565934, 29927.93608598036,0.00013074900062214732
                            1.7083416757255416,                           0.34050348480190273,                                          0.02192715213880041,                                         0.001257754864133483,                                      0.8292481268438203,29351.578813377153, 843.6098728363628,30195.188686213514, 0.0008919606460931545
                            1.7102524855928325,                             0.344443303609989,                                       0.00032318151069118836,                                          0.23290768948749233,                                      0.1992499178593951,29351.840237035027, 3101.433199928372,32453.273436963398, 0.0011584586734258604
                            1.7099338718073995,                            0.3417131518266335,                                        0.0006218861931502147,                                          0.04425019603238066,                                     0.42143205146600615,29351.351839401334,1633.5364594099844, 30984.88829881132, 0.0007108404746567426
                            1.7166599681709618,                           0.34658402768127317,                                       0.00016945872811059446,                                          0.27108738080584294,                                     0.22644311848443854,29348.854512888603,5907.7160460940695,35256.570558982676, 5.850554431296685e-05
                             1.711077980445416,                             0.344013864294182,                                          0.07494588484736411,                                          0.44088403441196905,                                       0.661092329754473, 29351.47798735602, 18.51799047527105,29369.995977831288, 0.0008064129786489957
                             1.710704965207416,                            0.3444508299194986,                                        9.581791773600834e-06,                                        0.0003968761955550996,                                      0.3031298542553763, 29352.12092989654,106887.19463352373,136239.31556342027, 0.0015338535872051963
                             1.712556058029471,                            0.3440745753949094,                                          0.12455276465947877,                                         0.003620722545017268,                                      0.3401979030731611,29348.025120559687,287.12303985697105, 29635.14816041666,2.5526808034503707e-05
                             1.711428843888434,                            0.3446160404476863,                                         0.012836018297694107,                                           0.2098637933406446,                                      0.6633170830928105,29350.705472047935, 85.57255417552142,29436.278026223456, 0.0003724417626283381
                            1.7121860588386895,                           0.34510436103830033,                                          0.05081548571336071,                                          0.08954335493258639,                                     0.13983293003365344,29351.212958510852,33.744489209535104,29384.957447720386, 0.0006186669895479034
                             1.711810954586563,                           0.34357496185123215,                                        9.044466916994107e-05,                                       0.00027350574039113784,                                     0.41442252732128637,29348.470926762915, 14715.62454818736, 44064.09547495027, 3.986646118605369e-05
                            1.7187879360899483,                           0.34856714473979733,                                        7.512440658216668e-05,                                         0.035435488991447626,                                      0.7521712348933484,29345.506086040892,13342.342417127405,42687.848503168294,2.0558608731794125e-06
                            1.7100302754182084,                            0.3414125264109702,                                       0.00016915852846462713,                                        2.060511919873339e-06,                                      0.5151944839744691, 29350.04536313962,491230.83323058084,520580.87859372044,0.00019247605864995018
                            1.7093614401191723,                             0.341344921861429,                                          0.03567696499529417,                                            0.578389432580012,                                     0.45405220912441024, 29351.78867935646, 32.68781700788978, 29384.47649636435,  0.001100244813977394
                            1.7220597386261625,                           0.35431567433878003,                                         1.58583345235305e-05,                                           0.3616293261734198,                                      0.7784647088032215, 29348.50719003989, 63063.91182607364, 92412.41901611353, 4.133868215807758e-05
                            1.7095560179442404,                            0.3426044561135033,                                        4.724077511726801e-05,                                         0.001790253375309913,                                     0.05700151520901042,29352.830773011563, 21729.65290998819, 51082.48368299975,  0.003119355370032166
                            1.7119551809785878,                             0.345776711218971,                                        3.190086689419018e-05,                                           1.4762614473796558,                                     0.30674043055221695,29352.229514559273, 31350.67993978621,60702.909454345485, 0.0017097854862609945
                            1.7104684381162443,                            0.3441138547844889,                                         0.001975368701469274,                                       2.2831979368523614e-06,                                     0.27729020006497707,29351.554802886072, 438491.3163506859,  467842.871153572, 0.0008707992967734358
                            1.7097838373044716,                           0.34397709887821903,                                       2.3704348952737562e-06,                                         4.41016345536051e-06,                                      0.2595435050370475,29351.476319261645, 648615.3886667796, 677966.8649860412,  0.000805068927010658
                            1.7091088905171856,                             0.342047746257213,                                         0.002691322126429711,                                         6.37725744250191e-05,                                      0.1393520983776304,29352.817071219066,16055.209988450308, 45408.02705966937, 0.0030769060897558776
                            1.7181087562888961,                            0.3497198971991451,                                         0.012770564384575286,                                       2.4168491810223924e-05,                                     0.45122872114323714,29350.830694487195, 41457.34998974524, 70808.18068423244, 0.0004221256940640224
                             1.720594529747208,                             0.352363663954992,                                        8.269922616054607e-06,                                           0.8399403603685086,                                      0.6893321156521299,29349.384139687892,120924.14429059111,  150273.528430279, 9.935987137174792e-05
                            1.7217930943114497,                             0.353102317246834,                                        0.0011982848108163017,                                          0.20338611755859315,                                      0.7473343551490557,29349.192146730205, 842.2749385883831, 30191.46708531859,  8.20029617840412e-05
                            1.7078055213524468,                           0.34060137580349537,                                        9.310197959725142e-05,                                        0.0006780901734548406,                                     0.24863014820932722,29351.850302371495,12218.576274546185, 41570.42657691768, 0.0011975969900850137
                            1.7109273786871801,                            0.3442070553355412,                                        8.156694751686884e-05,                                       0.00010556287013620346,                                     0.28625218411460684,29352.079548865215,21735.800876246598, 51087.88042511181,  0.001506160254716862
                             1.718211781764421,                            0.3491385050188629,                                         0.017396209105875377,                                       0.00029634861840096736,                                      0.3379696830076536,29351.868291055598, 3434.752104788465, 32786.62039584406,  0.001219335117992146
                            1.7088054403946367,                           0.34223435206245173,                                       0.00016933389557785653,                                        9.371448769973078e-05,                                      0.9213094249756111,29351.243667450435,16579.122885518264,  45930.3665529687,  0.000652908762343082
                            1.7109346693572327,                            0.3450595802977159,                                        8.454506733363241e-06,                                        0.0004051678839886433,                                       0.978061591982708, 29351.80216142613,120751.12235647054,150102.92451789667, 0.0011413092809632224
                             1.710504167283554,                            0.3451012494469586,                                        0.0007289186523682362,                                           0.9683962460576123,                                      0.5227499333871636,29352.487193642814,1375.8255349506255, 30728.31272859344,  0.002264170150088735
                            1.7108735530842059,                            0.3444887980175784,                                          0.10787692892109674,                                         0.026171323133160642,                                     0.36943261097069946,29351.424369049662, 50.38243559349759, 29401.80680464316, 0.0007822223209112229
                            1.7085255046965286,                            0.3416702199319419,                                        0.0008173938198258717,                                       0.00019195240199822213,                                      0.6974634634040637,29352.170893504634, 6435.952121137269,35788.123014641904,  0.001650219276563741
                            1.7180865557819958,                            0.3492958800760573,                                          0.04303566072789937,                                        0.0003084699951715008,                                      0.4311490144063841,29352.252822096267,3267.9058310360892,32620.158653132356, 0.0017911121962754242
                            1.7077763052059254,                              0.34082706100513,                                       0.00042418253158495655,                                       1.6485280458928344e-05,                                     0.40470788486443954,29351.958876339268,63020.584862240896, 92372.54373858016,  0.001334946222946645
                            1.7076298442277251,                           0.34039279259394595,                                        0.0019244835367260152,                                        0.0014771227162047832,                                       0.905418870303651, 29351.85426618169,1199.5495349026396, 30551.40380108433, 0.0012023534578842019
                            1.7117460285342603,                            0.3444919369159514,                                        5.220129565803493e-05,                                        9.232278332444969e-05,                                      0.9673352542863329,29351.263590364822, 29991.07798555203, 59342.34157591686, 0.0006660470496337609
                            1.7186790762774322,                            0.3506711336427787,                                         0.001971397114853773,                                           0.0350605960675464,                                      0.5613541746140258,29351.510970838048, 538.6281932703248,29890.139164108372, 0.0008529839969101081
                            1.7084593436369586,                           0.34155015159263263,                                       0.00018646725671444715,                                         0.021777386206523173,                                      0.9506270775000586,29352.168077487106, 5411.718860081818,34763.886937568925, 0.0016455787671005584
                            1.7115708646030936,                           0.34407885636140145,                                        0.0003207109553895967,                                       0.00016764925186365585,                                      0.8889075994736766, 29351.32522873472, 9085.813030902576,  38437.1382596373, 0.0007083927581560445
                            1.7101639782705895,                            0.3427047543667148,                                          0.03763407287895431,                                       1.0289469524258146e-05,                                      0.7104811116987685, 29352.09945882833, 97216.22968830088, 126568.3291471292, 0.0015364483669022156
                            1.7081812488750259,                             0.340355824843079,                                          6.5794970450494e-06,                                       2.5279513577580668e-06,                                      0.8291845585268477, 29351.75542615164,  547567.471143991, 576919.2265701427,  0.001089197101817377
                            1.7094488728404902,                            0.3419396832459103,                                         0.026359356593934194,                                          0.06882754419351227,                                      0.6022880893578721,29351.523328332925,55.390752429055986, 29406.91408076198, 0.0008635901399923087
                            1.7179075996843054,                           0.34894893135564836,                                        5.598913534613657e-06,                                            1.245107403972911,                                     0.30945244280691775, 29352.25511186989,178609.74912884197,207962.00424071186, 0.0017952181367823245
                             1.710379393691336,                            0.3444710353572535,                                        0.0004051216562028806,                                        1.537234412872898e-06,                                      0.5844238239907231,29351.512137525795, 652990.1717657013, 682341.6839032271,  0.000853979743637643
                            1.7084573074051714,                            0.3409143114576299,                                       1.3822168313917136e-05,                                          0.00244751944722931,                                      0.8607585151629252,29352.178919708007,  72759.0592708699, 102111.2381905779,  0.001663517568094879
                             1.711336521363462,                           0.34439294420192795,                                          0.06609624734250634,                                          0.00682131282996025,                                      0.6549375739096482,29352.365391066418,164.63245796811972, 29516.99784903454, 0.0020045222153026662
                             1.707503042897539,                            0.3393165366837793,                                        0.0011472291561306068,                                       0.00013929983436076384,                                      0.5836996476561075,29352.271242781277, 8053.371967934526,  37405.6432107158, 0.0018244114659477124
                            1.7095483248162968,                            0.3422000709754563,                                       2.0347601001691314e-06,                                        7.612563438936124e-06,                                      0.8351798609884147, 29351.13379233762,  622823.145452713, 652174.2792450506, 0.0005849710073615302
                            1.7108156934534924,                           0.34413889328842867,                                         0.003920878700003188,                                        0.0007898595612165711,                                     0.25156145373302136, 29351.41252992449,1523.9985248359824,30875.411054760472, 0.0007730160972916338
                             1.719891111498102,                            0.3520017522733962,                                        1.480193023184883e-05,                                         0.011951981381925691,                                       0.845610369172697,29352.078570162965, 67645.26551283723,  96997.3440830002, 0.0015046868933953441
                             1.709466270779609,                            0.3419454701659328,                                        8.262694378700748e-06,                                         0.004065942746427793,                                      0.9633202594082868,29351.126258055876,121274.76700667966,150625.89326473553, 0.0005805802324183157
                            1.7196774784049784,                            0.3519487670319026,                                        0.0025032366367625826,                                          0.12077983920212959,                                      0.5899821408444805,29351.920888403973,410.60365784275535, 29762.52454624673, 0.0012851855095151366
                            1.7203044064630748,                            0.3526666578828012,                                        0.0009694167494601966,                                          0.13009639465831005,                                       0.706457799943411,29352.185233431475,1042.0702407120311,30394.255474143505, 0.0016740537843820719
                            1.7111243232876623,                           0.34496272279745405,                                        0.0019447867902804299,                                         0.005532777967172966,                                      0.8358890319431262,  29351.5197365644, 697.8350792609475, 30049.35481582535, 0.0008604938879491675
                            1.7111751801643404,                           0.34461055334666557,                                       0.00046204611492417524,                                        3.399222944880248e-05,                                     0.20011794843816955, 29351.24568640285,31585.676133433888, 60936.92181983674, 0.0006542282856446206
                            1.7085534746728221,                            0.3406622595029204,                                       4.5449504039825575e-05,                                         0.000705862835905755,                                      0.8095168238051476, 29351.74648401265,23422.081611457375,52773.828095470024,  0.001079500767537887
                            1.7123306370731664,                             0.345097668184286,                                          0.08070517400688663,                                         0.002482035548395081,                                      0.7674527540517602, 29351.25576686198, 418.1836256193223,29769.439392481305, 0.0006608565590320533
                            1.7088614735048786,                            0.3413666679363579,                                         0.026160698869967036,                                          0.19329864512092085,                                      0.3312429688346691,29352.126066520876, 46.32802191586362,29398.454088436738, 0.0015778784478515898
                            1.7100861722724616,                            0.3442320013352542,                                        0.0015636282674982242,                                       1.8828089787176344e-06,                                      0.5684190194768176,29351.767446705286, 531763.7684790399, 561115.5359257451,  0.001102368861327013
                            1.7190529633812581,                           0.35134168548448064,                                        0.0008653939313180543,                                           0.6314156423312748,                                      0.7007783690034339,29351.256111209685,1159.9730910264605,30511.229202236143, 0.0006610841626556447
                            1.7086807536333226,                           0.34210847907066516,                                        2.811373560351749e-06,                                       1.3267144774010396e-06,                                      0.8015929598597309, 29350.80388641094,1109442.6205806525,1138793.4244670635, 0.0004205891049145723
                             1.711637672542647,                           0.34437524876045683,                                       1.8503611243589388e-06,                                        0.0009954094565033354,                                       0.779982607473156, 29351.20560699456, 541442.5618690539, 570793.7674760484, 0.0006285257155088061
                            1.7113380276462569,                            0.3438277180127679,                                       1.3847822970638795e-06,                                         0.002742717396271755,                                     0.48393252195184705, 29351.19953174764, 722502.6807016275, 751853.8802333751, 0.0006247188421471634
                            1.7079079631355698,                            0.3414387495045598,                                          0.13445160563583455,                                         0.022773115959023902,                                      0.6274867018503074,29349.565684342022, 54.27782951452839, 29403.84351385655,0.00012193087555421666
                            1.7081010706050537,                           0.34129495710775243,                                       4.3238091061361815e-06,                                          0.15526274280201297,                                      0.7468851241197483, 29352.12910863982,231286.92609281128, 260639.0552014511, 0.0015826858504068091
                            1.7101067578190212,                           0.34256811658473196,                                        7.879094257644188e-06,                                            1.360060535145573,                                      0.6520381987402097, 29351.66343851049,126921.79590364499, 156273.4593421555,  0.000993474563564556
                            1.7107955446470613,                            0.3441540171444023,                                        0.0014520999257708158,                                       0.00042816375174873077,                                     0.21838968352232174, 29352.01288501087,3027.1185374587044,32379.131422469574, 0.0014090274014982316
                            1.7106232020769971,                            0.3432396688408867,                                        5.099743449902071e-06,                                          0.13065198149844048,                                       0.922406372440318, 29351.92133820461,196098.86272413374,225450.78406233835, 0.0012857637168069156
                            1.7120619603268483,                           0.34598876983983473,                                        0.0007771107609400466,                                          0.15915501780491484,                                      0.5612977614535234,29351.833903458937, 1295.991301373208,30647.825204832145, 0.0011781178566011334
                            1.7203262415438927,                           0.35212261758439684,                                       0.00021872581994304656,                                         0.015362647156290122,                                      0.8128139269405514,29348.817764651234, 4639.866809441033,33988.684574092265, 5.771600970306757e-05
                            1.7095944063041435,                           0.34235626455005447,                                       0.00047383982366451234,                                          0.01192381511382006,                                     0.33796740984816537,29351.765527358584,2197.2045130005054, 31548.97004035909, 0.0011002550624945472
                            1.7107475399279282,                           0.34332657305676395,                                        6.076872309881071e-05,                                         0.002857269037326346,                                      0.8488211611203054,29351.393179759707,16808.730898041784, 46160.12407780149, 0.0007582018992502962
                            1.7087855782920027,                           0.34110542955555717,                                         0.059579448838993306,                                        0.0015813664520850032,                                      0.5211035256985629, 29351.62123540091, 652.0804522844836,30003.701687685396, 0.0009524192716441777
                            1.7086343223655966,                           0.34097183597790737,                                       1.0864137458664285e-05,                                        0.0030213342593687184,                                     0.25822173887366506,29351.632743586786, 92379.87589392805,121731.50863751484, 0.0009634432006997262
                            1.7111466535858766,                           0.34363689226859273,                                       1.7326266652921874e-05,                                        0.0005418562273583924,                                     0.22329576044910882,29351.106701399913,59564.256085206835, 88915.36278660674,  0.000569336329486768
                            1.7094532672323792,                           0.34196584132622626,                                        3.423693969808484e-05,                                        1.142597453013054e-06,                                     0.21758531103059658, 29352.11749366806, 904410.0125426295, 933762.1300362976, 0.0015644093449695418
                            1.7109312110705852,                           0.34331035550027594,                                         0.011665959848476602,                                          0.04322756694279009,                                      0.3139764284072057,29349.008203345456,111.76568146718073,29460.773884812636, 6.982368604157586e-05
                            1.7111928000466432,                           0.34412323270468764,                                        8.385361513505994e-05,                                       1.5013718742858647e-06,                                      0.7952494394134022,29350.244774554598,  677985.952105284, 707336.1968798386,0.00024045777512276122
                            1.7095004578771713,                              0.34198864934512,                                         0.016306678401711065,                                        0.0004097457220147182,                                      0.7801668772630399,29351.071153593904,2504.7866291404885,31855.857782734394, 0.0005494531672202209
                            1.7087780723498605,                            0.3411567271668151,                                         9.51053146464859e-06,                                       1.7402200115043816e-06,                                      0.4469809293067094,29351.684620234744, 679789.5104371425, 709141.1950573772, 0.0010147425186245369
                            1.7097611711943985,                           0.34206265260264895,                                          0.17673602184559647,                                         0.003705729449745502,                                     0.38214487761183147,29352.021171305507,278.43400099009415,29630.455172295602,  0.001420751525386312
                            1.7089554832388787,                           0.34226557363599697,                                        0.0016109952436558375,                                        0.0014575075131833964,                                      0.2916902006022397,29351.102154024164, 1309.758814517296, 30660.86096854146, 0.0005667532209029049
                            1.7091258260653395,                           0.34098292293770494,                                       0.00011757560376513713,                                         0.009768338096279945,                                      0.4265402223200289, 29351.50682175883, 8610.470022701831, 37961.97684446066, 0.0008494522305915138
                            1.7110083178542956,                            0.3441965784756144,                                          0.16190659406366287,                                         0.010672540377672944,                                      0.5957011385099852,29351.169907269163,102.78012119692659, 29453.95002846609, 0.0006064833148668282
                            1.7095806691056326,                            0.3436752369008619,                                        0.0002498474850006937,                                        6.051636266517419e-06,                                      0.5524489387548448,29351.448638470945,169249.91605693873,198601.36469540966, 0.0008014386452905847
                            1.7117922882859458,                            0.3447301392243826,                                         5.03902382498963e-05,                                         0.000399854475264427,                                       0.925433466684362,29351.267872701897,  22348.9242327428,  51700.1921054447, 0.0006689054034572288
                            1.7096530306478965,                            0.3428966356959855,                                        0.0010847596186725726,                                        8.981896156565042e-06,                                      0.7783107553788445,29351.524975593304,112259.84539989661,141611.37037548993, 0.0008650138701182509
                            1.7210048815238363,                            0.3527250232237501,                                       3.5866473273092786e-05,                                          0.06179037640368425,                                      0.8188539811014883,29348.428117842857,27900.210047530898,57248.638165373755, 3.909082525219899e-05
                              1.71031892099479,                           0.34293143513587393,                                           0.2517430622997466,                                         0.008674517716860966,                                      0.7025519138441221,29352.337625971657,122.16852308082743,29474.506149052486, 0.0019496320081412557
                             1.710643748919483,                            0.3430596634367108,                                        0.0001359404275307738,                                          4.3665501776584e-06,                                      0.7044846291482749, 29349.63929832179,236372.82132075925,265722.46061908104,0.00013124532346666924
                            1.7107429238455016,                           0.34412171837716826,                                        0.0013297017382656897,                                         0.005003421371769841,                                      0.8820794874311135,29351.724865154814, 954.8175385490691,30306.542403703883,  0.001056413651638817
                            1.7092086867139247,                            0.3427654608738067,                                        0.0005158727624655871,                                         0.006368620885503582,                                      0.6356583704397384, 29351.19610834006,2098.3998037897045,31449.595912129764, 0.0006225838315189841
                            1.7109649902562398,                            0.3432346883738255,                                         0.056109822464019556,                                        0.0013318365482797767,                                       0.704109263851806,29349.892177806276, 771.5785377322281,30121.470715538504,0.00016900828790765345
                             1.709018227042355,                           0.34131920142207534,                                        0.0022353320242849365,                                          0.03818943538759706,                                      0.8661638374605103,29351.659169045677,476.47589568223145,29828.135064727907, 0.0009892420006897592
                            1.7113921419992828,                           0.34498765882776056,                                         0.000451110714099735,                                         0.008151407570440241,                                      0.5731186654519254,29351.460285410958,2342.3275727855944,31693.787858196552, 0.0008108275228287555
                            1.7080524526455614,                           0.34121977900903766,                                         0.017537678693626567,                                            2.269053017926357,                                     0.32783705168588184,29351.838865627036,60.391463958576296, 29412.23032958561, 0.0011839784039313023
                              1.70998482942113,                            0.3441219207105569,                                       0.00011375767122462787,                                          0.06669779970814455,                                      0.8381078002365194,29351.739341731038, 8808.514903045341, 38160.25424477638,  0.001071818137469665
                            1.7110103681913758,                           0.34390386132479844,                                        0.0019343822729863693,                                        0.0007226195395893403,                                       0.691740128173632,29351.469479888176,1903.7227715479135, 31255.19225143609, 0.0008183170363328391
                             1.708443324191661,                           0.34093737543275054,                                        0.0013488372974433658,                                       1.4160374246524389e-06,                                      0.7426994585527236,29352.071362888895, 706940.3369699764, 736292.4083328653,  0.001493881189176717
                             1.711457663661712,                           0.34436441346499047,                                        0.0022423576645640153,                                         8.27257575946488e-05,                                      0.9944802565647315,29350.940529262603, 12536.99656659048,41887.937095853085, 0.0004821711870841221
                            1.7115355369158956,                            0.3443930254481233,                                         0.041307047880134375,                                         0.007389861976373941,                                     0.27768107902608896,29351.150088426268,162.43312773716144,29513.583216163428, 0.0005945818435848079
                            1.7079295595300845,                            0.3401558780069737,                                        5.395400818059597e-05,                                       2.0122319399072027e-06,                                      0.5488679809759869,29351.154214805378,515497.84789927694, 544849.0021140823, 0.0005970403826269409
                            1.7207403778201116,                           0.35171787363233176,                                          0.02332848139267163,                                         0.004598960898295104,                                      0.5271441124386477,29348.078982540348,263.14966666023594,29611.228649200584,2.7570668956416898e-05
                            1.7080903362037547,                           0.34065494100667415,                                         0.002705713442064404,                                          0.35656532874741265,                                      0.6330905369169842,29351.583237862887, 375.3283453570837, 29726.91158321997, 0.0009169086153704543
                            1.7083884227768829,                            0.3407932375246355,                                       3.1402508084554713e-06,                                       2.5224524425559244e-05,                                     0.31372955965562527,29351.617300142825, 358092.7944663134, 387444.4117664562, 0.0009486786210442022
                            1.7086643575942309,                           0.34214965900866384,                                          0.00485140761999972,                                         0.004459409471694797,                                      0.6047005886052311,29350.779509059634,433.29337847062413, 29784.07288753026,0.00041046021588197785
                            1.7084552865506277,                            0.3422644950343094,                                         0.019059993319692832,                                       0.00021375509680165693,                                      0.5346444960790079,29350.587937893393, 4733.638654246359, 34084.22659213975, 0.0003389009364154332
                            1.7080901963118182,                            0.3401199920753924,                                       1.1789452270864692e-05,                                        0.0033473895553964524,                                      0.5216498077344857, 29352.08650006239, 85123.26302481268,114475.34952487507,  0.001516666344269617
                            1.7103377290450084,                           0.34231626266912896,                                        5.410135522687556e-06,                                       1.0044224299531802e-06,                                     0.34306097197984364, 29349.16157768029,1180438.2163721267, 1209787.377949807,  8.13977497769433e-05
                            1.7097139583386598,                           0.34232587966398215,                                       0.00014452389531574182,                                           0.4573469743017128,                                     0.34174589480433026,  29351.9379731812,6924.3787329651395, 36276.31670614634, 0.0013073312565454545
                             1.709252295954831,                             0.341670421351204,                                        0.0013085885438932875,                                        5.416719737562827e-06,                                      0.5509154945728524, 29351.22646867067, 185380.6847680346, 214731.9112367053, 0.0006417755416683542
                             1.710974988970343,                            0.3436451631750151,                                       0.00042038393733839205,                                          0.02016586307782084,                                       0.593397016284931, 29350.18139173375, 2431.276584479108,31781.457976212856,0.00022568984333230105
                            1.7108484158006703,                           0.34488430664106356,                                        0.0006447516766668685,                                          0.16286931896482915,                                      0.8786798082584251, 29351.84499853624,1560.0241368932602,  30911.8691354295,  0.001191261947807314
                            1.7087967702585074,                             0.342222511259931,                                        6.612893598418876e-05,                                       3.7517858116117404e-06,                                     0.49907306797152345,29351.242118320282,281664.63137543225,311015.87349375256, 0.0006518981047144929
                             1.711537091086083,                            0.3445676994706154,                                       1.2669957879660855e-06,                                        7.777685378025553e-05,                                      0.2525724557330887,29351.109983151102, 802128.8042813119,  831479.914264463, 0.0005712078188647209
                             1.707627040259171,                            0.3396663888472345,                                        0.0017119177613091094,                                        0.0002860536731667309,                                      0.7654229592134687,29351.568509736706,4082.9317112233293,33434.500220960035, 0.0009035032300110809
                            1.7114690295070218,                            0.3442064059902256,                                        4.851177128411306e-06,                                         0.009786663600118307,                                      0.9364767424888558,29351.131514882767,206240.62159763143,235591.75311251418, 0.0005836402782152353
                            1.7074205042566741,                           0.34036798543974267,                                        0.0034085306945651015,                                       3.0260048591802857e-06,                                       0.645090493567172,29350.762535048576, 330765.0552295634,  360115.817764612,0.00040355185678786373
                            1.7173949047780743,                           0.34896965435043953,                                         0.012992622399704072,                                       0.00040907675373457716,                                      0.4989159631544622,29345.260611180507,2524.3613648210667,31869.621976001574, 1.646054362633015e-06
                            1.7097810355805567,                            0.3424991220960702,                                        0.0001887300913408425,                                            4.067534656268532,                                     0.23190882947845665, 29351.05571138433, 5301.737683705324,34652.793395089655, 0.0005410335721493039
                            1.7093106866188053,                           0.34259208460468377,                                        0.0011752616887131307,                                        7.283480236320232e-05,                                       0.407146515682626,29351.560185806517,14583.493443713247, 43935.05362951977, 0.0008960137464120334
                            1.7098932884729579,                           0.34205301849428543,                                           0.1859923773694183,                                        0.0013673079063207718,                                     0.36990879466837784, 29350.77820360838,  739.664249011058,30090.442452619438, 0.0004099247296805253
                              1.70764545418613,                           0.34014764464406655,                                          0.02023290653434319,                                        1.845831568855222e-05,                                      0.4748840496474758, 29351.53355356565, 54228.48835918462, 83580.02191275026,  0.000872465850922735
                            1.7085020892306948,                            0.3410097461918085,                                         0.020290238548096064,                                        1.605321497430372e-06,                                      0.7308597713694451, 29352.08427129024, 622980.3980544064, 652332.4823256966, 0.0015132898047306026
                            1.7078402517662732,                           0.34062196528372524,                                       0.00019566649075501634,                                        0.0003351948855455218,                                      0.7948387842637972,29351.960936234045, 8097.012014678809, 37448.97295091285,  0.001337698905844933
                            1.7088797267570741,                            0.3424434435555492,                                          0.01134844083808377,                                        3.053755047882879e-05,                                      0.4871759321833023,29351.219701327223, 32837.60689600878,   62188.826597336, 0.0006374470887455634
                            1.7081318690248246,                           0.34126712783193863,                                       3.3959958633517348e-06,                                         1.87023820790589e-05,                                      0.9651179387834115,29352.001359985356,347936.48904698226, 377288.4904069676, 0.0013928815441693644
                             1.721380388925873,                           0.35273827070002395,                                        0.0002881012099236262,                                          0.09204508339143978,                                      0.7608344056495132, 29344.56547977118,3484.7016354256257,  32829.2671151968, 8.213957262321196e-07
                            1.7119126981907944,                            0.3446517683633199,                                       1.6425240766384768e-05,                                        0.0009515938114185254,                                      0.3242440668480838,29351.103721995154,61935.678189581886, 91286.78191157704, 0.0005676425705670459
                             1.709986751469905,                           0.34367475404323033,                                        0.0007934836473252157,                                         1.85437258002662e-05,                                      0.5891256078314879, 29351.61019677431,55189.770629397935, 84541.38082617224, 0.0009419636847639906
                            1.7115035504514036,                           0.34408997875173947,                                        7.832682417292643e-05,                                        0.0014565433978358314,                                      0.6473599174281681,29351.216111945385,13456.481502230272, 42807.69761417566, 0.0006351631491599509
                            1.7097152130620141,                           0.34323900656929746,                                       0.00031285369990160887,                                        6.037576217926076e-05,                                     0.33181319326488345,29351.794863169613, 19762.23353551395,49114.028398683564, 0.0011330100349156266
                            1.7077194931369364,                           0.33947513502766674,                                        0.0001641723555715271,                                         0.007147651261038969,                                      0.3978341887287833,29352.150819540635, 6234.011302193113,35586.162121733745, 0.0016174231100480854
                            1.7096979590418075,                            0.3422927148235376,                                        0.0004966080783099343,                                           0.7801264039547124,                                      0.6688964880783528, 29351.93724451986, 2017.863676172478,31369.800920692338, 0.0013063790017780353
                            1.7114128247202247,                           0.34479319274045767,                                        0.0029786921536796005,                                         0.008355009047927192,                                      0.7064030546192943, 29350.87747215163,458.30677657779347,29809.184248729423,   0.00045270563411635
                            1.7079306164008239,                            0.3409916936714211,                                       1.5857954077870172e-05,                                          0.03986700718698184,                                      0.5988960473593162,29352.046797623214, 63087.85306443645, 92439.89986205967, 0.0014576306755536574
                             1.709397935662416,                            0.3428474975929639,                                       0.00040688852104158645,                                            0.585316856371517,                                       0.727464449214015,29351.660605806937,2462.3008494301507,31813.961455237088, 0.0009906643268002317
                            1.7117022841442922,                           0.34513624761063866,                                        0.0013763774043568388,                                        0.0001599789611691388,                                      0.8210444768108236, 29351.20574304474, 6980.264255795944, 36331.46999884068,  0.000628611232361054
                            1.7109613894976592,                            0.3434192339519658,                                        2.319905457355277e-05,                                          0.30726407002770184,                                      0.8213636791931884,29349.585539713284, 43111.37128447852,  72460.9568241918, 0.0001243760529785459
                            1.7079383139654614,                            0.3403215458794216,                                       0.00027457272451768337,                                        3.262779775528529e-06,                                      0.5376673132661665, 29351.42125949274,310132.08792279696, 339483.5091822897, 0.0007797937339509795
                            1.7098787087007454,                           0.34178088680181395,                                       3.9204339773267274e-05,                                        9.297918987649021e-06,                                     0.34178722458703975,29350.511940361386,133061.25388235567,162411.76582271705, 0.0003140996554827616
                            1.7095460469812827,                           0.34301966358994024,                                        0.0006955589900170278,                                       0.00029806952875477134,                                      0.8767958943234169,  29351.6956324696, 4795.529800763235, 34147.22543323284,  0.001025978856602704
                            1.7106598275438154,                           0.34289852467633863,                                          0.05070036806900745,                                        0.0016697711350635515,                                     0.20633018634881872,29349.053210324884, 621.5245066199411,29970.577716944827, 7.303803064289426e-05
                             1.711331531895758,                            0.3439605276372296,                                          0.00234989077043057,                                         0.034212691266181566,                                      0.3052478926132147,29350.826971098784,457.68792469702754, 29808.51489579581, 0.0004304112070109111
                            1.7080805593745383,                           0.34030111718201794,                                        0.0017319403182155244,                                        0.0005934050958583197,                                      0.7545197845029686,29351.530167391902, 2265.515113286248, 31617.04528067815, 0.0008695165262445993
                            1.7129281331331545,                           0.34568131207659747,                                           0.2565026631365619,                                        0.0004250466967666291,                                      0.5998963451075697,29349.491703461914,2359.4741089589083, 31708.96581242082, 0.0001132359177702905
                            1.7105717527252184,                            0.3427029872589789,                                         0.000203148010935587,                                        7.307471467835343e-05,                                      0.7280700911063506,29349.057125847223,18610.061334338443,47959.118460185666, 7.332457329943347e-05
                            1.7105654160552386,                            0.3429635292937055,                                         0.017752217855317293,                                         0.007371315789332148,                                     0.34311869087100605,29350.208593420226,194.90774188638554, 29545.11633530661,0.00023191324749957716
                            1.7103500291505642,                           0.34436052623528546,                                        0.0001544679132593212,                                        0.0035220935571322926,                                      0.9519053144009681,29351.530777348857, 6760.662380062526,36112.193157411384, 0.0008700470556805127
                            1.7099100900206965,                             0.342158655528226,                                          0.08696884943893825,                                        0.0002899203949678038,                                      0.8119874674923225,29351.014407514893, 3463.643664758369, 32814.65807227326, 0.0005191420074678564
                            1.7076447171889848,                           0.34048611863002737,                                        0.0008663299835588781,                                       2.7514347654638704e-05,                                      0.4172528873735635, 29351.82175648765, 37501.90570362485,  66853.7274601125, 0.0011638938569763582
                            1.7097303969663127,                           0.34332806349900646,                                       0.00028142337684303106,                                        0.0028548092411747944,                                      0.5903732449820013, 29351.56879660102,3906.5638478075266, 33258.13264440854, 0.0009037624500233747
                             1.711609412134936,                           0.34472213405055935,                                          0.22015217926173883,                                        0.0002642135237687075,                                      0.6093352825025923,29350.716267853597, 3792.260818878289, 33142.97708673189, 0.0003853059915707272
                            1.7092575074023109,                             0.341623519305953,                                        0.0004544812371125052,                                        0.0052220922143832345,                                     0.35444640944281247, 29351.03933828258,2394.7321841933112, 31745.77152247589, 0.0005322472999683444
                            1.7093602559857843,                           0.34304987577649626,                                        0.0011295761697544177,                                       2.1737921525129414e-05,                                      0.5489445325211354, 29351.19599475951, 46890.76102111085, 76241.95701587036, 0.0006225131221203296
                            1.7098865113074957,                            0.3434410956598351,                                         0.004384936733153883,                                        0.0002500651565295826,                                      0.8871375560674504,29351.812758660497, 4229.922936015303,  33581.7356946758, 0.0011534683151761425
                             1.709100506679882,                            0.3424443552997958,                                       1.0044784237019814e-05,                                        5.726221739962911e-05,                                     0.32255441166716403,29351.231234667917, 117020.5966146728, 146371.8278493407, 0.0006448415426061093
                            1.7105491695414934,                           0.34282466012692425,                                       0.00010479710128664748,                                          0.31419118895263964,                                      0.9011841595685134,  29348.8116570574, 9548.348384909483, 38897.16004196688,5.7364578051328465e-05
                             1.710978685001461,                            0.3435419147270029,                                       3.2821672115337174e-06,                                         8.71167220832196e-05,                                     0.19502457162816467,29349.684468088297,316158.50144541054,345508.18591349886,0.00013730957341716234
                            1.7114857857592136,                            0.3438357328959585,                                         0.040641158751551505,                                        0.0022530840794301827,                                      0.6473208426775771, 29350.58307480319,471.35004065131363,29821.933115454503, 0.0003372568315474538
                            1.7111829028114125,                            0.3445151915916259,                                        0.0023191696140880858,                                          0.03852903488374617,                                      0.6576662107601348,29351.171801361306,460.04589797069616,29811.217699332003, 0.0006076331387411859
                             1.710743537811713,                           0.34340620878414707,                                         0.004420004003707413,                                       0.00041832677426572787,                                      0.7413536140805215,29351.815485559724, 2619.631869608318,31971.447355168042, 0.0011566179995174616
                            1.7103699161442119,                           0.34266832901965083,                                        7.858528536540066e-05,                                           0.1460049248134828,                                     0.24587399339674054,29350.192715041925,12734.795909286684, 42084.98862432861, 0.0002282599224185681
                            1.7109768831487546,                            0.3445058589399782,                                         0.007669325430663178,                                          0.03719122298173553,                                      0.6444480438708255,29351.653347362102,160.18033680968335,29511.833684171786, 0.0009834996779936793
                            1.7094693484224726,                            0.3432433588290224,                                         0.004012290639056045,                                       1.2655694843961262e-06,                                       0.726359672866163,29351.200534893236, 790410.2640016176, 819761.4645365108, 0.0006253458405356393
                            1.7075655429564822,                           0.34042088643547075,                                        0.0019121529042020983,                                       1.7653943481897986e-06,                                      0.7344292290813292,29351.792524204244, 566971.5871209402, 596323.3796451445, 0.0011303630604789323
                            1.7193468653811133,                           0.35025319346974315,                                          0.06001922203861652,                                        0.0008382220489803183,                                     0.39058209091321494,29349.853710938107,1212.5177133995776,30562.371424337685,0.00016263052114621248
                            1.7108791087952324,                           0.34518244422859934,                                        0.0007067340965973435,                                           0.6098891610129465,                                      0.5178886972856951,29351.342520271628,1419.4959855123345,30770.838505783962, 0.0007207484744823002
                            1.7106774238995044,                            0.3447336515845231,                                        0.0002479023822339293,                                        0.0031491605761967134,                                      0.9650923103086076, 29351.89267004393, 4354.291595255752,33706.184265299686, 0.0012494265840023082
                            1.7099180771345446,                           0.34249461761108874,                                        0.0005581561764102399,                                          0.12443324914441506,                                      0.8116030422332619,29352.497565885344,1802.5694389783123,31155.067004863657,  0.002287776887778545
                            1.7114310726847617,                            0.3439173801261533,                                        1.447263372188424e-05,                                       1.0678217131668204e-05,                                     0.09460218555854227,29351.227712976033,162747.42374535758, 192098.6514583336, 0.0006425746034525398
                            1.7113933319057755,                           0.34425194728421066,                                        7.035789511656506e-06,                                           0.0489020691791136,                                      0.7334856119617694,29351.223819179482,142153.81391651242, 171505.0377356919, 0.0006400774136075957
                             1.708804629832247,                            0.3409366410619704,                                        7.462469677407939e-05,                                        0.0031145562768895626,                                      0.3117776816269249,29351.750250602938,13724.395578145037,43076.145828747976, 0.0010835744718173217
                             1.718560477262264,                           0.35143108501680137,                                        0.0001052892987569173,                                           0.1534190145005282,                                      0.8424997649954187,29350.641407427214, 9507.004977909857, 38857.64638533707, 0.0003575150201055409
                            1.7100429428616881,                           0.34373957299584396,                                         0.012822903451561837,                                        0.0001814673546347853,                                      0.5713374621273133,29351.587829942717, 5591.527676539284,   34943.115506482, 0.0009211288152597966
                             1.708539710742223,                           0.34197502641680183,                                       0.00016527070549240147,                                           0.7314619803635739,                                       0.572126613074974, 29351.19129701602,  6054.97039362227, 35406.16169063829, 0.0006195955734663639
                            1.7100541510130494,                           0.34207196936071055,                                          0.13429823281731024,                                         0.008454991924078958,                                      0.3346011819307006, 29350.21900532274,128.64279987452906,29478.861805197266, 0.0002343405199581733
                            1.7099463299103876,                           0.34374744789639994,                                         0.007914883495022278,                                       0.00024361113902955677,                                      0.7488889166516901, 29351.89049921138, 4234.155968349813, 33586.04646756119, 0.0012467172299444002
                            1.7089484905619647,                           0.34232993596277755,                                        0.0015996272848539906,                                       3.9136043246329626e-05,                                      0.8162624941561232,29351.380208815735, 26179.96005324022, 55531.34026205595, 0.0007484308120032211
                            1.7098308266667803,                            0.3421921197277069,                                         0.005650476485633819,                                          0.06955075926573191,                                       0.553213701693115,  29352.6626769144,194.27654860860707,29546.939225523005, 0.0026984879125236286
                            1.7100218448632787,                            0.3434611011619626,                                        0.0011272684919357797,                                         0.002231352792982618,                                     0.44171881012921044,29351.146966631757,  1338.17027020898,30689.317236840736, 0.0005927285755155091
                             1.710892281250986,                           0.34457091015830094,                                         0.003099237913977948,                                       0.00032211082883844765,                                      0.6404297215842527,29351.483669782232, 3430.083646412514, 32781.56731619475, 0.0008300116447823325
                            1.7212784760440538,                           0.35286821641722715,                                        0.0001973324181798363,                                         0.005985074102564832,                                      0.8306746583214006, 29346.47655341572, 5237.507297101473,34583.983850517194, 5.552916937617226e-06
                            1.7095303921248144,                            0.3420611233431168,                                          0.27087165913190026,                                         0.012040219894481126,                                      0.6415451990574873, 29351.63427826196, 89.67020090208183,29441.304479164042, 0.0009649229082073312
                            1.7065543383348554,                            0.3392566527689802,                                       1.5979382832831893e-05,                                        0.0018801097534575746,                                      0.8521296287985346,29351.273941172672, 63115.47118281582, 92466.74512398848, 0.0006729769779697689
                            1.7187941992779092,                           0.34921859983188314,                                          0.03350820059714175,                                        0.0005466147060251987,                                     0.46394472692070027, 29350.55204903468,  1862.14915775995,31212.701206794627, 0.0003269538348157945
                             1.709881774294686,                           0.34226673973566113,                                        0.0008496659537459935,                                          0.18888923281111056,                                      0.6798542598839388,29352.669726537155, 1185.148923628481,30537.818650165635, 0.0027175784457861736
                            1.7076746003746701,                           0.34010931015520934,                                       5.1856573845727114e-05,                                         0.006064247722038534,                                      0.4464592717143713,29350.899924277124,19451.799299509985, 48802.69922378711, 0.0004629848005875139
                            1.7085646238702943,                           0.34066185752545775,                                        0.0001609171542718364,                                          0.05581414476272118,                                      0.2325386890516455,29351.753815751796, 6235.229922471243, 35586.98373822304, 0.0010874444705697085
                            1.7095928566450076,                           0.34312723966682973,                                          0.02515203338289988,                                            0.551015531697324,                                     0.46452847868905917,29351.566216683987,44.487418603782615,29396.053635287768, 0.0009014338230090234
                            1.7100952967259486,                             0.342627454430286,                                        0.0010287161613156137,                                        1.261548158255288e-06,                                      0.7313702373205916,29352.140640231286, 793651.8380403921, 823003.9786806235, 0.0016010423735996018
                            1.7107266566847332,                            0.3428259965678105,                                        1.375793428960812e-05,                                       1.4177564803712228e-05,                                     0.15351277224753362, 29348.36213447175,143222.22227020457, 172570.5844046763, 3.659473655411282e-05
                            1.7099637278359952,                            0.3421788818601049,                                        0.0008772506331345622,                                         0.003520978629940553,                                      0.5966094324256606,29350.780231353674,1426.8594782605605,30777.639709614235, 0.0004107567959458082
                            1.7221654548535117,                           0.35320698693918623,                                         0.001163611576834888,                                        0.0026903808721744716,                                      0.6475010936543546,29348.639220522582,1233.9190914843184,  30582.5583120069, 4.827870006262315e-05
                            1.7116262963585938,                           0.34462722497111586,                                        3.273646291042626e-05,                                         0.016611189448445314,                                      0.9608215811604262,29351.318799502027, 30610.07969459297,59961.398494094996,  0.000703852945668782
                            1.7097884394740734,                           0.34308357592058325,                                        8.810771178285148e-05,                                        7.219339490435919e-05,                                      0.2847975024484555,29351.426606184017, 25204.34175667378,54555.768362857794, 0.0007839742162203633
                            1.7195627876008144,                            0.3522773954733034,                                        0.0017191039679724362,                                           1.0886832265749224,                                      0.6812777243218721, 29351.63469251294, 585.4555968385483,29937.090289351487, 0.0009653227112702032
                            1.7095219237984174,                           0.34225449888485004,                                          0.01249939779959126,                                        2.748117433630791e-06,                                      0.8440541265276592,29352.760387954877, 363968.3942185694, 393321.1546065243, 0.0029754718284280266
                            1.7083015833576334,                            0.3406844799641642,                                        9.606559634786861e-05,                                           0.5647883315198896,                                      0.7211735577365987,29351.708494005874, 10414.25970961759,39765.968203623466, 0.0010392597441156496
                               1.7082627114115,                           0.34126736203187497,                                         0.004601161800108223,                                         0.017900085346949934,                                     0.39113999774965946,29352.452597813397,  276.132321991114, 29628.58491980451,  0.002187178774958094
                            1.7077153399163203,                            0.3400490615080736,                                        5.912445455157136e-05,                                       1.2069561573693332e-05,                                      0.4143578054020827,29350.944755116863, 99769.46697286563,129120.41172798249,0.00048421308358890863
                            1.7086156324265798,                           0.34077603466049755,                                        0.0007746088693896768,                                       2.3391588694072487e-05,                                      0.5766482033103192,29351.709586654673, 44044.31828534654, 73396.02787200121, 0.0010403959106297588
                            1.7112262145418344,                           0.34413475037245683,                                       0.00042564479267429933,                                          0.01120488483704075,                                      0.9636671004784997, 29349.67318832921,2441.5294258894546,31791.202614218662,0.00013576945690952987
                             1.711675324105997,                            0.3444793684136874,                                        5.576319534355337e-05,                                        2.360215461838266e-06,                                       0.981693475909947,29351.194744450073, 441626.0099028867, 470977.2046473368, 0.0006217352744657197
                            1.7073181825913952,                            0.3397063165111822,                                         0.005209056743428759,                                         0.042736497892061034,                                      0.8425327064403749,29350.873761594754,218.31625833662417, 29569.19001993138, 0.0004510289567394604
                             1.708071645972864,                           0.34147565459231816,                                        7.842205401159342e-05,                                           1.1193010437974178,                                      0.7558256533099792, 29350.47383234554,12755.336905892853, 42105.81073823839, 0.0003023551421518248
                             1.710801118055244,                           0.34347118769386586,                                        6.867723219707387e-06,                                       2.1770080322120187e-06,                                      0.8138599747488037,29351.376532367838, 604957.6064884942, 634308.9830208621, 0.0007456842969215041
                             1.711213799806526,                            0.3442466315116873,                                         0.002150217665233425,                                       0.00031690479433423274,                                     0.36522489812363207,   29351.577587326,3623.4959305806274,32975.073517906625, 0.0009117421996735742
                            1.7104052365675422,                            0.3433772646105453,                                        6.865226571123497e-06,                                       0.00026304332957982623,                                     0.11805890263727359,29352.693782959293,149466.18379176795,178818.87757472723,  0.002783746350618358
                            1.7072836548009331,                            0.3399206252503018,                                          0.15057874189761067,                                         0.001473566763301925,                                      0.5025814346957249,29351.758822577594, 688.2084194637432,30039.967242041337, 0.0010929027685707966
                            1.7212323446660536,                           0.35254881925215603,                                         3.44486674628266e-05,                                         0.003578722351092204,                                      0.8291819372896163,29348.046131041287,29310.964856600185, 58659.01098764147,2.6679646987451647e-05
                            1.7089806585527905,                            0.3415044831368619,                                        0.0003025966685993406,                                        2.529718054615955e-06,                                      0.3931009310800583,29352.733921110867, 398608.6269427891,    427961.3608639, 0.0028977534958943055
                            1.7108142212130064,                            0.3441884583538308,                                        0.0024648544530099094,                                       0.00033319902658094166,                                      0.9809519289771209,29351.926644994965, 3409.818101169469,32761.744746164433, 0.0012926051322193208
                            1.7101123342139866,                            0.3425100516933398,                                           0.0781622694060498,                                         0.005043294059053792,                                      0.8309129934123525,29351.744176401873,213.99662295409982,29565.740799355972, 0.0010770125719322449
                            1.7102777752885656,                            0.3445684902322591,                                         0.010949333502659987,                                           0.8920341946387633,                                      0.5006971318937051,29351.691583178537,  95.3529738067463, 29447.04455698528, 0.0010218327696095537
                             1.708242869363394,                            0.3418752876728698,                                          0.12166192938948885,                                        0.0003626287814124866,                                       0.504128722940429,29350.583508441738,2768.7855540399964,32119.369062481735, 0.0003374031108235179
                            1.7178042700113139,                            0.3491871506949617,                                          0.11221361442654754,                                        0.0033785607264869614,                                     0.43841275118603906, 29351.81836877106,307.75939269320367, 29659.57776146426,  0.001159957585696649
                            1.7107404706071927,                           0.34402386444847277,                                          0.12655130155320637,                                        0.0034980244750650647,                                      0.4302691098105589,29351.401442800914, 296.6843529669742, 29648.08579576789, 0.0007644929084264578
                            1.7087599779314746,                            0.3411711116829132,                                         4.64365870518689e-05,                                        0.0038877085149457845,                                     0.35079429487739944,29352.222003152798, 21794.89570056943, 51147.11770372222, 0.0017367539451070247
                            1.7109796421532695,                            0.3431172673599943,                                       1.2978947047445396e-05,                                       0.00015461889244568208,                                     0.22200992220270976,29349.884970801977, 83518.28209144651,112868.16706224848,0.00016779462314697136
                            1.7113519538680473,                           0.34428090196898886,                                         0.013637878647649372,                                         0.014070721555912652,                                      0.2639930063260495,29351.040254587733,147.29935247994828,29498.339607067683, 0.0005327352244224988
                            1.7080908527299057,                           0.34147220195617034,                                        1.583219145349106e-05,                                          0.09686698124807509,                                      0.3963287377660312,29350.526578682155, 63175.70186354303, 92526.22844222518, 0.0003187313645074184
                            1.7082186106605637,                            0.3404139308112692,                                        0.0005754086497090871,                                        0.0019902666843528887,                                      0.3376920781648749,29351.722373613964,2243.2781501261848, 31595.00052374015,  0.001053784830138934
                            1.7086590970158368,                            0.3423283695176366,                                        9.135601982225024e-06,                                        5.981316391433613e-05,                                      0.9859923551516306,29351.141169283466,126183.51048654217,155534.65165582564, 0.0005893022628814935
                            1.7094550306915015,                           0.34212657901032273,                                          0.04849095657536016,                                        0.0016838427323418535,                                      0.8825910482884365, 29352.51147258714, 617.4249868707415, 29969.93645945788,  0.002319814571659874
                            1.7087323326274515,                           0.34234939483585813,                                         0.007229005896021506,                                        6.361921864281826e-05,                                      0.5284368073773706,29350.698699672037,15859.773218067732, 45210.47191773977,0.00037859597988762445
                            1.7100267525249775,                            0.3420331657541603,                                        3.926808616635246e-05,                                        3.887352410942291e-05,                                     0.10020413174108667,29350.214739393105,51193.345429267785, 80543.56016866089,0.00023334296904340917
                             1.710946253600302,                           0.34305747031671485,                                           0.1651641849225559,                                          0.00718827796116112,                                      0.4407111613743386, 29349.88778963239,148.08492207730222, 29497.97271170969,0.00016826827499234786
                             1.706597376479804,                            0.3390218847852552,                                         8.36215590519314e-06,                                        0.0058616415920878465,                                      0.4808082351690957,29349.902862820396,119759.93587213013,149109.83873495052,0.00017082382610275715
                             1.718305440265976,                           0.34907708092189693,                                        6.402920834427534e-06,                                         0.001952558672459351,                                       0.461939689957838,29351.970786840087,  156693.736294351,186045.70708119107, 0.0007945370023243237
                            1.7118039048987266,                           0.34562351787173407,                                        0.0006723950526311896,                                         0.012855808647940628,                                      0.7607446110883683,29352.478441995067,1567.9001080774137, 30920.37855007248, 0.0013200365610564271
                            1.7084325676495409,                               0.3411563745454,                                        1.565095410482905e-05,                                           1.2808897056968822,                                      0.7017123875499289,  29352.6011242982,63897.580192546986, 93250.18131684518, 0.0014923345966328782
                             1.717969208788817,                           0.34900974885269154,                                       3.1315282280225115e-05,                                       0.00015064806753227776,                                     0.49067304997898015, 29352.27521293714, 38574.14312511356,  67926.4183380507, 0.0010772703371040822
                             1.709370155426084,                           0.34207828364928844,                                        0.0003579042672516263,                                       0.00018743332955157045,                                      0.9896754361874348,29352.613717681765,8132.1969634617935, 37484.81068114356, 0.0015112469740815734
                             1.708181868125267,                           0.34098857455044507,                                        2.455764193467338e-05,                                        0.0013749856571106459,                                     0.35355773269935775, 29352.56342342609, 41450.73501745311,  70803.2984408792, 0.0014371196466000911
                            1.7101996322701667,                            0.3430291650206196,                                        6.417720044291349e-06,                                         0.017141720999657467,                                      0.9481806173769001, 29352.67114818012,155879.82864234297,185232.49979052308, 0.0016005792885118455
                            1.7089224852444518,                           0.34207128980518486,                                        6.113196725405395e-06,                                       1.7679696607697324e-06,                                      0.9565494897136688, 29352.39978443596,  729204.025744954,   758556.42552939, 0.0012201842535924776
                            1.7090006081500473,                            0.3415104323088782,                                        4.553441666772555e-05,                                        0.0004858250688225468,                                      0.5273176904023372, 29352.16650183987,24022.692363981816, 53374.85886582169, 0.0009663002055956408
                            1.7097493214406243,                            0.3429344416250353,                                       1.4738973564392037e-05,                                         0.018346369819344246,                                      0.9927123650308514, 29352.62764659123, 67904.75248225505, 97257.38012884627, 0.0015324442813366753
                            1.7086408321357514,                             0.341479340397276,                                        0.0020283694150514124,                                         0.034930919166651725,                                      0.9589609563983916,29352.339040813968, 524.5632095958998, 29876.90225040987,  0.001148272056557992
                            1.7100139746071172,                            0.3424018884929015,                                       4.1270111605510725e-05,                                         1.37127194247962e-05,                                      0.6050373861986517, 29351.66555467655, 97158.52638313496,126510.19193781151, 0.0005855358403792697
                            1.7098914522380357,                           0.34232910512595965,                                        0.0004931940376508977,                                        4.976826915397197e-06,                                       0.776586238389779,29352.657756954282, 202961.7600193621,232314.41777631638,   0.00157928844320925
                            1.7089307654876815,                            0.3416040991033692,                                       0.00012226708612869544,                                        0.0014050159508133726,                                      0.9241448050503969, 29352.75410926382, 8893.479054848165, 38246.23316411198, 0.0017390286369858318
                            1.7087444083511927,                            0.3418813901605986,                                           0.0181432832965783,                                       0.00036900223955602216,                                      0.4829377271087938,29352.726957748873, 2768.052459158861,32120.779416907735, 0.0016924466227549535
                            1.7087706169251042,                             0.341819999737422,                                         0.005280801164655008,                                         0.037073792597515025,                                     0.32304727824168694,29352.386444773965,219.26395404325876,29571.650398817223, 0.0012040154907597474
                             1.708664479175227,                             0.341846272084077,                                         0.007348874125264825,                                        4.753537996477563e-05,                                      0.6837087477341226,29352.681564324914,21175.962936528293,  50528.6445008532, 0.0016173382846747385
                            1.7097407396549564,                            0.3427553216533935,                                        0.0026521958804045943,                                        8.405927496312573e-06,                                      0.2882147107774492,29352.764630406455, 119343.6354087807,148696.40003918717, 0.0017574217941679073
                            1.7091877992487727,                            0.3423876190428936,                                          0.07261609705521917,                                         0.015875898681093847,                                       0.485152744357236, 29352.66143286937, 79.68027790036177, 29432.34171076973, 0.0015851044564595368
                            1.7084010378570882,                           0.34104822324482903,                                        0.0001098393279397153,                                         0.006321045307064753,                                      0.7350791976651236,29352.684026750318, 9265.341016256776,38618.025043007096, 0.0016213257669774519
                            1.7086915328942596,                            0.3414215462377099,                                        1.332481948563752e-05,                                           0.6339114559185001,                                      0.4098755553934682,29352.722771526103, 75052.42743062967,104405.15020215578,   0.00168537647310166
                            1.7192672251402454,                             0.351394442563132,                                        1.795953777112754e-06,                                       1.7910523419547566e-06,                                     0.25534304208587405,29352.651985135897,1115141.0239651545,1144493.6759502904, 0.0015701993327174204
                            1.7091021431963573,                            0.3421677358780674,                                        0.0004344860793881949,                                         1.70132069999015e-05,                                      0.3469651300863396, 29352.68017880783,  61082.3581791607, 90435.03835796853, 0.0016150989865023754
                            1.7105151740135884,                            0.3432468646738393,                                          0.00901404521408163,                                        7.215611971259288e-06,                                      0.6864761889976144, 29352.32601637163,138702.23496893764,168054.56098530928, 0.0011334134261028156
                             1.709287722133521,                            0.3424963323188104,                                         0.023225294472764398,                                          0.04019520978805467,                                      0.2887719450651505,29352.686961230855,  70.8548303789577,29423.541791609812,   0.00162609050347901
                            1.7086364358829578,                           0.34164021830345315,                                        0.0006765016344640926,                                          0.14310391970713562,                                      0.8170205284233341,29352.570887645055, 1488.108013383708,30840.678901028765, 0.0014478867563629339
                            1.7108483726069723,                           0.34386622865834243,                                        1.237829417997272e-05,                                        0.0006342646076456059,                                     0.49023269444972095,29352.347049622567,  82366.1128640474,111718.45991366997, 0.0011575052718541155
                            1.7098827144632491,                            0.3425322739985761,                                        6.823535312825727e-06,                                       1.6258025852286108e-05,                                     0.38489436087937895,29352.689803344805,208062.59961382544,237415.28941717025, 0.0016307186116737598
                            1.7188149540566644,                            0.3499360605215059,                                        8.708960593625585e-06,                                        0.0030121785969568337,                                      0.5727524154032899,29351.924819009284,115159.10839783907,144511.03321684836, 0.0007588405886323774
                            1.7108015356378556,                            0.3438562318691809,                                       0.00016527649669319285,                                          0.00922271846368639,                                     0.15955070730587861,29352.528574376076, 6161.803158517943, 35514.33173289402, 0.0013879000022408044
                            1.7104073064375689,                            0.3430656520903178,                                       3.1524668232200746e-05,                                         0.005300611315487571,                                      0.0986529146233277, 29352.34676982279,  31912.7626746392,61265.109444461996, 0.0011571814474425604
                             1.708439626959723,                            0.3411252865554824,                                        0.0004229992737897334,                                        9.162922095215819e-06,                                      0.6171900953259546,29352.675638226858,111502.49252421038,140855.16816243724, 0.0016077821227527991
                            1.7103238065486293,                            0.3429673614537537,                                        0.0011969688237747729,                                       3.9587678598903814e-05,                                     0.33406135886965044, 29352.33917089816,26098.744309471105, 55451.08348036927, 0.0011484214383189664
                            1.7174169162301232,                           0.34841838016168375,                                        5.245652424179162e-05,                                        0.0004116466588957611,                                      0.5978072429271954,29352.059957616293, 21495.54361555208, 50847.60357316837,  0.000868641358585547
                            1.7090126225066793,                            0.3421518982087303,                                       1.2684966062629141e-06,                                        0.0035553232232228074,                                     0.47145066135831876,29352.614162886777, 788618.9765530265, 817971.5907159132, 0.0015119199386020498
                              1.71698681238436,                            0.3479903110726869,                                        0.0003982527088078704,                                            3.287987493020671,                                     0.37476989643350234,29344.919607327116,  2514.14626341977,31859.065870746887, 6.883760851660644e-07
                            1.7088833663109029,                           0.34015498027965896,                                        3.235838478901127e-05,                                        3.288972106006112e-05,                                      0.7714672864135945,29347.654594667456, 61311.46703799956, 90659.12163266701,1.0607564570827695e-05
                             1.710343181663751,                            0.3438524641371709,                                        7.804586135656428e-06,                                          0.46296670010089713,                                       0.699314195819489,29351.308901597622,128134.86043623879, 157486.1693378364,0.00040988405028646375
                            1.7103032895018286,                           0.34294773595817596,                                          0.24083422020894735,                                         0.045449595602406676,                                     0.26993427962010325, 29352.33236063361,29.070526033348738,29381.402886666958, 0.0011406269558751488
                             1.711710991288429,                           0.34500873092026146,                                        1.880690324676265e-06,                                         0.017177656743634223,                                      0.7214286838428159,29349.607656159205, 531780.7629997535, 561130.3706559127, 7.478586354696193e-05
                            1.7083253135735816,                            0.3396594980369477,                                        3.156625623433375e-05,                                        8.851957552667159e-05,                                      0.5998148409170146,29348.543272962812, 42979.27852736217, 72327.82180032498,2.5796676884675943e-05
                            1.7202233926672377,                           0.35071248382094616,                                       2.7151579947563773e-06,                                         2.51219947513107e-05,                                     0.18315609310471903,29347.737021696998, 408111.3000933538,437459.03711505077, 1.151896047784321e-05
                            1.7095948201645437,                            0.3409608744036316,                                       1.5525601631412478e-06,                                        8.106518028659885e-05,                                      0.6753380445454519,29347.538382545354, 656436.1082982521, 685783.6466807975, 9.443769985027365e-06
                            1.7197520433951774,                           0.35176608648990065,                                       1.8466500407875417e-05,                                       1.1857440725338742e-06,                                      0.2312403656881864, 29351.47074797473, 897507.2626616921, 926858.7334096668, 0.0004818923229047205
                            1.7195627257259873,                            0.3504645511516321,                                       1.0220255198643295e-05,                                       7.3685772097941415e-06,                                     0.31164727381350155,29350.357636760502,233559.17785449134,262909.53549125185,0.00015831860316589062
                             1.720294977884326,                            0.3512168865835018,                                       1.4321045315111857e-05,                                          0.02170770131174671,                                     0.37408413121145445, 29349.13542081771, 69876.21890406983, 99225.35432488754,4.6636968198599214e-05
                            1.7116484625587676,                            0.3452575767098257,                                        3.209519328696276e-06,                                          0.19555014819072028,                                      0.7927290684407834,29352.587248165724,311581.14545114106, 340933.7326993068, 0.0014717697741482483
                            1.7174234024943904,                            0.3478205410167362,                                        1.616203243674647e-05,                                          0.04034361765797772,                                     0.19126693249572013, 29352.33154839495, 61901.06843919144,  91253.3999875864, 0.0011397008707161168
                            1.7094010539696558,                            0.3419655833960464,                                           0.3892314766788624,                                         0.002154940359634193,                                      0.6368317787522145,29351.722302236692,  469.543401890386, 29821.26570412708,  0.000619724456710543
                             1.717699770034814,                           0.34877286776782657,                                        7.838322131458374e-05,                                          0.08730743964114568,                                     0.32579285626147914,29351.258345872353,12772.153366724591, 42123.41171259694,0.00038967715564058484
                            1.7203193172955313,                            0.3510839561973779,                                        9.864846934678069e-05,                                        0.0031031225997232613,                                      0.2621837831923307, 29348.57415248291,10462.109087547415,39810.683240030325,2.6605692610647996e-05
                            1.7197309001923224,                            0.3496058511535898,                                        7.148596214491406e-05,                                          0.01819380011652361,                                     0.10046452896203162,29347.497897446374,14046.584592782152,43394.082490228524, 9.069074001607241e-06
                            1.7111321800829247,                           0.34464706432006015,                                         0.007151474702824313,                                       1.8242834568324675e-06,                                     0.49730505949193504,29351.983160834076,  548303.160549409,  577655.143710243, 0.0008044296781433032
                            1.7188300517933497,                           0.34867856321350305,                                        4.062536543179511e-05,                                         0.002005999314030724,                                      0.3345329104336937, 29347.68411592908,25116.535823967522,54464.219939896604, 1.092538135470874e-05
                             1.719702747438935,                           0.35045183586893885,                                        5.214209281722958e-06,                                       3.0571509078351114e-06,                                      0.1533816409021973,29350.911640562066, 518888.4289456898, 548239.3405862519, 0.0002755070670440461
                            1.7111343415239064,                            0.3449193431584494,                                       0.00012457396654640712,                                        0.0050783855081459875,                                      0.8959623602362383,29352.007726695974, 8227.171592954164, 37579.17931965014, 0.0008244359156515025
                            1.7201183168145593,                           0.35127880583666854,                                         4.12807543554565e-05,                                          0.01751498254692098,                                      0.3323505913834073,29350.446156127775,24284.304240770667, 53634.75039689844,0.00017297184674471277
                            1.7171263085166282,                           0.34727190680606945,                                       1.3225921869488872e-05,                                           0.0455530137238407,                                      0.2268015248421829, 29349.94693471272, 75633.92831067365,104983.87524538637,0.00010499444359558204
                            1.7106214451546762,                            0.3435656893628178,                                       1.1599335132053413e-06,                                         0.005280805624631827,                                      0.7911244744870292, 29352.39528375781, 862310.6545661711, 891663.0498499289, 0.0012147049365568237
                            1.7109096956410892,                           0.34395022977381107,                                        5.018657083459532e-06,                                        0.0003625100178117219,                                      0.7904615505083132, 29352.49591371442,202017.94285722173,231370.43877093616,  0.001343302525746011
                            1.7102504698250436,                            0.3437687384582267,                                        8.211812398328322e-06,                                       2.8436586318345288e-05,                                      0.9975953123532353,29351.189347596195,156944.67100697142,186295.86035456762,0.00036369671293154545
                             1.719970500797202,                            0.3519040401212396,                                        1.416600337996108e-06,                                        9.839450745358502e-06,                                     0.20211553200371923, 29351.10740002808, 807549.9349470221, 836901.0423470502,   0.00033508115156921
                            1.7090313087429185,                           0.34116605375951614,                                        3.167842274228575e-05,                                       1.4676157695587059e-05,                                      0.4865574912432594,29351.063797962248, 99707.88452909378,129058.94832705602, 0.0003207848599304855
                             1.709535764990936,                           0.34286646391786674,                                         0.017720482781520035,                                       1.6234399364066855e-05,                                      0.8883486234914968,29351.656029424015,61656.946101246634, 91008.60213067065, 0.0005799849424530473
                            1.7091782824805386,                           0.34164043889179974,                                        4.880679192275684e-06,                                           0.1907520462359658,                                       0.783217013106348,29352.196247010208,204897.68598279104,234249.88222980124, 0.0009954747192043943
                            1.7087183876112464,                           0.34181075832315094,                                          0.10780665105305083,                                       0.00043170501172432453,                                      0.7134747256288765,29352.566717802158, 2328.598011515808,31681.164729317967, 0.0014418618662078355
                            1.7072348076779311,                            0.3403655962027507,                                          0.01083031124738148,                                         0.006221307202782111,                                     0.21405393070317358,29350.988959497852, 256.0093903840987, 29606.99834988195,0.00029765414217179827
                            1.7102257917127817,                           0.34388129481407964,                                        9.244615551187924e-06,                                         0.002476512573376958,                                      0.9645038056105883, 29351.22537038865,108577.77637869956, 137929.0017490882, 0.0003770369173086318
                            1.7106948162074718,                            0.3446325938325279,                                       0.00021161403946215636,                                           0.1787053519156781,                                      0.6811986616317224,  29351.8272835196, 4734.081826624535, 34085.90911014414,  0.000688321646065062
                            1.7104618073742706,                            0.3430500066799899,                                       0.00010716290071573564,                                        0.0002367419080746419,                                      0.5422581355173716, 29351.95850097176,13558.511878485304, 42910.47037945707, 0.0007848351452363308
                            1.7093975715405307,                           0.34168913903101417,                                       0.00010495646061204886,                                          0.07010954931019933,                                      0.5426679344660353,29351.146295603758, 9544.950341874324,38896.096637478084,0.00034837111071298304
                            1.7201796410769163,                           0.35196040493769143,                                       1.2723285629559118e-06,                                        5.209988367085075e-06,                                      0.3228097422621512, 29348.76537451332, 977902.3545503364,1007251.1199248497, 3.221226340788379e-05
                             1.718727892996981,                            0.3487811729167366,                                       1.1524457796216542e-05,                                        0.0023025506324741603,                                     0.36378002005841126, 29350.71272594914,  87209.1462516128,116559.85897756193,0.00022581106793135008
                             1.709337177033174,                            0.3419966563210611,                                        0.0009659321931426149,                                       0.00013099044808354866,                                     0.18417290270854503,29352.618048315464, 8672.337794576953, 38024.95584289242, 0.0015178058228907142
                             1.710991966944422,                           0.34415218065115044,                                       2.5760640012719183e-06,                                         0.001510546911758065,                                      0.6733846078374846, 29351.17462082186,388854.03069301334, 418205.2053138352,0.00035837987950875264
                            1.7104572199844383,                           0.34386309245894153,                                         0.027035014524095326,                                       2.4258148339323288e-05,                                       0.598744175144689, 29350.17729371108, 41263.15901175978, 70613.33630547086,0.00013219345646854093
                            1.7090884270331679,                            0.3417620666080526,                                         8.35902049559784e-05,                                       0.00013972279432548907,                                      0.6567411461749926, 29352.73504404523,19123.078515985577,  48475.8135600308, 0.0017061877301695941
                            1.7108814551158855,                            0.3433776669818856,                                       2.7972639069816553e-06,                                           0.2903098464126335,                                      0.3118460378176706,29349.730237034728, 357498.5467997917, 386848.2770368264, 8.453872831573473e-05
                            1.7203782441748299,                           0.35084060345704493,                                       2.3631596556183302e-05,                                          0.03614674653458139,                                     0.17645721735801279,29347.812332138932, 42346.74212475806, 71694.55445689699,1.2419960011726982e-05
                            1.7092138153039271,                           0.34138159796641177,                                        4.497754167917493e-05,                                       1.3387643220990614e-05,                                      0.6596001447230512,29351.243121323063, 96931.99374331222,126283.23686463528,0.00038378942929173226
                             1.708537301148906,                           0.33948424632275626,                                        3.498805601428836e-05,                                       6.0209816511274363e-05,                                      0.5284124595463401, 29348.50728470113,45192.715139321066,  74541.2224240222,2.4884806064948588e-05
                            1.7100121092724228,                           0.34229358195993387,                                        5.112840067306174e-05,                                          0.03188683754275298,                                     0.36016483866908744,29350.991628187134, 19592.88359542781,48943.875223614945, 0.0002984495494660176
                             1.721552991063212,                           0.35222430770287005,                                       4.2701662952305366e-06,                                        8.539764204689033e-05,                                     0.25137106767953543,  29348.6620915965,245895.68150518328, 275244.3435967798,2.9051331424021155e-05
                              1.71136177526667,                           0.34482943993213466,                                       4.9034854455508096e-05,                                         0.018523871520982026,                                      0.7098946686930097,29351.176053180927, 20450.54132224837,49801.717375429296,0.00035889357598924636
                              1.70920158295498,                           0.34154777426544586,                                       1.5859300057001325e-05,                                       1.0437811552822469e-05,                                      0.6930992290773286,29350.297662906545,158862.93650108413,188213.23416399068,0.00014910274386405862
                            1.7084316017026988,                             0.341222194884742,                                        0.0014335238377278655,                                         7.56103638356919e-06,                                      0.7915684032725313, 29352.64416434656,132957.51380195635, 162310.1579663029, 0.0015579670299969743
                             1.709587354803359,                           0.34218563447872374,                                         9.69623285324491e-05,                                        0.0003309915873869626,                                      0.2086626651726577, 29351.71477931133,  13337.4308888887, 42689.14566820003, 0.0006150798084529698
                            1.7088847105587457,                            0.3412319670953738,                                       1.7023763748428544e-05,                                          0.04592651199819995,                                     0.37279914162818706,29351.649177434432,  58766.1211647374, 88117.77034217183, 0.0005760244757027079
                            1.7081276303741637,                           0.34108659650675555,                                          0.32063644774838346,                                         0.007666941307031561,                                      0.4986823850849172,29351.935121079277, 136.4807140738556,29488.415835153133, 0.0007666986250113669
                            1.7098727704940322,                            0.3415780694329278,                                        4.254195880360318e-06,                                          0.00098289760453041,                                      0.4934317077388255, 29350.10967553606, 236082.3764512004,265432.48612673645, 0.0001235502868247741
                             1.709085471514362,                           0.34185473048877607,                                        1.959871152319589e-05,                                         0.021567572502346925,                                      0.9655253307411731, 29352.63430435378,51073.053517923414, 80425.68782227719, 0.0015426809703948403
                            1.7205222853145936,                           0.35087125256997725,                                        4.767035750250674e-06,                                         0.005923237983269552,                                      0.2577527016276847,29347.689253123623,209945.64359260025,239293.33284572387, 1.098165157594827e-05
                            1.7096370863669867,                           0.34239048022255875,                                         0.008498329432665434,                                         0.031178993448761013,                                      0.7854598844479053,29351.401682802963, 152.6637036572262,29504.065386460188,0.00044973365100007645
                            1.7110147305640575,                            0.3442606058941146,                                         0.028986364112743968,                                         0.002087309632837004,                                      0.7016486801519607,29351.164400917965, 516.4893621313461, 29867.65376304931,0.00035473592373739757
                            1.7109958549449533,                            0.3440391324262858,                                       4.6154212934373705e-05,                                       0.00033887936440630303,                                      0.8489227511965689,29352.096367927745, 24620.30373838585,53972.400106313595, 0.0009008516968276517
                            1.7212743929988097,                             0.352144617179955,                                        5.852035597965636e-06,                                       0.00018210078238701472,                                      0.2647301445211783, 29347.93676858765,176375.01469625943,205722.95146484708,1.4065729480564164e-05
                            1.7089114690315068,                            0.3420151701524627,                                        0.0001661375488799334,                                            1.089386739817092,                                      0.6476167066181339, 29352.39021364252, 6022.950700059756,35375.340913702275, 0.0012085618287765523
                            1.7111028004113993,                           0.34378299701201875,                                         0.009704983112055796,                                        2.905976352166886e-06,                                      0.6246503627373046,29349.339003619352, 344224.3718047747,  373573.710808394, 5.716697304164701e-05
                            1.7104986951474959,                            0.3435689028835509,                                         0.001517125639652972,                                         0.005050302464230561,                                      0.7311949782833453, 29352.77149674659, 860.0597571476229,30212.831253894215,  0.001769530373207349
                            1.7090220438926211,                           0.34022676661305995,                                       5.2342082128769424e-05,                                        9.151241685833607e-05,                                     0.34614175485862525, 29346.99558684859,30035.504441814814,  59382.5000286634,5.4879762702977654e-06
                            1.7106914631445562,                           0.34337900420671413,                                         0.004136392707004443,                                        2.210249258582388e-05,                                     0.44288351652225116,29352.024012529313, 45488.43466038002, 74840.45867290933,  0.000837972469413055
                            1.7094590209641174,                            0.3409928008940875,                                        4.161514775321426e-06,                                        0.0033631497691760113,                                      0.5162615474231503,29350.887121918284,240597.38923685136, 269948.2763587696,0.00026883414717021636
                            1.7108843253480424,                           0.34404559210519087,                                       1.3115024240494135e-06,                                          0.04547423567899847,                                      0.3271620386534958,29351.205320367586, 762509.1911566127, 791860.3964769803, 0.0003695526002573266
                            1.7181909633214323,                            0.3492527252798109,                                        3.202120529102836e-05,                                         0.003166733946958943,                                      0.5382997374000481,29352.328262787567, 31547.95144210597, 60900.27970489353, 0.0011359624060495442
                            1.7091585844068784,                            0.3405057137446962,                                       3.8180158304833184e-06,                                        0.0002583680212216587,                                      0.7493798423379898,29346.848831051764, 265789.5330203721, 295136.3818514239,4.7388939740179275e-06
                            1.7095231725094968,                            0.3427773867821798,                                          0.01042602584268399,                                          0.00136674077650596,                                      0.8621387873319242,29351.515282547916, 830.4988097099592,30182.014092257876, 0.0005038382408275224
                            1.7110571966046972,                           0.34377692348798333,                                       1.3547386954961326e-06,                                         0.027809981262796366,                                      0.8813297377157381, 29349.57805259628, 738188.5954771922, 767538.1735297885, 7.260438461697896e-05
                            1.7098618530961298,                            0.3428043462029598,                                           0.1921414563339167,                                        0.0010799090227047983,                                      0.7963218602323342,29351.000857371393, 934.1255456476213,30285.126403019014,0.00030121674518779476
                            1.7087278454095003,                           0.34168951398576475,                                           0.0017907631090098,                                        0.0003508606992835781,                                      0.9755789419115309,29352.497017893103,3411.4817628842698,32763.978780777372, 0.0013447865909442097
                            1.7096602207612632,                           0.34212642599587123,                                        4.260461899855643e-05,                                           0.3435907576809559,                                     0.15412014519326916,29351.822233656396,23477.466775634737, 52829.28900929113, 0.0006848544776429256
                            1.7088366583078416,                            0.3412212407084757,                                        0.0003629344051232849,                                         0.026432261013565727,                                      0.6611580773385732,29351.700235065124,2796.0820347508857, 32147.78226981601,  0.000606198677515724
                            1.7109803161852115,                             0.344344060442998,                                       0.00028781127041424564,                                         0.010707510250728244,                                      0.8088956280885278,29352.069586668043, 3570.795564574685, 32922.86515124273,  0.000877045950366061
                            1.7177342783335097,                            0.3485997368528389,                                         0.002246945996326278,                                           1.2099299834055306,                                     0.30298182651284267, 29352.29034599737,448.74363796609435,29801.033983963465, 0.0010936967111730119
                            1.7180752955253582,                            0.3488475332305116,                                       1.3641545451123516e-05,                                         0.002449165390289903,                                      0.5109359706953422,29351.998293784563, 73716.64620856741,103068.64450235198, 0.0008166956487152763
                            1.7101350620301312,                            0.3434918130994453,                                       1.1808737551060155e-06,                                          0.07323197754306833,                                      0.4140170832529021, 29350.99134578099, 846847.1406346924, 876198.1319804734, 0.0002983652773793632
                            1.7078313055184102,                           0.34088476739358936,                                         0.015430998421443288,                                        0.0015980882951528727,                                      0.5036558523683049,29352.019300522752, 693.4858163698354,30045.505116892586,  0.000834033225798688
                            1.7079608379833915,                             0.340050835840258,                                       0.00042237966340016164,                                       0.00015246566884973982,                                       0.557559507276221,29351.215345912926, 8929.332558548787, 38280.54790446171, 0.0003732762009819345
                            1.7107496252588197,                            0.3435722325608501,                                        3.723204360247376e-05,                                        0.0003426854461703213,                                      0.6073198078634283, 29351.97614011742,29779.623398703843, 59131.59953882126, 0.0007988017843429983
                            1.7106697875712704,                           0.34403934351123333,                                        0.0076970189466215935,                                          0.07483337570788262,                                      0.1891606913590082,29351.564054209673,146.19009423238703, 29497.75414844206, 0.0005290203646254805
                            1.7105953755113321,                            0.3433943927633854,                                        0.0006729020624899369,                                        0.0032590946471600895,                                      0.9717582063323453, 29352.32746958139,1795.8461462134246,31148.173615794814,  0.001135061710916719
                            1.7088273774342253,                           0.34204283526565493,                                          0.07822193306231372,                                        0.0003620862061428061,                                      0.3459689951375641,29352.725321329246,2777.4810032375385,32130.206324566785, 0.0016896793347232915
                            1.7100979710045383,                            0.3430508745238245,                                        0.0013782295920242917,                                       0.00022442178831861464,                                      0.5649391042612806,29352.381886113828, 5184.378872281972,  34536.7607583958, 0.0011985392849016385
                            1.7098435829579384,                           0.34292681535235203,                                        4.496233777807079e-06,                                        6.075500167966616e-06,                                      0.8737262060797869,29352.364655732577, 387006.7823590363, 416359.1470147689, 0.0011780648934089021
                              1.71137476843163,                           0.34446991276073136,                                        0.0014377979725769376,                                        1.598609745034543e-05,                                      0.3797595061807286,29352.372682445337, 63252.76507984694, 92605.13776229227, 0.0011875589339149593
                            1.7210207062186162,                           0.35166907912635204,                                         9.10623991599504e-06,                                         0.020944919871892266,                                      0.2809709936725721,29347.398088167887,109865.39717702076,139212.79526518864, 8.207602720738219e-06
                            1.7096313709581126,                           0.34207405720650647,                                       0.00011102024346595407,                                        6.603945711739978e-05,                                      0.3970576891672685, 29351.82166387637, 24152.75210284361, 53504.57376671998, 0.0006844643723884068
                            1.7081174636849017,                            0.3406664542828481,                                         0.003772227265640097,                                         0.007926678738110733,                                      0.7056539005844263,  29351.6602638564,394.18703901347635,29745.847302869875, 0.0005824460565091358
                            1.7106283832245384,                              0.34423387302732,                                       2.9442432047025764e-05,                                           0.1691333646306034,                                      0.6229802325524627, 29350.77628874868,  33973.4029757084, 63324.17926445708,0.00024063023642683127
                            1.7114204073205666,                           0.34534498559615295,                                        0.0002689418381827478,                                          0.01865322785961541,                                       0.769413146467049, 29352.22128222335,3774.7817453265525,  33127.0030275499, 0.0010207112235151407
                             1.720974458660351,                           0.35172400321569497,                                       4.9283530392289715e-05,                                          0.07545373044734582,                                      0.1597537306567871, 29346.82605628129,20306.850467202312,49653.676523483606, 4.632186483070547e-06
                            1.7182132232436989,                            0.3490497246824262,                                       1.9448354081699827e-06,                                        3.725865581069916e-06,                                      0.3688181370099469,29350.758946229016, 782579.2029982974, 811929.9619445264,0.00023649307987107674
                             1.709861619428522,                            0.3421385005248278,                                        7.715218782690505e-06,                                        0.0001843454197282885,                                      0.6876998383666596, 29351.01423746949, 135041.4742969347, 164392.4885344042, 0.0003052741384152596
                            1.7095977755400302,                           0.34308713811090397,                                          0.05050232124943858,                                         0.005396651155740624,                                      0.4191611892227711,29351.634200431792,208.01588167457118,29559.650082106364, 0.0005674616384878148
                             1.719743850532101,                            0.3507131283860095,                                        4.792654913294832e-06,                                        0.0013765003149376126,                                      0.4594071220684936,29350.398643838642,209381.95044926903,238732.34909310768,0.00016494573756028599
                            1.7082663657345953,                           0.34077297922635547,                                       0.00038096542380211697,                                        0.0005817183054916463,                                      0.5661458099465582,29352.044411616756, 4346.889730126086,33698.934141742844, 0.0008552418843993677
                            1.7110772324278494,                            0.3439780419710502,                                        0.0029559182670750197,                                        0.0006301703051129415,                                     0.08834054093704297,29351.378973993666, 1928.084124655327,31279.463098648994,0.00043963582404002807
                            1.7197649230151097,                           0.35153907584981064,                                        5.826116196353143e-06,                                        7.966066619623931e-05,                                      0.3960848382618507, 29350.41816897062, 184197.0210133664,213547.43918233702,0.00016819797168534382
                            1.7092784139527275,                           0.34150402762337356,                                        1.723300345438074e-05,                                        3.187011414929564e-06,                                      0.7114571080364559,29351.277763114154,371804.70420779695, 401155.9819709111, 0.0003973175488242813
                             1.709677689850535,                           0.34195918541428455,                                        5.576779543818267e-05,                                        7.791016246991193e-06,                                     0.36589213623432904,29351.707877980713, 146287.3807330988,175639.08861107953, 0.0006108495533239012
                            1.7202697862923286,                           0.35181963029784485,                                       1.7031745190551425e-06,                                       1.6423499026602943e-06,                                      0.3457867883597588, 29349.34623629874,1196025.3823504033,1225374.7285867021, 5.758194229007684e-05
                            1.7106150877045327,                           0.34391026631271243,                                         7.45182198380712e-06,                                           0.3502056782097199,                                     0.24065436026369913,29351.664258147677,134201.13208744393, 163552.7963455916, 0.0005847771681823154
                             1.708307824981024,                           0.34064164464267677,                                       0.00015569064138101128,                                       0.00013112904550959337,                                      0.6744477317438935,29351.663237660836,14052.004770327836, 43403.66800798867, 0.0005841807151650832
                            1.7077560491966273,                            0.3409047957394591,                                         0.009830297869739655,                                         0.010690066617644971,                                     0.19497298667931057,  29352.1125869282,198.20447412025763, 29550.31706104846, 0.0009155817413073566
                              1.71991854354568,                           0.35020514391697966,                                         9.90623636735052e-06,                                            0.118615642574321,                                     0.19578608728325092,29348.610749662046,100957.79721941287, 130306.4079690749, 2.759742247972778e-05
                            1.7107968112066665,                           0.34335630296818986,                                       1.9499414097159117e-05,                                           0.7695751851676194,                                     0.21721393387124172,29350.243112074233, 51287.80400893262, 80638.04712100685,0.00014118693495536745
                            1.7103297451828423,                            0.3417299013374044,                                        8.022602112149736e-06,                                       3.0217377127081312e-05,                                     0.38443666115705344,29349.310005209794,157744.30394547235,187093.61395068213,5.5533027158364586e-05
                            1.7089489973933785,                           0.34195208071601213,                                        0.0004404153096777177,                                       1.9097184332296005e-06,                                     0.32522849842997154,29352.734180376796, 525910.9110487915, 555263.6452291682,  0.001704714785846563
                              1.71972943115994,                           0.35155543643928566,                                       1.8705958499173282e-06,                                        5.202789786094841e-06,                                     0.22920327535711477, 29350.36098846159, 726796.4383801429, 756146.7993686046,0.00015885013006254996
                            1.7186961089404564,                            0.3498255959896271,                                       1.3714177361133963e-05,                                        3.775682148665544e-06,                                     0.22347722575955153,29351.919758135027, 337772.9042524887,367124.82401062374, 0.0007550098933421072
                             1.719821047725315,                            0.3509895058600893,                                       1.9966752839656986e-05,                                         6.82495000883229e-05,                                     0.29766156982720193,29350.489472009605, 64738.22736527641, 94088.71683728602,0.00018062891394032604
                            1.7086928319562902,                           0.34161118158803977,                                         8.50949580446828e-06,                                        3.316863688741017e-05,                                       0.981070941768147,29352.501160940163,147667.66578267704, 177020.1669436172,   0.00135036966255322
                            1.7102953584195357,                            0.3429641456096266,                                        2.560517614563329e-05,                                         2.23368011817889e-06,                                      0.6802131454025635,29352.379454532227,  486749.197082159, 516101.5765366912, 0.0011956284791935997
                            1.7107820817441786,                           0.34375488157679296,                                        0.0005000464980905378,                                       2.3874156285828157e-05,                                     0.10144234799650803, 29352.34922631827, 43889.02004049321, 73241.36926681148, 0.0011600275527290942
                            1.7182698950264055,                            0.3490135632226695,                                       0.00045458497192203375,                                            0.945702722420911,                                      0.2935100508123814,29351.970114127438,2203.7313854274503, 31555.70149955489, 0.0007940026869730623
                            1.7105544131795094,                            0.3438382623236775,                                        1.939980111732009e-06,                                        3.169874920726478e-06,                                      0.8796456422648499,29351.633025310453, 830941.9710991505,  860293.604124461, 0.0005667951938608503
                            1.7097760715271648,                            0.3424420204835297,                                        4.047026210084773e-05,                                        4.122735431461101e-05,                                      0.5735393207764853,29351.938467260676, 48968.16196267343,  78320.1004299341, 0.0007692684348154778
                            1.7079637676662471,                           0.33973835574846506,                                       3.0912905891136795e-06,                                       3.2862382611198093e-05,                                      0.4119325082440372,29352.717926880807,353922.35815297265,383275.07607985346,  0.001677231168385685
                             1.708943975284908,                           0.34116681248359176,                                        1.907885150592462e-06,                                          0.04653748197229438,                                      0.3510983647659528,29351.626593088073, 524164.9837607437, 553516.6103538318, 0.0005631611411765834
                             1.709225551466832,                            0.3411813034394954,                                        5.574366224661969e-05,                                        5.089725925511776e-05,                                     0.37450086080018885, 29351.89886316257, 37589.61344010695, 66941.51230326953, 0.0007393976590386718
                            1.7104175624249882,                            0.3440865442980084,                                       1.0095068899307941e-05,                                         1.22164964337527e-06,                                      0.7618931141197387,29351.445275339167, 917626.4646469261, 946977.9099222653, 0.0004697722754970971
                            1.7200243787792902,                           0.35137230056479485,                                        3.186791928676133e-06,                                       0.00011480952081928549,                                        0.47493707637199,29351.662451389122,322508.12168482423,351859.78413621336, 0.0005837215709226756
                            1.7190111223272182,                            0.3497214500771054,                                        0.0002110102669102874,                                         0.012954198868068992,                                      0.4824245688761237, 29350.17878542495, 4819.160362133739, 34169.33914755869,0.00013239079843319125
                            1.7085754041389296,                            0.3399098890708843,                                       1.6799679233145873e-05,                                        6.284041815124405e-06,                                      0.5398060785436022,29348.995082321882,218661.13845485917,248010.13353718107, 4.053051064646139e-05
                             1.708297422418534,                            0.3409327476144775,                                       6.1975397683563745e-06,                                        0.0015533401780089317,                                     0.36269010625315756,  29352.1548793454,162001.05696825922, 191353.2118476046, 0.0009551343997476298
                            1.7107440130158589,                           0.34405777353962125,                                        3.339198817301952e-05,                                        0.0009140800776466779,                                      0.7840675313329036,29352.010743597904,31044.205916465016, 60396.21666006292, 0.0008269269136155957
                            1.7217007075202437,                            0.3528660605598245,                                       1.0341068198260397e-05,                                        0.0004088839521818648,                                     0.31131689841602667, 29347.70034160229,  99150.3244676524, 128498.0248092547, 1.110409900842296e-05
                            1.7184212916008228,                           0.34905409479268024,                                         8.88244947717905e-06,                                         0.030592928064358527,                                     0.44987146501185443,29351.571925375203,112617.11006609186,141968.68199146708, 0.0005332008023593832
                             1.708965057548947,                           0.34177377407307263,                                        0.0005733491451782229,                                         0.013887019548770784,                                      0.4547865373705743,29352.644078384434,1819.0735492835388, 31171.71762766797, 0.0015578331095964992
                            1.7089315825476272,                           0.34139835814332553,                                        1.623557510779965e-05,                                         0.015185855037897102,                                      0.3580868241652964,29352.160457448826,61661.916766887196, 91014.07722433603, 0.0009604771255021243
                            1.7102814827647213,                            0.3419875417928929,                                       2.3424229112537544e-05,                                        0.0011645977548049246,                                     0.41734497060724435,29350.141362490423, 43552.42892460118,  72902.5702870916,0.00012752790562835491
                            1.7106686849550914,                            0.3440802796311966,                                        7.628736993694209e-06,                                        0.0006576405619289881,                                      0.7613806034928382, 29351.49786064238,132606.79115403956,161958.28901468194, 0.0004951364396672496
                            1.7096338238773017,                           0.34157083777252656,                                       1.0145465853337309e-06,                                       0.00011123724937763575,                                      0.5003875103583737,29351.048968573697, 994654.7058785082,1024005.7548470818,0.00031606291491372766
                            1.7088578839195878,                           0.34184238939416217,                                        1.059030926101963e-06,                                        0.0008529729228791723,                                      0.4888918533603783,29352.712385950137,  945434.783428298, 974787.4958142481,  0.001667963446378595
                            1.7181832631805172,                            0.3487714648500732,                                        2.306132937787412e-05,                                         0.009134186675617037,                                     0.46950392890330783,29352.036168703828, 43474.98066391111, 72827.01683261494, 0.0008482211753121764
                            1.7086882080010346,                           0.34161336133780446,                                        9.097134873645807e-06,                                        0.0007585556577799584,                                      0.9842716368485802,29352.497431427662, 111245.9416970739,140598.43912850157, 0.0013453428216763017
                            1.7114959476060148,                           0.34460509612553486,                                         0.000515178629784524,                                       1.0473749714364355e-06,                                      0.4136781761356114,29351.177014561243,  956711.874275003, 986063.0512895642,0.00035923877511592517
                            1.7108428685513213,                            0.3441003976600633,                                       1.2654270229509975e-06,                                           0.5909102610547893,                                       0.594826418642067,29352.064278921585,  790251.670656796, 819603.7349357175, 0.0008724031451456917
                            1.7176623683913539,                           0.34834672609654155,                                       0.00012288307315998196,                                          0.00544133608936943,                                     0.38336239798305943, 29352.44773487003, 8324.466406685387, 37676.91414155542, 0.0012801180611471405
                            1.7114959730963273,                            0.3450441989724696,                                       2.0330064960694566e-05,                                          0.20076661285365302,                                      0.7551031420769262, 29351.39888546443,49196.113455127575,   78547.512340592,0.00044847735169493985
                             1.718883173159288,                            0.3492304463544565,                                       1.0301938731087387e-05,                                           0.2886452354435037,                                     0.11428837113695489,29350.955574038457,  97075.4355791464,126426.39115318486, 0.0002878808721963703
                            1.7084078094820159,                            0.3401328072630772,                                        7.701305997245099e-05,                                        0.0009189050498047448,                                     0.38353181504274797,29351.592534844014,14076.002379883623, 43427.59491472764, 0.0005443038081942985
                            1.7103494547378815,                            0.3431603378764036,                                       3.4986655831296636e-06,                                           2.2359667898662496,                                      0.5973388913771145,29352.143585355032, 285826.6205746818, 315178.7641600368, 0.0009444078080679371
                            1.7099084694180477,                            0.3432770090399937,                                       1.4099263585912967e-05,                                            2.342115254489382,                                      0.6902872497198562,29349.224761466736, 70929.03018268778,100278.25494415453,  5.09953363607456e-05
                            1.7208580334762293,                           0.35162335638818293,                                        3.092059623373617e-05,                                        0.0012836611066279354,                                      0.2198945700684991, 29347.67063174333, 33122.76865004241,62470.439281785744,1.0779050278026811e-05
                            1.7095937314922405,                            0.3417308082320604,                                       1.9794496083591026e-06,                                       0.00018540258068899777,                                      0.5267021272959642,29351.721064899273,510587.53025215014, 539939.2513170494,  0.000618958122655274
                              1.71061292335777,                           0.34339679828031366,                                         0.002328890422188372,                                         0.000130066650710912,                                      0.6597254112950417,29352.378145716182, 8120.666997553335, 37473.04514326952, 0.0011940646450651147
                            1.7108306496880668,                           0.34317037704017733,                                        7.146568020437502e-06,                                         0.001160643318405073,                                     0.37322279983043666,29349.061579628986,140791.80971093732, 170140.8712905663, 4.331731098377541e-05
                            1.7110514742051826,                            0.3439923328501665,                                        0.0010483561863060336,                                       2.0839138699500888e-06,                                      0.5604279553007527, 29351.61756847943,480823.06294438906, 510174.6805128685, 0.0005581016963669629
                            1.7083811352648515,                            0.3411387864898645,                                           1.0523008432907097,                                          0.20893049658656537,                                     0.47492268721568864, 29346.73423236984, 8.667937527435233,29355.402169897276, 4.225785191734571e-06
                            1.7099394053207981,                           0.34305851378672086,                                       1.1628538090051294e-05,                                         0.002461332499043532,                                      0.6687080074490961,29352.383952300726, 86404.53148863291,115756.91544093363, 0.0012010182511912912
                            1.7084402756508796,                            0.3398391282676939,                                        8.146074044716942e-05,                                        4.001912854449436e-05,                                      0.8235047004347398,29348.554099141722, 37266.84502222175, 66615.39912136347,2.6077473558844473e-05
                            1.7166146800542252,                            0.3471079661652063,                                        0.0011979839959145415,                                            2.560478126708277,                                     0.19203979518331799,29346.768814491432, 838.0071921926859, 30184.77600668412,4.3744780477991365e-06
                            1.7104807094151588,                           0.34386501230961586,                                        0.0008400290827140448,                                       0.00015057272270738997,                                      0.5417431581793157, 29350.99417385506, 7834.652235792254,37185.646409647314,  0.000299210270772424
                            1.7099153979517094,                           0.34264811112904076,                                         0.000741351714192192,                                       1.9792701854149093e-06,                                      0.3677028781179651, 29352.38033446358,506588.53775132564, 535940.9180857892, 0.0011966810131917856
                            1.7100878319933053,                           0.34321382468050005,                                        0.0014877323632200821,                                        9.029342922333272e-06,                                      0.2011968929143203, 29351.11211011409,111425.10759620134,140776.21970631543, 0.0003366631353285928
                             1.718119932270024,                             0.348871705903266,                                       0.00010806775555045812,                                         0.025694118734392264,                                      0.3402220699297978,29350.755783035496, 9295.239750422854, 38645.99553345835, 0.0002357461883972401
                            1.7100507169161157,                            0.3430167148156238,                                         0.005387913359760805,                                         0.018048985299443647,                                      0.3290165661934269, 29352.37864267962,243.92069536806463,29596.299338047687, 0.0011946581990128647
                            1.7110121963601403,                           0.34401566536371314,                                        1.099958097423547e-06,                                        0.0034244167939012225,                                      0.8456699905038543, 29352.11833627736, 909420.4680109087,  938772.586347186, 0.0009208609017477826
                            1.7089971092890712,                           0.34172049655316367,                                         0.029323931470959477,                                        0.0006952460918393671,                                      0.4607545241804817,29352.618155069013, 1475.367828219569, 30827.98598328858, 0.0015179678626974127
                            1.7083729092696194,                            0.3408511843332111,                                        0.0005381571484017536,                                          0.08353274625338238,                                        0.69552964374343,29352.348601251564, 1873.098470812265,31225.447072063827,  0.001159302684696227
                            1.7092273979937245,                            0.3409303391687723,                                        4.121470599856374e-05,                                        0.0001537592921193082,                                      0.3119799645686402,29351.979347309647,30769.789249378904, 60121.76859668855, 0.0008013678078838903
                            1.7086215706802825,                            0.3412001213369502,                                        0.0047738326095411706,                                         0.004061510789504068,                                      0.7843116390606972,29352.687142883526, 458.6199262501591,29811.307069133683, 0.0016263859139925248
                             1.708811213014321,                            0.3411343575163204,                                        0.0006324955933199667,                                       0.00013526723517688074,                                      0.9598801586157232, 29351.62789357578, 8976.743345668945, 38328.37123924473, 0.0005638940017527316
                            1.7102768122681935,                            0.3428035800085183,                                       0.00012346753830578438,                                         0.043258664065689435,                                      0.4097750208988457, 29352.09751285053,  8125.32875195403, 37477.42626480456, 0.0009018836931273708
                            1.7088506669757553,                             0.341719590985794,                                         0.047302128386581606,                                           0.5535166424313827,                                       0.260317321142735, 29352.76373958543,25.873704151692557,29378.637443737123, 0.0007107870172987018
                            1.7094735044832812,                           0.34242856217260254,                                       0.00013550370492895154,                                        4.896367540128403e-06,                                      0.7689835380173524,29352.837245315797, 211615.8266799191, 240968.6639252349, 0.0007650020867245206
                             1.709263657259271,                           0.34216645449316396,                                          0.20292434424418035,                                         0.016389818787095646,                                      0.3036258700959682,29352.811786681603, 68.86398641183612, 29421.67577309344, 0.0007457720029162264
                            1.7089823658750491,                            0.3417979427049305,                                       3.0343197830967036e-05,                                       1.8890691310040416e-05,                                       0.939123240487021,29352.820556593277, 85895.36635628137,115248.18691287465, 0.0007523411206987625
                            1.7094416057566693,                           0.34233606335163463,                                        9.555746101904921e-05,                                       1.9542167054700616e-05,                                      0.5570831475050102,29352.822818929482,61639.226289171136, 90992.04910810062, 0.0007540450960108358
                            1.7092335587267518,                           0.34180881541877317,                                       0.00011244626154617088,                                        0.0001054096654907357,                                      0.9106196950795424,29352.750080099806,18382.858598426996,  47735.6086785268, 0.0007011440412342895
                            1.7093032980506038,                           0.34184618486613166,                                       4.0236454256602676e-05,                                       0.00038115146594099063,                                      0.3303948719528126,29352.780687060465, 27479.63874795725, 56832.41943501771, 0.0007229357166454444
                             1.709311841124507,                           0.34226746209818315,                                        0.0018002267234736116,                                        0.0005160231473790967,                                      0.9410976634061738,29352.809035533508,2496.3048431482835, 31849.11387868179, 0.0007437230934102854
                            1.7092960969024307,                            0.3420865298056233,                                        0.0028425907517080446,                                         0.022894784972632455,                                     0.36389200373115393, 29352.86440401385, 398.3930648615305, 29751.25746887538, 0.0007860632497565406
                             1.717648653833026,                            0.3479218314807651,                                        8.655633040483027e-05,                                           0.3560053495167285,                                      0.1788826817461765, 29353.16921341435,11558.853158351372, 40912.02237176572, 0.0010661898239479608
                             1.709156314701794,                           0.34218771045727175,                                            2.97410205537e-05,                                        0.0004502424538161504,                                      0.5821312039415677, 29352.80060849118, 35847.54192862179, 65200.34253711297, 0.0007374820411611422
                             1.709448637723121,                           0.34229597471282325,                                          0.01133542280966977,                                         0.021526136710287035,                                      0.7118304498478693,29352.845487153318,137.59563207655566,29490.441119229872,  0.000771333163641752
                            1.7102061211688782,                            0.3432549841405308,                                        0.0002772775896651375,                                          0.01029844879834557,                                      0.8632560608874916,29352.376528228557, 3706.509420356951, 33058.88594858551,0.00048258712495191907
                             1.706926280669978,                           0.33884289588824473,                                        3.804935692288048e-05,                                        0.0002496633680401861,                                      0.4385837886193378, 29352.80528536984, 30289.99771162199, 59642.80299699183, 0.0007409392333137855
                            1.7089569586011066,                           0.34195056800750917,                                          0.00018987639300102,                                       2.8397132515364536e-05,                                      0.7412730980842936,29352.754063606695,40484.331707372854, 69837.08577097955, 0.0007039426237384755
                            1.7093101817972391,                            0.3419196026425939,                                       0.00029683695497392446,                                        0.0011010046472616308,                                      0.4964121001012825,29352.775065167603, 4280.038820588285, 33632.81388575589, 0.0007188828525585668
                            1.7093752739224963,                            0.3421979721801881,                                        0.0025643774400181552,                                       1.7087768509707428e-05,                                     0.37276274305700663,29352.831497476574, 58914.27251819717, 88267.10401567374,  0.000760617590485803
                            1.7093638880482322,                            0.3421122929581888,                                          0.00379154635103518,                                       1.0280748674909518e-05,                                      0.7627397934872016, 29352.77202829757, 97535.84829214134, 126888.6203204389, 0.0007167030103912522
                            1.7094796294660064,                            0.3426211256599986,                                       3.1125705764145006e-05,                                           0.8362602903903191,                                      0.3967966845266818,29352.784731292326,32131.900029532644,61484.684760824966, 0.0007258653563818969
                             1.709261825918786,                           0.34177218503929857,                                       0.00010273280524540396,                                        0.0004697350683991572,                                     0.35009268028842866,29352.781676095317, 11865.77454175019, 41218.55621784551, 0.0007236510789657496
                            1.7097059833044117,                            0.3424491610103435,                                        0.0004322998883702092,                                        0.0070776598947644934,                                      0.7984255994054372,29351.825979201883,2457.4187962584992, 31809.24477546038, 0.0002782757274881214
                            1.7088967728392088,                            0.3417759568945334,                                         0.023256499764535556,                                        0.0021372743679881085,                                    0.040535121680775776,29352.774732282935, 513.8102720985088,29866.585004381443,  0.000718643587304399
                            1.7089853768605179,                            0.3420246912150086,                                          0.13587999682408392,                                         0.006392400703284197,                                     0.11866088176529088,29352.638773836366,166.71895075286753,29519.357724589234, 0.0006272888260258569
                            1.7092198022912028,                           0.34208834276084915,                                         0.008472254432790217,                                          0.06528252644918613,                                       0.670897698671568,29352.810166298892,136.27359425872214,29489.083760557613, 0.0007445645453923268
                            1.7096374257951514,                            0.3422392238971517,                                         0.056249937891839255,                                           1.0021621279726463,                                     0.08500099965320795,29351.618732962143,21.697572703602994,29373.316305665747,0.00022618793124693496
                            1.7110600176365276,                            0.3439601727902279,                                       0.00048793832057887165,                                            0.726472741675546,                                     0.12777342796478552,29351.484612289987,2053.7231886159166,31405.207800905904,0.00019779784726898578
                            1.7081414736344187,                            0.3413615512139383,                                          0.17141230395972967,                                         0.010522846897168592,                                      0.2776972835725278,29352.150628021678,103.79464932912082,  29455.9452773508,0.00038500690432867853
                            1.7092034155314626,                           0.34232389579169265,                                          0.06533545440120787,                                         0.004505853256299608,                                      0.5651090677154836, 29352.69139904242,240.16038359680235, 29592.85178263922,   0.00066118407997769
                            1.7091389541896982,                             0.341784953754402,                                       1.3664894645553826e-06,                                        0.0006743237372041422,                                      0.7479040688458292,29352.750545815714, 733288.0956457347, 762640.8461915504, 0.0007014706512158656
                            1.7106898234444137,                           0.34355684928808794,                                        0.0011564779905828962,                                        0.0009328351454052842,                                     0.11334759567622982, 29352.34095938172,1939.6058662159196, 31291.94682559764, 0.0004657237408274978
                            1.7098370164611534,                            0.3430638951848548,                                       0.00015703780273536235,                                       4.4513233893347357e-05,                                     0.18671303767417452,29351.396492917454,28836.037546428866, 58187.43403934632,0.00018111390871257743
                            1.7108346639321534,                            0.3439278885917784,                                        4.403332794183571e-06,                                        1.958793372988012e-05,                                      0.3210874433465995,29352.525147382294, 278155.4536976216, 307507.9788450039,  0.000559912559654681
                            1.7095314693312802,                            0.3422540921828588,                                          0.20006958207797035,                                        0.0046176588796037095,                                     0.14978353216510787,29352.758268690144,224.48002205679208,29577.238290746936, 0.0007069089937602563
                            1.7106009125324617,                           0.34334179215834737,                                       2.2270932941442703e-06,                                         0.030333207721349637,                                      0.5638862284821896,29351.985036578415,  449051.645079845, 478403.6301164234, 0.0003262519136407168
                            1.7090569781586782,                           0.34063658714845035,                                       4.3500891401860034e-05,                                        0.0005932309445744762,                                      0.7020107729213257, 29351.64548741978,24676.654505404542, 54028.29999282432,0.00023232114624981146
                            1.7093723335033677,                            0.3425884507386217,                                          0.12676769160310217,                                          0.13102907479151696,                                      0.3567822238838998,29352.824818420107,18.439293426036425,29371.264111846143,  0.000755554310438497
                            1.7115002692751324,                           0.34396562556697713,                                         0.001159849429725609,                                          0.08881009167418054,                                      0.0573710297203498,29351.356317217276, 876.3481271614219,30227.704444378698,0.00017398175946288313
                             1.710804316617471,                           0.34369797465373675,                                       1.2768155648116187e-05,                                         0.009801675084847158,                                      0.3779639803515013,29351.991062863304, 78424.78015709714,107776.77121996044,0.00032822393663614846
                            1.7109110228224282,                             0.343793283490834,                                        4.137098426470256e-06,                                        7.183360833301992e-05,                                      0.2961591196251941,29352.017081926337,255639.27219343194,284991.28927535826,0.00033687608825741906
                            1.7099088804146012,                           0.34298645265771044,                                       5.7517552718823494e-05,                                       1.8298764630382735e-06,                                      0.8448960377556061,29352.396208977658, 563873.8913239815, 593226.2875329591, 0.0004921788779220258
                             1.710489510035877,                            0.3435466907281027,                                        7.604505416921014e-05,                                       0.00032623327470801506,                                      0.7809947249977098, 29352.77312629939,16218.301176244873,45571.074302544264, 0.0007174903837904017
                             1.708819158255572,                            0.3414622494635419,                                          0.00820966685283472,                                          0.08426115461792388,                                     0.08237996772050377,29352.688735157688,136.60406872489645,29489.292803882585, 0.0006594251056956787
                            1.7097688758395924,                           0.34264654562730446,                                       3.5969461960862204e-06,                                        0.0005364940033278327,                                     0.32295319005316936,29351.472353601708, 279880.4830398941, 309231.9553934958,  0.000195387906651961
                               1.7105254785552,                             0.343404980805998,                                       3.1633399677223278e-06,                                         0.002150310658579458,                                      0.4659635469307372, 29352.37998562745, 316589.5320323818, 345941.9120180092,0.00048425850879859906
                            1.7084158377123373,                            0.3401214509821095,                                        5.470488059098295e-05,                                        6.332449120556548e-06,                                      0.5057204100392191,29351.714826184936, 176199.6287622691,205551.34358845404,0.00024900162703144656
                            1.7094542401275188,                            0.3426048284887227,                                        1.671886421801352e-05,                                          0.46880488631582734,                                     0.42858020013406095, 29352.80703749758, 59817.72738624194, 89170.53442373952, 0.0007422385914868161
                            1.7103542406940644,                            0.3436496592166493,                                         0.022205626481268767,                                        0.0017728302775120728,                                     0.19184161135061834,29350.182166942068, 612.0133604927389,29962.195527434807, 5.377454359652723e-05
                            1.7097029397511763,                           0.34265444958184904,                                       1.1127601519796257e-05,                                          0.18795193320671408,                                     0.36723145769080745,29352.774524872933, 89874.86453669192,119227.63906156486, 0.0007184945488936805
                            1.7078280868671207,                           0.33953156066397355,                                        1.527602067402019e-05,                                       0.00012854743182267363,                                     0.41721255427543164, 29350.93918643632, 73244.24921395417, 102595.1884003905,0.00011464262512220952
                            1.7077293670691485,                           0.33949861427107797,                                        7.585459684293638e-06,                                        0.0028708885158164337,                                      0.5982095220651785, 29352.14873409259,132182.43642112406,161534.58515521666,0.00038427841862083423
                            1.7102063858213348,                           0.34324232128900134,                                       0.00020406748207613262,                                           1.0489617894701069,                                     0.44482293508011606,29352.627511157818, 4904.206496135731,34256.834007293546, 0.0006202635098223773
                            1.7103772253800307,                            0.3428786306215368,                                        1.197429463780413e-05,                                        0.0032508163328491104,                                      0.5560405461455222,29351.824541559155, 83822.75752646192,113174.58206802107,0.00027787595384681427
                            1.7098152185377382,                            0.3423904268120259,                                        0.0011852775125550878,                                             0.05032335419458,                                     0.11606915697656406, 29352.39819756218,  866.476407784053, 30218.87460534623, 0.0004931585910186751
                            1.7087525654667604,                           0.34165970385559286,                                         0.008361910216543072,                                           0.0630026126922909,                                      0.4384334652064757,29352.698833860708, 138.3891457509203,29491.087979611628, 0.0006661181828191187
                            1.7089210337679375,                           0.34150236461152783,                                       0.00018882857165517634,                                         0.004876017641050127,                                      0.7864784028013323, 29352.69637575413, 5503.822370897209, 34856.51874665134, 0.0006644828041237207
                            1.7100161221900883,                            0.3428663649651478,                                       0.00043366953116080623,                                            0.349935651196255,                                     0.12075712927653343,29352.791256020675,2311.6775495188654, 31664.46880553954, 0.0007306169151083639
                            1.7105551364447766,                            0.3438477058107084,                                       1.1668891187415396e-05,                                        1.510600715971581e-06,                                      0.6759052908988046,29351.597720432263, 747689.1537130113, 777040.7514334435,0.00022148473663918366
                            1.7075580592350006,                            0.3392386923186998,                                       0.00011590403672399228,                                        4.568803650618826e-05,                                       0.530218581526376,29349.589925030097,30518.342844169103,  59867.9327691992, 2.974194312147811e-05
                            1.7182119581190183,                           0.34860811061514935,                                         0.000260080161207945,                                           0.3152248496589231,                                     0.08186612525483339, 29350.48446260007, 3851.009284275968, 33201.49374687604, 7.275487003263982e-05
                            1.7182830063594494,                            0.3484839453594536,                                       0.00010360201678955842,                                           0.1826769142427676,                                      0.2799966951812274, 29350.52765839023,  9660.66546809341, 39011.19312648364, 7.596643788709433e-05
                            1.7096950449858175,                           0.34221879648924974,                                        0.0013140581712219298,                                         0.014248687802706791,                                     0.11647488514838689,29352.392383259557, 834.1053262273216,30186.497709486877, 0.0004902995374856664
                            1.7088382232863706,                            0.3414970010623562,                                       0.00011563754455462075,                                        1.785229222566097e-05,                                      0.8203795104474559,29352.702658684524,  64665.8544256046, 94018.55708428912, 0.0006686708461408708
                            1.7094478845594454,                            0.3424654978079778,                                       0.00042383598658899123,                                        0.0002566424598581456,                                      0.9034716602346814, 29352.82915119762, 6258.794623262761, 35611.62377446038, 0.0007588350614141168
                            1.7089222832266593,                           0.34043729898751285,                                       0.00020672599491954966,                                       0.00014895350825282043,                                      0.5637523041020147,29350.207400453874,11553.762593654847, 40903.96999410872, 5.514872902466518e-05
                            1.7091037409210672,                            0.3421071092402002,                                          0.05874150588316192,                                         0.025536244627562106,                                      0.7185045036985089,29352.794026260148, 59.10682491010988,29411.900851170256, 0.0007326437049765251
                            1.7088061058484392,                            0.3417623723366495,                                         0.003068389048751507,                                         0.002698199347313773,                                      0.6284344034633815,29352.698380912152, 699.4474617562607, 30052.14584266841, 0.0006658165338710348
                            1.7095999941133075,                           0.34265327292169784,                                       0.00038063359325161495,                                       6.0960082145756396e-05,                                      0.4723864378711595,29352.817165341596,19034.294258097896, 48387.11142343949, 0.0007497940639048606
                            1.7102126717336774,                           0.34279909386915364,                                         0.027094874964101585,                                       0.00023949495023576844,                                     0.44763007159193857,29352.160289006788, 4215.277891609336,33567.438180616125, 0.0003887444755381121
                             1.708809015563301,                            0.3404956410983469,                                       2.4492292901486765e-05,                                        8.028594958378837e-06,                                      0.5841775096341001,29352.076685707776,165386.90238266945,194738.97906837723,0.00035756563995510194
                            1.7098449534144184,                            0.3425871804192475,                                          0.00696637611072187,                                       0.00010516788604576157,                                      0.3702637344815346,29351.859271612684, 9655.071695307734,39006.930966920416, 0.0002876961413637543
                            1.7179922996516401,                            0.3483274731255504,                                       0.00026053579417847466,                                          0.05050866369412131,                                     0.26501533984596104, 29352.24376357149, 3860.913641835488, 33213.15740540698,0.00042258762310490804
                            1.7089931896529542,                            0.3415348263963188,                                         0.001195118063630329,                                       0.00023604679882788246,                                     0.48447422285281866, 29352.73171637215, 5076.113422220939, 34428.84513859309, 0.0006883859248296094
                            1.7104852522271041,                           0.34307120579112277,                                         0.022205526532253023,                                       3.7006765921737706e-05,                                       0.566417947870871,29352.010457309094,27070.034375108684, 56422.04483241778, 0.0003346517888152333
                            1.7097663408607584,                            0.3428670086635647,                                         0.005959592708573177,                                       4.7658450834241714e-05,                                      0.5046858229601552,29352.790489827137,21153.350833409273,50506.141323236414, 0.0007300573355498553
                            1.7090682929591772,                            0.3419883198097214,                                         0.006195604720600411,                                           1.8980511654283012,                                     0.13837347758251467,29352.810871002337,164.85567765218485, 29517.66654865452, 0.0007450894275139476
                            1.7084275120462553,                           0.34144929440786936,                                         0.004467829904607367,                                       0.00037223805488754383,                                      0.6115372458906503,29352.014991593962,2913.2038948237396,  32265.2188864177,0.00033617264073954387
                            1.7097439762395426,                           0.34246521027641713,                                         0.003383711012085436,                                       2.5639885374940974e-05,                                      0.3645470580512149,29351.858689966768, 39300.18793877338, 68652.04662874015,0.00028752885273414285
                             1.709570881024641,                            0.3412127474462005,                                        4.193072374767757e-05,                                        6.295265274399121e-06,                                      0.5118815203038363, 29351.39070100142, 182701.3327776639, 212052.7234786653,0.00018006794415394262
                            1.7092687006870633,                           0.34255421520482826,                                        8.772314148741117e-05,                                       1.5041945334245728e-06,                                      0.7153657650345617, 29351.54611991279, 676210.0479220668, 705561.5940419795,0.00021034586635242987
                            1.7087453060784374,                            0.3418342374478961,                                        0.0033310802746544426,                                        7.738642107648161e-06,                                       0.636529093314069, 29352.57603106104,129524.76513799095,  158877.341169052, 0.0005891402712397432
                             1.709612062825425,                            0.3427136962365027,                                       2.5984504531471313e-05,                                         0.003707051668816461,                                      0.7104596684175365,29352.805341728905, 38757.14846286283, 68109.95380459173,  0.000740980993133431
                            1.7084588500067346,                            0.3401464793059001,                                        8.398044779641427e-05,                                        0.0003356531149426112,                                      0.7364209579979215,29352.087412428595, 14889.73972247799, 44241.82713490658,0.00036142179170605803
                            1.7093608446445185,                           0.34208641891477576,                                        8.430715985796056e-06,                                           1.6944144510039323,                                      0.5099436002491653, 29352.49955679055, 118617.4012107977,147969.90076758826,  0.000545765849295787
                             1.709518551215231,                           0.34213962882207966,                                         0.003435092232014457,                                        0.0033239799904486358,                                      0.4095695580567423,29351.134477822015, 594.8799514836265,29946.014429305644, 0.0001393670454784856
                            1.7096189860373254,                            0.3420983900096849,                                       2.5508302985264316e-05,                                         0.004258718058131956,                                      0.5122055862471115,29351.764879646882, 39440.65709914273, 68792.42197878961, 0.0002617822084609347
                             1.708976356372052,                           0.34054495747202496,                                        0.0002462696340116789,                                       0.00021078378370866999,                                      0.7623351111710333,29351.635230034306, 8807.724392155322, 38159.35962218963, 0.0002299503187316552
                              1.70846046596424,                           0.34139792708539624,                                       1.3199094652226798e-05,                                          0.08136731770434297,                                      0.7670555793925846,29352.097452398975, 75777.99117514832,105130.08862754729,0.00036506873274513873
                            1.7093769609991518,                             0.342513978093411,                                        8.222315641541657e-06,                                        0.0026989533002941273,                                      0.8380714493266269,29352.783334435968,121993.67339080673, 151346.4567252427, 0.0007248521345711671
                            1.7098472077644364,                           0.34257386499172127,                                           5.173369998912e-06,                                          0.02311464445599117,                                     0.25513999693548406, 29352.11258923979,193343.78078622176,222695.89337546154, 0.0003706367548579325
                            1.7095815007077186,                            0.3421526767825936,                                       0.00019915416579887777,                                        3.862497702316427e-06,                                      0.5810930107985475,29351.710583508717,263923.98872316885,293275.69930667756, 0.0002479474316360617
                            1.7095445555918423,                           0.34236144601547414,                                        0.0030641995008407557,                                          0.09891286489712534,                                      0.3695033317528086,29352.795106712005, 339.3803061591949,  29692.1754128712,  0.000733435719017543
                            1.7101602765285797,                           0.34316168149940407,                                          0.12246585895983725,                                        0.0018729969253683501,                                     0.38797545097143254, 29352.63108951265, 544.9833254512721,29897.614414963922, 0.0006224870086121725
                            1.7096390334144225,                           0.34277493749128435,                                        0.0012001397665310765,                                         0.006877328674924568,                                     0.08715077273005067,29352.801869579405, 981.5589450002452, 30334.36081457965, 0.0007384126577515233
                            1.7100431422791105,                           0.34309878146289285,                                        9.311085524709437e-06,                                       5.1619037900924866e-05,                                      0.9120099981106178,29351.114660619765,126774.47513170648,156125.58979232624, 0.0001366323668872737
                            1.7098903750849388,                            0.3429019098203641,                                        0.0034527087156387025,                                        0.0022306808574475167,                                     0.30670887629229593,29351.476116297774, 740.8375830361582,30092.313699333932,0.00019612447683544455
                            1.7108854333240604,                            0.3439446169085478,                                        2.353590579633316e-06,                                       1.2799668377930466e-05,                                      0.6612054591651447, 29352.46565784631, 503012.6654765008, 532365.1311343472, 0.0005275750299360057
                            1.7110328690819456,                           0.34421664856371514,                                        7.931499070907262e-05,                                       2.7365020061112504e-06,                                     0.40654440983458495, 29351.07540048765, 378040.8885208834,407391.96392137103,0.00013137209719946496
                             1.709891730110623,                           0.34264194637249323,                                         6.09269975081478e-06,                                        0.0001518626432053893,                                     0.27993420528780427, 29352.35307665258,170718.66821880333,200071.02129545592,0.00047140137076159816
                            1.7093653594035576,                           0.34234951227954935,                                          0.08268769582954495,                                       0.00033048998282060496,                                     0.16042372364892865,29352.815588750294, 3040.825007149797, 32393.64059590009, 0.0007486128764755426
                              1.70822116740855,                            0.3398765681911706,                                        6.035123118344509e-06,                                        0.0022668029842295577,                                      0.5667405490750732, 29350.90895436152,166140.79470242118, 195491.7036567827,0.00011122860715165617
                            1.7085769831345863,                            0.3414824586296745,                                        0.0007887472241408262,                                        3.044809789787778e-05,                                      0.3939600145605799, 29352.68049893071, 34113.53577913444,63466.216278065156, 0.0006540162357660372
                            1.7098395958911052,                            0.3428785818197325,                                       2.5271947557188654e-05,                                        9.208555046011996e-05,                                      0.4548821481433972,29352.377515730608, 50431.94964952777, 79784.32716525838,0.00048306391610517815
                            1.7096905371040392,                             0.342385836567879,                                        9.410880553153125e-05,                                         0.003055033249973364,                                      0.2382501261130818, 29351.73552593905,10956.247580527857,40307.983106466905,0.00025420961556743825
                             1.708612739678318,                            0.3414554666297256,                                        0.0007269443332653465,                                        0.0012041859092466062,                                      0.4841709217653133, 29352.54051869845,2208.9863466077936,31561.526865306245, 0.0005685856401900827
                             1.708845988327382,                            0.3418973647052719,                                        0.0016594193872317023,                                         0.004378585301279695,                                       0.896585253934302,29352.408677665902, 833.9295377406416,30186.338215406544, 0.0004983541215006111
                            1.7093315931227742,                           0.34070535820729997,                                        5.143025152629845e-05,                                          0.00067698915162151,                                      0.7023546338807181,29347.904714973134, 20923.87287468801, 50271.77758966114, 5.514319304597303e-06
                             1.708721999623076,                           0.34164195788839735,                                        0.0017950302361840927,                                         0.010053626201474672,                                     0.06606674508291277,29352.509483209862, 659.4873193696825,30011.996802579546, 0.0005512103273428669
                            1.7087467524756934,                           0.34163856716798197,                                        0.0021993768050035134,                                        0.0020433086135185807,                                      0.7190863225926064,29352.702280551624, 947.0036521028924,30299.705932654517, 0.0006684180474936691
                            1.7099295187257697,                           0.34267005644583154,                                        0.0009624295969729956,                                            4.021627851238285,                                     0.09179932403383595, 29352.78051468542, 1042.203954964659,30394.984469650077, 0.0007228111113073823
                            1.7098769529866784,                           0.34277233662249373,                                        1.296358984898974e-05,                                           0.3038385875878109,                                     0.44467265970645425,29351.008872633793, 77145.33532120532,106496.34419383912,0.00012291657577926665
                            1.7082265898502969,                            0.3398238422101735,                                       3.6029294256536017e-06,                                        0.0010112832885067113,                                       0.678991164879034, 29350.93102007267,278543.71093496925, 307894.6419550419,0.00011371022410012548
                             1.709922900315274,                           0.34282298272354816,                                        0.0001317229626692296,                                        0.0007632528741370504,                                       0.762149488185398,29351.939697284684, 8904.789496016909,38256.729193301595, 0.0003117902014744066
                             1.708535966345846,                            0.3413273810900767,                                        0.0001224165269994162,                                         0.000580221559024713,                                      0.6514049992528508,29352.533441544445, 9895.240951401125, 39247.77439294557, 0.0005645758776391078
                            1.7088214081510458,                           0.34171827135471877,                                          0.06901709026877814,                                           0.2373981053221422,                                      0.4192890049148798,29352.731117346775,  21.6278856800624, 29374.35900302684, 0.0006879736876761452
                             1.708987108814414,                           0.34174834893620015,                                        0.0006514275106496014,                                       0.00020360058996903355,                                         0.2978302834264,29352.754957710524, 6449.593472127203, 35802.34842983773, 0.0007045723029908515
                            1.7090688238733014,                             0.342192287953262,                                        3.474236786782049e-05,                                          0.13110131671546912,                                      0.8587936793751638, 29352.63659995731,28793.850106910195, 58146.48670686751, 0.0006259266571162543
                            1.7107692730842987,                            0.3436309291956008,                                        4.328115795471437e-05,                                          0.08859547379208851,                                      0.4930977108423722,29351.991366588358,23118.939634409962, 52470.93100099832,0.00032832364160955487
                            1.7091775222347805,                           0.34219698793446335,                                        0.0011399450525372196,                                       0.00036779342817221057,                                      0.3987832395605946,29352.810918994353,3599.0750901523365, 32951.88600914669, 0.0007451251867159947
                            1.7092928322802037,                           0.34120360252802223,                                        6.163614963569022e-05,                                         0.007500243568875085,                                      0.6416076128932018,29351.953533392294,16360.504925706335, 45712.45845909863, 0.0003161341466003421
                            1.7107398492374901,                            0.3438001856103587,                                         7.85402851902164e-06,                                        3.392408560563457e-06,                                      0.5819342646728232,29352.572213549058, 422101.9185875104,451454.49080105947, 0.0005868955086261843
                             1.709377519782576,                            0.3420668350911655,                                        1.999613697872258e-06,                                          0.02110097309164811,                                     0.44770115345359496,29352.618728639296,500146.90877384815, 529499.5275024874, 0.0006148398854610909
                             1.710297028609451,                           0.34355807614753825,                                       0.00026778447714550065,                                       2.3110802360510804e-06,                                      0.6128670821791757, 29350.27130398093,436435.34540230775,465785.61670628865, 5.878796909263248e-05
                             1.708836616027958,                           0.34191189261506943,                                        1.743282941163352e-05,                                        0.0029185169748563943,                                     0.31909850239841087,  29352.3976770034, 57708.59929363907, 87060.99697064247, 0.0004929019397908073
                            1.7095030267876374,                           0.34186880964482813,                                       2.3131380759877845e-06,                                        0.0035552390121302356,                                      0.7520130997506301,29351.241522654956, 432597.3466748934,461948.58819754835,0.00015511331288870812
                            1.7091117707351016,                            0.3421983103908983,                                         0.002879557219157956,                                       1.4799957947969244e-06,                                      0.7617923488720789,29352.675982218978, 676027.7934101751, 705380.4693923941, 0.0006510688941183643
                            1.7086550594849754,                            0.3415828132518299,                                        0.0001671467562147188,                                         0.004109043892959452,                                      0.7641245661746051, 29352.69789186502, 6229.059582448249, 35581.75747431327, 0.0006654909978125326
                            1.7095753647752114,                            0.3423751318560734,                                       2.1288360545592658e-06,                                         0.004829462827339051,                                      0.8273508384191478,29352.753874631744, 469950.2423093941, 499302.9961840259, 0.0007038096087842798
                            1.7177333205990344,                            0.3481184128500974,                                        0.0004502643594250175,                                          0.20095771947781885,                                     0.24717069289969068,29352.825378260004, 2228.766266946161,31581.591645206165, 0.0007559774183108083
                            1.7109606333624308,                           0.34392445302416963,                                          0.01280761429670405,                                          0.15085899687217003,                                      0.1255078297512981,29352.025556724442, 87.61487535850456,29439.640432082946,0.00033974317693075254
                            1.7093645359649141,                            0.3420732364035486,                                         0.001348923716867793,                                       1.4056084601652251e-05,                                      0.6447093715120117, 29352.61181919887, 71887.82235648792, 101240.4341756868, 0.0006106063284994042
                            1.7106626615288039,                            0.3435844154057795,                                        1.813885388682846e-05,                                         0.008575162196621943,                                      0.4073520946569582,29352.335175241104, 55249.80119940287, 84602.13637464397,0.00046303770491576873
                             1.708388551825869,                             0.339880987600373,                                       6.0982964992652924e-05,                                       2.4150004790714054e-05,                                      0.5944099165457642, 29347.91497153407, 57808.82346113957, 87156.73843267364, 5.571168295784779e-06
                            1.7085022156517562,                            0.3415008414163765,                                       3.9868596816846504e-06,                                          0.05906270082358849,                                       0.610844735939361,29352.089277899595, 250843.8361336521, 280195.9254115517, 0.0003620966428392298
                             1.709719877593637,                           0.34282957629865163,                                        0.0009730876707830992,                                         2.53042058226127e-05,                                      0.4637849319320356, 29352.80865889295, 40549.69565272718, 69902.50431162014, 0.0007434430298750249
                            1.7092230944841358,                            0.3410077299087644,                                       1.1166479567426184e-05,                                       1.7461375705017588e-06,                                      0.6105369059391039,29353.144691267385, 662249.2344333464, 691602.3791246138,0.00032676727693184936
                             1.709361016252753,                           0.34220523535781683,                                         0.003400263201121566,                                         0.004378648438048004,                                     0.23973031586568283,29352.865903929916, 525.3980786528999,29878.263982582816, 0.0002472650624869262
                            1.7104420110299832,                           0.34359236036187885,                                        4.253228629167266e-05,                                       1.2600121151556307e-06,                                      0.4523108670987305, 29353.03171475202, 817157.6236062621, 846510.6553210141,0.00029185926322415856
                            1.7100169861647483,                            0.3427728652420179,                                       2.8030758398728035e-06,                                         0.002173578533042915,                                     0.43328437799139913,29353.001871577177,357213.94930890715, 386566.9511804843,0.00028327794004414964
                             1.708995905200483,                            0.3418307437378467,                                       1.5264472232813053e-05,                                         5.04464760519556e-05,                                      0.2963550719063297,29352.818127353057, 85337.51567360834,114690.33380096141,0.00023572934692807563
                            1.7096996333284658,                            0.3427284467369806,                                        4.174385543094444e-06,                                         0.010509538627446146,                                      0.2742482886264575,29352.829051156205, 239654.2842607177,269007.11331187387, 0.0002383185239932038
                              1.70930066734124,                            0.3420755391598323,                                       4.7050650017815546e-05,                                       1.2193642725892282e-06,                                      0.7804186817363795, 29352.87128218002, 841356.0900004045, 870708.9612825846, 0.0002485984983970276
                             1.709084924711929,                           0.34193116696699477,                                        0.0015401401494623847,                                          0.04516633060347949,                                    0.042210200818218246,  29352.9248417701, 674.3565111915005,  30027.2813529616, 0.0002622763526291198
                            1.7101902354261744,                           0.34315265811410567,                                        3.193450572776484e-05,                                          0.33558479481500836,                                      0.4518055417171509,29352.935115345987, 31319.98445153753, 60672.91956688352,0.00026498475732030804
                             1.710048580527099,                           0.34284566448855275,                                       1.1950463225309414e-05,                                          0.02209277026508185,                                       0.562820085162189, 29352.85910869817, 83726.94511654392,113079.80422524209,0.00024559053492909805
                             1.710439042658225,                            0.3435694519016924,                                         0.012867247033542296,                                         0.006158995661587971,                                     0.23286856553314417,29353.043450345285,242.99145590519794,29596.034906250483,0.00029530458171388087
                            1.7095646801153923,                            0.3424460014639012,                                       0.00020107046959675718,                                        3.177457157320493e-05,                                      0.9586343286908421, 29352.85725628744, 36448.00769627991, 65800.86495256735,0.00024513602148999855
                             1.709900018285391,                            0.3425317502936898,                                        2.854249106316867e-06,                                         0.005899216284990477,                                       0.899230476285548,29352.827063373225, 350527.2773464741,379880.10440984735,0.00023784526900732587
                            1.7102252139031704,                           0.34310074126248485,                                       0.00019878059239471061,                                         0.008007579064706638,                                      0.8789843490507621,29353.026178736807, 5158.468484759636, 34511.49466349644,0.00029024799003399255
                            1.7091010617548072,                            0.3419684918348727,                                         0.034148899167131944,                                          0.07604346722738413,                                     0.35500177032280394,29352.922564882963, 45.35814039302564, 29398.28070527599,0.00026167985830883775
                            1.7094930437321596,                           0.34252883101853887,                                          0.03806925207983642,                                         0.027242033200139612,                                      0.3445054549260702,29352.836678184613, 65.89536012327466,29418.732038307888,0.00024014313548265692
                             1.709623231191244,                           0.34263246769642763,                                        4.936377327224657e-06,                                        0.0031994228404444046,                                      0.8271950298960757,29352.844720144116,202893.18198585545,232246.02670599957, 0.0002420821431135028
                            1.7091437552694417,                           0.34202464618970246,                                         4.32641303030215e-05,                                         0.008778339660207775,                                       0.275027038696541,29352.859217011133,23230.676235432446, 52583.53545244358,0.00024561713700865925
                            1.7097505982466987,                           0.34280130485182375,                                        0.0010922642670183303,                                       1.5797540326802246e-06,                                       0.562332899329774,29352.801748923433,  633928.383052242, 663281.1848011655,0.00023189991604556783
                            1.7096132036401452,                           0.34251805753544673,                                         0.002222946101068152,                                        0.0017755348029044463,                                     0.48094245389622825,29352.848478671305,1015.9836041682485,30368.832082839555, 0.0002429937274646085
                            1.7103776697185868,                            0.3435135192507786,                                        0.0006316970552751848,                                       4.7519507501932836e-05,                                     0.15852396909262678, 29353.00054052791,22629.937536333902,51982.938076861814,0.00028290113397961544
                            1.7096430446360757,                           0.34248425538453636,                                       0.00013449563689846817,                                        0.0001048848324563243,                                      0.7430715297798225,29352.805719985623,16972.372302911695, 46325.17802289732,0.00023282263591035656
                            1.7092755000370974,                            0.3420499402609223,                                         0.011718500637305115,                                       4.0491744404116835e-05,                                      0.6311600821128696,  29352.8635630341, 24784.65088242167,54137.514445455774,0.00024668691768933395
                             1.709500121823603,                            0.3422980744566012,                                        0.0019647187723442422,                                         0.008678723736381035,                                      0.8348680684258742,29352.889820049426, 627.1244423089279,29980.014262358352,   0.00025324996583568
                            1.7081872718064277,                            0.3399998128241005,                                        4.293254897578643e-05,                                       0.00040382713122731726,                                      0.7947433526544324,29353.007939759784, 25771.59929572822,   55124.607235488, 0.0002850021484277185
                            1.7095018377676585,                            0.3425829581306525,                                       2.1365028706857225e-06,                                        0.0006022079978439537,                                        0.82878160246648, 29352.82396012666, 469718.0764487626, 499070.9004088893,0.00023710832055151684
                            1.7102343347558087,                           0.34321648422510054,                                        8.155651304967866e-05,                                          0.17308626710303388,                                      0.7296226414097005,29352.939529309224,12270.127506247381,  41623.0670355566, 0.0002661569754582511
                            1.7095886425393827,                           0.34260748833269355,                                        0.0011715064125860871,                                        6.199274942068738e-05,                                      0.5966741488739195, 29352.82540049521,  16987.4392925233,46340.264693018515, 0.0002374500899970574
                            1.7095918667052037,                             0.342504958242374,                                          9.8295007830123e-05,                                       1.2282061725067755e-06,                                      0.7053946670902698,29352.766585458412, 824371.9261928732, 853724.6927783316,0.00022388721424360504
                            1.7093041002801748,                           0.34118312580395393,                                        0.0002022073848367231,                                        6.074052166939814e-06,                                     0.23450808825488956,29351.088714952144,169583.08889939036, 198934.1776143425,4.1815701833446386e-05
                            1.7106478732913946,                           0.34332091977090234,                                        1.047719660700809e-05,                                          0.03530063808183989,                                      0.8942078766571977,29352.008917431427, 95476.61972978737,124828.62864721881,0.00010494898660347455
                            1.7086875850223262,                            0.3405622339689035,                                       1.0033793819306423e-05,                                         4.07310090079962e-06,                                       0.494038429290484,29350.506307086536,  345179.327446039,374529.83375312557,2.3356236712258022e-05
                             1.709187898202744,                            0.3410943432480977,                                       1.3656043505993105e-05,                                       1.3124217279318178e-05,                                     0.40555271451963587,29350.958060482717, 149425.6037725726, 178776.5618330553,3.6694153658640585e-05
                            1.7106494542503299,                           0.34356840131161825,                                       2.9278554039917714e-05,                                           0.1227618117578619,                                      0.7357800946697324, 29352.34605774151, 34165.74864001185, 63518.09469775336,0.00014702677312677983
                            1.7089863716645919,                           0.34179399929358395,                                       0.00030777273047137435,                                         5.34770016625399e-06,                                     0.14817154483454337,29352.795806050653,190248.34945581591,219601.14526186656,0.00023052585133676398
                             1.708952528398241,                            0.3420727201659273,                                       1.6742536482311396e-06,                                        0.0002483124659983349,                                      0.5712892510558609, 29352.59268349708, 601311.1711433226, 630663.7638268197,0.00018815017664308267
                             1.710182572660984,                           0.34344084438359296,                                       1.5511250514019796e-06,                                       5.1470844552681506e-05,                                      0.6185467902935716,29350.101271727905, 664124.7327394746, 693474.8340112026,1.5577517466556363e-05
                            1.7096321915237138,                           0.34162273337475446,                                        5.421280502619434e-06,                                        4.360156679171238e-06,                                      0.4784428673011306,29351.181660527658, 413810.7493724213,443161.93103294895, 4.588863516224301e-05
                            1.7100106749961967,                            0.3427441660757446,                                       0.00017257042842586546,                                       1.7757791441495412e-05,                                     0.16177459076989836,29352.999865535676,62110.962389804416,  91463.9622553401, 0.0002827102423430938
                            1.7103959927320258,                           0.34318188494560414,                                        0.0003503036132478439,                                        9.466589226335384e-06,                                     0.34708217173291367,29352.408625341544,108492.24737842886,137844.65600377042,0.00015651976568997392
                            1.7091731755883968,                           0.34089634547867415,                                       2.7457046172173596e-06,                                        6.795919799922175e-05,                                      0.4034352567655632,29351.996474314645, 378922.8817478802,408274.87822219485, 0.0001036511851991567
                            1.7096900835909072,                            0.3423019618643338,                                       7.1007988391681136e-06,                                       1.2142135748248064e-05,                                      0.2980630823110037, 29351.67937898804,223189.98073362105, 252541.6601126091, 7.548514989969845e-05
                            1.7099691876785927,                            0.3425922422812579,                                        0.0004752991166482775,                                        0.0021413396520634565,                                      0.7345268171330976,29352.497292814223,2573.8545659863353,31926.351858800557,0.00017103184598995456
                            1.7096466796514194,                            0.3427191700571287,                                        0.0012676153132787848,                                        4.629144166639078e-06,                                      0.4918678534052593,29352.830290057045,216814.45284241135, 246167.2831324684,0.00023861395998309097
                            1.7099704812315262,                           0.34301883553981843,                                       2.3340373324589673e-05,                                        1.175292248527978e-05,                                     0.44224399118191754,29351.472762856953,127932.35185257338,157283.82461543032, 6.139447305753969e-05
                            1.7103261035410375,                           0.34324260024571784,                                        0.0019443778332570909,                                       0.00013652253427276666,                                      0.5397564135443789, 29352.68875427272, 7842.014826728847,37194.703581001566,0.00020712267105248863
                            1.7094686351826303,                           0.34240941357018817,                                        8.500061965237434e-06,                                         0.024809132451620256,                                      0.7394495444353644, 29352.81531716565, 117689.4293974537,147042.24471461936, 0.0002350678332095984
                            1.7081423403744387,                           0.33989201104488076,                                       2.5334020574224292e-05,                                        0.0005638378111468816,                                      0.7362192629079418,29352.689182732745, 41249.11517713659, 70601.80435986933,0.00020721143385169305
                              1.70957551073555,                            0.3423668772387692,                                         0.008507307749248407,                                         0.026724247452238007,                                     0.09472583863824813,29352.756751707242, 157.8860451769547,29510.642796884196,0.00022169635293622396
                            1.7104674663383668,                           0.34318391911226204,                                       0.00041696650294012976,                                       1.0252228754202412e-06,                                      0.7577203858738254,29352.339951500548, 977798.8542551491,1007151.1942066497,0.00014613172768480253
                            1.7097212038908705,                           0.34250169273592285,                                       0.00016257714768615832,                                          0.00568204679604485,                                       0.861531669285535,29350.916477091356, 6329.838583367407, 35680.75506045876, 3.519957646034557e-05
                            1.7089704592031425,                           0.34179982210672644,                                        0.0015429053151249802,                                          0.08109697037987082,                                    0.009563587981011368,29352.812269767383, 663.3845177291614,30016.196787496545,0.00023435257828909663
                            1.7102311781995465,                            0.3432587683386881,                                        0.0005001727719187875,                                       0.00016200415725866777,                                     0.09550823647521706,29352.877974537965,  8174.90350737352, 37527.78148191149, 0.0002502677880441126
                            1.7101338767150143,                            0.3431372224963183,                                          0.08602952621914715,                                         0.040411210108230726,                                     0.17993571967336358,  29352.3745696095, 39.28381103613986, 29391.65838064564,0.00015127911409911453
                             1.710357630491224,                            0.3429306247309704,                                         0.002863441178061248,                                         0.038944980543227564,                                     0.04297307307988607, 29352.10800304651, 377.8234444001985,29729.931447446706, 0.0001158805599807114
                            1.7094935665238578,                           0.34253373012497823,                                        4.048097663016508e-05,                                         0.011147248462242246,                                      0.8006813872262191,29352.835351648635,24795.588979592892, 54148.42433124153, 0.0002398247881699378
                             1.708955917084445,                            0.3417767108133116,                                       0.00015171706074065924,                                       1.2618837720388418e-05,                                      0.8848800529029648, 29352.81076775262,   85840.743591399,115193.55435915163,0.00023400084148004222
                            1.7094034322829392,                            0.3422084531912984,                                       4.9437475509577244e-05,                                          0.03137723306247254,                                       0.679474946732344,29352.846098615177,20262.362508076763,49615.208606691944,0.00024241607644798379
                             1.709202134087299,                           0.34201869358524534,                                        5.888849484045398e-05,                                        6.543145813377171e-05,                                      0.4171152196150354, 29352.82732763904,32267.338022530683, 61620.16535016972,0.00023790813168695672
                            1.7097710469371565,                           0.34238611175245465,                                       0.00016935934239422997,                                        0.0001719195701115723,                                     0.48454377717224417,29352.203609928372,11724.199017523675,41076.402627452044,0.00012750644179080668
                            1.7102496978651858,                            0.3433357258437504,                                       0.00011898467450070187,                                        0.0003669108188802505,                                     0.11858511858853948,29352.377969979905,11132.814245330968,40485.192215310875,0.00015179439469767745
                            1.7090467880087534,                           0.34214437663186015,                                        6.876805896505494e-06,                                         0.004206861363436311,                                      0.5256146963195397,  29352.6520311792,145656.97774000588,175009.62977118508,0.00019965445314131352
                            1.7101292688282146,                           0.34319739559400836,                                        2.285742737810782e-06,                                         0.007856423931547217,                                       0.374843110545542, 29352.36887823621, 437624.7523074636, 466977.1211856998,0.00015042057364469258
                            1.7097412023787681,                            0.3425652628518294,                                       0.00020958781683049342,                                       1.0342848829251535e-05,                                     0.23876409899295106,29350.906142257892,101459.34944073093,130810.25558298883, 3.483766805245628e-05
                            1.7089815711291112,                            0.3419512922051863,                                          0.08020611118567961,                                        0.0001145265165507961,                                      0.5124303741846736, 29352.77014130259, 8746.994611800115,  38099.7647531027,0.00022468473938809017
                            1.7106914864715663,                           0.34390868862085916,                                        0.0013599035506261983,                                        0.0017617738560744766,                                     0.12883343908561734,29351.408772200397,1305.8637557753955,30657.272527975794, 5.758886074732651e-05
                            1.7100467472705847,                            0.3427988297663855,                                        0.0007332627883507614,                                         0.042127575939440255,                                       0.579999616501006,29353.003972020484,1390.4221386232457, 30743.42611064373, 0.0002838735746268053
                            1.7093259704404713,                            0.3421073655459835,                                         0.012690819652573944,                                          0.06387108617359451,                                     0.09424393247879603,  29352.8554591192,  97.3767125072945,29450.232171626496, 0.0002446958664527034
                            1.7095859351235865,                            0.3423991782443424,                                        3.395894658580875e-05,                                         0.036019014388093525,                                      0.6185802992140483, 29352.83323865439,29478.004654175496, 58830.83789282989, 0.0002393185747744573
                              1.70928334398459,                             0.342159071148019,                                        7.987643738007865e-05,                                         0.005290163630967154,                                      0.5619233245091408,29352.827016057345,12711.289212220285, 42064.11622827763,0.00023783401541540943
                            1.7094419885298269,                           0.34236824684585937,                                       0.00032339437222856515,                                        6.530117422168405e-06,                                      0.7253790002175025,  29352.8368866455, 156231.7237101701, 185584.5605968156,0.00024019320115161157
                              1.70943160171575,                            0.3422262398970933,                                        0.0008571617352517158,                                       2.3117137891418538e-05,                                      0.4638225982314359,29352.857170406067, 44427.51322976928, 73780.37040017535, 0.0002451149697759389
                            1.7095736356177074,                            0.3422359971748954,                                        0.0022145394138355277,                                        0.0018861658561924836,                                      0.6837881148809705, 29350.73708077543, 984.6591958375459,30335.396276612977,2.9418912040761123e-05
                            1.7105994902490531,                           0.34339418330668514,                                        0.0006953346236749439,                                       2.4550101557231005e-06,                                      0.5781716368767654,29352.338438822375,408771.35912890243, 438123.6975677248,0.00014591084451468409
                            1.7105600619448982,                            0.3432885916278764,                                        0.0007823189215297755,                                        2.572727364301704e-05,                                      0.5733516054812332, 29352.32058733884,40150.420639858086, 69502.74122719692, 0.0001433292308508444
                            1.7091423591048336,                           0.34215384978543834,                                         0.020655890532440012,                                         0.010184457735655562,                                      0.2357784801681715, 29352.80297231414,149.52383311499048,29502.326805429133,0.00023218379385921717
                            1.7103736578644744,                           0.34344821441418927,                                       1.8601990125148486e-05,                                        4.579643760786424e-06,                                      0.4422884998017916,29352.952114465523, 272118.1961832732,301471.14829773875, 0.0002695277690862907
                            1.7101810912122886,                            0.3430415396269744,                                        0.0010253702682374048,                                          0.00109818296606263,                                      0.7474746557329808, 29353.01790168251, 1888.767630264587,  31241.7855319471, 0.0002878555066770197
                            1.7103854295385492,                            0.3430303411197022,                                        5.997911661782559e-05,                                           0.2872912323500049,                                      0.3286523264920932, 29352.34474641834, 16678.86560837742, 46031.21035479576,0.00014683409986879028
                            1.7102773997345768,                            0.3431809716760098,                                        9.350103004963029e-06,                                        0.0021079368404141115,                                      0.4565113018783455,29352.678534995946,107428.00485757849,136780.68339257443,0.00020501680568832089
                             1.710183183158391,                            0.3427894586571657,                                       0.00044984079003250926,                                       0.00018436163798060077,                                      0.6595859098797133, 29352.14268170363, 7650.047875471389, 37002.19055717502, 0.0001199696342003232
                             1.709658078034949,                           0.34244427672896577,                                          0.00898249705691861,                                         0.003557938348093378,                                      0.5148202963409859, 29351.39696234196, 395.3094446308747,29746.706406972837, 5.691274472997126e-05
                            1.7089868215133897,                             0.341842268295797,                                         0.020642553464039575,                                         0.014696866124146547,                                      0.1617421769699045,29352.808380666767,119.41066163072068, 29472.21904229749,0.00023344292754088824
                            1.7099846946820418,                            0.3426419883031795,                                        0.0009294917765278769,                                        3.349104958212954e-06,                                      0.7938542805458104,29352.664278539887, 299666.0134715965, 329018.6777501364,0.00020211472842802296
                            1.7096517699546487,                            0.3425061594407789,                                        0.0004694814863044855,                                       4.6598294296422034e-05,                                     0.48025484267679575, 29352.80411751412,23592.942070755573,52945.746188269695,0.00023244984304553401
                            1.7107249660176223,                           0.34355024875797363,                                        0.0017352557512029776,                                         0.012555612313220322,                                    0.011297958251542395, 29351.98378504745, 658.8403677844314,30010.824152831883,   0.00010234423725773
                            1.7082684699721562,                           0.34028499810986274,                                        3.439681407162048e-05,                                        3.580196023864046e-06,                                       0.362632538505354,29351.952864430248,308389.71368556464, 337741.6665499949,  9.92281147591801e-05
                            1.7100224269637416,                           0.34276658824133904,                                         0.000478845682110192,                                        0.0021353986596512934,                                      0.6477543181356108,29352.999797555214,2559.5695400774653,31912.569337632678, 0.0002826910242235536
                             1.710224963622803,                            0.3430528421179017,                                        8.262547418852631e-05,                                        0.0019950360139628642,                                      0.8558489473466354, 29352.67927453245,12606.964061276687, 41959.64333580914,0.00020516847917694404
                             1.709616683593937,                             0.342280441217498,                                       2.6064696802647032e-05,                                        0.0002196348084042883,                                     0.21813355515009547,29351.572809574052, 42922.00464128317, 72273.57745085722, 6.785455604779097e-05
                            1.7099139766938016,                           0.34257321477478425,                                          0.04122957485731023,                                       3.1575131985786444e-05,                                      0.5551755652879549,29353.000899921062,31697.666627873972,61050.667527795034,0.00028300282498188784
                            1.7089812605911563,                            0.3408634938402721,                                       1.5133491505516389e-06,                                        1.885608253773386e-06,                                      0.7004625159957547,29351.070542944864,1191121.8292141678,1220472.8997571126, 4.106268919257612e-05
                             1.709462712394132,                           0.34243054788801836,                                        0.0018355886192102677,                                          0.04429996644837595,                                     0.22034177160799862,29352.850359573207, 570.2780564575828, 29923.12841603079,0.00024345120492902551
                            1.7099705352166632,                           0.34289558459048597,                                       3.5595614515352125e-05,                                         0.011964256461531625,                                       0.332228349885309, 29351.94545441761,28179.847031011774, 57531.79248542938, 9.849555068142053e-05
                            1.7094422077096243,                            0.3421770798087828,                                         0.005802733765816502,                                          0.10895743587246297,                                     0.10197724884623788, 29352.80574473757,184.43292534227368, 29537.23867007984,0.00023282839879489666
                            1.7097894055940646,                            0.3425378273789978,                                       0.00024635037600001606,                                        2.025757697596836e-05,                                      0.6167597660940916,29351.851642697875, 53426.42381111577, 82778.27545381364, 8.967568451483702e-05
                             1.709492324155143,                            0.3424227780560111,                                        2.883597659714536e-05,                                        4.749369475938707e-06,                                     0.24041033225627878,   29352.825993202,245236.08730581313,274588.91329901514,0.00023759086999430875
                            1.7096431602349895,                            0.3427393648683425,                                       1.7235303541150894e-05,                                         0.014650884893320166,                                      0.4899223968812058,29352.807236508816, 58091.61902449549, 87444.42626100431,0.00023317598470056226
                            1.7099297575703978,                            0.3428647899828284,                                        5.652132834062838e-06,                                           0.0328332838044556,                                       0.746602699616391, 29352.02786455363,176957.73627778795,206309.76414234156,0.00010695642541766177
                            1.7096626826952113,                           0.34266189702933775,                                         0.012443502708283639,                                        0.0004615454575153913,                                      0.5967547704821312,29352.827885791703,2249.9153778603236,31602.743263652028,0.00023804095780959308
                            1.7096093726196457,                            0.3425245643964761,                                          0.04637637177758367,                                         0.023299287911226388,                                      0.5030374229278218,29352.769983060978, 67.40196976992198,  29420.1719528309, 0.0002246491877257681
                            1.7102765502510562,                            0.3429291662258539,                                       1.7324078176748334e-05,                                           0.2456967908788086,                                      0.2858681359230866, 29352.37923857694, 57730.11514581403, 87082.49438439097, 0.0001519870828128104
                            1.7095485259219902,                           0.34243465852691435,                                          0.03264766097260146,                                         0.005735318886684133,                                      0.5269267756216562,29352.868620515117,207.90855219245006,29560.777172707567, 0.0002479376923107797
                            1.7097009489431394,                            0.3423483448506277,                                       0.00046467801407259134,                                        0.0004945548710364571,                                      0.8062114640063505,29351.623153069417, 4176.969114940673, 33528.59226801009,   7.1358040477331e-05
                            1.7093149990042786,                            0.3424546993637946,                                          0.07756549370999555,                                         0.020639219993463312,                                      0.2923716938350122,29352.835333122915, 64.26386844059817,29417.099201563513,0.00023982034528433765
                            1.7098639486659784,                            0.3428041377309153,                                         0.004027663507235971,                                           1.8572157782615355,                                     0.18561069055814894, 29351.00114063633,251.73846405280193,29602.739604689134,3.8309488044551335e-05
                            1.7097169445013718,                             0.342545244764908,                                       0.00021992080119871438,                                        0.0016668099972577365,                                      0.5339137321798242, 29351.39263751494, 5149.959201415885, 34501.35183893082, 5.666713843878867e-05
                            1.7090209896523387,                           0.34186840773591304,                                        0.0002176041292321145,                                       2.3169433749990713e-05,                                      0.9129893983357666,29352.821464137887, 47758.73858464817, 77111.56004878605,0.00023651723881871036
                             1.709872206469438,                            0.3428717341698107,                                       1.1495967364722573e-06,                                        0.0002579196571194266,                                      0.6338927798992945,29351.439005964825, 873750.3424305947, 903101.7814365595, 5.935657649678403e-05
                            1.7096657635241639,                           0.34230881363142474,                                        0.0016139395439157913,                                        0.0004881474248602648,                                      0.5912383986697717,29351.676160502946,2671.0846910526216, 32022.76085155557, 7.524259261286076e-05
                            1.7095199164332666,                           0.34225565839047734,                                        8.074193720819277e-05,                                        0.0023409335482439744,                                       0.886150303981502,29352.758714084586, 12815.23936548681, 42167.99807957139,0.00022213183198387004
                            1.7108402435747987,                              0.34390092280391,                                       2.2369652708491255e-06,                                        0.0005690429416688513,                                      0.5263426926167089,29352.524132766404, 448794.4532493829, 478146.9773821493,0.00017568449164734315
                            1.7094958793679471,                            0.3424971694106912,                                        1.472634612052665e-06,                                        0.0004115033539018123,                                      0.8231641549525881,29352.827963425425, 681488.1038737791, 710840.9318372045,0.00023805943853248058
                            1.7103513121096727,                            0.3430264040829043,                                       2.0704827806398414e-05,                                         1.90153318121804e-05,                                      0.5207886266956105, 29352.33681765397,100889.97237311471,130242.30919076868, 0.0001456744901005138
                            1.7108680778745762,                             0.343799829049232,                                       1.4300726928100536e-05,                                       2.1355834510475647e-05,                                     0.30010994151026427,29351.995303985685,116755.03497517334,146107.03027915902,0.00010352995017163452
                             1.709593844874713,                             0.342499567140783,                                        0.0006809742800929209,                                         0.052699386801720254,                                      0.6959328072634567,29352.768476778165, 1490.379507279594, 30843.14798405776,0.00022431105723926513
                            1.7096267152836362,                           0.34268038934865447,                                        0.0004585832081271446,                                        0.0060109296351261885,                                     0.09705828415576345, 29352.83062626097,2349.9111321301716, 31702.74175839114,0.00023869419641996115
                              1.70964540598169,                            0.3424071873289633,                                        5.285415625310295e-05,                                         0.008518966793550442,                                      0.4125942740230973, 29351.40136630005,19040.293587611217, 48391.69495391127, 5.716393879060759e-05
                             1.710435817830336,                            0.3431809273532041,                                       5.5057205399528025e-06,                                        0.0027510348759340474,                                      0.7498048333931338,29352.339001707704,181995.68303358348, 211348.0220352912,0.00014599299870788414
                            1.7091959410112756,                           0.34210773658648835,                                        0.0018933245430517362,                                        4.695201732806098e-05,                                      0.3932859928206244, 29352.86457707219,21829.433909952633, 51182.29848702482,0.00024693719449317056
                             1.709243927060837,                            0.3409425227485122,                                        3.714705903160794e-05,                                       2.7711723412318224e-05,                                     0.41244866904523214,29351.982013221495, 63008.77507688776, 92360.75709010925,0.00010216306163503786
                             1.709444374655764,                           0.34249146424194676,                                         5.01792205725391e-06,                                        0.0012214980782164957,                                      0.5217296283007984,29352.818085551156,200107.26477723732,229460.08286278846,0.00023571949319925185
                            1.7099647103833682,                           0.34277862448609747,                                       3.1499995715285984e-05,                                          0.04088168984425409,                                      0.5730907372450383, 29352.50259134328,31773.414227383768, 61125.91681872705,0.00017194046825053387
                            1.7098366733198065,                           0.34259352143503785,                                         0.036616273769660805,                                          0.20209240975138792,                                     0.10262113702578496,29351.804990410605,  35.1774035449507,29386.982393955554, 8.558819539756692e-05
                            1.7098929575684805,                           0.34270173876608434,                                        4.100927744464514e-05,                                         0.046900584984321446,                                      0.3382222932088689, 29351.81327391622,24408.965832588423, 53760.77910650465, 8.630011019921896e-05
                            1.7098310331773015,                            0.3428141012729462,                                       0.00025060100331643527,                                        0.0006688654803120546,                                      0.2986306063743226,29352.401962054497, 5488.392974524428,34840.794936578925, 0.0001554802965491766
                            1.7079045438583518,                           0.33989329623512776,                                        2.517149589814335e-06,                                       2.9985998870807206e-06,                                      0.6491023598414657,29351.389660786495, 730766.6765002059, 760118.0661609924, 5.649870656834611e-05
                            1.7100108166906596,                            0.3428670544233596,                                         0.012805419174504437,                                         0.009359938510378038,                                     0.28528100507651616, 29352.55418718576,187.84682903489013, 29540.40101622065, 0.0001810447330330319
                             1.710560201094868,                            0.3434823478031984,                                       2.1409133573786344e-05,                                          0.11870573391256022,                                     0.39011967058761765,29352.420093062203, 46720.37197912848, 76072.79207219068,0.00015832502194379011
                             1.710675117402746,                            0.3435176442919593,                                          0.00059018541235394,                                          0.24734566344811018,                                    0.015736257612164406,29352.344768458184,1701.3367642660003,31053.681532724186,0.00014683733610500773
                             1.709367572020619,                            0.3421923518105849,                                        9.555273598398599e-05,                                       2.5261902439484513e-05,                                       0.922266431901092,29352.828457685446, 50053.64794582187, 79406.47640350732,0.00023817713087843288
                            1.7094916713102704,                           0.34207658156376786,                                       0.00018137305600172504,                                         0.002691963744698395,                                      0.5722898068712459,29351.286469011953,  5887.89745212546, 35239.18392113742, 5.095923354130269e-05
                            1.7088710941501195,                              0.34087409822506,                                       1.5464002652145229e-06,                                        4.654926022488195e-06,                                     0.47578069180509625,29351.182887710464, 861492.2257681161, 890843.4086558266,  4.59449834740478e-05
                             1.709790930504587,                            0.3428488025198879,                                           0.0072900807900347,                                          0.05190680172513436,                                     0.10536108383452741,29352.365456436542, 159.3547266105864,29511.720183047128, 0.0001499067441876721
                            1.7104833284998069,                            0.3430996281399434,                                       0.00010646234143770618,                                        3.484705079289342e-05,                                      0.3026995928056596,29351.955040114135, 38092.74042525969, 67444.69546537382, 9.944423879312345e-05
                             1.709812278811319,                            0.3426099684036535,                                        5.293490408243747e-05,                                       2.1266363241836515e-05,                                     0.17860563284744374,29351.855891665564, 65916.66032580093, 95268.51621746649, 9.005752423867685e-05
                             1.709726119861965,                            0.3424926801170038,                                         0.014666647423670298,                                        0.0007906636151922084,                                      0.5980699749833223,29350.926249723852,1335.8620398523865,30686.788289576238,3.5545255330258976e-05
                            1.7098595047633505,                           0.34265750779335136,                                        1.548367354549197e-05,                                         0.006632984859929726,                                     0.49445301245570283,29351.796937401035,64737.836848259074, 94089.63378566012,  8.49017206447658e-05
                            1.7100931128888586,                            0.3430361056191867,                                         0.006069834492716696,                                           0.3965626221957755,                                      0.1388050848980883,29352.630658507023,  170.185952785694,29522.816611292717,0.00019543258101819243
                            1.7103365640720578,                             0.343432305661534,                                       0.00013915635132175875,                                          0.01294513364827043,                                     0.08309300725945762,  29352.9104730029, 7266.322284762938,36619.232757765836,0.00025853471054363775
                            1.7099922629072026,                           0.34306289304646026,                                        0.0001939944748933466,                                          0.01611917530207959,                                     0.23343952988633046,29351.472723035557, 5219.738813927688,34571.211536963245,  6.13920282925896e-05
                            1.7096945068408633,                           0.34243305460351486,                                       6.2223287669227705e-06,                                        0.0006540661573056152,                                      0.7859529367046072,29351.822135024213,162243.35141610252,191595.17355112673, 8.706822293438741e-05
                            1.7097348508324433,                             0.342436063531397,                                        0.0017994773889074005,                                        1.704563828797297e-05,                                      0.6550704636275471,29351.851154284235, 59224.67142785748, 88576.52258214171, 8.963189638160296e-05
                            1.7100003093063465,                            0.3431387007710509,                                        7.260204484380238e-05,                                        7.560242544944206e-06,                                      0.2644272826503013,29352.403405623598,146047.51968018155,175399.92308580515,0.00015570490518111802
                            1.7098594834312288,                            0.3427375772696843,                                          0.04713479367612835,                                          0.14801127251097723,                                     0.17636917135821567, 29351.00967302293,30.889676345338312, 29381.89934936827, 3.863775787803583e-05
                             1.709166409503504,                            0.3421032289301837,                                            0.047632933024123,                                        0.0010753989293093547,                                      0.5454586308517649, 29352.84758760478, 953.8044522815755,30306.652039886358,0.00024277730032838847
                            1.7101458275985415,                           0.34317568393248943,                                       0.00011906943242275363,                                       1.7462118687165537e-05,                                      0.6353156980819699,29352.319396319537, 65668.19464998064, 95020.51404630017, 0.0001431586245881326
                            1.7107261752810619,                           0.34355897820272946,                                       1.5356996283537023e-05,                                        5.304571605623261e-06,                                      0.3327153852168949, 29351.98163849283,253636.44830955236, 282988.4299480452,0.00010212478537943183
                            1.7089237987030836,                            0.3407382437596653,                                       4.4272366261894835e-05,                                        9.542158751559364e-06,                                      0.3650903976677876,29354.281776091793, 127388.4767617963, 156742.7585378881, 0.0003564537742021141
                            1.7100319298729316,                            0.3426626969339439,                                        6.326419860517685e-06,                                          0.05406263893266537,                                      0.7403143034477511,29353.047247197446,158088.69862599627,187441.74587319372, 0.0001037179993431948
                             1.710221395673543,                           0.34289875595212865,                                       2.1874299651076597e-05,                                          0.02133117504069493,                                      0.6444625100857793, 29353.20251851553, 45765.54540299827,  75118.7479215138, 0.0001211400106600373
                            1.7103736818859485,                             0.343202521424262,                                       2.7448060287949094e-05,                                          0.07336682458705583,                                     0.35791164617258275,29353.201232285217,36448.990808575196, 65802.19204086042,0.00012098429686970114
                            1.7104471464067814,                            0.3435617965342996,                                       2.1507764995866837e-05,                                       0.00012321139534815625,                                      0.5542400953805843,29353.180926308345,54613.878813384596, 83967.05973969294,0.00011855236744997168
                             1.710208476442938,                            0.3429739563012758,                                       0.00014869992535798066,                                        2.507910348015415e-05,                                      0.2906202115060809,29353.228988043913,  46601.7022515215, 75954.93123956541,0.00012438934405751369
                            1.7105677519909033,                            0.3436330502477804,                                        0.0007764720537019717,                                         0.007673660200812303,                                     0.07455959858765432,29353.240938536925, 1421.102346606457,30774.343285143383,0.00012588477582044127
                            1.7104609956862624,                             0.343525991710594,                                        3.091373193913529e-05,                                       6.4105096044580665e-06,                                      0.5090512899482114,  29352.7619132849,188344.83357736457,217697.59549064946, 7.797137396821958e-05
                            1.7103254335601406,                             0.343098683307652,                                        0.0013590441252837855,                                        8.698393017763879e-06,                                      0.8058336676860411,29353.201922258442,115702.48965688188,145055.69157914032,0.00012106780159991633
                            1.7102534237925542,                           0.34305913974953656,                                        0.0004839243998636917,                                        1.156269588187158e-06,                                      0.7319137000471174,29353.228905172935, 866919.5667474231,  896272.795652596,0.00012437903621802566
                             1.710584620046083,                            0.3436290931606953,                                       0.00037726835158188307,                                        0.0014885281243905203,                                     0.08187430333274953,29353.291884731116,3325.3478390620053, 32678.63972379312,0.00013246430397089305
                            1.7100447957647644,                            0.3426977139267693,                                        0.0027668030635761677,                                        0.0004796500279556399,                                      0.6368930810910324,29353.217483019405, 2449.199405779326,31802.416888798733,0.00012296644255917926
                            1.7106270463370723,                            0.3436415554635131,                                        3.694057963773107e-05,                                        6.137027918114692e-06,                                      0.8706871387595385, 29353.28111908325, 190018.7346527572,219372.01577184047,0.00013104588869874973
                            1.7105783854173642,                            0.3436567488293254,                                         0.007169394313716499,                                          0.19853297573246292,                                    0.038223726959971616,29353.331095837053, 147.4286235869072, 29500.75971942396,  0.000137761552618379
                            1.7101577532655166,                           0.34300753600829825,                                        1.254731255754037e-06,                                         0.004425808034332463,                                      0.7756288107180331,29353.004636257552,  797212.276937806, 826565.2815740636, 9.939131459985215e-05
                            1.7103681556797021,                            0.3433012393339417,                                       1.7203986269349354e-05,                                           0.4220534419877823,                                      0.6481733185893666, 29353.22210280245, 58131.34585801944, 87484.56796082189,0.00012353583506788867
                            1.7101894458798923,                            0.3428774425604527,                                         0.020501494583811748,                                       1.7811281750391585e-05,                                      0.5478378640009575, 29353.27575658517, 56195.88417024795, 85549.15992683312,0.00013034503621187166
                            1.7099255409905267,                           0.34243385227412704,                                       0.00014602312157231621,                                         0.006246839659640773,                                      0.5956532104955501, 29353.20593205977, 7011.231752893235,   36364.437684953, 0.0001215542340283565
                            1.7089971514684243,                           0.34065940683095547,                                        3.601236136271778e-06,                                       2.1776555728845167e-05,                                      0.5336874348648519,29353.395806716268, 323606.3092931007,  352959.705099817,0.00014697098557978568
                             1.710393124276217,                            0.3434182380202064,                                        0.0006372848937750076,                                         0.024806852299269894,                                    0.034905009232397866,29353.107917375415,   1612.3802620649,30965.488179440315,0.00011020539472154804
                             1.710551141127953,                            0.3436463041336032,                                       0.00017670344005691905,                                        8.823465642832713e-06,                                      0.3726375836963048,29352.866089875024,118996.26177346511,148349.12786334014, 8.653235143511109e-05
                            1.7103614587562797,                             0.343169281957809,                                        0.0008804325191256176,                                        6.507562061784346e-05,                                      0.7855867730430259,29353.201120185564,16505.457215066177, 45858.65833525174,0.00012097073533213336
                            1.7100685361733636,                            0.3426415362541365,                                       2.7114313667260305e-05,                                       1.2174552004662981e-05,                                        0.39483420535287,29353.109598236577,119022.35378332312, 148375.4633815597,0.00011039079045794533
                            1.7101757824394979,                             0.343098555827431,                                         0.023478932673560503,                                       0.00010436759331992783,                                      0.4156550497194148, 29352.85868024214, 9627.024237321993, 38979.88291756414, 8.589354805045307e-05
                            1.7106797214377665,                           0.34373492794602517,                                        0.0004659085519371943,                                         0.011826916345584058,                                     0.15287205713091906,29353.457287180783,2233.8060584620375, 31587.26334564282,0.00015629037493243802
                            1.7101945922715949,                           0.34292018421053394,                                        2.265584020755269e-05,                                          0.06046054802354814,                                      0.8432872831053111,29353.259671928416, 44158.18523055098,  73511.4449024794,0.00012826525218990483
                            1.7100560009417225,                            0.3428366912306707,                                        9.533152229737378e-05,                                       3.0428659746556513e-05,                                      0.8295041100978258,29352.997578818537, 43356.38098116336,  72709.3785599819, 9.869233585949058e-05
                             1.710118289979674,                            0.3428501158582047,                                         0.001397240770704768,                                        0.0013758986853871118,                                      0.6031356135421794, 29352.67919478874,1445.4106908227586,30798.089885611498,  7.17812473348847e-05
                            1.7103231464682647,                           0.34335584031919225,                                        6.431548319691071e-06,                                          0.04276915233202474,                                        0.53683395781289,29352.954301865324, 155509.8492503046,184862.80355216993, 9.451233351269949e-05
                            1.7102972018229778,                            0.3430957171103309,                                        3.163189457439107e-05,                                       2.7831914400701152e-05,                                      0.4077956338751833, 29353.28327600175, 67546.55130470206, 96899.83458070381,0.00013132884905207154
                            1.7102752700458714,                            0.3430987725965444,                                        5.584588671295845e-06,                                          0.06684073039530829,                                      0.4386859651791953,29353.229457211484, 179082.0929633965,  208435.322420608,0.00012444771719627966
                             1.710475495166706,                           0.34346501503565313,                                        4.494311170998392e-06,                                         3.50639707130227e-05,                                      0.3694714603550488,29353.238053593323,251025.72200392856, 280378.9600575219,0.00012552212870160038
                            1.7101296690245857,                            0.3428024173135153,                                         0.000400424241232855,                                        0.0003478815771864838,                                      0.6072472779719584, 29353.25802388969, 5374.809845529162,34728.067869418854,0.00012805404017795182
                             1.710448493047481,                            0.3434429873581152,                                       1.0630484522670268e-05,                                         0.025831186258506098,                                      0.6300146832119337,29353.307534842603, 94110.71408717478,123464.02162201739,0.00013455369202883597
                            1.7101284052481738,                           0.34271816600305594,                                       2.0257338039208356e-05,                                       0.00010609882356330117,                                     0.24298345458200785,29353.029161571532,58792.920646718245, 88145.94980828978,0.00010185905516094144
                            1.7090329829436743,                            0.3407509508271502,                                       2.7711081522868015e-05,                                        0.0012024154608860443,                                      0.6120014266231502,29353.391353090847, 36921.24038424127, 66274.63173733212, 0.0001463178872694014
                            1.7090380846113093,                            0.3407244262680117,                                        6.584431353528843e-05,                                        3.121955420353301e-05,                                     0.36436153155651463,29352.994148246602, 47221.48217597293, 76574.47632421953, 9.835434478475949e-05
                            1.7103928007091493,                             0.343196935329123,                                           0.0077644396474102,                                        2.732797093359845e-06,                                      0.5877221641797236,29353.211793424645,366057.15382460784,395410.36561803246, 0.0001222687998660159
                            1.7100327759184957,                           0.34268060263481404,                                       5.1026057022366005e-05,                                           0.1502138632019151,                                     0.34799281003584576,29353.208284410495,19607.405518952077,48960.613803362576,0.00012184050879635815
                            1.7102203369447526,                            0.3428930177926093,                                       0.00015937335424005746,                                       6.8478522941451485e-06,                                      0.3289784244928458, 29353.20377202592,152308.67811729448, 181661.8818893204,0.00012129195613505727
                            1.7106695497183824,                            0.3437343379741427,                                       2.0866823075027652e-05,                                       3.3206455310130927e-06,                                      0.7362593363561285, 29353.45099347592,349072.13798042515,378425.58897390106,0.00015530981834309366
                            1.7103242492458177,                           0.34315805095764584,                                        0.0001742262013939641,                                         0.002721996706226174,                                      0.9706825435594666,29353.262509656386, 6109.956308904094, 35463.21881856048,0.00012862975101333716
                             1.710336515101629,                            0.3431010163276999,                                        0.0023063354616681027,                                             0.52201730065886,                                     0.12103784336314721, 29353.20820747067,438.41850760326633,29791.626715073937,0.00012183113476958118
                              1.71021317449633,                           0.34298274524505895,                                       0.00013685694345312235,                                       0.00017039530812375562,                                      0.6031217109400475,  29353.2290178679,13178.521790447598,  42531.7508083155,0.00012439305389895888
                            1.7099883581464128,                            0.3427522393721389,                                        0.0004754480500063971,                                       4.5303452616830195e-05,                                      0.4857115009606183,29352.851633945484, 24179.56959926995,53532.421233215435, 8.529044395045748e-05
                            1.7102636017349138,                             0.342958906265842,                                       0.00017543287938685145,                                       2.3915447938242177e-05,                                      0.5964427099944456,29353.202806131914,47517.078972705574,  76870.2817788375,0.00012117485752304533
                            1.7103648241195009,                           0.34321335636219985,                                        0.0005129640905723446,                                        4.059969675584763e-06,                                      0.8610178109832884, 29353.20055546381,248259.62624275617,   277612.82679822,0.00012090243981197983
                            1.7101499699077538,                            0.3430776192664147,                                        9.173606928517871e-05,                                        5.386319135297617e-05,                                     0.16762355389629946,29352.940030670303, 29469.30669369179, 58822.24672436209, 9.317310846970571e-05
                            1.7105548124926264,                           0.34369139507742225,                                        0.0019187486318972993,                                          0.10829583239256126,                                     0.06550650052723905,29352.852399010255, 533.3165626817346, 29886.16896169199, 8.535572163209216e-05
                            1.7083707405343886,                            0.3402219227734214,                                        3.123800980770377e-06,                                        1.906229881802494e-05,                                      0.4624632588946915,29354.176088751847, 372585.3359956918, 401939.5120844437, 0.0003207035659373585
                            1.7102243744176886,                            0.3431101154405147,                                        0.0009237695598174751,                                       0.00013896900723971563,                                     0.44123376484154825,29353.022506807298, 8281.284632057526,37634.307138864824, 0.0001011834576281246
                            1.7104864287524406,                            0.3433611972948056,                                        9.629836794194722e-05,                                          0.46031117300482277,                                      0.4415672644339156,29353.271837924585,10389.476811128197, 39742.74864905278,0.00012983525773260115
                             1.710067050704147,                           0.34287565236015266,                                        4.710428274655703e-05,                                        6.282559037912339e-06,                                      0.5867993286967016, 29352.86075716843,180403.21690134142,209756.07765850986, 8.607212800289791e-05
                            1.7081983968795265,                           0.34004808857031255,                                        2.456900387832895e-05,                                       0.00020959236296750437,                                      0.5520734627425313,29354.191706864938, 45475.79780605788, 74829.98951292282, 0.0003257516688067817
                              1.70925975738492,                            0.3408111456529387,                                        7.073792627512379e-06,                                       1.4258861209572764e-06,                                     0.44617958889444287,29351.492659254007, 842688.0938122728, 872039.5864715268,2.1913167854554375e-05
                             1.710445480498806,                            0.3433697281589328,                                       2.2269481631754766e-05,                                        0.0006609233056443413,                                     0.24341848880542666,29353.208109171068, 46420.44995786781, 75773.65806703888,0.00012181915940605253
                            1.7103065780226703,                             0.343139508118245,                                        4.151313792965716e-06,                                          0.31596723492682394,                                      0.4512353226351892,29353.235636953388, 240893.6751928519, 270246.9108298053,0.00012521915315159005
                              1.70929454004729,                           0.34104710088328205,                                       1.8798360589422506e-06,                                       1.2326747169387325e-05,                                      0.3575071903996777, 29351.97721008909, 613088.6168087085, 642440.5940187976, 3.557483703617193e-05
                            1.7104740947010066,                             0.343573663366619,                                       1.9333174424450794e-05,                                         0.022628929434918683,                                       0.520555229395704, 29353.19454297978, 51771.66488122082, 81124.85942420061,0.00012017769676002733
                            1.7078260135941323,                           0.33983071254406505,                                        7.234187498717862e-05,                                        7.305914259494656e-05,                                     0.49039069536732915, 29351.53571819889,27513.735949906757, 56865.27166810565,2.2877334781699427e-05
                            1.7081739814720507,                            0.3401489527688223,                                       1.0824944568814189e-05,                                       0.00037920128959523334,                                       0.440545772794819,29351.838986100465, 95019.28765159295,124371.12663769342,3.0982253551610245e-05
                            1.7103550933126663,                           0.34334791398932774,                                        0.0015010465530320388,                                        3.632651576910857e-05,                                      0.9080618631137186,29353.107397499218,28197.215489666793, 57550.32288716601, 0.0001101481164501068
                            1.7084779279013673,                            0.3404809904638334,                                         7.00722727857434e-05,                                        0.0008684454990839486,                                     0.45260710498529316, 29352.03306714135,15425.399708615989, 44777.43277575734, 3.761848738660151e-05
                             1.710275150147247,                           0.34334694052817816,                                        7.760094844724815e-05,                                        3.827065953894329e-06,                                      0.9610659594333739,29352.872249439606,274186.13017286663, 303539.0024223062, 8.706699794668703e-05
                            1.7102982167298104,                           0.34315344483091564,                                        3.781620894914583e-05,                                           1.1728232900333782,                                      0.5246986788274385,29353.210544330665,26447.453977279205, 55800.66452160987,0.00012211616998844747
                            1.7086232287680214,                            0.3402615872632694,                                        4.222110341110476e-06,                                       0.00038141180569760044,                                       0.423492810264854,29352.507996687676,239473.15831394037,268825.66631062806, 6.048680013818357e-05
                            1.7087062878559305,                           0.34036107289025935,                                       1.7388689675705238e-05,                                       2.6529615481267976e-06,                                      0.4606103446876292,29352.597373821736,  434448.822692188,463801.42006600974, 6.614189085084942e-05
                             1.708773648683258,                           0.34043635923752974,                                       2.5363161625002675e-05,                                       0.00010367769452227162,                                      0.7040905826714462, 29352.07537346337, 49075.47488103731, 78427.55025450067,3.9244132295256014e-05
                            1.7102699035469047,                           0.34311516459695207,                                       3.3545942515968577e-05,                                        4.726269297708705e-06,                                     0.16571759839540495, 29353.21324996068,241396.15200592746,270749.36525588814,0.00012244701853856706
                            1.7103085434805907,                            0.3433059458736025,                                        8.830673657293347e-06,                                          0.23118147253481758,                                       0.666542414976651,29353.091506316072,113248.88216777379,142601.97367408985, 0.0001084115670150219
                            1.7106428149799866,                           0.34374798895319314,                                        7.179941835787195e-05,                                           2.8846756716791195,                                      0.4102638003882261,29352.198450723903, 13930.94519535716,43283.143646081066, 4.438400682591287e-05
                            1.7104496169229435,                           0.34325139705711594,                                        0.0025246046305823873,                                        6.668670629514176e-05,                                      0.9042313425944044,29352.381391983425,15394.507381485775,44746.888773469196,5.3293824288234856e-05
                             1.710330024152407,                            0.3431209550036474,                                        0.0003114487066024431,                                          0.22243085380922226,                                      0.8005844133188627, 29353.19734667226,3218.2117857442136,32571.409132416473,0.00012051511084606919
                             1.710568266840631,                             0.343578026540647,                                       4.6731506385537435e-05,                                        6.566675995038514e-05,                                      0.4826582652487511, 29353.28951521249,  36630.1547086545,   65983.444223867,0.00013215079891026117
                            1.7101300910935546,                           0.34272505362214856,                                       3.7380684548897396e-05,                                        0.0031316300696507893,                                      0.5683897456071966,29353.027923867696,27074.024340457374, 56427.05226432507,0.00010173306180489842
                            1.7102787741782493,                            0.3431949165526483,                                        8.608254844417817e-05,                                         0.000242932596959394,                                      0.3943528899694094,29353.206919312634,15736.038378136145, 45089.24529744878,0.00012167429805110834
                              1.71023034782408,                            0.3431317716137587,                                        0.0004936239481645416,                                       1.7220062815806458e-06,                                       0.720924337473468,29353.019034037752, 582746.7225217926, 612099.7415558303,0.00010083268023501172
                            1.7101027575971197,                            0.3428917414998371,                                        2.904337459078628e-06,                                          0.00877233699311247,                                      0.8319549067076077, 29353.00964541516, 344429.5173431481, 373782.5269885633, 9.989043039080146e-05
                             1.710242421277355,                            0.3429910268048792,                                       2.3466932242496332e-05,                                        8.982751526290336e-06,                                      0.4023311520857425,29353.283226339026,153940.53375367375,183293.81698001278,0.00013132232706546042
                            1.7095858000880115,                           0.34141098639953443,                                       2.4128049400312434e-06,                                       1.3288857748981228e-05,                                     0.40245500952189595,29353.634386956976, 489709.3263322687, 519062.9607192257, 0.0001865716655575869
                             1.710269137656904,                           0.34318164167774956,                                       0.00029116568047753366,                                           0.9059189590283554,                                      0.2853490513797381, 29353.02684087613,3438.4884656198155,32791.515306495945,0.00010162294539527754
                            1.7094069643601149,                           0.34121064048350497,                                       4.4067302665493855e-06,                                        9.962810681259446e-06,                                      0.3916977146354609,29353.274856688982,327301.83261083654, 356655.1074675255,0.00013022779197221615
                            1.7102878993235024,                           0.34302157116972726,                                         0.009524369830084096,                                         0.027362391666841162,                                     0.10397336765773313,29353.203524756667, 144.4556044403974,29497.659129197065,0.00012126196807125951
                            1.7101878904246952,                           0.34299788826421057,                                        0.0011888594261681305,                                       2.0422270677785103e-05,                                      0.8282495771666274,29352.674195517455,49810.209310992366, 79162.88350650982, 7.142328891744693e-05
                             1.710484002253378,                            0.3435754934983671,                                        2.229466743118368e-06,                                         0.000835362618813935,                                      0.5356428999568239,29353.379330306056,449737.74699494964, 479091.1263252557,0.00014456927147844784
                            1.7100985362419563,                            0.3427362482033586,                                        5.109664190856947e-05,                                       4.8531655210327265e-05,                                      0.4433857544178478,  29353.2767714465, 40178.78349436975, 69532.06026581625,0.00013047738549529754
                             1.708547674021853,                           0.34013689899661553,                                       2.3795464210312076e-06,                                       3.9505277774248944e-05,                                      0.5442445875106441,29350.747217906894, 445564.1713623844,474914.91858029127,1.0398342109743801e-05
                            1.7083002549146962,                           0.34018901334249785,                                         6.69916080461998e-05,                                       4.2780422241431754e-05,                                      0.5287323777572458, 29354.21367841756, 38305.36071431338, 67659.57439273094,0.00033298814594415606
                            1.7091588243376796,                           0.34105510782092846,                                       0.00012523983061894144,                                        0.0027013016942504862,                                      0.6420911189998308, 29351.02235519284, 8357.804208588712, 37708.82656378155,1.3691615892661073e-05
                            1.7086426002092026,                            0.3403284891308393,                                       2.6480947079887645e-06,                                        5.789669067504304e-06,                                      0.5184758464537028,29352.127922825388, 550354.3803288345, 579706.5082516599,4.1361533210913695e-05
                             1.710342393050266,                            0.3432486331678639,                                          0.07913767828835089,                                       0.00024945778008824245,                                      0.6031369951855126,29353.223424762145, 4024.243921655415, 33377.46734641756, 0.0001236992524545255
                            1.7092115574924582,                             0.342158271721329,                                       0.00010466202101528864,                                         2.16030846138833e-06,                                      0.9798904812195153,29352.857925993645, 472454.3452551467, 501807.2031811403,  8.58287873968704e-05
                            1.7085448449469811,                            0.3402170344226557,                                       1.4371707924452294e-06,                                       1.8117065192090034e-05,                                      0.6180370512276612,29352.005886823048, 751011.0416489799, 780363.0475358029, 3.660977557909756e-05
                            1.7084825744855225,                           0.34036890306565193,                                        7.139827165770005e-05,                                       0.00026825026596943906,                                      0.5333526284101486,29351.096103489475, 17736.74136474917, 47087.83746823865,1.4739514719072637e-05
                            1.7099698857755126,                           0.34263441688449925,                                        0.0002981361194275732,                                       0.00018323252847354744,                                      0.5157080991125548, 29353.01125632271, 8814.637410416079, 38167.64866673879,0.00010005147431767648
                            1.7105060009443838,                           0.34357890583363987,                                        0.0001283282873506681,                                       1.4820806677152157e-05,                                     0.22672517822637092,29352.772789940886, 75268.13534276938,104620.90813271026, 7.882407061742165e-05
                             1.710741689142137,                           0.34389473956493105,                                        9.424519549956065e-06,                                        1.712931578846981e-05,                                     0.37414153609335415,29353.437528356037,164488.56048603298,  193841.998014389,0.00015323256960713918
                            1.7101816968233416,                            0.3430468491464787,                                       0.00032447944501314723,                                        0.0016578397090246725,                                     0.09828445023381299,29353.015779357294,  3687.96899234517, 33040.98477170247,0.00010050503555973513
                            1.7099542237019398,                            0.3428089829504949,                                       0.00019583111613227265,                                       0.00015628760806207258,                                     0.22802772052601006,29351.816565581525,11507.817814095646, 40859.63437967717, 3.029534455151442e-05
                            1.7103977957666827,                           0.34338202886639524,                                        9.518570326949157e-05,                                        0.0006520747467447519,                                      0.5722361660354948,29352.769456222693,12042.258121966881,41395.027578189576, 7.856173090552307e-05
                            1.7102910052540345,                             0.343251598673628,                                       0.00015546166334942717,                                       1.2986507364915675e-06,                                       0.634024622594699, 29353.09842012309, 776465.3468274487, 805818.4452475718,0.00010916370072545457
                            1.7105877080991716,                           0.34354524912110934,                                        0.0009922203998464247,                                           0.8812891558067645,                                     0.39559846229670853,29352.425138037237,1011.8861229275681,30364.311260964805, 5.567696525724535e-05
                             1.710115533624066,                            0.3429403183954994,                                        2.838249632261386e-06,                                         0.015284797072142383,                                      0.4190481642326373, 29353.00084384346,  352398.166770207,381751.16761405044, 9.901509541807035e-05
                            1.7099972298893027,                            0.3425577682388596,                                        0.0008866553452055429,                                          0.03232272045695721,                                      0.7142098287208426, 29353.08396779858, 1161.691155278871, 30514.77512307745,0.00010759737726824717
                            1.7102690400462264,                           0.34302976462019613,                                        0.0029176811883956134,                                           1.2148319425855798,                                       0.490753481769921, 29353.26404721317,346.47628430832566,29699.740331521498,0.00012882767868334512
                            1.7086413811936243,                            0.3403331059087224,                                       1.2013951977239543e-06,                                        4.108083347856364e-05,                                      0.4487881078662042,29352.141677993473, 856710.7614836771, 886062.9031616705, 4.193439895240872e-05
                            1.7105874818038977,                            0.3435137103545095,                                       0.00030536602318217374,                                           1.5713723714934829,                                      0.5117935985164126,29352.310855702435,3278.3060437614586,32630.616899463894, 4.966419130093103e-05
                             1.710663831103155,                            0.3437828194755308,                                        9.988098460195869e-05,                                       0.00019131351644936494,                                       0.285176567838624,29353.378781387855,15241.846746869034, 44595.22552825689,0.00014448993655030473
                             1.710553751658024,                           0.34346941873801334,                                        0.0007259064779408595,                                        3.113871022804499e-05,                                      0.8499889911268579,29352.420341253644,33494.867416355955,  62847.2877576096, 5.541053442020858e-05
                             1.709170200242921,                            0.3410685532448671,                                       2.1386089146016823e-06,                                       2.1346054673422978e-06,                                     0.28143684745472214, 29350.95571187209, 936067.2510861179,   965418.20679799,1.2808901336032906e-05
                            1.7106642471300613,                           0.34376853162808735,                                       2.7064365316567294e-05,                                        0.0002877401789332636,                                     0.20661725715226825,29353.438408867518, 40427.22087460602, 69780.65928347353,0.00015336755206205594
                            1.7099925081205105,                            0.3427402153690711,                                        0.0014820023234366827,                                        0.0002431677169354237,                                      0.7153073634837397, 29352.86352849566, 4790.068431911109, 34142.93196040677, 8.631099286862697e-05
                            1.7105511282646135,                             0.343382588755633,                                        7.778600425060848e-05,                                        8.855573356943437e-05,                                      0.5416062065563771,29352.346460540874,24151.018917058376, 53503.36537759925, 5.146433352826949e-05
                            1.7098953602590146,                           0.34279431158751544,                                        0.0022932379984053402,                                       1.8329189420372016e-06,                                     0.46948515358048143, 29351.95170908712, 546016.8451409838, 575368.7968500709, 3.467911252340736e-05
                            1.7102528590374826,                            0.3430131944027005,                                         3.20661176537484e-05,                                        8.843305528755914e-06,                                      0.4149559846753277,29353.282839681717,144268.36859468286,173621.65143436458,0.00013127156014310464
                            1.7082162925188307,                            0.3400456925898925,                                        8.353896560805743e-06,                                        8.270926145259639e-06,                                     0.38500848466645793, 29353.01040363299,240613.00344138674,269966.01384501974, 9.996619781660397e-05
                            1.7104289708993443,                            0.3433064233233328,                                       5.4450650571925184e-05,                                         9.01428899845714e-06,                                      0.9817177533455184,29353.201665143748, 129303.1496863106,158656.35135145436,0.00012103667729055454
                            1.7095663854005838,                            0.3425832035604452,                                         0.004539453876893507,                                       1.5290079267781646e-06,                                      0.5232668762500461, 29352.81934183733, 654242.0559484137,  683594.875290251,  8.25802304723372e-05
                            1.7107768438370403,                           0.34393259062936493,                                        6.632791741859281e-05,                                       1.0608774880938902e-05,                                      0.8609757885067677,29352.076702280545, 109341.1064995764,138693.18320185694,3.9296315235415074e-05
                            1.7102202530306894,                            0.3431836062939446,                                        5.051794329275892e-05,                                        9.346935578509589e-05,                                     0.38858989241111797,29352.941633417573,30496.554309258303, 59849.49594267587, 9.332256115040922e-05
                            1.7089169742611174,                             0.340598057668286,                                       1.1089864835927155e-05,                                        7.547121533189352e-06,                                      0.4517273511875849,29353.301987374733,222676.20813351902,252029.51012089374,0.00013380932632684644
                            1.7105315020687675,                            0.3434978817836951,                                       2.6361449419240494e-05,                                       0.00014122974131173933,                                        0.27830516018631,29353.211284095643, 45017.75402232103, 74370.96530641668,0.00012220654067676264
                            1.7105617488898344,                            0.3435997699358733,                                       0.00013389416555038884,                                       3.6714875701735987e-05,                                     0.11684566576182254, 29353.26927218728, 34708.41208494265, 64061.68135712993, 0.0001295025615564179
                            1.7104113260645422,                            0.3432501774885678,                                         0.000684301383276118,                                          0.04054812866067104,                                     0.30330122038361185, 29353.20584376501,1488.9197857903725, 30842.12562955538,   0.00012154350190016
                            1.7104470325198184,                            0.3434710969210157,                                        6.032656918167198e-06,                                          0.10209718140621778,                                      0.2604731136919719, 29352.77058154623, 165777.1467469646,195129.91732851084, 7.865018803238833e-05
                            1.7102596519403357,                           0.34311315920295027,                                        0.0019426576144067802,                                        5.152958665493556e-06,                                     0.43513093036363576,  29352.6810585036, 194580.9415298053, 223933.6225883089, 7.191515185341086e-05
                            1.7107238469153043,                           0.34380847077527094,                                       0.00014217882765648723,                                          0.00466034912339093,                                     0.14176022392423343,29353.460187930843,7250.8808109801075, 36604.34099891095,0.00015674439242414426
                             1.708859031510319,                            0.3407496225705638,                                       1.9598007670291487e-06,                                        1.722017058786267e-05,                                      0.3451130535524442, 29350.49459160222, 568330.3176018778, 597680.8121934801, 8.076996444345693e-06
                            1.7099907957817235,                            0.3426561002516673,                                       0.00014889128417276858,                                       5.2233242813261826e-05,                                       0.234007879271924,29352.663414755934,25864.124211359478,55216.787626115416, 7.065742717667927e-05
                            1.7097662092336217,                            0.3427501004174908,                                       0.00012259338957316563,                                        2.393083555177034e-06,                                      0.9826309148175589,29352.389240318676, 426030.8730309611,455383.26227127976,5.3713737743457875e-05
                            1.7103299724010648,                           0.34329154521407623,                                        0.0005547373864265669,                                       3.6565191050137493e-06,                                      0.6151330072643262,29353.288986814703,  275289.712449787,304643.00143660174,0.00013208098916571578
                            1.7097725766082494,                            0.3427585175959298,                                         0.011580656898175931,                                       1.1450117158793992e-06,                                      0.5472939489330119,29352.390469972746, 873442.7774724617, 902795.1679424344, 5.377982768523915e-05
                             1.710560143436941,                           0.34354321883958294,                                       1.5936569851370465e-05,                                        8.420203576291538e-06,                                     0.46895357051872233,29353.269815829197,181513.64525452655,210866.91507035575, 0.0001295729837175956
                            1.7089541053147996,                           0.34079824231540895,                                        9.113617887358151e-06,                                       2.2075802066704453e-05,                                      0.3734004926969833,29354.141106082243, 155027.3099115409,184381.45101762316,0.00030967846708626043
                            1.7090793180512858,                            0.3405111585521953,                                        6.408195054090892e-06,                                       2.6812081580917372e-05,                                      0.4950638809348976, 29349.15553161763,193349.73738556483,222698.89291718247,2.1169155323260535e-06
                            1.7104137063092393,                           0.34321976757336337,                                        3.969124527386886e-05,                                        6.775266276392695e-05,                                     0.13933088091035606, 29352.41314304341, 39956.95390825351, 69309.36705129693,5.5013109833130726e-05
                            1.7102691495750222,                            0.3429511469220066,                                       5.8440847013974614e-05,                                        6.385495449933992e-05,                                      0.9940566622910758, 29352.34951935191, 32774.72721565006,62127.076735001974,  5.16219942037475e-05
                            1.7088590022062375,                           0.34040702301256137,                                        3.427013642055959e-06,                                        3.199065849654029e-05,                                      0.4504158101331873,29351.278338832628, 323061.3098240773, 352412.5881629099, 1.768589283193531e-05
                            1.7100819870791952,                           0.34273900141146957,                                         0.001400185393696176,                                         0.016961966696803634,                                      0.3367663994318659, 29353.22718916725, 776.0642378518845,30129.291427019136,0.00012416578410802566
                            1.7100351614362672,                             0.342921725514639,                                        9.299882727614432e-05,                                       1.4538573552525295e-06,                                      0.9396438613696609, 29352.55145436992, 698581.1282441386, 727933.6796985085, 6.317336951650728e-05
                             1.710345034381284,                           0.34337275077398083,                                        5.749521601949284e-06,                                        0.0016800292835282076,                                      0.7031510853441723,29353.092227411893,174525.65419550324,203878.74642291514,0.00010848977033560654
                             1.710115327814491,                           0.34293599781688777,                                         8.19856923149799e-05,                                        3.834351053898763e-05,                                      0.9505725085769448, 29353.00229949899,38280.198645157245, 67633.20094465623, 9.915933224325165e-05
                            1.7099363186567866,                           0.34271523847797564,                                       0.00010772958071491542,                                       1.6158074492990342e-05,                                       0.340104596372832, 29352.35676476604, 71173.98173037134,100526.33849513737, 5.199737518313074e-05
                            1.7085816901781632,                            0.3402922280029842,                                       1.1047615624412338e-05,                                         7.20028988927565e-05,                                       0.693862498598508,29351.867606758813,104408.53778905024,133760.40539580907,3.1881797410400164e-05
                             1.710013632409422,                           0.34277654801471436,                                        3.633144013821774e-05,                                           0.2061371222825104,                                      0.6251822711566563,29352.859701440022, 27532.13846480654, 56884.99816624656, 8.598130716176361e-05
                               1.7103171453467,                            0.3431556898148368,                                        0.0009014766981325893,                                        0.0010260497709031315,                                     0.21088278925470808,29353.258798622384, 2086.816733849219,31440.075532471605,0.00012815328626893671
                             1.710667865974571,                            0.3437201163602597,                                       0.00015004368728780413,                                          0.02984186943498172,                                     0.03529849010436842, 29353.36312184478, 6701.144883591757, 36054.50800543654,0.00014224491405539239
                             1.708823548586079,                            0.3405498716235606,                                       2.4269471384950653e-05,                                       1.9528896125107177e-05,                                      0.4409846534728042,29353.069793247712, 92413.13659929812,121766.20639254584,0.00010608299099920195
                            1.7106541381832099,                            0.3437572185138432,                                       0.00029705839318245437,                                        7.490668607646737e-05,                                     0.26382219550872404,29353.386087362036,16719.193681258257, 46072.57976862029,0.00014554944194285823
                            1.7106048426817781,                            0.3436212930586435,                                        6.189497348039028e-05,                                       3.3492910445874567e-06,                                     0.25327203638188794,  29353.3556030204,314729.95973535185,344083.31533837225,0.00014117941021556433
                            1.7102546023244782,                           0.34295396019418767,                                       0.00029118704150319594,                                         0.007234831498082918,                                     0.39013362846971733, 29353.20506569862,3575.3548210382255,32928.559886736846, 0.0001214489697676452
                            1.7097664649988131,                           0.34256949415467386,                                          0.03437769818256756,                                        3.032527386597711e-05,                                      0.4790965429868102, 29350.92612690466,  33007.8022692596, 62358.72839616425,1.2435501158311826e-05
                            1.7098061720745372,                            0.3426783302699841,                                         0.007882728502014219,                                        3.543410213351253e-06,                                      0.5939023339348858, 29350.99461661048, 282343.7862962557, 311694.7809128662,1.3317048873210408e-05
                             1.710526583261721,                            0.3435747149232192,                                        2.774476502491789e-05,                                        5.386436233301247e-06,                                     0.31229562869649063, 29353.23436036458, 221697.2522550082, 251050.4866153728,0.00012505940177204116
                            1.7104197812017787,                            0.3432976117128165,                                       1.6725365790334766e-05,                                       2.0040420421140343e-05,                                      0.7969235595659837,29353.198772061613,109691.49047558564,139044.68924764724,0.00012068701428753665
                            1.7099077079917444,                           0.34276312676059073,                                         0.008174618769326113,                                        5.920547616223899e-05,                                      0.4876473579732177, 29351.87618118534,17015.576820519673, 46367.45300170501, 3.215634088421585e-05
                            1.7085024783617688,                            0.3405312153612308,                                       1.4996355311778948e-05,                                        0.0002562732699792039,                                      0.5288299580671485, 29351.75801238057, 70587.89048356518, 99939.64849594574,2.8572389647587274e-05
                            1.7102877685265065,                            0.3431749633184895,                                         0.001045990859652225,                                        0.0002896566771432842,                                     0.34814182717334274,29352.687134513373, 4411.308281909401,33763.995416422775, 7.235343918958859e-05
                            1.7102634006730422,                           0.34298287087905904,                                         0.012424814420065886,                                        9.451655772988995e-06,                                      0.4600686460933655,29353.200946502766, 105884.9675934676,135238.16853997036,0.00012094972662081748
                            1.7105922342700255,                           0.34375407668734126,                                        2.769767015746462e-05,                                        1.513991141140125e-05,                                      0.6555053436583179,29352.855085427313,102157.61343260987,131510.46851803717, 8.558533097379549e-05
                            1.7088947508752725,                            0.3405371712727152,                                        1.580595434641085e-06,                                        4.085612999164779e-05,                                      0.6517767627397757, 29352.84574565801, 657152.0327227813, 686504.8784684393, 8.478970499206278e-05
                             1.709517877731369,                            0.3409868187069267,                                       1.4967407469245117e-06,                                       1.6479398308091587e-06,                                     0.49561241132784956, 29349.79051860769, 1274939.582285059,1304289.3728036666,3.9946145110587185e-06
                            1.7103111817908792,                           0.34332315806737534,                                        1.445574452265551e-06,                                         0.007814695893921468,                                      0.7243918058703227, 29352.95618569931, 691897.3910368955, 721250.3472225948, 9.469054686811565e-05
                             1.710528032940761,                            0.3435499327634386,                                       2.3955764566224188e-05,                                        0.0026852091256341234,                                     0.29770414141112883,29353.264593444866, 42118.92736295241, 71472.19195639728,0.00012889806766721893
                            1.7102954475216083,                           0.34307439039921184,                                          0.01690718258230692,                                         3.59234509075873e-05,                                      0.4094236182282979, 29353.19450893381, 27899.03057802644, 57252.22508696025,0.00012017360526340706
                            1.7106732648848524,                            0.3437466670860612,                                        5.890226711916125e-05,                                         4.01014087236209e-05,                                     0.31059632485275024,29353.449183793477, 41916.96416439621, 71270.41334818969,0.00015502901105435185
                            1.7104329154468279,                            0.3434358502511074,                                        1.842024492486699e-05,                                        4.844367576983101e-05,                                      0.9981195663858602, 29352.77345899373, 74933.53577693933,104286.30923593306, 7.887682573222973e-05
                            1.7103269757438901,                            0.3431587930547129,                                         7.33000534917708e-05,                                       1.5568758678433457e-06,                                      0.7806853012541528,29353.280285567773, 655957.4352751529, 685310.7155607207,0.00013093670543148296
                            1.7105082497327084,                           0.34335116332700655,                                        7.741626223199082e-05,                                       2.6548140032737742e-06,                                      0.7405380714277083,29352.387100556065,389594.31741583196,  418946.704516388, 5.359892597448329e-05
                            1.7105501479764982,                           0.34361218302620106,                                        0.0035557140218460933,                                           0.9577333793232337,                                     0.08429022204485459,29353.236753263744, 285.1918552513323,29638.428608515074,0.00012535901463884037
                            1.7103832524159237,                            0.3434302125404053,                                       0.00034696429070786604,                                         0.001373500463009804,                                     0.12056440595061102, 29353.09716270939,3613.1195140214227,32966.216676730815,0.00010902652305524222
                            1.7102532742129062,                           0.34311988451443665,                                          0.02674047879837396,                                       0.00011028927362958285,                                      0.7631384047415306,29352.674753283034, 9107.375805376787, 38460.05055865982, 7.146313748161026e-05
                             1.710657443720761,                           0.34379562018929977,                                        6.225409792880832e-05,                                        1.170869907012164e-05,                                      0.8300386102448261,29353.329671157462,101472.69308708674, 130826.0227582442, 0.0001375654262877227
                            1.7105222887986256,                           0.34348111113042545,                                        0.0016174651487179997,                                         8.67811985527927e-06,                                      0.7289071763810311,29353.211066157826,115853.49605926247, 145206.7071254203,0.00012217991015206055
                            1.7107352050746318,                            0.3439226751512717,                                        1.393417230790745e-05,                                        0.0001889544380547298,                                      0.8399176700500188, 29352.04482181617, 77061.20236992011,106413.24719173627,3.8063289604115745e-05
                            1.7087323261183114,                           0.34039771101736355,                                       1.2127239437858444e-05,                                        0.0001386491023451784,                                       0.742779099745979, 29352.58266500317, 89674.38673746784,  119026.969402471, 6.517614170474379e-05
                            1.7103433759367102,                            0.3431932634443953,                                          0.01547582708479687,                                        3.052255540898389e-06,                                       0.502459795441276, 29353.26299577559, 327694.0962470658, 357047.3592428414, 0.0001286922956061925
                            1.7103445906402406,                           0.34316009871164355,                                        0.0003493948047829481,                                        0.0011689948672839482,                                      0.2983922686597633,29353.196964419545,3720.4416244174945, 33073.63858883704,0.00012046905242138722
                             1.710152075221549,                           0.34278712939052747,                                        0.0006856790931274523,                                           0.0483958199345203,                                      0.5551672873165859, 29353.28234017789,1481.9883864885528,30835.270726666444,0.00013120600587033235
                            1.7103920104685377,                           0.34325558714540666,                                       1.1110607376692954e-05,                                           0.2545258016629011,                                      0.3396557233235997,29353.195211073904, 90010.92258960393,119364.11780067784,   0.00012025801359949
                            1.7100612649563876,                           0.34288047939093835,                                        0.0002869762190840325,                                       1.6104800556501533e-06,                                      0.7829843148713022,29352.850084370795, 624420.3938784933, 653773.2439628642, 8.515838238340582e-05
                            1.7102694135534287,                            0.3431607557229767,                                        0.0002553173869694445,                                           2.4219211964244605,                                       0.301788737402767,29352.573420261513, 3920.020677396218, 33272.59409765773, 6.457638169717333e-05
                            1.7083377301687426,                            0.3402387086227573,                                       2.5360756303305662e-05,                                        0.0006580662049129864,                                      0.4888236130514182, 29351.19611695296,40953.543774175625, 70304.73989112859,1.6289902331447692e-05
                            1.7104431159180544,                             0.343408963185844,                                        0.0003032208092104147,                                          0.15241959975220157,                                      0.5297753084798147, 29353.24088184016,3307.3995070501423,  32660.6403888903,0.00012587763876325834
                            1.7090161976645666,                            0.3408896898494702,                                        3.435987704779755e-06,                                        6.459137846402457e-06,                                      0.3324517936134186, 29351.22012779301,445859.48726686795,  475210.707394661,1.6685770111093077e-05
                            1.7104129053207413,                           0.34334307346329684,                                        0.0006806359914907649,                                         0.011365078987425026,                                      0.3631163657370896,29353.243809862346,  1560.11547483996,30913.359284702306,0.00012624675140358087
                            1.7104734653812546,                            0.3433272464235968,                                        0.0013530059192127196,                                          0.21605015747949544,                                      0.5686936504725946,29352.415472269873, 746.6362944495979,30099.051766719473, 5.514139717150838e-05
                            1.7104878689108056,                            0.3434309663728986,                                          0.02504120642996149,                                       0.00013926999193479203,                                      0.7348323813340429, 29353.20604487901, 7223.143651663487,  36576.3496965425,0.00012156794845846675
                            1.7104348480013234,                            0.3434294868709553,                                        0.0003618992633173087,                                          0.05370107501227991,                                     0.12844460380624034, 29352.77706004899,  2784.73328434679,32137.510344395778, 7.916137757619669e-05
                            1.7082721062363315,                            0.3400924774955864,                                        6.988074065884665e-06,                                        0.0001310779642153615,                                      0.5475818184240402,29353.035380524703,150732.93239466596,180085.96777519066,0.00010249448566333012
                            1.7104488011663055,                           0.34341457294618266,                                         1.06112851399739e-05,                                         0.014788830130670482,                                      0.4921826834467872, 29353.24261777986, 94309.82264604422,123663.06526382409,0.00012609634452867262
                            1.7104871735614915,                           0.34338798429230466,                                        0.0033285970857241495,                                        0.0021066222085143215,                                     0.15482646004542444, 29353.26313804049, 778.0325886455184,30131.295726686007,0.00012871060530516697
                            1.7093982063413833,                            0.3412455108877245,                                        5.160979112187347e-05,                                        0.0008251268304032557,                                      0.6194760399068988,29350.113808380687, 20591.03366330444, 49941.14747168512, 5.519221704070529e-06
                              1.71025985272134,                            0.3431028473132582,                                       0.00030713160850244866,                                          0.33977679381778775,                                      0.8245236303071495, 29353.21101064384, 3261.790883651676,32615.001894295518,0.00012217312764662607
                            1.7085806986112508,                            0.3405377593165072,                                        0.0001635737174342217,                                       0.00029207956374774043,                                      0.5309618036404135,29352.014374471255, 9540.112746593973, 38892.12712106523,3.6921828901195425e-05
                             1.710583108723007,                            0.3435985474935975,                                        6.559320661430275e-06,                                          0.34536150329265813,                                       0.514379514859727,29353.347600828638,152460.61815118403,181813.96575201268,0.00014005417368570774
                             1.710403993982573,                            0.3433656638006421,                                       1.0423344566331969e-05,                                        0.0018203139208786748,                                      0.6397243399863585,29353.223223930916, 96490.76404710907,125843.98727103998, 0.0001236744122759984
                            1.7089257332771441,                           0.34063519133465125,                                       1.6882471907091514e-05,                                        0.0003810084151981349,                                         0.7628364658339,29353.294194432154, 61860.58171409293, 91213.87590852508, 0.0001327706105133745
                            1.7100973604356449,                            0.3428845927188553,                                        3.261754518601206e-05,                                       3.9136516466643614e-06,                                      0.9846567186728312, 29353.00862270635, 286177.1059380742, 315530.1145607805, 9.978832378920481e-05
                            1.7100284264860899,                            0.3427440548107693,                                          0.05123115887723559,                                        3.833366363524483e-05,                                      0.5422054134953975,29353.011608459314,26109.168743625767, 55462.18035208508,0.00010008671230811855
                            1.7096106002701537,                            0.3426172848357417,                                         0.004191119484452047,                                       1.3365249278845857e-06,                                      0.5136387225045534, 29352.84175638215, 748450.5335820147, 777803.3753383969, 8.445212925769878e-05
                            1.7107614950404824,                            0.3437792469484516,                                         0.019838927125981707,                                           0.4422960376685554,                                     0.01990408860035975,29352.354874046952,55.575724133006766, 29407.93059817996,  5.18991556354925e-05
                             1.709703121082119,                            0.3425581474697103,                                          0.01818744846785774,                                         5.72149000066757e-05,                                        0.67684145770743, 29351.44705503495,17535.866840101688, 46887.31389513664,2.0936279366494365e-05
                            1.7104242601435204,                           0.34335899977385864,                                       0.00019730886681534478,                                       0.00040204124483102807,                                      0.7627838837321668, 29353.24568612929, 7558.415348835756,36911.661034965044,0.00012648384636699275
                            1.7102626488395036,                            0.3430737876364585,                                        0.0009789667978941418,                                        0.0012003650705149826,                                     0.37169687495481846,29353.229837653165, 1857.479816703233,31210.709654356397,0.00012449507130217873
                            1.7100676149980785,                           0.34300072588053754,                                         0.004896966834760286,                                       2.4782712357832672e-05,                                      0.5133344854880907,29352.379591281977, 40557.83189749567, 69910.21148877766,  5.31979443731394e-05
                            1.7099985317934854,                            0.3428479590168837,                                       0.00010012755309997045,                                        1.744242434553136e-06,                                      0.7850383767878057,29352.552807631037, 583304.9762406346, 612657.5290482657, 6.325891745230637e-05
                            1.7100714113009587,                            0.3426908672897171,                                       4.6472424337347505e-05,                                          0.03335950312593398,                                      0.9349487220655279,29353.084688006937,21551.031684945836,50904.116372952776,0.00010767489771073496
                             1.708737963560354,                              0.34034316793687,                                       1.0456228067025675e-05,                                         0.000170429139944662,                                      0.3939730372094699,29352.217828287496,101507.26100852173,130859.47883680923,4.5252447700747825e-05
                            1.7087310805541398,                            0.3404413784357389,                                       3.1427752485040996e-05,                                       0.00047495034907246947,                                      0.6713581214361521,29352.878269298675, 33927.43153918973, 63280.30980848841, 8.759270977184915e-05
                             1.710252007416757,                            0.3432259927729443,                                        0.0016813778711693278,                                           0.1285002948384548,                                     0.13904167658688305, 29352.95128300238, 605.4459195545708,29958.397202556953, 9.422744396904923e-05
                            1.7105328524441172,                           0.34364153299445255,                                       1.3545998624282577e-05,                                       5.4681890816402266e-06,                                      0.8807056003202821, 29352.85527502843,256701.34820223445,286054.20347726287, 8.560155958651909e-05
                             1.709670927354894,                            0.3428078014811903,                                          0.00967831194489374,                                        1.796916541454914e-06,                                      0.5530227622573555, 29352.80182803757, 556615.1142458977, 585967.9160739353,  8.11465282849386e-05
                            1.7086374984308639,                           0.34047614363363665,                                       0.00011441350734549402,                                         0.002014954476366157,                                       0.503342563973916,29353.603671327954, 9239.452963502672,38593.056634830624,0.00018092811577659452
                            1.7103633598075993,                           0.34326297209500983,                                         0.008031622869201793,                                         0.020021624462086975,                                     0.15928243387299945, 29353.23922662738,177.36705373042025,  29530.6062803578,0.00012566945682686954
                            1.7085423135708864,                            0.3403104555255566,                                        4.680269310337189e-06,                                        8.427347313107738e-05,                                      0.3616677430182751,29352.388728847913,225531.98709354713,254884.37582239503,5.3686271761613004e-05
                            1.7104965253197162,                            0.3435558374053832,                                        6.619968449524373e-06,                                         0.008360265702618223,                                     0.44090845693498953,29352.774522971817,151180.64590380964,180533.42042678146, 7.896079360828063e-05
                            1.7105789727087912,                           0.34347184946573706,                                         0.004454855524379185,                                          0.08515482450954512,                                     0.21135814966018543,29352.338014328736,239.12893342559414, 29591.46694775433, 5.103148538660633e-05
                            1.7085801385966606,                            0.3403645697996381,                                        4.447594094824114e-05,                                       0.00024930883493120453,                                      0.3411373462687337,29352.395372036026,26498.093512166037, 55850.48888420206, 5.404410703153288e-05
                            1.7102304739451044,                             0.343053773269804,                                         0.007690240198824762,                                            1.745266287281323,                                       0.489865225961281, 29352.57506824839, 133.5229234009361,29486.097991649323,  6.46828904650961e-05
                            1.7106373181698378,                            0.3436511587478001,                                       0.00028665554822543773,                                        7.395607056561036e-05,                                     0.10925370710363991,29353.280883749772, 17012.95777769596,46366.238661445735,0.00013101505284241797
                            1.7104945124761572,                           0.34339733063163463,                                       0.00021421760047621134,                                           3.0471239595670134,                                      0.4840651903301893,29350.400061673394, 4671.390762594197, 34021.79082426759, 7.348455443612884e-06
                            1.7101040963654504,                           0.34296580686352507,                                       0.00011953265039463995,                                        2.925455055752947e-05,                                     0.21484279766351488,29352.857598340008,42551.547026809305, 71904.40462514931, 8.580066988915552e-05
                             1.708217228560345,                           0.34027546169882233,                                       3.3061907709816444e-05,                                       0.00020313827024672997,                                      0.5677102135254875, 29351.61666426392,35171.982644505944, 64523.59930876986,2.4806178071666092e-05
                             1.710266860773236,                            0.3432263297242775,                                        9.297868530075673e-06,                                        0.0010291509040589771,                                      0.5712825630042226,29353.092023081947,108526.11982024055, 137879.2118433225,0.00010846760489125508
                            1.7101718024800425,                             0.342866460439377,                                        0.0029313176922874684,                                         0.019832165480157465,                                     0.14827224622565122,29353.279534388686,394.48323234740104,29747.762766736087, 0.0001308383854493058
                            1.7107508464935985,                           0.34384685410518884,                                       0.00032016960395808724,                                        0.0068338009456228215,                                    0.010388125496819722,29352.601127468697, 3272.584310014764,32625.185437483462,   6.6390630707169e-05
                             1.710545909051953,                            0.3436428438815277,                                       0.00014169982273711402,                                       2.2958911346787718e-05,                                      0.3898376251164427, 29352.86390772862,50616.154035764586,  79969.0179434932, 8.634373104914853e-05
                              1.71049266089338,                            0.3433371380860773,                                       2.1937854526900968e-05,                                       1.5695035223995868e-05,                                     0.26699220519265143,29352.380099069273,109300.63729534291, 138653.0173944122, 5.322496447309773e-05
                            1.7102280538728467,                           0.34330391241522684,                                        1.680836897439912e-05,                                       1.4614941451002398e-05,                                      0.9789598265497592,29352.374935834552, 127920.2125223477,157272.58745818224, 5.295085973104566e-05
                             1.710195177478204,                             0.342992058238411,                                        4.449715366115397e-05,                                        1.807643460114857e-06,                                       0.522907309041079,29352.680774986955, 575682.7012286361, 605035.3820036231, 7.189476560088012e-05
                            1.7102740263600587,                           0.34316420224686994,                                       1.8656505384602988e-05,                                        7.470619264088041e-06,                                      0.9468876615138024,29352.682025432805,187461.23209777902, 216813.9141232118, 7.198472234346008e-05
                            1.7104021419197828,                            0.3434144196763974,                                       0.00018982975332770585,                                        1.383469697039649e-05,                                     0.20386942216356108, 29352.76109832433, 77552.82137260615,106905.58247093047, 7.790785625849831e-05
                            1.7104565883835132,                           0.34330099189727814,                                        3.437039464106715e-05,                                       2.7639863950389234e-05,                                     0.24507260012476623,29352.413579288328, 65277.34809233578,  94629.7616716241,5.5037114258247396e-05
                            1.7103455572034187,                           0.34334547185705294,                                        2.227982673212709e-06,                                         0.002193473249634624,                                      0.5150369348540301,29353.102175303182,449295.33512627135, 478648.4373015745,0.00010957440072484413
                            1.7100608105901516,                           0.34300202411686814,                                       1.0122684826972287e-05,                                        7.434069250595061e-05,                                      0.4048164229315844, 29352.37362999665,112242.51937013557,141594.89300013223, 5.288175961811748e-05
                            1.7106526688913193,                           0.34366344942183136,                                         0.002360801298825631,                                         0.006599743918354427,                                    0.015114070068497631, 29352.42689475653,  578.015846429969,29930.442741186496,5.5774860017849435e-05
                            1.7104945302816836,                           0.34344965005078487,                                        0.0013225797404296193,                                        4.910824231708919e-05,                                      0.9171946935523854,29353.206400030085,21122.190165470027, 50475.39656550011,0.00012161113111371254
                             1.710321046071273,                            0.3431745323521007,                                        2.078223399497697e-05,                                           0.2366186592977055,                                      0.8095522280961943,29353.233232249448,48125.162535602176, 77478.39576785162, 0.0001249183999167458
                            1.7103397185977507,                           0.34309006432195527,                                        5.329393507012029e-05,                                           0.2896955590112656,                                     0.46136267729372954, 29353.20762035624,18770.227777630793,48123.435397987036,0.00012175962694587348
                             1.709086323822373,                             0.340651455014883,                                          9.9938367595445e-05,                                        0.0002080846006780298,                                     0.39689303498813694,29351.563244721743, 14814.84024383042, 44166.40348855216, 2.351581552298581e-05
                            1.7086624735597697,                           0.34043770379867455,                                       1.6376589447569302e-06,                                        8.168467389559781e-06,                                      0.4015508613625228, 29352.28686368755, 733052.6753576995, 762404.9622213871, 4.848682742512181e-05
                            1.7101814932412638,                           0.34304321738311305,                                        0.0001265641687503489,                                       2.8312621740520283e-06,                                      0.5105025492739188,29353.017764356257, 361103.4097598436, 390456.4275241999,0.00010070473608811016
