galaxies.lens.bulge.centre.centre_0,galaxies.lens.bulge.centre.centre_1,galaxies.lens.bulge.ell_comps.ell_comps_0,galaxies.lens.bulge.ell_comps.ell_comps_1,galaxies.lens.bulge.intensity,galaxies.lens.bulge.effective_radius,galaxies.lens.bulge.sersic_index,    log_likelihood,          log_prior,     log_posterior,                weight
              0.0007452242124161093,               0.004064719901192815,                     -0.05320077680567254,                    0.0023760770335902195,            2.229550990577665,                  0.5663603476784337,              2.7974150402327895, 5596.902113188029, 0.4643710566192995, 5597.366484244649, 4.079405312961752e-10
              0.0014152599320159476,             0.00033856034490451344,                      -0.0635992979402717,                     -0.00860369187117252,           2.2175191983273614,                  0.5697822384306404,               2.798935503913788, 5598.864642175978, 0.4738488921339346, 5599.338491068112,2.9034367342667256e-09
              0.0010429640041339195,             -0.0019469145891978564,                    -0.048086209273494745,                    -0.004695015108074622,            2.368950199376159,                   0.547041730231954,              2.7734103397930157, 5597.442711862361,0.43512349445066745, 5597.877835356811, 7.004479657863177e-10
              0.0027520374260834876,              0.0019069987549493676,                     -0.05521801890949896,                    -0.004728539560337674,           2.1705162625226473,                  0.5704162260409784,               2.908216950049212, 5598.418474598424,0.47784543397625284, 5598.896320032401,1.8584216246397512e-09
             -0.0014303251441625997,             -0.0015427459944368632,                      -0.0599424959437894,                    0.0013023651846832509,            2.204310964142919,                  0.5701027591221072,              2.8601014655745667,5597.1823045242645, 0.4736521951279068, 5597.655956719393, 5.398615638166255e-10
             -0.0021482352744955397,             -0.0009926774309585039,                     -0.04914637582478872,                    -0.005748458532887022,           2.2101709626667017,                  0.5699073408634282,              2.7920100922943276, 5597.238843805511, 0.4660870829855486, 5597.704930888497, 5.712643285164131e-10
              0.0006208974771744956,             -0.0006158339045464591,                     -0.05335204364129123,                    -0.007879043787071643,           2.1088555669365245,                  0.5838173185227888,              2.8382020511510664,5595.8639118782985, 0.4903535359877115, 5596.354265414287,1.4444807456812157e-10
              0.0009445993215865677,                0.00156670208522251,                     -0.05064374268266867,                    -0.004425845568690877,            2.503902336768637,                  0.5335119930342995,              2.6498622416779227, 5595.842092206573,0.41375284145611374, 5596.255845048029,1.4133040198802256e-10
             -0.0008471889387236185,              5.260017185767995e-05,                     -0.05272000138364877,                    -0.011817325110698605,           2.2185151969885495,                   0.564804960272115,              2.8890271562375887, 5596.646795317463,0.46697286147051215, 5597.113768178934,3.1601937866248683e-10
             -0.0007862461127926041,              -0.001500362810315006,                    -0.062116534768329595,                      0.00333604531790601,           2.2643161423844718,                  0.5620159664991424,              2.8085814271541683, 5596.326219410552, 0.4631481235289993, 5596.789367534081, 2.293450480734962e-10
             0.00011943785124327447,              0.0012658715931245395,                    -0.045067457737246415,                    -0.002534722644006339,             2.43064414448591,                  0.5414075171096316,              2.7116198446344115, 5596.302459191202, 0.4227420054532551, 5596.725201196655,2.2395998787157865e-10
              -0.002090694637952389,               0.001659864384497124,                    -0.051584145441507544,                    -0.008774330736214675,            2.288094310194658,                  0.5574251047397429,               2.749181740553312, 5596.364461181967, 0.4522951394863013, 5596.816756321454, 2.382854681911396e-10
             -0.0010561946086611303,               0.003314564886892944,                     -0.05339367577288401,                    -0.009625481896344164,            2.153468817962738,                  0.5759062561291852,               2.886744519828402, 5596.113123826744,0.48078726975495995, 5596.593911096499,1.8532889285296435e-10
              0.0005200274733051581,             -0.0007904062941345204,                    -0.046642016059708226,                    -0.009227390129973392,           2.1826384367017404,                  0.5694437393458727,              2.8337244183562333, 5595.971665927292, 0.4707250740537154, 5596.442391001346,1.6088247772422193e-10
              0.0010142744276054536,              0.0013714146936695247,                     -0.06257639677113884,                   4.8118963646912676e-05,           2.3483074631568637,                  0.5539390632326453,               2.719264664108695, 5595.999411119805, 0.4476092675282951, 5596.447020387333,1.6540869304703433e-10
              0.0015058297235717843,            -0.00033804097280223103,                      -0.0508217278143118,                    -0.011287070038536488,           2.2959009562113395,                  0.5548143048725633,              2.7473894970354156, 5595.725848997454, 0.4506290128620637, 5596.176478010316, 1.258206168260709e-10
             -0.0022257022990789122,            -0.00014161670514454557,                     -0.05302866839985829,                    0.0025742375999399216,           2.3135872484129716,                  0.5554399463262201,              2.7308449870815075, 5598.189908124423, 0.4479161047818245, 5598.637824229205,1.4786966598687975e-09
              0.0005488399496072113,               0.001521041011528374,                    -0.052992533847058515,                    -0.004488660675719026,            2.347339049105709,                  0.5507556752074787,              2.6807722045349083, 5599.030442542749,0.44174191870023755,  5599.47218446145,3.4270350926574034e-09
            -1.4120544798223555e-05,             0.00018001921368302875,                    -0.061428308372578046,                    -0.004086580662500007,           2.2763806719140507,                   0.558033300391833,              2.7509027355012723, 5597.957611470572, 0.4603503360564634, 5598.417961806629,1.1721790009924398e-09
              0.0008712198605919423,             -0.0027328840331947565,                     -0.05255957883571492,                  -0.00038904171149499776,           2.1037825516658284,                   0.583745416476087,                2.92618566923909, 5597.437047164771, 0.4907281211097363, 5597.927775285881, 6.964913569591065e-10
              0.0007924631269500146,              0.0008253561147714153,                     -0.04590293620188044,                    0.0024445443554669895,           2.3204511298405617,                  0.5547640967499115,              2.7056419134833183,  5597.53368011358, 0.4426971530888032, 5597.976377266668, 7.671545901125592e-10
              0.0004301122898048701,              0.0016800338468023852,                     -0.04841879988392054,                    -0.007866696741909082,            2.437203065423432,                  0.5425081924772018,              2.6743323550643536, 5595.665618684988,0.42369124133366814, 5596.089309926321,1.1846610715701552e-10
              0.0009799301562557186,              0.0014288227726338208,                      -0.0572847065350321,                    0.0060783063706989346,           2.3761978818773635,                  0.5492984712912832,                2.71345465343747, 5598.139158992153,0.43929306737074764, 5598.578452059524,1.4055264530676809e-09
             -0.0007199217343168738,             -0.0019275649130770147,                     -0.05399328779797074,                    -0.011242543255635451,            2.268870465338231,                  0.5590908186970209,               2.797228776253198, 5599.021695852887, 0.4576696343949142, 5599.479365487282,3.3971905901288903e-09
              0.0013916343697225604,              0.0018023692236618634,                     -0.04426818819430146,                   -0.0010058651765397905,            2.084051750520079,                  0.5861107981173771,              2.9253838955529154, 5596.120867147907, 0.4907560305829162,  5596.61162317849,1.8676952442930886e-10
             -0.0026543436645038586,              0.0014624134462891134,                     -0.04682696237685075,                    -0.001014070207347194,           2.2782290244227856,                  0.5593122106277771,              2.7772454067057346, 5596.726043179997, 0.4511761938648629, 5597.177219373862,3.4208231632892826e-10
              0.0021506396618435793,             -0.0020372904927628273,                     -0.05474962357377983,                     0.006369871082281945,           2.2597504594426985,                  0.5604869292566493,               2.815454197008828, 5596.827392411431,0.45945380678621917, 5597.286846218217,   3.7856986152769e-10
             -0.0003840756084711445,              0.0005930159199946197,                     -0.05054245603616734,                    0.0025772890507619814,            2.081327137673962,                  0.5829792872698908,              2.9457048437337505, 5596.485955535285,0.49469423670515716,  5596.98064977199, 2.690678973907243e-10
                0.00296155913643917,              0.0009792797298722442,                    -0.054225786526348886,                    -0.006635197348682421,           2.1479384903173293,                  0.5797083284424757,               2.819993755425253, 5598.032656961161,0.48219707770710085, 5598.514854038868,1.2635306446145501e-09
              0.0023740908849436046,               0.002755423697665185,                     -0.04772488412878117,                     -0.00830958576820044,           2.2899442726989516,                  0.5575378517767037,               2.761118367153659,  5597.79347289476, 0.4498026410103235,  5598.24327553577, 9.947397188919056e-10
              0.0007287275259489192,              0.0022380990080087364,                     -0.05900979461337598,                    -0.003329605454371907,            2.228260796808369,                  0.5622416628265144,              2.8308092016867255, 5599.037828094818, 0.4682181817015674,  5599.50604627652,3.4524393354786114e-09
             -0.0011855423536916588,              0.0025841885026475194,                     -0.05595751253849888,                    -0.010093207768661152,            2.234943082361139,                  0.5671314884107362,               2.785633556735978, 5598.324790664181,0.46544535217253347, 5598.790236016353,1.6922239394098204e-09
               0.002637782504796693,             0.00014590215233147418,                     -0.04976646023152162,                    0.0013063339572749082,           2.4198539882586982,                  0.5423187755963376,              2.7209160168347744, 5598.417357853887,0.42705577542047446, 5598.844413629307,1.8563474008470746e-09
            -0.00036112183295901074,             -0.0011271034237602384,                    -0.049031811068531536,                     -0.00764038473843354,            2.265055264873482,                  0.5594410019047659,                2.86025182470378, 5598.627436920035,0.45517863575667816, 5599.082615555792,2.2903161393987867e-09
              0.0007264709475847573,              0.0017655110372971987,                     -0.06029369996795718,                   -0.0062367111212004315,            2.060847451992131,                   0.589178880597827,               2.921509402674868, 5596.902650629574, 0.5056698941882483, 5597.408320523762, 4.081598344116154e-10
               0.002744848585955169,              0.0009785436653792499,                    -0.051357038829277626,                     0.007141758128436238,            2.152173123415301,                  0.5767265170238614,               2.894960355759146, 5595.839731355691,0.47963020116847993, 5596.319361556859,1.4099713553472528e-10
              0.0028276353546400324,              0.0005534247983232391,                     -0.04766237955029643,                    0.0027421781203359765,           2.1363915479234286,                  0.5787862120354509,              2.8453893506528694, 5596.743525519837,0.48078745630414865, 5597.224312976141,3.4811529729270846e-10
               0.002447885138603064,              0.0019406906077122016,                     -0.05480383940906551,                    -0.004724343854614853,           2.1288180504605014,                  0.5822171014572398,              2.9119710955768667, 5595.791325631221, 0.4866083355843769, 5596.277933966806,1.3433461985886802e-10
                0.00273209616939771,             -0.0004220918308065154,                     -0.04473358407751938,                    -0.005339027917184956,           2.1784831449293787,                  0.5747115967338277,              2.8657245671124025, 5597.020793557351, 0.4703530022916754, 5597.491146559642,4.5934509865042796e-10
              0.0014107359489780277,             -0.0010201503542002263,                     -0.05087591078279542,                    -0.001177985191211314,            2.372667888828517,                  0.5512924060281448,              2.7296087528479767, 5596.426287497581,0.43587080275361184, 5596.862158300335,  2.53482735634394e-10
             0.00032572402521142035,              0.0010518418119426895,                     -0.04770825245005686,                    0.0002557693526207927,           2.0447372982229446,                  0.5912877710754655,               2.945722471811365, 5598.620167820764, 0.5017123535058683, 5599.121880174271,2.2737279675981248e-09
              0.0017665183854619873,             -0.0017734501314160267,                    -0.059002506300422496,                    -0.004661626948162489,           2.2761575896185033,                  0.5633998290011867,               2.780487479275328, 5596.725619797828, 0.4588329594396007,5597.1844527572675, 3.419375154310269e-10
            -0.00014811298608086398,              0.0012192082175640708,                     -0.04809751465615303,                    0.0025146301281637105,           2.1062625723453605,                  0.5799230158176837,              2.9045406077026916, 5596.544868765346, 0.4876701845930475, 5597.032538949939, 2.853957987796591e-10
               0.002497798998792533,            -0.00026570983854679205,                     -0.05122475965591931,                    -0.005078221401314393,            2.268530927235971,                  0.5559777732384471,               2.833495431173308, 5596.351105347312, 0.4555698816047283, 5596.806675228917,2.3512412505812136e-10
             0.00045767206040399426,              0.0005482066195249165,                     -0.04750175575006248,                    -0.011187720688963738,            2.242781199143996,                  0.5642393356020873,               2.760579902621561, 5598.421666396107, 0.4591088138722423, 5598.880775209979, 1.864362806957496e-09
                0.00104934312414587,              0.0009922892268616674,                     -0.05284614245684327,                    -0.012803700145999644,             2.14525680942054,                  0.5750013989953338,              2.9337436394565115, 5596.524368340115,  0.482582075345029,  5597.00695041546, 2.796046271051017e-10
              0.0021810763995824167,              0.0007841706539830519,                     -0.05845326898367266,                    -0.011419223297345744,            2.364095189458492,                   0.550314840906724,              2.7264283013149986, 5598.766204036709, 0.4427312304282787, 5599.208935267136,2.6312446280519866e-09
              0.0007886199033406951,              0.0011351508564313702,                     -0.05589239076299111,                     0.006023843374134093,           2.0927468739922492,                  0.5867721466691188,              2.9025537510294575, 5598.731325974361,0.49540841247087536,5599.2267343868325, 2.541053895602959e-09
             -0.0010763123223401486,              0.0020139002302692077,                     -0.05018739927326659,                   -0.0009839953419359386,            2.140304519524166,                  0.5745234106296284,               2.900817100169573, 5598.909544074651, 0.4812507761615834, 5599.390794850813,  3.03677778698367e-09
              0.0025506121507351217,               0.000499232579168433,                    -0.048548346781659105,                    -0.003868734366667661,            2.272888893972218,                  0.5558002865448946,              2.8105046049029117, 5596.202074053739, 0.4531835119983016, 5596.655257565737, 2.025693450999435e-10
              0.0002180840593119265,              0.0026640399968877243,                     -0.05758455135758413,                    -0.007947401236930706,           2.1601965238442795,                  0.5722883295469882,              2.8731087914568176, 5598.243102036902,0.48173354719944617, 5598.724835584102,1.5594839683895275e-09
              0.0013560600937201036,              0.0010832458990645028,                    -0.053427948488322746,                    -0.002141161389605841,           2.1085235769504513,                  0.5789993363855511,              2.9717614294791046, 5599.952787491557, 0.4901662975305652, 5600.442953789087,3.4435719144695467e-09
              0.0019206486644385197,             -0.0005683575998811517,                     -0.04519611871734588,                     0.002096093822399697,           2.3595127676171845,                   0.548662477028512,               2.725490489001242,5600.4738269993395,0.43521128273534393, 5600.909038282075, 5.798207323886568e-09
              0.0014951615625706843,              0.0005232534416450977,                     -0.05444706425665807,                     0.003912681782457204,            2.323057568197942,                  0.5522152975176982,              2.8205367669292976, 5599.102509959091,0.44703550255509705, 5599.549545461646,1.4714256304268847e-09
              0.0013989310143990084,             -0.0020417464768355056,                     -0.04920444919059569,                    0.0018189583821250068,            2.136647567250325,                   0.577325349852401,               2.883232862077727, 5602.199008175039, 0.4815257497203841, 5602.680533924759, 3.254845699513848e-08
             -0.0022619558037201026,              0.0010351722485349424,                     -0.04907369115656762,                    -0.006657125791495922,           2.2866902648821616,                  0.5567350019691126,               2.790382069350934, 5601.092126852228,  0.450972896292087,  5601.54309974852,1.0760140804591005e-08
              0.0024153993162617875,              -0.001423547675810355,                     -0.05419591713451567,                     0.005797896016557791,            2.318093587007499,                  0.5536877116922756,               2.764659256782547,  5600.03783357114,0.44793715498065684, 5600.485770726121, 3.749248273505383e-09
              0.0032232376595113755,             -0.0002527121615148535,                     -0.05793048998425374,                    0.0025181157933563394,            2.120033611716223,                  0.5802821789171883,              2.8860644491981216, 5599.985777229169, 0.4904280553125627, 5600.476205284482,3.5590690843819945e-09
               0.002330708359412883,             -0.0005971570428337888,                     -0.05195308862829236,                    0.0014335552049535678,           2.2293067786568397,                  0.5696619908574072,              2.8097948340966807, 5601.598253664963,0.46360864363967247, 5602.061862308602,1.7849499226802465e-08
              0.0015011634375529913,              0.0008272637509661053,                     -0.04928153221032147,                    0.0028261407582096778,           2.1389270086093495,                  0.5789348715677726,              2.9288394739160326, 5599.577381624167, 0.4810774371403561, 5600.058459061307,2.3657696739180876e-09
               0.002555579580375032,              0.0014065131815182248,                     -0.04916631966337331,                  -0.00047634631879137497,             2.17103500986797,                  0.5723686034313981,               2.919239714764669, 5599.421563254678, 0.4740879278966814, 5599.895651182575, 2.024423650533775e-09
             -0.0003245730408046992,              0.0001637870889584025,                     -0.04985562507313539,                     0.004531774632695946,           2.2540971785610053,                  0.5601038136806437,              2.8491978379447973, 5603.128061714467,0.45756022132515956, 5603.585621935792, 8.241632224653392e-08
              0.0017921303900221008,             -0.0005646175980751063,                     -0.05660644593482477,                     -0.00248559170695681,            2.224946528910758,                  0.5626478546646013,                2.82292839903214, 5601.822374672537, 0.4673045501158941, 5602.289679222653,2.2333693576542443e-08
             -0.0001810363759263247,              0.0007594072447627852,                     -0.05205340430374526,                    -0.009390895100780583,            2.412965474123517,                  0.5435979797996222,              2.7189870231655506, 5602.780050115928, 0.4299742294680504, 5603.210024345396, 5.819339755772356e-08
              0.0025497545006339744,              0.0008197506942100126,                     -0.05967880120862079,                     0.004049373278149048,            2.195237495351897,                  0.5698050062062753,               2.869568257222756, 5603.129348752106, 0.4754489666043405, 5603.604797718711, 8.252246344458009e-08
              0.0003782201955571247,            -0.00040806385863731805,                     -0.04657730680351954,                    -0.005354637557327352,           2.3596688420609837,                  0.5502857254495408,               2.767114744164867, 5601.551581971961,0.43600176457300455, 5601.987583736534, 1.703557424584851e-08
              -0.002054591862402435,               0.001034456098568333,                     -0.05464279646235128,                   -0.0019023166245027733,           2.3191114863313644,                  0.5519012226189148,               2.755331895020281, 5599.527355849366,0.44783709838604013,5599.9751929477525,2.2503317228229208e-09
              0.0024447781762553275,                0.00059792328917665,                    -0.052818779436012944,                     0.002211432758543708,            2.311904880540736,                  0.5584894646517767,               2.757339864209416, 5602.277021035287, 0.4481051268280462, 5602.725126162115, 3.518932690276231e-08
              0.0028214059468806394,              0.0012519085706661857,                     -0.05322735416161809,                   -0.0029271282872089465,           2.1642792909455655,                   0.578142894951931,               2.818914674682768, 5601.591393350439, 0.4778878365757619, 5602.069281187015,1.7727465122800755e-08
              0.0021118389610045424,             -0.0005376692142927613,                     -0.05158143637768268,                     0.007093852161237802,           2.3337408778414823,                  0.5537201000296057,               2.745816081967428, 5599.933771408124, 0.4435838991366961, 5600.377355307261,3.3787073532271784e-09
              0.0014625018466786915,             -0.0001597634893090798,                     -0.04869717566089748,                    -0.010410937734724008,           2.2090723254018108,                  0.5706565139156661,               2.852060919950966, 5602.057986038237, 0.4664674106526124, 5602.524453448889,2.8267361256613813e-08
              -0.001823500087262833,             -0.0003140694801073036,                     -0.05396976450855271,                    0.0005285157817482847,           2.2962829385513683,                  0.5546176075347292,              2.7761604160931563, 5600.576200858042,  0.451688840907218, 5601.027889698949, 6.423239891424024e-09
             -1.206648806245202e-05,              -0.000908988567201633,                    -0.053194995115544826,                    0.0045179052964015014,           2.3236847562951786,                  0.5552900610494437,                2.70848707071693, 5600.692990496942,0.44618956024145495, 5601.139180057184, 7.218970013300797e-09
              0.0016159961989724676,             0.00032247612897282513,                      -0.0561882124924459,                    -0.005563310511662032,           2.1069225111624315,                   0.584024239843044,               2.852367916704324, 5603.165340388082,0.49235246484328715, 5603.657692852925,  8.55466786791688e-08
             -0.0004115782437673518,              -0.001804881867117566,                     -0.05304593870415317,                    0.0012534722011142629,           2.2249995073931643,                  0.5663457374615192,               2.865877079181013, 5603.274094422553, 0.4650986895332304,5603.7391931120865, 9.537497341874303e-08
            -0.00019714053797052834,              -0.001451859108001593,                     -0.05389221050037577,                    -0.003976644592270771,            2.130188105502812,                  0.5768610386366708,               2.946682765473051,5601.6875080845375,0.48567728168505975, 5602.173185366222,1.9515906927101606e-08
              0.0029814620853200638,             -0.0005421469230453332,                     -0.05046147730980131,                     0.001173802257810825,           2.1686773632499103,                  0.5746785574951346,              2.8992958753502958, 5600.881080595898, 0.4753156642722343,  5601.35639626017, 8.712879944380877e-09
              0.0017974264425826953,              0.0009894318841758396,                    -0.052978940112625696,                     0.004342593337377896,            2.112003553359794,                  0.5790413772105831,              2.9139150113046552,  5599.24828187029,0.48920536258602876, 5599.737487232876,1.7023398016018136e-09
              0.0036060637125980366,             -0.0007742845976650757,                    -0.057389634733072695,                   -0.0024160178101952164,            2.206409433405416,                  0.5688600326509887,              2.8717628044005794, 5600.905710472276,0.47163065236779056, 5601.377341124644, 8.930141682148774e-09
              0.0022047645824503667,              0.0021316022552607815,                     -0.05095967831724536,                    0.0006765660231991289,           2.1712410437433642,                  0.5707492295506724,               2.900986331492434, 5601.202783468862,0.47504804244208115, 5601.677831511304,1.2019198630524828e-08
              0.0013839400123922747,             -0.0002856868502240017,                     -0.05869768567200524,                    -0.009329038571995055,           2.3492316730825795,                  0.5489519268340044,              2.7202709535575194, 5600.690536561807, 0.4453068991046587, 5601.135843460911, 7.201276846964926e-09
             -0.0002679255346428362,             0.00019908755463648282,                     -0.04582492064985291,                    -0.012080675834335987,           2.2366099497356573,                    0.56284788261059,              2.8398661450336222, 5599.471540644554, 0.4595828801028114, 5599.931123524657,2.1281699518946283e-09
              0.0016798812213186917,             -0.0030261928433725784,                     -0.05548752122265307,                     0.001864574572586172,           2.2599450333530675,                  0.5626244645460505,              2.8026080951982006, 5599.288775924342, 0.4596793130703873, 5599.748455237413,1.7726891948116899e-09
              0.0016454266136566073,              0.0021311203952402344,                     -0.05646798139507068,                    -0.001450379051658248,            2.158343118058775,                  0.5719642851698734,               2.885088655681563, 5601.623839062382,0.48108494968971727, 5602.104924012072, 1.831207815725631e-08
             -0.0019557785416000903,              0.0020808178538786245,                    -0.050286738918408555,                    -0.004817372962365616,           2.3128492415770396,                  0.5538628969115438,              2.7866450767262614, 5601.894612998945,0.44659001302847906, 5602.341203011973, 2.400674391403584e-08
              0.0009484255618254227,            -0.00016791073637600532,                    -0.047519385946161154,                      0.00437836125090356,            2.192425342128907,                   0.569344433259883,               2.897294552159299, 5601.213668590345, 0.4687724834571896, 5601.682441073803,1.2150743710983394e-08
                0.00365422902707491,             -0.0010584387665775095,                     -0.05069967964560255,                  -0.00045654134167906235,           2.2018265979293963,                  0.5677185847897301,               2.865621386212031, 5601.189988670916,0.46853025818595917, 5601.658518929102,1.1866395042664112e-08
              0.0006454022598196257,               0.001073730447657692,                     -0.04255796298176196,                   -0.0025416078561527923,            2.315725115751199,                  0.5525728010613368,               2.771325749789671, 5599.818988820202, 0.4419369018053529, 5600.260925722007, 3.012320188440763e-09
               0.002069242920993748,             0.00012131213713995924,                     -0.06268290509298781,                    0.0008925820264115962,           2.2470762828558812,                  0.5608757805404186,               2.815235830265218, 5599.273144623285, 0.4668796078944882, 5599.740024231179,1.7451951996001304e-09
              0.0006431069953684963,             -0.0015094881380778213,                    -0.057017681360582474,                    0.0032620853693360306,           2.2624125654556186,                  0.5610698210745577,               2.847741202672448,5600.9724978997565, 0.4601413056987492, 5601.432639205455, 9.546930489397871e-09
              0.0009438351633140215,              0.0012615423429683233,                     -0.06171212259114196,                   -0.0040706618200280565,           2.0778451372277886,                  0.5852856505985037,               2.954335205662563, 5599.661941777053, 0.5025313684462811, 5600.164473145499, 2.574521175084748e-09
            -0.00024642696854917836,              0.0006918147160152672,                     -0.04969175231698492,                    -0.008439226993840077,           2.0788423076828706,                  0.5866597130674136,              2.9466466437160195, 5602.917379912835,0.49515380177336327, 5603.412533714608, 6.675983993573487e-08
            -0.00010893101761374022,              0.0007899901559253645,                    -0.056587115735643824,                    -0.013308637553733788,           2.2360848794506696,                  0.5658975440622315,               2.780538841174952, 5601.333452874149,0.46598720097549373, 5601.799440075124,1.3696970301440814e-08
             -0.0016181126882859516,            -0.00034167868281794985,                     -0.04589946846384191,                    0.0005412602832566305,           2.2295597388492565,                  0.5663142102657224,               2.844099350989933, 5600.502761567798,  0.460240093945962, 5600.963001661744, 5.968426686940734e-09
               0.002206267540446986,               0.001963967776825666,                     -0.05673027483454582,                     -0.00685341155617213,            2.260965027471846,                  0.5592083491361809,              2.7846606933101232, 5600.650680275456, 0.4604780067816271, 5601.111158282238,6.9199051563390304e-09
             -0.0001915865296339369,              0.0012172942589014928,                     -0.06316806905238448,                    -0.004864554406861466,            2.127102084301363,                  0.5794579919112602,               2.887858915383412,  5602.92768869885, 0.4924308893434028, 5603.420119588193, 6.745161238082494e-08
               0.003009899241779127,              0.0006200637118877732,                    -0.058646382647054726,                    0.0021705862804271797,           2.1519328564053843,                  0.5774397538114594,               2.900256664429217,5599.5107060238115, 0.4838849226928017, 5599.994590946504,2.2131742830272806e-09
              0.0014070591999949958,              0.0005807281615768316,                     -0.05606845277743014,                     0.006140666264077463,           2.2287195938029876,                  0.5632467659120439,              2.8310321380296335, 5602.574649834248,  0.466375319290475, 5603.041025153539, 4.738812275895831e-08
              -0.001019050011295333,              4.339946067128556e-05,                     -0.05010605526192685,                     0.004462579135022022,            2.177188937478495,                  0.5746263976271065,               2.813119693556632, 5601.250870663165, 0.4733721512222677, 5601.724242814387,1.2611290088369317e-08
            -0.00048608456822191127,             -0.0003190556013143026,                    -0.057148313406402314,                     -0.00831980692442306,           2.1115504190550887,                  0.5790056808257893,              2.9170784202928175,5600.2631330591485,0.49211614381528423, 5600.755249202964, 4.696675168836842e-09
              0.0011005145498962613,               0.001128680968463888,                    -0.046125187913697956,                    0.0001695313761499379,           2.0699543976534134,                  0.5878848308364876,              2.9374399319582913,5600.4908142617605, 0.4949360233212817, 5600.985750285082, 5.897544336448006e-09
              0.0019330739275246211,             -8.604512805504005e-05,                     -0.05396962829942104,                    0.0036092394597904746,           2.2600158776686086,                  0.5592323018400169,              2.7826672429678174, 5601.453173277321,0.45874972064120734, 5601.911922997962,1.5438973599487338e-08
              0.0013980609470876774,              0.0008732588863943051,                    -0.045741845775626976,                    0.0021687952689119273,           2.3502617919275126,                  0.5503582927923968,               2.777971542516611, 5599.393326264804,0.43714972269944874, 5599.830475987504,  1.96805954180165e-09
              0.0005134905029538624,            -0.00043902362987766763,                     -0.06172836931505171,                     0.003033409754917679,           2.1584171436505404,                  0.5736572603165049,               2.891405053920299, 5603.357626696474,0.48452497040193127, 5603.842151666876, 1.036840697498775e-07
              0.0012113470601613494,               0.002823490600421538,                     -0.05106924726375159,                    -0.004541769652957865,            2.386833350500926,                  0.5455901325017544,              2.7398010414844216,  5601.86469205547, 0.4336214594318264, 5602.298313514902, 2.329907927785095e-08
             -0.0013856458154562965,               0.000804036445687412,                     -0.04569726149311464,                   -0.0015453937230200067,            2.325336338620664,                  0.5544918588805882,               2.774789028504827, 5601.025803835454,0.44167417375672224, 5601.467478009211,1.0069646721114697e-08
              0.0008951705011542666,              0.0033316181017624784,                     -0.05233824770912114,                   -0.0019221558318815483,            2.187050207007092,                  0.5738710746201713,              2.8530668433959354,  5601.84248493626,0.47254180661789874, 5602.315026742878, 2.278737659699449e-08
               0.002810572139475189,              -0.001553397309335705,                     -0.05718538126017234,                    -0.005535917219661942,           2.3509453996681633,                  0.5491795711876531,              2.7671212918894166, 5601.014580367495, 0.4437559408131842, 5601.458336308308, 9.957262215448639e-09
              0.0020923490648178614,              0.0001617302535218279,                     -0.05656708893458763,                   -0.0015000395278727296,           2.2878354781309307,                  0.5577144951071478,                  2.727753894109,5602.1394724964675, 0.4549081988969483, 5602.594380695365, 3.066721856231319e-08
               0.002147325897490988,              0.0013212288880275255,                     -0.06236088098558876,                    -0.004212586032092297,            2.239544483358799,                  0.5637861123942987,              2.7743512154432417, 5597.861311451314, 0.4682581626223188, 5598.329569613936,4.2529732758687155e-10
              -0.001523511734368555,              0.0012830802205259012,                     -0.05371103408588095,                    0.0003246298361032336,           2.1810923350192293,                  0.5755030598795051,              2.8141647933540286, 5603.238093743504,0.47453557314357153,5603.7126293166475, 9.200247987532185e-08
              0.0015563088386220485,             -0.0012627291547492089,                      -0.0522307600277843,                   -0.0075273850627897735,             2.17172401572826,                  0.5763420248165733,                2.80305190156011, 5601.661595835347,0.47595661183349885,5602.1375524471805,1.9016701582353586e-08
               0.003369998071380442,              -0.001239912893775393,                     -0.06125281844053061,                   -0.0018207215377067023,           2.1679299830327747,                  0.5729023653744512,              2.8689720058290487, 5597.858530169096,0.48220349323773976, 5598.340733662334,4.2411609911892607e-10
             -0.0003073600339188845,               0.004033960986352924,                     -0.05394837274630967,                   -0.0042164554107797896,           2.2296024489907724,                  0.5645925594111569,               2.851858073603643, 5597.037308042042,0.46486918841038694, 5597.502177230453, 1.865660084874566e-10
              0.0029704445598573996,              0.0009473788319053669,                     -0.06418059624492883,                    -0.004546239133481653,           2.1821310386688864,                   0.572267677730436,               2.871789097293477, 5596.581245346286, 0.4813206116031042, 5597.062565957889,1.1824070428881328e-10
              0.0033933076584787103,             0.00036022301136398913,                     -0.05259217753218063,                    -0.003485359325760475,            2.273103671364978,                  0.5636217883453303,                2.74127400762233, 5599.486261838658,0.45542563664964836, 5599.941687475308, 2.159730892235439e-09
             -0.0013083304274718976,              0.0013963806334912777,                     -0.05419011264878919,                    -0.006537614557047749,            2.274318411028744,                  0.5607328802970165,              2.8364165675101063,5600.7425740175195, 0.4562642284714521, 5601.198838245991, 7.585934476977163e-09
             -0.0015718459965835593,             -0.0013653741447456587,                    -0.054080827476911404,                     -0.00714209522421938,           2.2193372429066542,                  0.5657335541352028,                2.88451942086827, 5596.572146578706, 0.4671409698023898, 5597.039287548509,1.1716973922171796e-10
               0.002190754598238804,             -0.0003971302464835596,                     -0.05367379228319956,                   -0.0027888721954477708,             2.44801585192366,                  0.5365591754582967,               2.689308951627815, 5598.655119771012, 0.4245697029745668, 5599.079689473987, 9.406741869489938e-10
               0.002396307090033933,             -0.0014773668435512683,                     -0.04974337928838586,                    -0.010179079399122562,            2.263777681158675,                   0.562200094895719,               2.770246535292676, 5602.947851347733,0.45610583706791463, 5603.403957184802,    6.882541880507e-08
              0.0008366271925855916,             -0.0008061733733290058,                     -0.04754608559352209,                     -0.00840541708480799,            2.204032626739783,                  0.5668734146068793,              2.8895110071898804, 5603.221978343408, 0.4666728536074039, 5603.688651197016, 9.053170598780902e-08
             -0.0005995878872880104,             0.00031807141983185815,                     -0.04382003477190612,                   -0.0036945292348054123,            2.212626006427126,                  0.5654296992518233,              2.8550940437331755, 5602.104428719196, 0.4626978041570608, 5602.567126523353,2.9611136022214157e-08
              0.0018744392151762198,              -0.002303115726397458,                     -0.04983297229493618,                   -0.0023836661218036436,           2.2296908148950516,                  0.5673715789543856,              2.7744273581172374, 5602.067690880116,0.46236948065662564, 5602.530060360773,2.8543027010626754e-08
              0.0010620829633177446,              0.0033703221544534884,                    -0.048329173669329664,                    -0.008445820950741567,           2.2786166956528784,                   0.558157737146915,              2.8080948409569926, 5598.053392183147, 0.4523045769995929, 5598.505696760146, 5.153618372072777e-10
             -0.0002442348294126018,              0.0007858071614571751,                    -0.050639672891591575,                    0.0007456006385379937,           2.0962638135367087,                  0.5875725781890182,               2.897872006002312, 5600.807484367644, 0.4912925802923907, 5601.298776947937, 8.094672716563028e-09
             0.00021103140733132406,              0.0002436730324784142,                      -0.0639051493902689,                    -0.007759914579536717,           2.2964489304507287,                  0.5578092270421936,              2.7780612878273274, 5602.899232774636,0.45847819475776974, 5603.357710969394, 6.555926632931771e-08
              0.0009579303038184145,              0.0017842567419538513,                     -0.05308243160841399,                   -0.0005262843848374655,           2.1565324459871724,                  0.5714196666885131,               2.888943164922531, 5599.859048020363, 0.4793858347449993, 5600.338433855108, 3.135440920558263e-09
               0.001005546271553986,              0.0022662476152496653,                     -0.05836464350292898,                     -0.00805723818035933,           2.1433870925996494,                   0.575992340264013,               2.928430788629199, 5600.147051228596,0.48587071559068445, 5600.632921944187, 4.181930646028403e-09
            -0.00010447474585597949,              -0.001685794279672542,                     -0.05668901089618357,                     0.003710472037569387,            2.165809986493002,                  0.5713119356316939,              2.9024329448427615,  5597.15521290385, 0.4796669350079799, 5597.634879838858,2.0991233080213014e-10
             -0.0013734917714808127,             -0.0007523981363120548,                     -0.05737485415082508,                    0.0027747250513527042,           2.1394686461930332,                  0.5764358686442232,              2.8653990259678945,5597.3322848897515,0.48575036119355647, 5597.818035250945, 2.505759221606203e-10
             1.0894630180086705e-05,             0.00031071641444179837,                     -0.05047373347804173,                    -0.006194311855198589,           2.4493262026345946,                  0.5400713593191172,              2.6588291261863013, 5603.410318404806, 0.4226425708305134,5603.8329609756365,1.0929385729100267e-07
               0.000548798761774874,             0.00012155889950719792,                     -0.04799812765677528,                   -0.0030965294394029188,            2.086951748209817,                  0.5863054062848115,               2.878663150771426, 5602.550275226887,0.49202178884021974, 5603.042297015727, 4.624701934260709e-08
              0.0016481998368799613,             -0.0011869328941007287,                     -0.05083538452003887,                    0.0032893035696864286,            2.295315064437429,                  0.5610499183845619,              2.7548911244712997, 5598.749916610457,0.45010993302312186,  5599.20002654348, 1.034210567329424e-09
             -0.0007841831182769615,             -0.0009021667273696719,                     -0.05899941245630748,                     0.003792488197992429,            2.293186562519795,                  0.5553124522791127,              2.7838943997372425, 5599.049633353542,0.45550076704991416, 5599.505134120592,1.3956428617115821e-09
              0.0014713506568946166,              5.809092813614558e-05,                     -0.06192882445607152,                    -0.012194248585583892,           2.2618243635276714,                  0.5595368824515259,              2.8229616806835054, 5597.203618918902,0.46426568506046473, 5597.667884603962,2.2032329408457345e-10
              0.0007472445335689049,             -0.0021707067523648394,                    -0.053572060298829556,                    -0.004864323773913254,           2.1869667456818696,                  0.5676800738719661,               2.860339043871562, 5597.546570160617, 0.4733593104331402,  5598.01992947105,3.1045756580123913e-10
             -0.0015244094504650882,            -0.00015378706635343586,                     -0.05200670575688893,                    -0.006578176002097668,            2.202008282911559,                  0.5718149384094359,              2.7817218190246202, 5600.697599777235, 0.4694104391441497, 5601.167010216379,7.2523210726637594e-09
              0.0005371215695942654,              0.0010048020543978451,                     -0.04718619506957591,                    0.0026158177495229982,           2.3508163699522244,                   0.553017098798713,              2.7331068233096634, 5601.657621495146,0.43779901581891584, 5602.095420510965, 1.894127273000557e-08
             -0.0015734012190172085,               0.000472490864019445,                     -0.05763927161879478,                   -0.0031411015328053128,            2.309315781810931,                  0.5536573571273335,               2.827310639697604, 5598.298842506023,0.45155564523334796, 5598.750398151256, 6.587338433650647e-10
             -0.0003900870884086426,            -0.00035663979444758884,                     -0.05176259031980817,                       -0.004566517942289,            2.183990248926733,                  0.5762702254269771,              2.8030959263792417, 5601.934992405175,0.47288026998875604, 5602.407872675163,  2.49959595429231e-08
              0.0014307732713336604,              0.0016021070286114558,                     -0.05744098665967229,                     0.004122469027838604,            2.197089386519621,                  0.5712681734911478,              2.7833449617811903, 5598.317389987145, 0.4735980374014034, 5598.790988024547,  6.71065705862308e-10
              -0.001956615745461038,              0.0012964726922084868,                    -0.056088029090517924,                     -0.00892019647457553,            2.315920260803073,                  0.5534457582786063,              2.7660337926095746, 5601.308918336734, 0.4497434962714063, 5601.758661833005,1.3365010364448124e-08
                0.00324348166232061,             0.00028806155618876566,                    -0.051032524911235756,                     -0.00344803478099296,           2.1097195124794923,                   0.580874883558342,              2.9529430423352263, 5598.385410460884, 0.4885900515900469, 5598.874000512474, 7.183001574036732e-10
               -0.00099876203579199,             -0.0009325006610916564,                     -0.05803937674586746,                     0.002159971454003586,           2.3199682037107925,                   0.555209334756995,              2.7883753096898665, 5599.844833359342,0.44979095592198604, 5600.294624315265,3.0911869633704463e-09
              0.0009122693653192794,             -0.0006696324217890094,                    -0.059647297018078194,                   -0.0020621197265916586,            2.253094739432892,                  0.5612551277650175,              2.7640578317672206,  5601.45545450883, 0.4636302721185905, 5601.919084780949,1.5474233675438963e-08
             0.00047781657726069426,              -0.001678921179036009,                     -0.05594283145713581,                     0.001865270155142463,            2.160979395789425,                  0.5742400320375739,               2.929748223673572,5597.7802631576105, 0.4801760657564534, 5598.260439223367, 3.921875718413432e-10
             -0.0023422997978547514,             -0.0006689401951284805,                     -0.05270139216912922,                  -0.00017693853877269832,            2.260819268506831,                  0.5605621199357057,               2.816715772791447, 5602.854184994709,0.45778087622939934, 5603.311965870938, 6.267149901042351e-08
               0.002945731329264808,              0.0009839924598595937,                    -0.046266605627831484,                     0.001973206556833179,            2.244109044095628,                  0.5632718780144086,               2.806279900666632, 5603.180104262781, 0.4575785775721251, 5603.637682840354, 8.681904856726967e-08
                0.00332372259880922,              0.0011195587886973861,                    -0.058706175278651365,                   -0.0017620342212182733,           2.2620152330609424,                  0.5641435702235532,              2.7715396765348688, 5601.927568567228, 0.4613160069792648, 5602.388884574208,2.4811080694369885e-08
                 0.0008515522723319,              0.0018154127549066383,                      -0.0610742943160125,                    -0.007643664676445883,            2.112646664000272,                  0.5833880356282636,              2.8881826465875156, 5600.809911118866,0.49440945139620074, 5601.304320570262, 8.114340328015348e-09
             -0.0008019685184445526,            -0.00038196345788401524,                     -0.05122212286036935,                    -0.009421700006036392,            2.262127386971954,                  0.5601515143237682,               2.767684114379488, 5602.514102728832,0.45713543908116244, 5602.971238167913, 4.460404353697637e-08
             -0.0007372273911849849,             -0.0015588642587255521,                     -0.05459944286277438,                     0.004479001692315734,            2.259790251840505,                  0.5616842041920884,              2.8293904535624907, 5601.799732906949,0.45920858013996263, 5602.258941487089, 2.183370103869134e-08
              0.0010076162408270708,             -9.166296429517544e-05,                    -0.042322455977336484,                    -0.005629529298723582,           2.1868511711416656,                   0.570633434805968,              2.8423280900518426, 5602.716727089954, 0.4674112980994109, 5603.184138388053, 5.462266345939507e-08
              0.0015308244590153005,              0.0015782182788298346,                    -0.057591463759734056,                     0.003917332106747867,           2.3731117018762036,                  0.5463427061015316,               2.735879124963703, 5601.758872158773, 0.4399263120746482, 5602.198798470848,2.0959540722562335e-08
             -0.0011024011906070469,             -0.0009631263881384555,                     -0.05917595528247858,                     0.000880988970393463,            2.209989824025401,                  0.5658948350904814,              2.8734316337856294, 5601.082642342764,0.47196139753809124, 5601.554603740303,1.0658568590032462e-08
             -0.0012131563813702181,              0.0026134461426641988,                    -0.049834186705486734,                   -0.0032494873110889473,           2.2730921429902726,                  0.5569983664860204,              2.8161141716468894, 5598.879053191086,0.45383107901988234, 5599.332884270106,1.1767718620244138e-09
              0.0031513444409888964,              0.0003462569207423659,                     -0.05127498055751095,                    -0.004041692497128408,             2.14525506658032,                   0.574110357486092,              2.8981322934955136, 5601.385163532612,0.48089786797164236, 5601.866061400584,1.4423882229378371e-08
             0.00042427756120893347,             -0.0014120715280625238,                     -0.06008544062654442,                    -0.004058813065424762,            2.184080221740097,                   0.569340069959677,              2.8466227776582063, 5602.135152938703, 0.4780192405452544, 5602.613172179248, 3.053503543211669e-08
              0.0004300981453943318,              0.0008003785640686975,                     -0.04938659371559175,                     0.005601917602811262,            2.077248869121838,                  0.5879567011833606,                2.92671328980071, 5598.238150574518, 0.4951350929066112, 5598.733285667425, 6.199430641763521e-10
             0.00035850720422854807,              0.0026224093866920066,                    -0.055423566082154464,                     -0.00851854194432463,            2.274061491204306,                  0.5628674371554577,              2.7919653695149753,   5600.2721428065,0.45724930681171727, 5600.729392113311, 4.739182226881579e-09
              -0.001070811939525195,              0.0009301860430250104,                    -0.052917567497545434,                    -0.007152492228857133,            2.272118037203487,                  0.5640939860226615,              2.7773610691913673,   5601.3188892193, 0.4559704183969267, 5601.774859637697,1.3498937891542979e-08
              0.0019524308081880618,             0.00024597930558908893,                     -0.05371270598650339,                     0.002060499638439922,            2.135099144210286,                  0.5749937238428693,               2.885284441098194, 5597.674345300963,0.48443550830594967, 5598.158780809269,3.5277214547972397e-10
            -0.00016246729380010912,             0.00013890440326517255,                     -0.05620061575289343,                     0.004035146612275894,            2.283239776978111,                  0.5623541628335993,              2.7824639791296546,5600.6166427551725,0.45561213480249574, 5601.072254889975, 6.688332186086061e-09
              0.0024473406142647525,               0.001421897337572835,                     -0.04515834661040074,                     0.001797464272089006,            2.309952530686857,                  0.5573726239486387,               2.751353183654974,5599.0439160847445,  0.444301097934248, 5599.488217182678,1.3876863627204753e-09
             -0.0012789718327457943,             -0.0012742098868393124,                    -0.051688325440742304,                    -0.004879283168718899,           2.1320599585532762,                  0.5765952939906918,              2.8854086323780974, 5599.367911880943,0.48402301565331896,5599.8519348965965, 1.918672746805926e-09
              0.0039824888110521345,              0.0001079350200971846,                    -0.050032363614795336,                    -0.004559612796868934,            2.122245425794233,                  0.5802161339081136,              2.8982339453049715, 5599.276106545343,0.48530958848608796,  5599.76141613383,1.7503719946053928e-09
               0.002695222510897118,             -0.0011272298815229289,                     -0.05580389190933014,                    -0.001242685050480898,            2.257530137234941,                    0.56048274626351,              2.7754168170238103, 5603.353773176498,0.46031837964007966, 5603.814091556138,1.0328528996236418e-07
               0.002701952149461836,             -0.0007297584287360621,                     -0.06045933861999733,                    -0.008943829472606685,            2.167192009700144,                  0.5743546516996486,               2.890660310954974, 5599.180598183319,0.48222189685601496, 5599.662820080174,1.5909319421533802e-09
             0.00031905052334414604,               0.002750535468960972,                    -0.046302547507814436,                   -0.0050967143553323985,           2.2215025962787025,                  0.5642879832463628,               2.872833875459748,  5597.74083019868,0.46224338057862135, 5598.203073579259,3.7702340434451486e-10
              0.0007268768073019624,             -0.0006991095839051458,                     -0.04941386259961291,                    0.0064461359771450615,            2.126679466804038,                  0.5808317454050722,              2.8963376442138626, 5600.525363376428, 0.4840182699522073,  5601.00938164638, 6.104859935896608e-09
             0.00013437888633653907,            -0.00034837480403146097,                    -0.054873611287112954,                    0.0033667755785574834,            2.289015556301874,                  0.5552542730094876,               2.843211846571857, 5600.341323802646,0.45366118202820044, 5600.794984984675, 5.078650572633068e-09
              0.0014193977706573682,              0.0009483075655498205,                     -0.05641589438865416,                     0.007621970354352329,            2.244552794356154,                  0.5622295826178813,              2.8605702061518734, 5597.035014594395,0.46354394445273867, 5597.498558538848,1.8613861939879357e-10
               0.002450008696733162,             -0.0006784106200493658,                    -0.055739272302356986,                   -0.0035511690799352132,           2.2308358470670635,                  0.5611255982893296,              2.8598429756934634,  5598.35869455811,0.46562880951945756, 5598.824323367629, 6.993641922042813e-10
             0.00032741157946465784,               0.002726316913477283,                    -0.045384648634280246,                    -0.001991801729354763,            2.250106880323209,                  0.5633300381620139,               2.837716115633814, 5600.361988495037, 0.4559304088848942, 5600.817918903922,5.1846911994303776e-09
              0.0003166788744015437,             -0.0007270947427221939,                     -0.06055650649075961,                     0.002015055863958626,           2.3210262424296926,                  0.5559100437066836,               2.774258407174851, 5601.766619047716, 0.4512426778518329, 5602.217861725568,2.1122542520046942e-08
              0.0013381811516042352,             -0.0015660771775302066,                    -0.052875099493685435,                  -0.00045263331798529253,           2.1273747451427796,                  0.5761465996990272,              2.9070174925989365, 5599.605235566414, 0.4856197291659478,  5600.09085529558, 2.432591998122937e-09
             -0.0007884666647638679,              0.0022773356906881388,                     -0.05625921441140624,                   -0.0027376566860893435,           2.3210934113956614,                  0.5536143106301783,              2.8064522011672075,  5601.77958781605, 0.4484892211363405, 5602.228077037186,2.1398259873478878e-08
              0.0003594027586442383,             0.00011746195774031984,                    -0.044311483586158315,                   -0.0038309270167340816,            2.287188466423194,                  0.5618544300221622,              2.7485997159256677, 5599.785815373125,  0.448208717505669, 5600.234024090631, 2.914030462242623e-09
              0.0034367915680453957,             0.00017256434596625957,                     -0.05333434606048142,                    -0.008283173750692896,            2.178627499577764,                  0.5754810252224729,              2.8304731373868766, 5600.230326067461, 0.4752546062061477, 5600.705580673667, 4.545091483498453e-09
               0.002666297938342243,              0.0017832594690235543,                    -0.060043727122403925,                    -0.002092670661516307,           2.2258442843091446,                  0.5685022190908768,               2.830321576820247, 5601.604443875377, 0.4693783792939312, 5602.073822254671,1.7960334074401346e-08
             -0.0008501301332451021,             0.00039409575297887707,                     -0.05940515073753448,                    -0.009269746220911926,           2.1436646465100844,                  0.5784602781359673,               2.902723522019203, 5601.494557436102, 0.4865785330142049, 5601.981135969116, 1.609130758197672e-08
              -8.91927714150243e-05,              0.0008130223957487652,                    -0.045761959887373416,                    -0.000998950829373213,            2.239712215022467,                  0.5687763221700076,               2.784027924500397, 5597.837030366796,0.45812939966077304, 5598.295159766457,4.1509501014109514e-10
              0.0003341605447398628,              7.324636920663118e-06,                     -0.04625642350952025,                    -0.009347877604285891,           2.1401937934530864,                  0.5786781923107263,              2.8868680426211277, 5605.144420029698,0.47962046927287866, 5605.624040498971,2.8667662429402266e-07
             -0.0005190359817617948,              -0.000592335122726808,                     -0.05595937035884726,                    -0.005514043087692995,           2.1962323711259484,                  0.5669580747195851,              2.8605808651607916, 5606.884856780558,0.47289453711906626, 5607.357751317677,1.6340086787287036e-06
              0.0031642051775851317,                0.00059192550416711,                    -0.051951804518657836,                    -0.007035133238458283,           2.2922229121827025,                  0.5593426448672503,              2.7765883354527547, 5606.989109031239,0.45158466591242624, 5607.440693697152,1.8135541858387403e-06
            -0.00023606120821731852,               0.000441313471937115,                     -0.04749289342028378,                     0.002390012624230532,            2.207708652142005,                  0.5686044555636142,              2.8025059454003243, 5607.303265609344, 0.4655224166394323, 5607.768788025983,2.4829444559679706e-06
               0.002802711999629719,             -0.0005821685236848089,                    -0.053282100894409115,                    -0.005183625314356902,           2.3194841732428584,                  0.5566152100376355,                2.75451632094114, 5606.778279852324,0.44709726413134565, 5607.225377116455,1.4688200325784291e-06
               0.002278324553275273,              -0.000640519295846266,                     -0.05711610521418452,                   -0.0047004322930393055,           2.1553047744534886,                  0.5771720534343673,              2.8236621461555345, 5605.726879651358, 0.4822489748421661,   5606.2091286262, 5.132763825730325e-07
              0.0024438914430158797,              0.0010661417202081085,                     -0.05858460459079557,                    -0.010126536428115831,            2.202716500130985,                  0.5695836429676769,               2.811497028045821, 5603.469477564298,0.47366161913238775,5603.9431391834305,5.3699966113743714e-08
             -0.0008657286685362794,             0.00048661587123665446,                     -0.05909904314592078,                   -0.0020775925524641834,           2.2410070483489783,                  0.5652333729727491,              2.8545416813976567, 5604.391469791698,0.46566128938414936, 5604.857131081082,1.3501752676295762e-07
              0.0003374264482893905,              0.0010338620646239485,                    -0.054286967577797496,                    -0.006320801488701102,           2.0830960634894535,                  0.5870971326222812,              2.9550680295839333, 5603.724113162038,0.49665584046334055, 5604.220769002501, 6.927249765733517e-08
               0.001578019017874817,               0.000136771444335549,                     -0.05534236749096454,                    -0.004758341420099814,           2.1789924925680886,                  0.5687295497315266,              2.8928043829001924,5606.8884650325435, 0.4760828513043802, 5607.364547883848,1.6399152435668316e-06
               0.002545884870111277,            -0.00035792586757252477,                    -0.056670508861294766,                    -0.006207691330238452,            2.343202709842857,                  0.5491467594944656,               2.785707417489051, 5603.471785670564,0.44485905244155394, 5603.916644723005, 5.382405449147756e-08
                0.00100206702136259,             -0.0005086490603095918,                    -0.060045010363799084,                   -0.0077458966200830755,           2.1766912294343226,                  0.5745052868826541,              2.8832257691516894, 5603.695566279708,0.47978324753083573, 5604.175349527239, 6.732294306401216e-08
              0.0012906224850482415,               9.98892338298808e-05,                     -0.05138810530051721,                   -0.0005964971187716677,            2.055293979205677,                  0.5918315736856825,              2.9287076645718813, 5603.970010331579, 0.5012304506242301,5604.4712407822035,    8.858345816615e-08
              0.0002085210463331948,             -0.0013416895977600438,                      -0.0524098507956579,                    -0.004771681667094873,           2.3570194877609665,                  0.5520518811200021,               2.714932618069387, 5607.162625981209, 0.4396613241740619,5607.6022873053835,2.1571879713426913e-06
              0.0006449865981325566,                0.00119290526390549,                     -0.06081983604736917,                    -0.005430872700818838,            2.165021212199128,                  0.5720568231913933,              2.9150102315068303, 5603.854933741263, 0.4826136048649956, 5604.337547346128, 7.895424815711406e-08
              -0.000595346101850908,             0.00012970937782753812,                     -0.05168145586964235,                     0.001448675178856746,           2.3574412105793114,                  0.5482923530000843,               2.719644217548207, 5606.552605833884, 0.4390411929107764, 5606.991647026794,1.1720863443431464e-06
              0.0018886967560014472,               0.002540857905271212,                     -0.05363641917495291,                    -0.006225175902116672,            2.171760778333875,                  0.5719552364147705,              2.8886263958044474, 5606.434985971865,0.47670943403147065, 5606.911695405896,1.0420245453690848e-06
              0.0011914989925590818,             -0.0016605832851773427,                     -0.04809930272766666,                     0.002343406202602424,           2.2361539368610335,                  0.5660661153624089,              2.8170654660133616, 5607.032174794824,0.46010313585643486,  5607.49227793068,1.8933624491689011e-06
              0.0018205667408925966,             0.00035429724798611217,                     -0.04754739501969516,                     0.003688146880308555,            2.132393791428911,                  0.5778415125947381,              2.9120178656563187, 5603.703968996299,0.48161096210773296, 5604.185579958407, 6.789102203550696e-08
              0.0034184028866464634,              0.0007864391929946224,                     -0.05697897392401168,                   -0.0007764687497011742,           2.1510832350661735,                  0.5765954017780662,               2.896706223013344, 5604.264027286147,0.48299044818731346, 5604.747017734335,1.1886187353315148e-07
               0.003421109881491405,             -0.0002648487376258438,                    -0.052218029195979156,                    -0.005815350096184413,           2.1469560043079965,                  0.5770324378722232,              2.9013400961007427, 5604.608955531471, 0.4811774799559166, 5605.090133011427, 1.678197249795729e-07
               0.002756991180708866,             -0.0015023673141002806,                    -0.053475761900325616,                    0.0016795835899775843,            2.172722124016125,                  0.5726383798146539,              2.8394396811215383, 5603.684620343433, 0.4762095601276343, 5604.160829903561, 6.659004884365836e-08
              0.0014202517713395502,              0.0015435508945210283,                     -0.04947511853910451,                   -0.0032222900161546684,           2.1497823496120056,                  0.5738610773728605,               2.870856214057567, 5605.188325417231,0.47884431423073953, 5605.667169731461,2.9954367203957536e-07
              0.0024712561069349204,               0.001487835976783395,                    -0.048444608664487514,                    -0.004398589062310618,           2.1893835066901217,                  0.5682006987946865,               2.869232973557197, 5603.641606795843,0.46994151717888083, 5604.111548313022, 6.378650209317658e-08
            -0.00010838519333994106,             -0.0003614974964195434,                     -0.06405214404179303,                   -0.0020546490793724587,            2.199683097073137,                  0.5682426975248408,              2.8556505346765215, 5603.621440714263,   0.47742783516184, 5604.098868549425, 6.251306159642079e-08
             -0.0003139406049970405,              0.0009973247248824962,                      -0.0491655765858992,                   -0.0068116966875801386,            2.354005539859539,                  0.5521031663002194,              2.6958345527546195, 5604.946912556095, 0.4385008715561889, 5605.385413427652,2.3529672148190877e-07
              0.0008412238255810408,             -0.0017630358104830622,                    -0.049873947985658716,                    -0.008166215378223226,           2.1746037639347593,                  0.5726874854551744,              2.8347343674764973, 5605.614502942695,0.47406452172000185, 5606.088567464415, 4.587189663891657e-07
             -0.0005301001158345606,              4.868805502884912e-05,                     -0.06024875085255178,                   -0.0008455097345736374,            2.107890032070152,                  0.5810246669241915,              2.9358087578576724,5604.7865134628055, 0.4945797736989948, 5605.281093236505, 2.004266348861705e-07
               0.001189698798962997,              0.0016251582144803539,                     -0.06062470308781094,                    -0.004087748872566296,           2.2381293425810678,                  0.5619719871916808,               2.854357669342593, 5605.070889229143,0.46733570685034387, 5605.538224935994,2.6635340982585615e-07
             -0.0012432981990609733,              0.0018672709533870072,                    -0.058629146217684745,                   -0.0078038100529785135,            2.259843408178708,                  0.5601598773033174,              2.8033062708202108, 5603.917706475987,0.46197136309301456,  5604.37967783908, 8.406928515810203e-08
               0.001027354089202765,             -0.0012083712984481334,                     -0.05850617461983032,                    -0.005342548909455058,           2.0984394140480775,                  0.5819814640612432,              2.9352004368724733, 5604.375489478778,0.49573367436793486, 5604.871223153146,1.3287705270914364e-07
             -0.0017893410071415509,             0.00033347914828852894,                    -0.057616946238063634,                   -0.0014587707761026854,           2.2203097492896813,                  0.5655357310714987,               2.813813017151096, 5605.479517089128, 0.4688606841035228, 5605.948377773232, 4.007957297172035e-07
               0.002009122480745818,            -0.00014099328691006253,                    -0.046265927450318885,                  -0.00047216311829105734,            2.352440018964821,                  0.5515353977604074,              2.7369866091365154, 5605.805357446723,0.43700618215394155, 5606.242363628877, 5.551799263949904e-07
            -0.00023613235933455447,             -0.0011518983147592175,                    -0.047317890091240766,                    -0.003578632792468379,           2.3004088725173197,                  0.5586333015067235,              2.7344383041471723, 5605.442784839823, 0.4472229528620378, 5605.890007792685, 3.863407090241197e-07
             -0.0007324876084097544,              0.0003909571503975762,                       -0.060982503883939,                   -0.0027248759486903458,            2.147089118570826,                  0.5780297375928533,              2.8521525233763994, 5607.232654370128,0.48645229804090145, 5607.719106668169,2.3136674293534417e-06
              0.0026717296696969163,              0.0004984753582196752,                     -0.04996289175208289,                    -0.010673766373309825,           2.2190427093038507,                  0.5668957810211558,              2.8166124230775305, 5606.509322604599,0.46518703199571765, 5606.974509636595,1.1224369073616248e-06
              0.0022163826242447447,              0.0017682963477793875,                     -0.05279185184874712,                    0.0014126062323120642,           2.2317047182301235,                   0.568917357125657,               2.779713255525691, 5603.862142216185,  0.463626921840281, 5604.325769138025, 7.952544412745748e-08
                0.00111539048140497,             -0.0003891992184648561,                    -0.049455963637883446,                    -0.006805179822670441,            2.378701156310864,                  0.5478503624694481,               2.746068757070911, 5606.325755170245,0.43425081621506745, 5606.760005986461, 9.341994659784572e-07
              0.0015119310044029238,              0.0006636406633176426,                     -0.06027470401201555,                    0.0018059055332140703,           2.1427923766916055,                  0.5787687333334379,               2.837583610326382, 5603.462657363823, 0.4868975916847149, 5603.949554955508, 5.333496767543788e-08
              0.0004080329513804566,              0.0006063343729764078,                     -0.05305328081044494,                     0.003278610301013129,           2.2646687545936053,                  0.5639611590913788,              2.7492071016421864, 5607.991224567243,0.45726531407800974, 5608.448489881321,   4.9401914941585e-06
               0.003675821979850398,              0.0005803505562796484,                     -0.05416436508163514,                    0.0008142184048208378,           2.2548405808357597,                  0.5638388788248905,                2.79910622386006,  5605.48267492822, 0.4598697211431762, 5605.942544649363, 4.020633786024937e-07
              0.0006343661368238212,             -0.0024774301102483956,                     -0.04758155799358429,                    -0.005742508028922057,           2.2439893283545307,                  0.5643657247922597,              2.8028464136638993, 5604.552125171491, 0.4584322575172359, 5605.010557429008, 1.585484108127612e-07
               0.003182845073253281,               -0.00102981251032704,                     -0.05305991740810033,                   -0.0026926603760560296,           2.1448042418088655,                  0.5784985040828922,              2.8677428961109905, 5607.034702788205, 0.4819863293529742, 5607.516689117559,1.8981549120142441e-06
             -7.219453748851213e-05,              0.0004342048849499633,                    -0.056038262311884086,                   -0.0014605052741285182,            2.123156398063306,                  0.5796719051968275,              2.9481571272398748,  5607.24987868051,0.48845582632106604, 5607.738334506831,2.3538639400886925e-06
             -0.0008364819823150721,             1.8041911683238257e-05,                     -0.05969084715954722,                    -0.004601979520790075,              2.2503244339948,                  0.5600612525739403,              2.8483763991038726, 5603.932186487865, 0.4642963428328476, 5604.396482830698, 8.529546553452103e-08
               0.002773434840325751,              0.0009160443949296859,                    -0.058183061406360675,                   -0.0012034895573391215,            2.235190694224687,                  0.5632144945619536,              2.8597937294703355, 5605.488709704909, 0.4662516104632001, 5605.954961315372,4.0449707733518633e-07
              0.0018951041883694276,              0.0018949223052418663,                     -0.05317816652291981,                    -0.004067714392276191,           2.1648333766609613,                  0.5772148367876837,              2.8745301756704187, 5605.434270503272, 0.4777717924878008,  5605.91204229576,   3.8306523822236e-07
              0.0005774236793935428,               0.002704551907866811,                     -0.05485285197485216,                    -0.007992880623038916,             2.31525416989059,                  0.5544092372752557,               2.734632799193828, 5604.053316551584,0.44903118541109377, 5604.502347736996, 9.627910891894003e-08
              0.0006770216460905661,               0.001111292682691196,                     -0.04971864758523085,                    0.0034491336369067782,           2.2123567361427834,                  0.5718007482568446,              2.8016432055322795, 5603.528624858278,0.46581519042352526, 5603.994440048701, 5.697198549452321e-08
              0.0015158773169367617,               0.002578618121173029,                    -0.054640606770329676,                    0.0025622046639405625,            2.171262550054699,                  0.5752123113005075,                2.83349961909419, 5605.935682779063,0.47723435101991457, 5606.412917130084, 6.324603843811947e-07
              0.0022864520383791206,              0.0013096542290065225,                    -0.053080397884766005,                    0.0004191115653779281,            2.330105019662319,                  0.5508827243348972,              2.7943346271091825, 5605.281231664944, 0.4448576909563089,5605.7260893559005,3.2870689963705884e-07
             -0.0006463747705440732,              0.0008039007471434059,                      -0.0558761121527512,                   0.00037088690416502195,            2.278236639961697,                  0.5616287477747053,              2.8072833126244454, 5607.696591167313,0.45628786320243636, 5608.152879030516,3.6794772649324196e-06
            -0.00010698319366326632,             0.00024466132072903623,                     -0.06270820266512604,                   -0.0011501953048561342,            2.140889860623734,                  0.5774716854590886,              2.8604527697094273, 5603.835379759019, 0.4889494514597231, 5604.324329210479, 7.742537468734188e-08
              0.0017084650487614607,              -0.001911581387235592,                     -0.05986890559213497,                   -0.0009564773211170245,           2.1923566129981378,                  0.5718166025164976,               2.857087037842521, 5605.167183353318,0.47608447081264643, 5605.643267824131,2.9327717731504143e-07
              0.0016630832362331744,             -0.0010253498609342924,                     -0.05668064783161386,                    -0.011863085503985113,            2.214004567581135,                  0.5695326107949921,              2.8220639847529005, 5604.118767778846,0.47032161725407096,   5604.5890893961,1.0279149180293523e-07
              0.0011400258607310275,             -0.0017498114759821996,                     -0.05164797596333314,                    -0.004946707791747668,            2.283181560920699,                  0.5551741574901021,              2.8110395393811753, 5602.180410437821, 0.4529650106647903, 5602.633375448486,1.4795827924079254e-08
              0.0014470150174004388,             -0.0001551299502325979,                    -0.048414830935860034,                   -0.0014047579038765068,           2.3111201971613875,                  0.5547087226570747,               2.822590344771971, 5603.712368893672, 0.4457355350129516, 5604.158104428685, 6.846370151024615e-08
             -0.0002745137162179531,              0.0008243890387168222,                     -0.05290931297227484,                     0.000849274539793582,           2.0751072317018733,                   0.585477052272421,              2.9444750494453595,5606.0035621737115,  0.497463205112896, 5606.501025378824, 6.768820139122675e-07
              -0.001306508572227468,              0.0011235187964170913,                     -0.04796855741701007,                    -0.005692461369174368,           2.3537100211460436,                  0.5499032132900243,              2.7346560680875545, 5606.142284953836,  0.437840927661554, 5606.580125881497, 7.776058373693257e-07
              0.0010187610306451546,             -0.0013886048451891937,                    -0.046826453621472454,                     -0.00899623451238676,           2.2840188620985495,                  0.5562923896590432,               2.812300567162211,5601.6356510527685,0.45047261718329223, 5602.086123669952, 8.581303791061589e-09
             -0.0008339395971493469,              -0.001049671426240959,                     -0.05500543003866716,                    -0.010430585878808471,            2.311772251108905,                  0.5539090631245933,              2.8010480986874438, 5601.760226423471, 0.4499918500589561,  5602.21021827353, 9.719762943618692e-09
               0.001346076464273425,             -0.0005317321391351834,                      -0.0548202352160644,                    -0.008974562107260785,           2.3275549249229015,                  0.5506745809543268,              2.8052372801275913,  5603.63818816258,0.44679037942388106, 5604.084978542004, 6.356881174917374e-08
              0.0008358675050586966,             0.00036742910491984864,                    -0.049055879461757226,                    0.0066604449930847765,           2.2845574613744484,                  0.5590136552843429,               2.803686250625046, 5604.351555989175, 0.4513419495075408, 5604.802897938683,1.2973459612720675e-07
              0.0010798607001181672,              0.0029638883156800546,                    -0.048093460053719124,                   -0.0031424808544855782,           2.2947584037858655,                  0.5556677459551117,              2.7686509855282724,5602.2142825927485,0.44873575978479086, 5602.663018352533,1.5305578946120462e-08
               0.002856311242655284,               0.002155628616435285,                     -0.05671274253580821,                    -0.003406609981793499,           2.2628852067408474,                  0.5609990771834008,              2.8217150249608043, 5605.864850488859, 0.4599178524643937, 5606.324768341323, 5.892115545949114e-07
              0.0008312990645695896,              0.0033797365154778977,                    -0.053448171196032235,                    -0.005078450643897788,           2.3288916415772234,                  0.5524376669889279,              2.7301442751525196,5601.0360193046035, 0.4454699795735733, 5601.481489284177, 4.711253981910674e-09
             0.00048168920068922933,              -0.002017653234315701,                     -0.05517581352806316,                   -0.0053068927822354705,           2.2149379849999686,                  0.5661618629535595,              2.8943866397099107, 5599.663313751962, 0.4685734449221521, 5600.131887196884,1.1939278167376382e-09
             -0.0005646944495270017,              0.0013782667839302707,                    -0.055612858094916444,                    -0.008656574227908557,           2.1294921481387235,                  0.5779605353102782,              2.8797546682967523,5605.2910500962425, 0.4872063370809275, 5605.778256433324, 3.319501816645519e-07
              0.0005976405512092358,             -0.0025100658779064204,                     -0.05176007794782533,                   -0.0006487256685008955,           2.2814781197240226,                   0.559163780016842,              2.8252855888232853, 5600.523417263474, 0.4532355792699542,5600.9766528427435, 2.821735354611915e-09
              0.0005100216862663768,              0.0014306678443771535,                    -0.049807816083740665,                   -0.0053325549261272545,            2.321377668442137,                   0.557009717524869,              2.7547339494589203, 5606.806999455184, 0.4447317967411347, 5607.251731251926, 1.511615554287144e-06
               -0.00052985099013547,              0.0011182362459935527,                     -0.05837991034566637,                    -0.002800211102531674,           2.2537384768527424,                  0.5626694015432907,              2.8548314927180307,5605.7645777941725,0.46269379544103256, 5606.227271589613, 5.329952969321226e-07
              0.0010390631106513798,             -0.0015070499889196416,                     -0.05830989509481245,                    0.0020198055765869526,            2.233181427402109,                  0.5667926269980694,              2.8258426781799546, 5607.901259318718, 0.4667220646923714, 5608.367981383411, 4.515151973187651e-06
              0.0011223539338293003,             -4.476553051912335e-05,                    -0.052325792815158846,                     0.003981942827787673,            2.341366495908736,                  0.5537239830172926,              2.7444395521891534, 5606.841749594888,0.44240715730590646, 5607.284156752194,1.5650677629949675e-06
              0.0015415432708536163,             -0.0011475816628120506,                    -0.048175230082820666,                     -0.00674779764850514,            2.318709006474419,                  0.5530826285320005,               2.746681361830631, 5606.883826202491, 0.4444415757375268, 5607.328267778228,1.6323255726581823e-06
              0.0018809882674768398,              0.0010835105025513196,                    -0.046446164242554926,                    -0.001361215251510498,            2.342037129908107,                  0.5507720440679944,               2.785332005112002,5603.0311644266585, 0.4389998864893316,5603.4701643131475, 3.464312290737137e-08
              0.0005915623750354787,              1.608311546476937e-05,                     -0.05213392173716977,                    6.046829995529909e-05,           2.0810934541244728,                  0.5850011314934992,               2.957817681523056, 5608.208825250813,0.49561828837360367, 5608.704443539186, 6.141105519687689e-06
              0.0007451717951727446,             -0.0028515234814237797,                    -0.051830427957266126,                   -0.0024482280207778697,            2.206037357176141,                  0.5677922989370819,               2.842725213945169,5604.8293653241535, 0.4683074446448367, 5605.297672768798,2.0920196610222434e-07
              0.0017093177978241116,              0.0007209362786564838,                    -0.055205707760511064,                     -0.01066046704967568,            2.135951913737023,                  0.5762008462931522,              2.8800848958199037, 5601.527981016287, 0.4857573183950583, 5602.013738334683, 7.705357163556503e-09
              0.0005004753921733823,               0.001271738970163993,                     -0.04796955196475575,                    0.0025836112108967016,            2.229741903538966,                  0.5689903001839959,              2.7724663110215086, 5602.900172553695, 0.4613136263090758, 5603.361486180003,  3.03898101528393e-08
              0.0019257195302581566,             -0.0006261290177965911,                     -0.05307534481664306,                  -0.00036685295618197684,            2.117747358508042,                  0.5814911685350838,              2.8636032697630283,5608.1455165325115, 0.4878733417474134, 5608.633389874259, 5.764371107369383e-06
             -0.0010592477232043652,             -0.0002500940492061589,                    -0.059490355922582915,                   -0.0005459517762066969,            2.299951521646504,                  0.5560885138933199,              2.7494222821958685,5605.3556307671115,0.45446169006053605, 5605.810092457172, 3.540951184751148e-07
             -0.0010059430018899507,             -0.0008541976519316633,                     -0.05580517149514979,                   -0.0004560135508553088,           2.1830833557352887,                  0.5696648310602351,              2.9028246613678093, 5604.525666680224, 0.4753797501377125, 5605.001046430362,1.5440846889019618e-07
              0.0008483339232967314,              0.0033263935056157723,                     -0.05422247679676711,                    -0.007626974089081416,            2.157210109247378,                  0.5749366499501568,              2.8687184315876717, 5603.086473975733,0.48028410832130813, 5603.566758084054,3.6613198198465486e-08
              0.0008752887107001393,              0.0018659743380878258,                     -0.05919931870129007,                   -0.0019547099432358156,           2.1304224702522347,                  0.5785946249698449,               2.926856483127599, 5606.932990350917,0.48890506903719233, 5607.421895419954,1.7145829584345206e-06
             0.00037923666501594544,               0.001411347257987742,                     -0.04802455824833954,                    0.0042580094258034855,           2.1810244674442045,                   0.570615244857483,               2.868859662500504, 5606.247679407007,0.47142582115302567,5606.7191052281605, 8.640358086952929e-07
              0.0009745272630366101,             0.00014845986463596331,                     -0.05721773082058854,                   -0.0006655935686496001,            2.402334034536927,                  0.5440998104802878,              2.7352094702648078,5607.1564281677565, 0.4344578653577535, 5607.590886033115,2.1438594691645105e-06
              0.0030924310741547896,             -0.0012567611740009698,                    -0.054376364521061225,                   -0.0033793961867125332,           2.0748525043040136,                  0.5880902734660224,              2.9092140422368775, 5598.334782870318,   0.49851392487821,5598.8332967951965,3.1623099883058133e-10
               -0.00037859094396668,             -7.873381612234708e-05,                     -0.04625874670236117,                     -0.00675525946439259,            2.301935544123261,                    0.55554166735192,              2.8016960515639955, 5607.494206995159,0.44655955513815987, 5607.940766550298,3.0053274257409197e-06
             -4.015215312053386e-05,               0.001828374181931885,                     -0.05613304075199314,                    -0.010089761141107448,           2.2336967886890364,                   0.562809583620804,              2.8672755111852677, 5602.313022701785,0.46577759284808956, 5602.778800294633,1.6893982745601523e-08
            -0.00036478046197980433,              0.0010759708331341347,                     -0.05252059831432239,                    -0.007882389257316576,            2.289236627871234,                   0.561423851896145,               2.755033343959977, 5606.397488803893, 0.4525037061970368,  5606.84999251009, 1.003675067659343e-06
               0.001018784281020887,             -0.0017364876543363335,                     -0.05823831735455941,                      0.00160151579417014,            2.207287594785503,                  0.5702970952305451,               2.836244623204778, 5607.756820211873,0.47192427866524517, 5608.228744490538, 3.907898412459321e-06
               0.001139947341730248,             -0.0003270584795203641,                     -0.05601919795634091,                   -0.0028515655401489975,           2.0349140879664027,                  0.5948416085106053,              2.9503725830668053,5599.9938448995035, 0.5089083956862059,  5600.50275329519,1.6615978600450877e-09
              -8.02001901455092e-05,              0.0034350726974846026,                     -0.05767577640084311,                    -0.006501957083092927,           2.2684037020501884,                  0.5613562777456084,               2.778376372762845, 5602.539991498412, 0.4596196208287348,  5602.99961111924, 2.119841266535662e-08
              0.0026023023069474053,              6.840020300710126e-05,                     -0.05530325186509283,                    -0.008529966876988298,             2.19862023981504,                  0.5667227509553742,              2.8405212164974447,5600.6006751790055, 0.4722639670735949, 5601.072939146079, 3.048379034344359e-09
              0.0017809728924182515,               0.002630391955184388,                    -0.051367685746993096,                     -0.00795557753729261,              2.1471132472084,                  0.5764772349132773,              2.8952918883626984, 5604.418788210573,0.48080840336113295, 5604.899596613935,1.3875683556698955e-07
              0.0035721523876206043,              0.0016662669822995603,                     -0.05246561250414188,                    -0.005267823403096819,           2.2302368648848803,                    0.56653933113932,              2.7938676713438992, 5604.103088131974, 0.4639157959566182,  5604.56700392793, 1.011923274392154e-07
              0.0019706993717740697,              0.0021051155708822424,                     -0.05372775967278862,                  -0.00024139548787934016,           2.3828971952431695,                    0.54499446935993,              2.7437342055995577,5603.3367155535525, 0.4357408014137427, 5603.772456354966,4.7023635568384695e-08
              0.0021207534810296657,              0.0015554331463966834,                     -0.05105147893988015,                     -0.00812111944455176,             2.31962861246182,                  0.5558360967837294,              2.7534288356709515, 5608.222907699408, 0.4459875111137976, 5608.668895210521, 6.228199128794509e-06
              0.0023764784554671393,             -0.0020362656938190246,                    -0.052344869497389764,                     -0.00540143838112934,           2.2567446079492663,                  0.5631157857231579,               2.826386320604078, 5604.293748177368, 0.4585547963679777, 5604.752302973736,1.2244757553322575e-07
             -0.0008871821009621321,              0.0007398578755042147,                     -0.06124725692013313,                   -0.0038326265337612136,            2.219343166280581,                  0.5687738784722476,              2.8282385950675497,  5608.18797910696,0.47151293174060643, 5608.659492038701,6.0144122714150145e-06
               0.002501894639403223,                0.00259549034053863,                    -0.057442319343659155,                   -0.0003291194842275316,            2.336247890454868,                  0.5517061863882037,              2.7493504554657555, 5602.219411845012, 0.4464407941385759,  5602.66585263915,1.5384286805237264e-08
             -0.0003777596372211735,             0.00033517555552099363,                     -0.04910322665875321,                     -0.00914293579378279,           2.3360935126310025,                  0.5544012982498847,              2.7408131568512335, 5605.475301679311, 0.4419260291370978, 5605.917227708448,3.9910976747089376e-07
               0.003039926437221067,            -0.00025510936956679026,                     -0.05544324938276118,                    -0.000794993618025426,           2.1007875959691327,                  0.5855773105114244,               2.905173984876778, 5602.206208102583,0.49314468412517054, 5602.699352786709,1.5182491801164036e-08
               0.002691875358429863,               0.001512754712509178,                    -0.049287533739649406,                    0.0004438780157303981,           2.3125617435804995,                   0.557693377812433,                2.75138274825001, 5602.827238671789,0.44597084587975766, 5603.273209517669,2.8252260666292214e-08
               0.001365329431985299,             -0.0010126044640436636,                    -0.046450895646345136,                   -0.0044006428239474985,           2.1307081548063818,                  0.5790174392585611,               2.897012014638583, 5607.750350266946,0.48143831466986475, 5608.231788581616, 3.882696141518251e-06
             -0.0008086992026463803,              0.0012184322974619177,                     -0.05946643854538608,                    -0.004745830675659248,           2.2302549837880714,                  0.5646633610711913,               2.868802716414959, 5605.647781555184,0.46816210665687413, 5606.115943661841,4.7424134622887233e-07
              0.0006119577033151194,            -0.00011286433950321375,                    -0.061569479794714915,                    -0.005584867701486302,           2.1448382200757203,                  0.5757793326793428,              2.8765094539486897, 5606.679162081546,0.48747106845546406, 5607.166633150001,1.3302163640649084e-06
              0.0006327407363995022,               0.003037843774067396,                     -0.05383100868588198,                    -5.65289484124743e-06,            2.124239666347611,                  0.5786701870896304,              2.9003763282654473, 5603.866976149732,0.48690893163623045, 5604.353885081368,  7.99107954706985e-08
             -9.245839642891763e-05,              0.0013588842359519076,                     -0.05775527596152476,                    -0.009576088427531073,             2.17814370963422,                   0.572995217677333,              2.8139223614870676, 5603.499548182095, 0.4781577991954754,5603.9777059812905, 5.533928135520201e-08
              -0.001147979262930969,              -0.000471237375895976,                     -0.04879202382400902,                   -0.0072817158421931705,           2.1724331125111256,                  0.5748523358039415,              2.8471157161263125, 5607.531026316519,0.47384239391999117, 5608.004868710439,3.1180438801997426e-06
             -0.0006786191942607985,              0.0015711234156930115,                    -0.052980870177275395,                    0.0027662894254053437,            2.286485317229161,                  0.5605135325289983,              2.7384772359506373, 5605.896780269477,0.45300554681904215, 5606.349785816296, 6.083285264944038e-07
            -0.00042931099925377095,             -0.0006905239835460318,                     -0.04958581982690468,                   -0.0021208513776211028,            2.117561228103036,                  0.5812680588490504,              2.9475430669583984, 5601.376189068804, 0.4859297664398495, 5601.862118835244, 6.620188706068623e-09
             -0.0008713373143948033,              0.0007473943786088069,                     -0.05651838528255745,                    -0.005634254119073616,           2.3594089307875894,                  0.5472632427923014,               2.765788908493762, 5606.057431079516, 0.4417649116630795,5606.4991959911795, 7.143448905531083e-07
               0.000478278032210336,             -0.0008520563396248521,                     -0.05229162729897082,                     0.005776773748877496,            2.253200373343639,                  0.5638496370413774,              2.7627437424028765,5603.7996330485985,0.45919505957408197, 5604.258828108173, 7.470655615741869e-08
              0.0008325743648020212,              0.0007895574087501937,                    -0.049718929658200135,                    -0.004789295150164405,           2.1783707614808074,                  0.5703490041019279,              2.8262543695892024, 5604.282681793485, 0.4729265987415254, 5604.755608392226,1.2109999383757624e-07
            -0.00033326682836778493,              -0.001631145256708921,                     -0.06014557221662281,                   -0.0006392668248797114,            2.120845670541312,                  0.5804030530709462,               2.895235849187583, 5602.955044811896,0.49162486185336696,  5603.44666967375,3.2103967418272136e-08
             -8.845939273229889e-05,              9.798564338479229e-05,                     -0.04616230461371015,                   -0.0030940389693726715,            2.266933015805886,                  0.5606491122590944,              2.8402215354304543,  5606.45009119916,0.45301657353777725, 5606.903107772698, 1.057884042073879e-06
              -0.001582464388016038,              0.0021357707960668252,                     -0.05607724029559241,                    0.0013319794208770607,           2.1727664960394972,                  0.5749304011622676,              2.8254191485850004, 5602.715691049399,  0.477762163898315, 5603.193453213297,2.5270200497670712e-08
              -0.001673843912861628,              0.0016860689862418549,                     -0.05881323505241505,                    0.0019383265613767044,            2.218670475750706,                  0.5675857472347906,               2.801532842350289, 5602.652738889299,0.46998925952963116, 5603.122728148829, 2.372842497444129e-08
              2.500158940820656e-06,             -0.0021266359108092214,                     -0.05258393619391082,                    -0.007889214476750206,            2.259738011266746,                  0.5616921817089734,               2.790461566952619, 5607.976767573233,0.45826157949526847, 5608.435029152728,4.8692849579810095e-06
              0.0003801957678951532,               0.001159781289459864,                     -0.04638660257793048,                    -0.008254290650076256,           2.3100874455094877,                  0.5574934663595474,              2.7586984115208546, 5605.560264273796,  0.445224822957211, 5606.005489096753, 4.345013622802837e-07
               0.002370136004996928,             -0.0012274605321185123,                    -0.052156637115930084,                    -0.004387802502668725,           2.2019403917865668,                  0.5715370746825934,              2.7854199636525205, 5604.992482148316,  0.469404299383681,   5605.4618864477, 2.462671579314083e-07
              0.0020950851387245635,               0.001101279315802352,                     -0.04690348339282118,                     0.003319038487444666,           2.1876437795920576,                   0.570449487903991,               2.871079631016009, 5604.939743966624,0.46942700638792006, 5605.409170973012,2.3361600725416978e-07
              0.0006644488332369845,              0.0007112224258940209,                     -0.05515282463170198,                    -0.009430951427705501,           2.3106007073766603,                  0.5525346862067779,              2.7789506004143196, 5607.151063554966, 0.4501863559281063, 5607.601249910894,2.1323892872851828e-06
             -0.0008366234811666872,             -0.0011387709326725357,                    -0.056095493425820375,                   -0.0064877292181774425,           2.2952646587014596,                  0.5607493849259064,              2.7661335288487825, 5599.982158174048, 0.4534062258950028, 5600.435564399943,1.6422922514397581e-09
              0.0008791770704813292,               0.000524368729488449,                    -0.052452020777060335,                    0.0030551975456785873,           2.2032701097442713,                  0.5687823463881154,              2.7964427634157847, 5607.355036258217, 0.4692130183328243,  5607.82424927655,2.6148736669247547e-06
              0.0019940239500620535,             -0.0005408513699988383,                     -0.04546934116667395,                    -0.002108586784395238,             2.27331328229893,                  0.5589610822815897,              2.7596206090604323,  5602.25193356649,0.45142088765927896, 5602.703354454149,1.5892834903781493e-08
              0.0023762436950865184,             -0.0015874848758086803,                    -0.048858145002108055,                    -0.004894236169274669,             2.15955240410944,                  0.5768747260288218,                 2.8627841669837, 5605.439361030185,0.47649913219701334, 5605.915860162382, 3.850202138331431e-07
             -0.0010797559183612674,              0.0004366705783486399,                     -0.05461344154243147,                    -0.006117475631528793,           2.1323757532216523,                  0.5773938756231083,              2.8726606777400834, 5606.174486333545,0.48574610060176193, 5606.660232434147, 8.030533416775811e-07
             0.00011879151900503473,            -0.00010220081398806126,                      -0.0547601912366038,                   4.0014086918973585e-05,            2.269211732050364,                  0.5650307532814229,              2.7495254058515375, 5603.840748917647,0.45734113366307283,  5604.29809005131, 7.784220180999895e-08
             0.00018676789645557436,              0.0031273465992332963,                     -0.05738322480691964,                    -0.002693437035638266,           2.2760904356205693,                  0.5602307093560641,              2.7671216746263916, 5606.713680516421, 0.4577382108076797, 5607.171418727228,1.3769350400144486e-06
               0.001525288170193515,              0.0011066474124960468,                     -0.04797000143483948,                    -0.007668669867411453,           2.3349778183097225,                  0.5504836495339311,              2.7722394942406132, 5607.319540839317,0.44140004141395206,  5607.76094088073,2.5236855843164577e-06
              0.0010276020102493728,             -0.0012356104625658657,                    -0.046486112080716256,                   -0.0070103553886920545,            2.324393685137273,                  0.5514258119348272,               2.750998039786098, 5601.283171214694,0.44251242204443697, 5601.725683636739, 6.032165219804765e-09
              -0.001031431115183033,              0.0004975365335269369,                     -0.04869749264943327,                    -0.010116353808806522,            2.231570046794397,                  0.5656082463108566,              2.7928038903765255, 5605.438226892924,0.46186553815734255, 5605.900092431081,3.8458379558825964e-07
              0.0026183707146279103,             0.00022405866806741878,                     -0.05915999614672528,                   -0.0009532216658128072,           2.1143121841293513,                  0.5811531929574373,               2.889615365561588, 5605.691198239141, 0.4924543841139342,5606.1836526232555, 4.952848468919726e-07
              0.0004077467380249557,             -0.0003344413619658562,                    -0.058138909952351533,                   -9.752725486454626e-05,           2.0845440432942683,                  0.5835669287353343,              2.9281656619045853, 5603.585150691735,0.49850132816332643, 5604.083652019898, 6.028513150302024e-08
              0.0002927284966800255,             -0.0015898326741584715,                     -0.04804591868379806,                    -0.008656931721665248,             2.31852086110571,                  0.5543181438721778,               2.784980498061116, 5603.748475181341,0.44456483518259526, 5604.193040016524, 7.098084043016269e-08
              0.0031984897676263853,             0.00037053134176172483,                     -0.05610514165082408,                    0.0028344544089297236,           2.2475987319201263,                  0.5641640728120524,               2.825363975578207,  5605.14724543628, 0.4625092128784666, 5605.609754649158,2.8748774765222444e-07
              0.0006161602030615765,               0.002559577145874416,                    -0.056308023462410366,                   -0.0007080834679740875,           2.0902504972139315,                  0.5845342808461309,              2.9188667578334178,5605.1948299492415, 0.4960672593158948,5605.6908972085575, 3.014984138915162e-07
             -0.0005685340587924029,              0.0015360690851058915,                    -0.062297261358521976,                    -0.001592993967804479,           2.2370035267351613,                  0.5665181955950845,              2.8117114726133634,  5605.83207084186,0.46861639247044945,  5606.30068723433, 5.702105325855283e-07
              0.0008034197939024611,              0.0002485868685810119,                     -0.06000971038504466,                   -0.0040689371325405566,            2.176657676557913,                  0.5708659945870633,              2.8528686706698982, 5610.036763116219, 0.4795223505527055,5610.5162854667715,1.6852909047535368e-05
             0.00018570428250100539,              0.0005944027711382909,                    -0.053231534611116904,                    0.0006316190732522777,           2.2001528897285123,                  0.5694989305119277,              2.8971376821159964, 5608.298374062733,0.47026044028948755, 5608.768634503022, 2.962798414976897e-06
              0.0014701395434771809,              8.711019238484206e-05,                    -0.053100273141422606,                    -0.003796090436275327,           2.2252085788245175,                  0.5672222964231606,              2.7647515425731726,5609.0463633467625,0.46515284220623127, 5609.511516188969, 6.259645262733443e-06
              0.0010066340778610682,              0.0001463787593845073,                     -0.04669140637989355,                   -0.0036999247059996045,           2.2891156376668373,                  0.5585669580170666,              2.7437907095772074, 5610.551366623977,0.44904332518691203, 5611.000409949163,2.8194496333711298e-05
               0.000161010151820446,             -0.0016721372523148227,                     -0.05529611004720026,                   -0.0040089831720859824,           2.1655429651693114,                  0.5737090474893745,               2.896917598039395,5610.3205238513365, 0.4788699191113998, 5610.799393770448, 2.238260334604174e-05
             -0.0009622234223212485,               0.000621670896868875,                    -0.047504049662160264,                    -0.002969543088455995,           2.3052193131267753,                  0.5551123545219376,               2.795052484532915, 5609.650978499676,0.44639134531187225, 5610.097369844988,1.1458578564987942e-05
              -0.001411712641739229,              0.0019088329820611762,                     -0.05240566513625243,                    -0.003697026651065481,           2.2374616876633207,                  0.5654718846721251,              2.8291116077464533,5610.5324075384515, 0.4622997955415644, 5610.994707333993,2.7664989806839994e-05
              0.0002988602561226249,              0.0005746870796759676,                     -0.05407980128717664,                    -0.006570366790033532,            2.206287197122487,                  0.5722811256461157,                2.82190966817791, 5610.720484341328,0.46974022756546624, 5611.190224568893, 3.338960121965451e-05
             -8.025206380496003e-05,             1.5996149923448795e-05,                    -0.051578579479926154,                    -0.008179672948510726,           2.3426008104998512,                   0.549611989357621,               2.765358029119831, 5610.595743446955, 0.4420274373412075, 5611.037770884296, 2.947385550738339e-05
              0.0015614204408196007,             -0.0014621661479323703,                     -0.05388230865468554,                   -0.0004936100724351373,           2.2671513325241164,                  0.5629394713643564,              2.7558553872390323, 5609.880643308334,0.45723839478268735, 5610.337881703116, 1.441693385427478e-05
              0.0002842925027435784,             -0.0009552842370263443,                    -0.052136930706308766,                   -0.0008752505415976457,            2.238529310724756,                  0.5627562605525259,              2.8698472860103648, 5608.910668432473, 0.4618330867686201, 5609.372501519242, 5.465352396166337e-06
              0.0004424367045593931,              0.0016302117860158597,                    -0.053173984111622365,                   -0.0061777036094562195,           2.3799296230637594,                  0.5452319225668889,               2.731662893981739, 5609.098053162977, 0.4361165472950362, 5609.534169710271, 6.591713516707591e-06
             -0.0018748842256294186,              0.0009550960866001627,                     -0.05061520604948735,                   -0.0030105413458539256,            2.260901693401759,                  0.5613044237151488,               2.792652329214692, 5610.163765219994,0.45660912830905453, 5610.620374348303, 1.913511998764644e-05
             -0.0006754377322473165,              0.0013714936510019471,                     -0.05413553234839042,                    -0.006574191690441442,            2.175811271362608,                  0.5714662984484192,               2.904850100194926, 5608.716212718336,0.47613320245699686, 5609.192345920793, 4.499529734110567e-06
              0.0006738374168458001,             0.00020244274135696743,                     -0.05594919552582701,                    -0.006122742068324037,            2.216104243651695,                  0.5642018396901052,              2.8728891267782632, 5609.734520017728, 0.4688439524676229, 5610.203363970196,1.2456968524598406e-05
             5.7839099415470444e-05,              0.0010600238696887585,                     -0.05523716282206754,                    -0.004243941054409335,            2.279832242193521,                   0.562590469961976,               2.764170303033368, 5611.020511652103,0.45568588791703685,  5611.47619754002, 4.507247823528421e-05
               0.001223497432202543,              -0.001750758587356137,                     -0.05189457540400026,                     0.003138182304640077,            2.217248904065991,                  0.5681542494278091,              2.8088276776031726, 5608.768597725456,0.46605078500335617, 5609.234648510459, 4.741520642464666e-06
               0.001707991839575555,              0.0009155380547287676,                     -0.05177989993944856,                     -0.00520655910086071,           2.3988744870961103,                  0.5456169700085928,              2.6854013330227753, 5609.129982697874,0.43192894734428544, 5609.561911645218, 6.805580023164935e-06
              0.0013012364824316008,            -0.00016454296607997087,                     -0.05667998807352761,                    0.0014606387666432474,           2.2464092012274754,                  0.5621709895610961,               2.859125388609037, 5609.683210484566, 0.4630241762765243, 5610.146234660842,1.1833927928325766e-05
              0.0005593509174680538,             -0.0015280055232194244,                    -0.055848354397588444,                    -0.002680340888550128,           2.3607310691541965,                  0.5498737217721625,               2.707341891865634, 5608.534553939713,0.44098020797889914, 5608.975534147692, 3.752094093903222e-06
               0.001491381678551697,              0.0007883437035417161,                     -0.05401435730470612,                    0.0011943429716465123,           2.1958484924709802,                  0.5711604246111617,               2.880574190025146, 5610.647966508238,0.47163717546187073,   5611.1196036837, 3.105397059584449e-05
              0.0006616919290035293,             0.00018585743016185006,                     -0.04623715089668032,                   -0.0074066428642928315,           2.3163113167936817,                  0.5548876011621517,               2.766291811035215, 5610.963104298471,0.44390536870015007, 5611.407009667171, 4.255785600405621e-05
             -0.0012145226236994595,              0.0014285951608807147,                     -0.04835930347800805,                    -0.002822541738695878,           2.1752894804660996,                  0.5740275253838485,                2.83197363094832, 5608.803018501423, 0.4727650686945276, 5609.275783570118,  4.90756882180759e-06
               0.001974793104759982,               0.002214159205599888,                      -0.0482123802926908,                   -0.0025406934390781047,           2.2115234594254516,                  0.5684774071151499,               2.827913725251376, 5610.541209232017,0.46517526400076675, 5611.006384496018, 2.790956332124676e-05
             -0.0001741294391934568,             -0.0014371191022489237,                      -0.0592874155646615,                    -0.001376645291051401,           2.1792693427752816,                  0.5740912873590662,               2.854057970911227, 5608.495482584265, 0.4784193284857787, 5608.973901912751,3.6083216729996773e-06
             0.00039587228809596036,              0.0008271967543535781,                     -0.05016365868175756,                     0.002156090294135387,           2.2980373669188183,                  0.5596385807646074,               2.741582134610341, 5609.495266059072, 0.4491643911816518, 5609.944430450253, 9.806311691521047e-06
             -0.0003385709479511221,              0.0016959597057360496,                     -0.04737754678780222,                    -0.003654543979033133,           2.2001475618506396,                  0.5688659478242591,              2.8737220490594817, 5609.758984671775,0.46707596049867134, 5610.226060632273,1.2765482405231611e-05
              0.0010252771292536744,              0.0002611742301427064,                     -0.05013381056689028,                    -0.011679980450205987,           2.2878007316885514,                  0.5580130009599594,               2.780881728818886,  5610.26656399093,0.45182845157965973,  5610.71839244251,2.1206848254321246e-05
              0.0013803016651412637,            -0.00048783483276753785,                     -0.04700231430505414,                    -0.004162153199157484,           2.2429865651160936,                  0.5655579908862212,               2.767509958946076, 5609.120025288202, 0.4582157254723204, 5609.578241013674, 6.738150344422531e-06
               0.000404238925479176,             -0.0002281530835182718,                     -0.05877984939407431,                   -0.0036083176688188044,            2.196420609116314,                  0.5729626129963711,              2.8008160105993447, 5609.892740081503, 0.4745545706123458, 5610.367294652116,1.4592391327953347e-05
              0.0009228928877698714,              0.0006303455944263352,                     -0.05622656005553485,                    -0.004676133705374172,            2.146919996981802,                  0.5805989502904749,               2.845504923611407,5608.2970351216645,0.48347543811071436, 5608.780510559775,2.9588340571136897e-06
              0.0012793563943068959,              -0.000581323904843632,                     -0.05811368414113508,                    0.0031117784091005012,            2.285103500724349,                  0.5581279043910347,               2.805582915031449, 5610.282529576392, 0.4564439289772031, 5610.738973505369, 2.154814525605119e-05
              0.0009835769841874341,             -0.0018630093513563898,                     -0.05538036434551375,                    -0.007150070977599123,            2.172647094526599,                  0.5745422302548624,               2.845052157733212, 5609.757819284374,0.47761551142430686, 5610.235434795798,1.2750614338083715e-05
              0.0024933584118488586,              0.0007766344921464719,                     -0.05578062258684356,                   -0.0030294407591979003,           2.1004614751110995,                  0.5842657439315175,               2.910471672722042, 5609.260845239814, 0.4934607194361103, 5609.754305959251,  7.75707561370072e-06
              0.0006671186261078988,              0.0010769205639472607,                    -0.048442095020756026,                    0.0044537772728603705,            2.211778112395744,                  0.5689044357616044,                2.83035423787244, 5610.534355504602,0.46528090519026155, 5610.999636409792,2.7718932793035966e-05
             0.00047425685740415765,              0.0014433411191667395,                     -0.04852066742244907,                    -0.005867413912373468,            2.220704622436879,                  0.5644367931295489,              2.8660183660667844,5609.5344732208505, 0.4635908010057285, 5609.998064021856,1.0198425955557286e-05
             -0.0010836511292816506,              0.0005377656406954336,                    -0.055574793941138075,                   -0.0008442900980155553,             2.32322578480094,                  0.5560811068809269,              2.7427104372263953, 5609.527410260482, 0.4476067386753523, 5609.975016999157,1.0126648655707722e-05
              0.0006509343957566254,            -0.00025781408607489285,                      -0.0533114983757404,                   -0.0070857263198404645,           2.2226266316327328,                   0.568780359490421,              2.8452566657875895, 5611.101055852197, 0.4659893084406378,5611.5670451606375,4.8853011361018295e-05
            -0.00018084043287307079,            -0.00031161200901854184,                     -0.05598218578916401,                    -0.004895537121784799,             2.18202625504197,                  0.5722088893781792,              2.8991278017382296, 5610.322113588963, 0.4758346344234901, 5610.797948223386,2.2418214111137577e-05
              0.0017542398563339112,              0.0026567056750244297,                     -0.05825404173521784,                    -0.002676403776729535,           2.2108821692866023,                  0.5690583378749791,              2.8242426882306653, 5609.080563009995, 0.4712572056431716, 5609.551820215638, 6.477425807072584e-06
            -0.00019781823159021022,              0.0004728973820688381,                     -0.05342241246409995,                    -0.007931633289477297,            2.214828098961338,                  0.5708635370483868,              2.8087864860717815,  5610.11860263239,0.46770857380925734,   5610.5863112062,1.8290152528927862e-05
               0.001601760308822174,              0.0013265797743340474,                     -0.05873669455843036,                   -0.0031839403232780273,           2.3130994843115817,                  0.5533069020487703,              2.7959994747178367, 5609.550081114372, 0.4515673715311972, 5610.001648485903,1.0358850590577908e-05
             0.00037180522625834405,             -0.0011458676377714317,                     -0.05844616951810776,                   -0.0033568979034155105,            2.278600574172849,                   0.557400142692685,               2.811828676989025, 5610.671047784941,0.45791405278198494, 5611.128961837723,3.1779071824035145e-05
             0.00018377361107616222,              0.0006616461713219345,                     -0.06187706073270956,                   0.00019127619286065276,             2.23960477522597,                  0.5663777790585277,              2.8016486234433735, 5609.193941991822,0.46778112402072564,5609.6617231158425, 7.255081800110296e-06
             0.00035956964377873563,             -0.0008214639841957252,                     -0.05321082758370597,                     0.004416933656885586,            2.310189596755104,                  0.5554257318843245,               2.755619593934476,  5609.94444931593,0.44870771357032263,   5610.3931570295,1.5366802263411616e-05
             -0.0007576954951231782,            -0.00012311032274930821,                     -0.06101339920734386,                    -0.003466086645553704,            2.215228259007817,                  0.5661561331083715,              2.8570241028026526, 5608.468952513471, 0.4721720707069092,5608.9411245841775,3.5138513368907983e-06
              0.0012530015375283956,             -0.0016241445789445304,                      -0.0509032186375469,                   -9.718316534356018e-05,           2.3534318198134887,                  0.5508546523969801,              2.7223402495562565, 5608.725377813687, 0.4393300347482814, 5609.164707848436, 4.540957909758789e-06
             2.6293238382169538e-05,            -0.00017240200969328333,                    -0.052867467656973414,                    -0.008033474505871073,           2.3043987448093244,                  0.5586007461686013,              2.7591843389902424, 5610.972442415332,0.44983898775529746, 5611.422281403087, 4.295712755759776e-05
               0.001432860724861623,             -0.0005072771727394596,                    -0.049368176385296086,                   -0.0008236975209323731,            2.216258672928367,                  0.5646385214580483,              2.8650877975492772, 5609.831355480386,0.46476756675454833, 5610.296123047141,1.3723581765262263e-05
               0.001352058940328858,             -0.0011524783571336722,                     -0.05768593868731444,                    0.0002569139879620508,            2.243537204067927,                  0.5624511403559809,              2.8508540330300667, 5609.545750536466, 0.4642296668398725,5610.0099802033055,1.0314087775460904e-05
              0.0016392105236374575,              0.0012370187571920503,                    -0.056983296622674054,                   -0.0027877975265202396,            2.184844675678817,                  0.5755446167029972,               2.832081469119525, 5606.780233819191,0.47580446866809706, 5607.256038287859, 6.492054740657546e-07
              0.0017596741218115345,             0.00012048328451829733,                     -0.06029873829326364,                     0.001636856578342065,            2.122894287023584,                  0.5789683549548119,              2.9032799555356528, 5605.765554377838, 0.4912868377223822, 5606.256841215561, 2.353490723514732e-07
              0.0007088752224100396,             -0.0007122420377111255,                    -0.053883307828388176,                    0.0057680267667521825,           2.1755978640878046,                  0.5734948510259689,               2.865506898072363, 5608.825485255715,0.47596427242341294, 5609.301449528138, 5.019073852572683e-06
               0.002322504365385499,             -0.0003918931023625006,                     -0.05705417798817152,                    -0.002331762410091806,           2.1560992288630674,                  0.5736831096615137,              2.8787870351214746, 5610.059101461891, 0.4819459014661036, 5610.541047363357,1.7233611455621496e-05
              0.0009377414825383424,             0.00039366387935981564,                    -0.052956569568709505,                   -0.0025893665841920568,            2.217489329057749,                  0.5641377875353422,               2.890315901295285, 5608.325333203569,0.46658344205963453, 5608.791916645629, 3.043759329623478e-06
             -0.0007019657954977874,             -0.0003805674009179782,                     -0.05594855108139836,                     0.004294976950726055,            2.218937215993501,                   0.568991741369839,              2.8041597719980462, 5607.915070901559,0.46816244736366464, 5608.383233348923,2.0194618620761705e-06
              0.0015919818890068802,             0.00025159201315163313,                     -0.05346728303028659,                    0.0022566865720390484,           2.1559206181355024,                   0.578050232095519,              2.8227960429461323,  5607.46746494511, 0.4797636410231146, 5607.947228586133,1.2907521552717978e-06
               0.001044847915429165,              0.0014257740252814198,                      -0.0508660788301931,                    -0.008898183250032714,           2.2644679946856554,                   0.559673558716941,              2.7903788780697596, 5611.188138544991, 0.4564362737484423, 5611.644574818739,5.3297995065874975e-05
              -0.000991274932131314,             -0.0007044438653389005,                     -0.05020314913588112,                     -0.00537325425762579,           2.2616331294455527,                  0.5599538912819052,               2.811382297554858, 5611.221673363922,  0.456328955970914, 5611.678002319893, 5.511564054778098e-05
             -0.0004546338703290084,             0.00023054011248779257,                    -0.055958123792922636,                   -0.0013758463398648806,            2.362188884711845,                  0.5489974405564715,               2.708595143159524, 5610.793909695171,0.44074430762592237,5611.2346540027975,3.5933494847325324e-05
              0.0003988398279491439,              8.983739719245529e-05,                     -0.05190605646480141,                    -0.011229612324401405,           2.2829367351008076,                   0.560117974083974,              2.7566746562242876, 5609.475627153761, 0.4537017875637225,5609.9293289413245, 9.615605227231667e-06
              0.0020689280520383253,              0.0010233884507754255,                     -0.05808895420012485,                   -0.0019850041762121836,           2.2760717721033568,                  0.5607819720647964,              2.8188070412781654, 5608.695467470369, 0.4581512042993531, 5609.153618674669,4.4071474340603575e-06
              0.0004650877851161505,              0.0005117696043359135,                    -0.047503485608985006,                    -0.004415440338216841,           2.1503107430394666,                   0.577748793136266,              2.8952151513627653,  5610.12341807255,0.47769659516928387, 5610.601114667719,1.8378440065004317e-05
              0.0013757072190546079,              0.0012729921824657664,                    -0.049642470577027836,                    -0.004802531038650637,            2.154084881739933,                  0.5733394658334178,               2.894710002824361,  5609.81813421556, 0.4780728832274056, 5610.296207098788, 1.354333284140809e-05
              0.0017029535619694572,              0.0018558137225482543,                    -0.061456512104261035,                      -0.0049004340021466,           2.2676894387378423,                  0.5622309743205316,              2.7854093531172452, 5606.763334809035,0.46212894268503985,  5607.22546375172, 6.383267231189941e-07
              0.0005717767936183401,              0.0017349340240133675,                     -0.05370580441818782,                   -0.0028574893247870687,           2.1061154072412007,                  0.5825161462314269,              2.9341648383366357, 5611.083363078647,0.49089565348626973, 5611.574258732134, 4.799626753016631e-05
             0.00047478017088377735,            -0.00014174322876670418,                      -0.0596932199146233,                     0.004455886573162348,           2.2158323979151118,                  0.5683552049804919,               2.836421543019217,5609.1615534623525,0.47120534264013175, 5609.632758804993, 7.023864968188724e-06
              0.0018351603864873432,             2.5014411465156077e-05,                     -0.05111994807362131,                   -0.0023722209529804285,            2.254441067024685,                  0.5606348832713546,              2.7842714222446965,5611.1640517481255, 0.4581369523148655,  5611.62218870044,5.2029554743326585e-05
              0.0017026883035170044,             -0.0003672219663646387,                     -0.05558455333689073,                    0.0012707716150531364,           2.3322774224131675,                  0.5543168536604532,               2.758503297491373,5610.4184701542545,0.44595596714098157, 5610.864426121396,2.4685852930669945e-05
              0.0024953882313745895,              0.0004972331231302228,                      -0.0480969382590747,                    -0.005609640947337594,           2.2596027496290074,                  0.5635167535433396,              2.7822405123206204, 5610.683145780922, 0.4556182091332063, 5611.138763990055, 3.216586993052951e-05
             -0.0006730593569820716,              0.0011720793820972257,                     -0.05767789811814426,                    -0.005029829464030006,           2.1466295824716375,                  0.5788362706306713,                2.88808767874907, 5608.931767322603,  0.484479145234813, 5609.416246467838,5.5818903535047765e-06
                0.00104409717466207,             0.00011604533819821838,                     -0.04940580463540232,                    -0.006437562750004421,           2.1955504507117647,                  0.5702684869799927,              2.8883073455733026, 5610.441573718046,0.46926375354824434, 5610.910837471594,2.5262823482453163e-05
              0.0021815143325293364,             -1.955290501739408e-05,                     -0.05231864738720137,                  -0.00017525875930901402,           2.1551262108010576,                  0.5782362559338035,              2.8667459933795705,  5610.91994823211,0.47924345290573345,5611.3991916850155,  4.07602931960662e-05
            -0.00020075738236605907,             -0.0005561029424280646,                    -0.051569891194106106,                    0.0018891489580839976,            2.284420324024561,                   0.556598155611484,              2.8072215760399066, 5610.793990639741, 0.4525443243966027, 5611.246534964138, 3.593640358633867e-05
              0.0017151230680826168,              0.0001171311448874658,                     -0.04546317438570709,                    -0.004361871694050733,            2.219664202521309,                  0.5657911855004073,               2.840601376008415,  5610.94682693834,0.46212349326507673, 5611.408950431604, 4.187073389363667e-05
            -0.00016921959957214987,               0.002476687831460086,                      -0.0548795110813948,                    0.0026846971505041796,            2.183471087804287,                  0.5730963175363434,               2.859142473550752,5608.3672214940625,0.47479265421678224, 5608.842014148279,3.1739652176168695e-06
            -0.00037795778030395584,              0.0010832279835721096,                     -0.04820223516976396,                    -0.004507861314938078,           2.2282008482105007,                  0.5639273576984003,              2.8692921146418957,5608.6589153356545,0.46182086846669557, 5609.120736204121, 4.248965345172576e-06
            -0.00015752705594560508,            -0.00036400167680987954,                    -0.050215473943132485,                   -0.0003161301254930966,           2.3338501422526408,                  0.5501849752858053,               2.756167905588546, 5608.864087334376, 0.4424868092463771, 5609.306574143622, 5.216608634214828e-06
             0.00028869048145100306,             0.00029838607489741855,                     -0.04613538895253067,                     -0.00411439870994769,           2.1511901470009094,                  0.5766413100909246,              2.8441176433495663, 5608.455808487626,0.47677881307750625, 5608.932587300704,3.4679673945609338e-06
             -0.0008400505817266735,             -0.0007299788520483956,                     -0.05733566557349952,                    -0.003687563270057536,           2.3647708709600916,                  0.5488060755362106,               2.711934927162167, 5607.211915407587,0.44121959053448584,5607.6531349981215, 9.996756296554834e-07
                0.00262249912106994,              0.0012351001786531984,                    -0.059026410270529454,                    -0.002667617303165181,           2.1785878721651057,                  0.5710666255774173,              2.8615219091965045, 5608.003193201418, 0.4784553525662818, 5608.481648553984,2.2054980818864674e-06
               0.002533699913803646,             -0.0010178620308246681,                     -0.05066800283194711,                    -0.003259207896845697,            2.346995407477304,                  0.5521025829646262,              2.7076110522105727, 5606.396837867125,0.44043958981673764, 5606.837277456942, 4.424614382957194e-07
              0.0005745074034205877,              0.0005116137525180454,                     -0.04644957193313039,                    -0.003196668937897754,           2.1419737446611187,                  0.5753482924335768,              2.9163835382456504, 5607.317974051041,0.47890564846448674, 5607.796879699506,1.1115264162985886e-06
              0.0013628064454123923,             -7.336232676344114e-05,                    -0.059916252518081796,                   -0.0008828613429947155,           2.1858677805200246,                  0.5693085315447244,               2.862076621206186, 5609.845274147248,  0.477443097871688,  5610.32271724512,1.3915931246884757e-05
              0.0007139102033147257,             -8.760960277769777e-05,                    -0.056876707569043526,                   -0.0033537722824497516,           2.1421976533969143,                  0.5804711670363192,               2.824125992720373,5606.0248673419965, 0.4848476941176718, 5606.509715036114,3.0502165998418637e-07
              0.0001862386625271197,             -0.0007535113878311097,                    -0.055893352979409956,                    -0.004879593590647889,           2.1888127803184223,                  0.5750397803830253,              2.8117069800389265, 5606.691176120036,0.47436023186373827,   5607.1655363519, 5.938884864368696e-07
            -0.00037297191376025815,              0.0003124991897508621,                     -0.05487498387907742,                    0.0020139404175730383,           2.1335539483386787,                  0.5809581888715701,               2.855223033273118,5609.2160272830715, 0.4854546221219366, 5609.701481905194, 7.417094862300789e-06
               0.002401273357996465,             -0.0013293332984454283,                     -0.05187857956974765,                     -0.00184073244998933,            2.352191245254486,                  0.5495655000388242,              2.7305032946245262, 5608.123087389872,0.44014832481733507,  5608.56323571469,2.4864290366714662e-06
               0.001959253184697752,              0.0014053450512624176,                    -0.055992725585847385,                    -0.006426747992417125,            2.257986885031622,                  0.5599634303245442,               2.801851483753209, 5610.444315664101, 0.4605518245595637, 5610.904867488661,2.5332187834832145e-05
               0.000649173999625897,              0.0026249864284927853,                     -0.04996208662236891,                    -0.007102783179441011,             2.23746029216402,                  0.5636533732150337,              2.8194987051639204, 5609.645204391847, 0.4611240370096654, 5610.106328428857,1.1392606146012308e-05
              0.0016033841180224909,              0.0007554026972697728,                     -0.05003352385022523,                    -0.010008567569023444,            2.181560196809221,                  0.5726176956999459,              2.8634723727418008, 5611.101684273863, 0.4728690145515337, 5611.574553288414, 4.888372130019567e-05
               0.002818704790455551,               -8.4467498807078e-06,                     -0.04979486083061908,                    -0.005775635651061431,            2.256957619646547,                  0.5618976195907006,               2.832706267691383, 5609.249465233945,0.45707895490908745,5609.7065441888535, 7.669300435974801e-06
             0.00027375540383313196,             0.00011210682082704025,                     -0.05636811332294295,                    -0.005709206055757098,           2.3073192210223197,                  0.5582123502730365,              2.7814929618729756, 5609.070116201369, 0.4512369950657449, 5609.521353196435, 6.410109611203572e-06
              0.0006555746276941344,              0.0016670730401578127,                     -0.05353091793946923,                   -0.0022528714713848023,            2.306755578474442,                  0.5528308613809322,               2.801253990825571, 5609.150470629915, 0.4494750990032956, 5609.599945728918, 6.946450428263402e-06
              0.0006601067473026584,             -0.0007405237137004309,                     -0.05204677462474359,                    0.0017846753006368053,           2.1986404198971576,                  0.5666648941811381,              2.8846274799915577, 5606.744289722344, 0.4698989550686649,5607.2141886774125,  6.26284769347854e-07
              0.0005585449867203215,             -0.0004630165215757896,                     -0.05302051938539592,                    -0.010544794679653498,           2.2468408799218125,                  0.5627269596215527,               2.845418698920991,  5609.76031406996, 0.4613076484888539, 5610.221621718449,1.2782464099595162e-05
             0.00037049764601122055,             -0.0003398154427974284,                     -0.04872719385724817,                    0.0013234336903326282,           2.2010276328183913,                  0.5668436542793572,               2.848523242338385, 5608.296872950954, 0.4675351419617312, 5608.764408092916, 2.958354259797659e-06
              0.0012848841287450416,             -0.0010121484935222433,                     -0.05767233387072865,                    -0.007214028889380722,           2.3378164327474145,                  0.5533393005593654,                2.72671560210589,  5609.09881627607,0.44653189051326003, 5609.545348166583, 6.596745659399912e-06
             0.00032262719594010233,              0.0009923764593322542,                     -0.04861940521625631,                    0.0009193802998944369,            2.288087966585959,                   0.560508275416071,              2.7858759465199743, 5609.398066089485,0.45018936021812306, 5609.848255449703, 8.897997566841674e-06
             -0.0004410115419291045,              0.0002679649850632094,                    -0.046414595216713476,                    0.0004059329665705085,           2.1925606363460064,                  0.5709706051775596,              2.8204516192162057, 5609.242966629043, 0.4680585379903987, 5609.711025167033, 7.619622276764964e-06
               0.002837766196818556,              0.0005754065097158714,                    -0.056347119663063494,                   -0.0010743223189726885,           2.1478557784605403,                  0.5758260651510835,               2.883160924860534, 5610.328083868337, 0.4832724754265117, 5610.811356343764,2.2552457448816786e-05
              0.0027992906118378042,             0.00038687332102218196,                    -0.051320041983982614,                    -0.006841629947103133,            2.216033995506075,                  0.5689366516730073,              2.7989314214161114, 5610.302646116148, 0.4661929502559716, 5610.768839066404, 2.198600876010827e-05
               0.001962587074658583,              -0.001268210797033581,                     -0.05334465081790157,                    0.0003761193064818956,           2.2837917749203838,                  0.5590572830383037,              2.8131086958758944, 5609.671821777055,0.45370858670158437, 5610.125530363756,1.1699919325268732e-05
              0.0021199465672773134,               0.002327785771326148,                     -0.04848207359844901,                    -0.005379393748854438,            2.276486294267187,                  0.5610473033765861,              2.7799036516652444, 5606.993280490802, 0.4525476889882507, 5607.445828179791, 8.033543820803734e-07
               0.002695368737227717,              0.0016325184905944896,                     -0.05012236007340568,                   -0.0027619898107830985,           2.1802459043742375,                  0.5719375430050346,              2.8434023148609064,5609.9074359457945,0.47271835728099415, 5610.380154303076,1.4808422625939103e-05
             -0.0001366849396248071,               -0.00124032631527385,                    -0.048943254080381984,                    -0.007079520920948785,            2.156238075071659,                  0.5755969646582163,               2.870204334736983, 5609.909594373282,0.47736578538338753, 5610.386960158665,1.4840420052018012e-05
             -0.0011924148740230125,              0.0010948649403297323,                     -0.05099422024244473,                    -0.009650884157084955,           2.2078350118131853,                  0.5679237312451729,               2.845466180953088,   5609.0028186324, 0.4679111209605392,5609.4707297533605,5.9929201760046385e-06
              0.0006630513231115007,               0.000102709701508141,                    -0.047147292121959665,                   -0.0010649832747241185,           2.1901951027833335,                  0.5689114027882978,              2.8809527538019335, 5611.196809633202,0.46893839278106225, 5611.665748025983, 5.376215616523875e-05
             -0.0010892136917096489,               0.001913506417626617,                     -0.05665923334510699,                  -0.00013918478849981697,           2.1827657921388295,                  0.5728856011502648,              2.8344123560682455,  5610.57926494134,0.47599622238514033, 5611.055261163725, 2.899215020585386e-05
               0.000753538960973903,              0.0019154297959495504,                    -0.048696949724382856,                    -0.009494379076415016,           2.2243477559854496,                  0.5658280594984884,               2.802084155274561,5606.7662533783705, 0.4632687287058055, 5607.229522107076, 6.401924452144944e-07
              0.0012306502333225419,                0.00217630162079401,                     -0.05463097928008612,                    -0.005068668027277076,            2.216654693009503,                  0.5687566672867732,              2.7895373213827237, 5611.081029010265, 0.4678885124044054, 5611.548917522669, 4.788437159685118e-05
              5.071101250794153e-05,            -0.00043936721254400857,                    -0.051145398732799455,                    -0.006372411183440225,            2.332405655837255,                   0.552470608540543,               2.785278612977132, 5611.090141494371,0.44350108081311324, 5611.533642575184, 4.832271132060505e-05
             0.00012811099866504545,            -0.00023647372287159416,                     -0.05901411432643188,                    -0.006979859527947203,           2.1482156001443826,                  0.5780120991145393,               2.860093315142322, 5611.144385787136, 0.4851218271267927, 5611.629507614263,5.1016339133672216e-05
             -0.0018576354463829613,              0.0014950203179037226,                     -0.05675209257352756,                   -0.0012923112219571013,           2.2201520233946033,                  0.5659665628311065,              2.8409419474600703, 5608.063563899196,0.46835380602422844, 5608.531917705221, 2.342746756753638e-06
             -0.0007716068107236793,              0.0020335645316290982,                    -0.051766788059290254,                    -0.010262300759456982,            2.226550206939022,                  0.5671129356590648,              2.8265447236311507, 5606.649378580798, 0.4646244307062027, 5607.114003011504, 5.695770280003521e-07
              -0.000610612852727587,            -0.00020500603507684877,                    -0.053357127210311675,                    -0.005533538146501084,           2.2553604031762458,                  0.5604230200420901,              2.8519593766418723, 5610.379881318134,  0.459377104549298, 5610.839258422683,2.3751400272450598e-05
              0.0011187058237877713,              -0.000500896148023921,                     -0.05760482062715836,                     0.002885509467842425,           2.2913467158639262,                  0.5574020299569609,               2.813554884796182,5608.8641820806015, 0.4549142562010894, 5609.319096336802, 5.217102911609698e-06
             0.00017927490707038006,            -0.00027924847426326956,                     -0.05338802456655431,                     0.002752247581217834,           2.1675355040211186,                  0.5760005084076628,               2.874814935122867,5610.6624008698345, 0.4772310476848769, 5611.139631917519,3.1505465517833764e-05
             0.00044519157515354485,             -0.0017662026349524542,                     -0.04927355853611232,                     -0.00396454527211039,           2.1737510131617475,                  0.5729829784334628,               2.893971683844568, 5607.298156295096,0.47362828182234357, 5607.771784576918,1.0897152946401334e-06
              0.0015737549486905178,             -0.0018328054455899198,                     -0.05878248529316151,                   -0.0034200088817912134,           2.2866034318672797,                  0.5573939100591517,              2.7696233166599638, 5606.809345224915, 0.4566238387047952,  5607.26596906362, 6.683825393640396e-07
              0.0007907759573251272,             -0.0009828295856887299,                    -0.049646432627093964,                   -0.0058476256229968325,           2.3391926776168055,                   0.551426291830826,              2.7608788825861654, 5612.713856326508, 0.4413898864360563, 5613.155246212944,  9.25627550280121e-05
              0.0002619569744258275,             -0.0006132674167504532,                     -0.04684803470570963,                   -0.0025782249292780404,           2.2983719807314436,                  0.5576997817114209,              2.7743560268505467,5612.9390717279875,0.44732297145926486, 5613.386394699447, 0.0001159434124879093
              0.0006149975670828006,             -0.0002834594263992273,                     -0.05181396538834821,                    -0.006547771923578483,            2.138938827223772,                  0.5795066749364574,              2.8929520845184964, 5613.323723180263, 0.4826772124787597, 5613.806400392742, 0.0001703327200393557
            -0.00031736411569503227,             -0.0015443069223195318,                     -0.05144077389674786,                    -0.005075108647665936,           2.1853048226825162,                  0.5729083915542632,               2.837226327886742, 5611.870573558917,0.47245981828203903, 5612.343033377199,3.9829350076809366e-05
              0.0012885915525343485,                  0.001287711048401,                    -0.048015086126271145,                  -0.00032268639528448324,           2.3177884194010105,                  0.5559296646448115,               2.745994460924842, 5611.773196545941,0.44427282870824997, 5612.217469374649, 3.613374042522953e-05
              0.0010207859470771727,              0.0008181437842105818,                    -0.055983789676500056,                    0.0017693516634554826,           2.2526892307671926,                  0.5611018827759304,              2.8434255104178483, 5612.872092973686,0.46135290959742853, 5613.333445883284, 0.0001084320266750224
             -6.843162665796969e-05,              0.0010993935643374836,                     -0.05054291973533424,                    -0.002283147641642257,            2.170004393658592,                  0.5724581732564745,               2.905159898924274, 5612.712193040788,  0.475056409188777, 5613.187249449978, 9.240892468677782e-05
              0.0003428360790490885,              0.0014586613381617898,                     -0.05423872144887332,                    -0.002944234058902942,            2.121967522111111,                  0.5826007954239226,              2.8739509805078276, 5612.479012804875,0.48766492857622834, 5612.966677733451, 7.318886746497319e-05
              0.0012959586553132612,            -0.00022580100251736818,                     -0.05176634379486429,                    0.0009112008011608616,            2.292108973473216,                  0.5604738679038518,               2.764413208909706,5611.7519090521055,0.45118118228283133, 5612.203090234389,  3.53726729978302e-05
               0.001801282163680932,               0.000688113453499711,                     -0.04658623944186686,                    -0.006040687647003708,            2.287239216039524,                  0.5593223067250668,               2.780238420182352,5611.3271157682075, 0.4494887896842581, 5611.776604557892,2.3130365750141457e-05
            -2.8590554722343732e-05,            -1.3837406366395206e-05,                     -0.05014128226317933,                    -0.003489138270553058,           2.2923129618139018,                  0.5563236496818555,              2.7576056634180093, 5612.696239729577,0.45027573726111053,5613.1465154668385, 9.094639347904386e-05
             1.1980506531659101e-05,              0.0009454165126320949,                     -0.05530535683243198,                    -0.005012264964424858,           2.3200378897046092,                  0.5522893652513303,              2.7928411348046676, 5613.088636117399, 0.4481646613753917, 5613.536800778775,0.00013464835981888033
              0.0011100116232444885,            -0.00021801760509351382,                      -0.0488939586741535,                    7.042905680381104e-05,           2.2691197849998814,                  0.5584593509387294,              2.8168387492856315, 5612.865673218611,0.45398787448252315, 5613.319661093094,0.00010773814926601371
              0.0017486603235645473,              0.0014138383134577703,                     -0.05991940594441471,                   -0.0009508324411192362,            2.178135168398355,                  0.5720929622110232,               2.862065139191486, 5611.907351365723,0.47908775260781294, 5612.386439118331, 4.132145623278068e-05
              0.0004762907785861756,              0.0007516194820979155,                     -0.04764395472319823,                  -0.00046242253671009866,           2.2233760538812244,                  0.5647083867649787,               2.847906395997782,5613.5151427528635,0.46238287057120236, 5613.977525623434, 0.0002062673769568377
              0.0008013698871389292,              0.0023200183546090835,                     -0.05431392726294182,                   -0.0015877266791806443,            2.183209611108375,                  0.5715973527583209,               2.878995149560719, 5613.323712656191, 0.4744776020098503,5613.7981902582005,0.00017033092745490677
              0.0024311350267217533,              0.0008891766997983421,                     -0.05563824753916769,                    -0.005604742562814279,            2.209248864671944,                  0.5698449486954152,               2.809793035141304, 5613.643145244296,0.47005213637445165,5614.1131973806705, 0.0002344343907154022
              0.0007204668300360255,               0.002183080079400934,                    -0.056020218816977996,                    0.0009744295206345258,           2.2378505646166795,                  0.5662466179645832,              2.8238150811475977, 5611.513886764229,0.46432680284420275, 5611.978213567073, 2.788021465036548e-05
              0.0021730360411074904,             0.00041861116869536057,                     -0.05650405192269233,                    0.0014587545515043084,           2.2747624967910203,                  0.5591310993179326,               2.817510513610194, 5612.166960300925, 0.4573826285353138,  5612.62434292946, 5.357008634131958e-05
             -0.0005002713340903849,              0.0004864705310001348,                     -0.06100370507835511,                    -0.003952523656161228,           2.2554234296782716,                  0.5613415774749289,              2.8133081868470518,   5611.4119814273,0.46413995575529693, 5611.876121383055, 2.517904114869615e-05
              0.0005153193779851893,             -0.0005839609260592515,                     -0.04827426331852414,                    -0.004179126634642015,           2.3076284140188204,                  0.5565822809254471,               2.736152713427619, 5612.270803554398,0.44639242127087875, 5612.717195975669,5.9432075672614316e-05
              0.0003271762797990866,             -0.0015085762207391802,                     -0.05221661084475596,                    -0.006926250262056313,           2.3209557201240067,                  0.5532637015273709,              2.7661602327591814,  5611.53839694086, 0.4462843821480465, 5611.984681323009, 2.857200697962154e-05
             1.1880395735209115e-05,             -0.0003341943219397791,                     -0.05399179089363859,                   -0.0033262483194431646,           2.2568850672765612,                  0.5654094635119145,              2.7655083145966692, 5611.966322126184,0.45934574257818955,5612.4256678687625,4.3831496051600025e-05
                -9.746838550088e-05,              0.0009430563727505253,                     -0.05296199812103523,                    -0.009645410103051396,             2.30529776874921,                   0.556612797451537,              2.7651947860140638, 5613.305061707459,  0.449888475118048, 5613.754950182577,0.00016718353621235008
              0.0013222548788347154,             0.00033784415429559064,                    -0.054693896412654444,                    0.0025420222391796467,            2.281589867963622,                  0.5607830448973563,               2.795122118255701, 5612.572329339473,0.45495612572533334,5613.0272854651985, 8.034741020083861e-05
              0.0006812842845664069,              -0.000657871588565551,                     -0.04955575860592758,                    -0.007144659210356462,            2.300088303752742,                  0.5587414213490776,              2.7614877136607108, 5611.769199739842,0.44869767403089356, 5612.217897413873, 3.598960909550221e-05
              0.0007670283908631839,             -0.0004903607805867029,                    -0.055692093949283566,                    -0.009748487647136614,            2.260400136917705,                  0.5603948690979891,               2.816930986175568, 5612.861652904927,0.46016327697762166, 5613.321816181904,0.00010730587762624272
              0.0019331955095598184,            -0.00038758425223810877,                    -0.053920967224279436,                    0.0013676391996321126,            2.303137645291646,                  0.5581748585646702,               2.746046263923474, 5612.289545347754, 0.4503748924677584, 5612.739920240222, 6.055644277004992e-05
              0.0015883569783375954,             -0.0005131421396714209,                    -0.053516839987227796,                    -0.004377360514014654,            2.140813361343578,                  0.5757913729578812,               2.880959059577342, 5611.761067449627,  0.483145513113069, 5612.244212962741, 3.569811800115291e-05
              0.0003730011101474907,             0.00029571901252805884,                     -0.05105659618604154,                      0.00163528333559025,            2.188229154989121,                  0.5739222098841874,               2.811137763291847, 5611.551909693264,0.47148873354624804,  5612.02339842681, 2.896071377029588e-05
              0.0013481347936266813,              0.0010802373210109014,                    -0.056203115475319275,                   -0.0013124878567842974,           2.2186070289347843,                  0.5692100703758289,              2.7843780635037265,  5613.41176065748, 0.4683082539596036,  5613.88006891144,0.00018600827801767684
              0.0005214836902694032,              0.0015661111674593344,                     -0.05321779400682703,                    0.0027454394150420677,           2.1927846380668017,                  0.5699758771675617,                2.88149189343235, 5611.605577932369,  0.471832224353963, 5612.077410156723,  3.05574480038202e-05
             -9.849384774783392e-05,             0.00038110690340883703,                     -0.05634273222235781,                  -0.00025276211514327384,            2.359774810616199,                  0.5500180638370342,               2.744139493323595, 5612.674745080185,0.44140659544206184, 5613.116151675627, 8.901239243655028e-05
             0.00046662876169991627,             -1.433807961247977e-05,                     -0.05598567749477859,                   0.00033874313650206943,            2.248369030719048,                  0.5652810498612053,              2.8272374283349366, 5612.369319851687, 0.4621820048019066, 5612.831501856489, 6.558522044032797e-05
             -0.0005826559879425231,              0.0020596444984162347,                     -0.05285437856516878,                   -0.0005874150915735961,           2.2756893517448264,                  0.5588616077726103,               2.791054985002293, 5613.424184207562, 0.4549745768899723, 5613.879158784452, 0.0001883335754920244
              0.0003815350256877197,              0.0016930113368509626,                     -0.05319425208645672,                    0.0013732759972900448,            2.170727088990733,                  0.5714575339175635,               2.883616334589809,5611.4095981238925,0.47642250517850193, 5611.886020629071,2.5119103307532143e-05
              0.0013422462279830915,              0.0009370963075631881,                    -0.056205808141310584,                    0.0031415491445993537,           2.1519751904671254,                  0.5771197107850984,              2.8899880055533194, 5611.324286762314,0.48230960527508976, 5611.806596367589, 2.306502228122392e-05
              0.0006933505041934643,              0.0005425433964326518,                    -0.056219011040034565,                    -0.010207713394553399,            2.232294204690454,                  0.5670002567360418,               2.799893705587293, 5612.299901470366, 0.4661115687975186, 5612.766013039164, 6.118683127261077e-05
            -0.00024407377160994231,               0.000670173734655905,                     -0.05824705997078368,                    0.0017678522300780416,           2.2612673422172094,                  0.5620987546464273,               2.771901936607825, 5612.101227427774,0.46109851980020017, 5612.562325947574,5.0162009056739284e-05
              0.0022826376436644335,              0.0005950751488208488,                     -0.05144939821280509,                    -0.004602004917947989,           2.2366588846537168,                  0.5624107480884547,               2.825210568868056, 5612.044301106529, 0.4619497984849135, 5612.506250905014,4.7386227492152005e-05
             0.00021695889324933738,             -0.0006269052245384414,                     -0.05412619566847111,                     0.003794353009640857,           2.2169700001996797,                  0.5669315921323704,              2.8265749442295593, 5613.664578231633, 0.4674243294165944, 5614.132002561049,0.00023951325321796567
             -0.0012291196104368062,              0.0007572549320599231,                     -0.05220303770153382,                    -0.006399141268664767,             2.20163664086622,                  0.5696947396292613,              2.8139764854117164, 5611.929605102703,0.46958639211246317, 5612.399191494816, 4.225132116185387e-05
              0.0006591689717469809,              0.0019021319527151794,                     -0.05369718290481317,                    -0.003773890017258682,           2.3140460578919435,                  0.5572408232033517,              2.7396356487773588,5612.3587116040435, 0.4482639734178634, 5612.806975577461, 6.489315347914896e-05
              0.0013017966259666989,             -0.0007961264118291627,                     -0.05312143975641832,                   -0.0015947002670642246,           2.2098476281786623,                  0.5715317466450762,              2.8119057510334953, 5612.284165790697,0.46822410369262585,  5612.75238989439,6.0231550602522146e-05
              0.0008959966500162321,              0.0017239556591215255,                      -0.0506668012435177,                   -0.0009382512204671447,           2.2866355765593247,                  0.5603615377371711,               2.747264388125677, 5612.576491575408, 0.4516113963151819,5613.0281029717235,  8.06825320230906e-05
              -0.001040853805922325,             -0.0007342287126561213,                     -0.05414425533684266,                   -0.0028925122336540964,           2.2891591903008996,                  0.5583211307213393,              2.7667638274228583,5613.6676553527095,0.45318377979794006, 5614.120839132507, 0.0002402513995980652
              0.0002522282422021518,               0.002282542623858018,                     -0.05328996108515633,                    -0.003958651905236762,           2.2153513169070442,                  0.5674613971742781,               2.807190504233178, 5613.768346387467,0.46728880971590664, 5614.235635197183,0.00026570240603485817
             -0.0003724298621422388,              0.0011852076784756233,                    -0.051165652267085575,                    0.0013925233625923558,           2.2151465388124003,                  0.5696736226700208,               2.808735255230075,  5613.73040392244,0.46600077218813013, 5614.196404694628,0.00025580986230573806
             -7.017912465136026e-05,             -0.0005953312112829609,                     -0.04977919319843025,                    0.0015803121409016863,             2.19023246177269,                  0.5698469111134068,              2.8790579494130695,5611.6943185571745,0.47035490082857406, 5612.164673458003,3.3393092856360876e-05
              0.0003440927493265039,              0.0009255947552536184,                     -0.05243417607881527,                      0.00475261802649629,           2.2803341393381396,                   0.559007467128078,               2.779227927772774, 5612.526252692797, 0.4539372528853535,5612.9801899456825, 7.672926702650783e-05
               0.001301296578529823,             0.00033465023178185643,                     -0.05784776960178707,                   -0.0016013792811830972,           2.2472159376951555,                  0.5650278400636429,              2.8344408049514263, 5611.839478829361, 0.4636102541430382, 5612.303089083503,3.8609924316708455e-05
             -0.0005826452394572427,               -0.00012800634198407,                     -0.05655249139365369,                    0.0009848559143060124,             2.30870476234057,                  0.5545665569352307,              2.7682400806847935, 5612.429371606258, 0.4509183562510072,  5612.88028996251, 6.964438829899497e-05
            -0.00023752300611688663,              0.0016468958252498131,                    -0.048562381194980506,                    -0.004462907663327658,           2.2631218514476004,                  0.5604513793549113,               2.782265268224313, 5612.023659235409, 0.4550952306508494, 5612.478754466059,  4.64181133102758e-05
             -0.0011199616941983956,              0.0010729692030672809,                     -0.05647411209125171,                   -0.0020182323423339785,            2.143193175693205,                  0.5776380836548182,                2.86824122204162, 5612.226159560902,0.48434796529744684, 5612.710507526199,  5.68371454751901e-05
             -0.0002659511049863061,             0.00018940272589876647,                    -0.057376994304612884,                    -0.004134446518377177,            2.369426994130647,                  0.5490206908492695,              2.7216372806387006, 5612.017733875044,0.44042807714518617, 5612.458161952189, 4.614388252192521e-05
              0.0013244182492197396,              0.0004935067759567945,                    -0.057930890074604065,                   -0.0020547130525419457,           2.1871326069455455,                  0.5693914523612978,               2.892656694055847, 5612.325576143305,0.47589857826381693, 5612.801474721568,  6.27781236973876e-05
              0.0015596026767523603,            -0.00026341393395789203,                      -0.0544219287890571,                   -0.0063168262573841776,           2.0999756988984655,                   0.582080477688314,               2.913324548406213, 5609.470485630265,0.49288571101086814, 5609.963371341276,3.6129194267126936e-06
             -0.0009179366961308246,              -0.001228838836886614,                    -0.052886949453874406,                   -0.0009759727444190049,            2.262169080532616,                  0.5621946508023551,              2.7799121675099956,  5611.98722340728,0.45761102068479487, 5612.444834427964,4.4757271717231836e-05
             -0.0008547176447152423,              0.0009618455290032229,                     -0.05595852087271837,                    -0.003778726408643411,            2.214060291485294,                  0.5698455713854147,               2.841500601986838, 5612.056047359487,0.46914383117367736, 5612.525191190661, 4.794611998888574e-05
               0.001066588545257874,             -4.931929145710732e-05,                     -0.04717963387129987,                   -0.0009864735257706292,           2.2146718547647333,                   0.567524530955474,              2.8633537053150295, 5612.475156390066,0.46391211212228356, 5612.939068502189, 7.290716436375694e-05
              0.0009198448909727988,             -0.0005004039022519645,                     -0.05770935245949625,                    0.0005996452086703486,           2.1982193162917407,                  0.5683613254099871,              2.8773769494494035, 5612.860888836364,0.47342380384372407, 5613.334312640208,0.00010722391989321687
             -5.120412834246266e-05,             -0.0014616988811295016,                     -0.05185130629619479,                    -0.001328581043313533,           2.1659062972443577,                  0.5752358992702454,               2.867849566112194, 5613.070095139226, 0.4766586143504833, 5613.546753753577,0.00013217484903232316
             0.00017997485117481914,              0.0009524853137472861,                    -0.056261583002509746,                    0.0004774720003223869,            2.114761761180881,                  0.5794769249420016,              2.9216141290034248, 5610.375593442567, 0.4904583554020831, 5610.866051797969, 8.931853778135189e-06
              0.0017831270750904274,              0.0008622408237074999,                     -0.05180949409989742,                    0.0034484488290176516,             2.24524677487689,                  0.5665197580820218,              2.7954401926585115, 5608.478635341608, 0.4603855545718034,  5608.93902089618, 1.339994972811565e-06
              0.0018619592548247755,              0.0017586956047149062,                     -0.05300637189323337,                   -0.0016378768868968172,            2.238561164613924,                  0.5656294908582198,               2.774270204608906, 5611.907808094824, 0.4623761690126761, 5612.370184263837, 4.134033325484137e-05
             -0.0005369038992713211,             -7.641413217659938e-05,                    -0.056730894448990384,                     0.003174761664509119,           2.2019570108299744,                  0.5705237395847913,              2.8371653413699853,  5612.52262592559, 0.4720790706132246, 5612.994704996203, 7.645149185440989e-05
              0.0005225759628468329,             -0.0014461736571453638,                     -0.04837922396206564,                   -0.0071905582250411885,           2.2962588495771605,                  0.5578539143324784,                2.77886130207548, 5609.934246574125,0.44879440572629314, 5610.383040979851, 5.744696577439762e-06
              5.174806068933119e-05,              0.0009233543626292537,                    -0.050483769072241495,                     -0.00858201249711902,            2.212973582801317,                    0.56931099747601,              2.8021686312416723, 5612.895429597826,0.46645354964437613,  5613.36188314747,0.00011099222108483219
            -1.0684797478534116e-05,             0.00035503074319679896,                     -0.05305044243569474,                   -0.0033382986217465297,            2.272621981367876,                  0.5616275932351893,              2.8233829036456894,  5611.89066240588,0.45571827335884263, 5612.346380679239,4.0637566684736094e-05
              0.0008231692954548382,             -0.0014463012670297593,                    -0.055551167345198445,                    -0.009372764594115941,            2.244208847919029,                  0.5645237032494906,              2.7873816192364593, 5609.789259598134,0.46323882931184174, 5610.252498427446, 4.969355327150246e-06
             -0.0010619334923436564,              0.0009212745473328133,                     -0.05135574230196422,                    -0.006167205451571265,           2.1844847101864424,                  0.5739377565604397,               2.841162879769932, 5611.173910691846,0.47264843396452383,  5611.64655912581,1.9844784213091754e-05
             -0.0006296064645371317,             -0.0006844946811557716,                    -0.054804340998568624,                    -0.004788396081296462,            2.328215605452423,                  0.5540977679093086,              2.7467349950548527, 5613.420244148114,0.44633187155719073, 5613.866576019671, 0.0001875929899421876
              0.0017426939675513336,               0.001909144407813581,                    -0.060100564807306675,                   -0.0007736360197049996,           2.2659328591188523,                  0.5606222394232976,               2.795185746119256, 5609.875977755939,0.46142688835768453, 5610.337404644297,  5.41952556047886e-06
               0.001259190005348901,             -0.0006923892185829716,                     -0.05626688796717455,                    -0.007677767790753279,           2.2990929611336535,                  0.5549042070151414,              2.7928000364310908, 5611.878495105044, 0.4528817823875022, 5612.331376887431, 4.014611308057385e-05
              0.0017034179058749025,            -1.3724736662712426e-05,                     -0.05651659594422559,                    0.0026693945864054787,           2.2146067806630136,                  0.5670447467473679,              2.8606606539907844, 5612.644200948362, 0.4693482804647265, 5613.113549228827, 8.633468843580621e-05
             0.00010888831412414836,              0.0012227185713778257,                     -0.05105828009054608,                    -0.005387300910371769,            2.248696872163648,                   0.563915019145343,              2.7587059303826953, 5610.626889721431,0.45935465643802564,  5611.08624437787,1.1483603577861245e-05
               0.002601136239368299,             -6.018266485261151e-06,                     -0.05550857526670904,                   -0.0016456476316284744,            2.255070132797122,                  0.5615110201399341,              2.7923001934514295,5613.6736918308325,0.46061561083738267,  5614.13430744167,0.00024170605800537625
             -0.0007779599973360998,             -0.0014363250674414886,                     -0.05323312158165364,                   -0.0019475887060632511,           2.2184969902572744,                   0.569073494885776,              2.8081466987268886, 5610.824447781916, 0.4665346627621002, 5611.290982444678,1.3991895968664871e-05
                -6.901166015825e-05,               0.000838047286741866,                     -0.05741001797521082,                   -0.0014122907805433867,           2.3126922370694305,                   0.554639600137745,               2.793831142895182,  5613.80523087804, 0.4507221087043924, 5614.255952986744,  0.000275685686227249
               0.001519579854606308,             -0.0007616277473986222,                    -0.059268163333362205,                   -0.0017943007798058902,            2.224853636901872,                  0.5669886014270353,               2.801890541397648, 5613.671951860931,0.46901679042829963, 5614.140968651359,  0.000241285862409223
              0.0024823616064271535,              0.0017995307455772878,                     -0.05371602771426998,                   -0.0013678194155063133,           2.2126663226348455,                   0.567533795186758,              2.8434852525013685, 5613.052873269428,0.46803610999881656, 5613.520909379427,0.00012991804000647917
             -0.0010808224251111817,              0.0010646050293895604,                     -0.05693258949948881,                   0.00016024587339283762,           2.2504298498410593,                   0.561447266660532,              2.8297309950502623, 5611.196142331912,0.46237981309008136, 5611.658522145001, 2.029090695868164e-05
                0.00114308023251289,              0.0017973497184697086,                    -0.054797635640079174,                   -0.0010287391723944746,            2.166557159060146,                   0.572819016558455,              2.8958767184439793, 5613.409725711172, 0.4782749913063842, 5613.888000702478,0.00018563014602862536
               0.001321079958586687,              0.0004798657314328903,                     -0.05209052185219818,                    -0.007413106522727476,           2.3892644112088823,                   0.546646257306959,               2.694672218363648,  5610.23116262731,0.43392970399780156, 5610.665092331308, 7.730651553794933e-06
             -0.0003897664040131513,              0.0010284848282969157,                     -0.06030075460349657,                    -0.002411593558531949,           2.3310651427153766,                  0.5530190338799172,              2.7683496548796307, 5609.441246421535,0.44922847642619856, 5609.890474897961,3.5088099775236695e-06
             0.00016458017181800926,                0.00125885956087888,                    -0.056048592540883624,                    -0.008751165040250343,           2.2824556823871314,                  0.5589308205953377,              2.7670983597687675, 5613.369209450664, 0.4560114932267871, 5613.825220943891,0.00017825943182848587
              0.0013544341812613055,             -0.0010648637739832279,                    -0.051435716418874323,                    -0.006415267374862494,           2.2155886201718653,                   0.565608293740605,                2.86621367634047, 5611.784472274796,  0.466290420824057,  5612.25076269562, 3.654348040197374e-05
              0.0018361537514756559,             0.00045523556874828384,                     -0.04996035204967716,                    -0.004025114355674504,            2.235801011029397,                   0.565934564120623,              2.8482948235199226, 5611.726378802372, 0.4612437564057342, 5612.187622558778, 3.448103018437242e-05
              0.0008605864586761145,              0.0008572637627329554,                     -0.05283452294389177,                     0.004436590031327183,           2.1596227593304675,                  0.5747451016964301,              2.8728337069326795, 5612.543887326409, 0.4786696420545585,5613.0225569684635, 7.809436062431017e-05
             0.00043971951789005407,             -0.0012200985273825328,                     -0.05370290132393689,                     0.001352482796113653,           2.3026777210238696,                  0.5572114032133456,               2.746686786003239, 5612.196829533537,0.45031874973165525, 5612.647148283269, 5.519432026568358e-05
              -0.001055932427892961,             0.00022787359884612272,                     -0.05571925730540212,                   -0.0018194527830299057,           2.1870712057228894,                  0.5691869553992461,              2.8891972735915097, 5610.084552157559,0.47450533375767756, 5610.559057491317,6.6764250909689814e-06
             -0.0009687421894032144,               0.001810084922208479,                     -0.05048542277437219,                    -0.004642737000062905,            2.229368529018281,                  0.5675930576362653,                2.80366723792235, 5611.655779107456,0.46286055495159417, 5612.118639662407,3.2130625096581104e-05
              0.0015854642883861062,             -0.0002912951293921145,                     -0.05111604442784174,                    0.0013535628607234166,            2.292400567099254,                  0.5551627250211364,               2.794390059634776,5610.3211717013755, 0.4507643849787436, 5610.771936086354, 8.458756881411059e-06
              0.0014074929514047198,              -0.000873293023532458,                    -0.059966819213020245,                    -0.004094961693824898,            2.161357009337882,                  0.5754102931210567,              2.8776207886079295, 5611.717513629121, 0.4827585791292538,  5612.20027220825,3.4176700837234125e-05
              0.0024069657109708495,             -0.0008499416575206352,                     -0.05032794968898756,                   -0.0007284132472703553,           2.2831075480006944,                  0.5589076114585905,              2.7798052537932376, 5613.452193827659,0.45211034328695193,5613.9043041709465,0.00019368329951095472
              4.548907694265329e-05,              0.0011352023044141368,                     -0.05769052083314326,                    -0.007414869887053944,           2.2045829612188776,                  0.5692263006066373,              2.8122567284287365, 5612.940824869313, 0.4724031259585445, 5613.413227995271,0.00011614685595617505
            -0.00016154958353330564,              0.0009684003735051905,                     -0.04698367821801117,                    -0.004037927543885276,           2.3582822014112743,                  0.5499073202808223,               2.728323470306563,  5610.16425484982, 0.4363970999092766,  5610.60065194973, 7.230335005211386e-06
             -0.0013417157664069735,             0.00021421306135497407,                     -0.05411003592420174,                    -0.002743186529349283,           2.2607222697378107,                  0.5597526573987791,              2.7969077230214294, 5610.507081890505, 0.4586546613225096, 5610.965736551828,1.0187000138659072e-05
              0.0024583564976367682,             0.00025291437130813644,                     -0.05392737264057334,                   -0.0070066792888789095,           2.2822152042923016,                  0.5612138789877689,              2.7626937866298746, 5610.961398274548,0.45463389822109707, 5611.416032172769,1.6045505757603928e-05
            -0.00010648644354694028,              0.0005450251092900353,                     -0.05231411227505225,                    -0.009090244429110267,           2.2355169084783206,                  0.5658593020083968,              2.8396219862414327, 5612.278903222953, 0.4629888769095396,5612.7418920998625, 5.991541057090315e-05
             -0.0011492833297383218,             0.00010806887544926853,                     -0.04767073929747815,                    -0.005019927984222191,            2.254390837744104,                  0.5621140168652189,               2.817312833273297, 5611.485155392603, 0.4563512054859216, 5611.941506598088,2.7090575864210043e-05
              0.0016162938276645877,              0.0010036445265776874,                    -0.051158681073349546,                  -0.00025284562097822725,            2.152943270370674,                  0.5757343515818261,               2.908041297012483, 5612.631376629013,0.47904094639720873, 5613.110417575411, 8.523457400714503e-05
              0.0003313984499660447,              0.0007804999688540305,                     -0.05292309467383707,                    -0.010292062700422332,           2.3049245021767195,                  0.5570967765694521,               2.749609124436086,  5611.84383194652, 0.4500064648622057, 5612.293838411382,3.8778364194051436e-05
             0.00046120582297835816,              0.0013733175270248137,                     -0.05861927017372881,                   -0.0020326492536045385,           2.2164222479623277,                  0.5667345304862133,               2.874405713448838, 5611.088173167386,0.47030228606333907, 5611.558475453449,1.8214239678779718e-05
              0.0017549688763043058,              0.0016069134300052523,                      -0.0511983374143187,                   -0.0019203149462766866,            2.280623436213476,                   0.560419408489462,               2.752116989540829, 5613.108322365804, 0.4530911480314613, 5613.561413513836,0.00013732534431400124
              0.0006620209138517213,             -0.0004269192293022799,                     -0.05210339714061391,                    -0.005308844867975965,            2.092170637171921,                  0.5840605669326969,              2.9351268690043018, 5611.416721826879,0.49321453215994454, 5611.909936359039,2.5298683216330472e-05
              -0.001470042596845724,               0.000888298212960267,                    -0.052111949586868406,                    -0.003509006975876974,           2.3057248953092104,                  0.5553594133321017,               2.765999999376195, 5612.193733320901, 0.4488748544366497, 5612.642608175337,5.5023691202052095e-05
              0.0013631264638397451,              0.0007929628973935804,                     -0.05825569999385672,                    -0.005891487239679007,            2.291502729793353,                  0.5582986712199476,              2.7501163567930016, 5613.318124223901, 0.4554555382763024, 5613.773579762177, 0.0001693816994186302
             0.00014046627870810828,              0.0005215854387228379,                     -0.05917719371188955,                    -0.005032791497695016,           2.1277022892960122,                   0.579818008461456,              2.9079836348812913, 5612.234000526752,0.48958812575071087, 5612.723588652503, 5.728455536248904e-05
              0.0008896278457253317,             -0.0005565736853194486,                    -0.050067541956805135,                    0.0019731543886725954,            2.284592428034968,                  0.5601590427526307,              2.7701793127636916, 5613.799360020572,  0.451669021059068, 5614.251029041631,0.00027407191659834293
              0.0013488520907628907,              -3.12283132206941e-05,                     -0.05847808099739553,                    -0.008873356398925555,           2.1997420722688137,                  0.5685042083183922,               2.848339614314054,  5612.03317585641, 0.4740445449147212, 5612.507220401325, 4.686196553913914e-05
             0.00017056118390184604,             -0.0005768026414641854,                    -0.058522243242796826,                   -0.0017516392398256204,           2.1698285985889014,                  0.5741649190897401,              2.8380459532913687,5613.6065950849115,0.47991191201379146, 5614.086506996925,0.00022602047796358132
             -0.0004157866041397019,             4.6516505479925805e-06,                     -0.04831054303131288,                  -1.4492075216498296e-05,            2.287589230462501,                  0.5571882705922795,               2.787184481941056, 5613.354880960698,0.45010853843152143,  5613.80498949913,0.00017572345509417217
              0.0012852226030249528,              0.0015345004434325832,                     -0.05498141324275373,                    0.0036919284479284423,           2.2977222429713287,                  0.5556299420773723,               2.785137100151182, 5610.049204233714, 0.4521057946792167, 5610.501310028393, 6.444549626483391e-06
              0.0008922774250469974,              -0.001386425449978222,                     -0.04962479631828899,                    -0.004811040951615614,            2.306342929920992,                  0.5548538187084805,              2.7903790643882056, 5612.077523228432,0.44741178062457854, 5612.524935009057, 4.898694084128547e-05
              0.0022899011048101736,             -0.0015625009702646586,                     -0.05222219634530379,                   -0.0023385043786902635,           2.2572607572545422,                  0.5625576825761691,               2.806220913280754,5612.9047207262975, 0.4582387866474262, 5613.362959512945, 0.0001120282696473908
              2.269613305965985e-05,               0.002115894475621558,                     -0.05334310814411954,                   -0.0027874902792587213,             2.28066188416959,                   0.561409292661311,               2.776235854110543, 5612.528844671162, 0.4543455081027587, 5612.983190179265, 7.692840559652691e-05
             0.00013098545144532033,              0.0007147160927094821,                      -0.0516276176603037,                    0.0011457975761638348,           2.1530068874088673,                  0.5733596548889804,              2.8919247908114087, 5610.040050580775, 0.4792847632955806,  5610.51933534407, 6.385827626282264e-06
            -0.00012216308981413858,              0.0004037432075796552,                     -0.05096344541135802,                    0.0015196626947697241,            2.113442935798913,                  0.5815401644199745,                2.92000601656955, 5611.318046270421, 0.4876046921244706, 5611.805650962546,  2.29215333829933e-05
               5.24314991061167e-05,             -0.0002510361938230638,                    -0.061310709697076776,                   -0.0027903256032303773,           2.1768458533128623,                  0.5715636341282553,              2.8564551109229264, 5610.001680744648, 0.4803072246941218, 5610.481987969342, 6.145445665966412e-06
              0.0005492634967750778,             -0.0009651044417032849,                    -0.050810185458914074,                    -0.005910050489482686,            2.331683797590035,                   0.552139414777709,              2.7863619135457007, 5610.661239467475, 0.4434181564190798, 5611.104657623894,1.1884915466774893e-05
             -0.0001288310440151259,              0.0025105226438236635,                    -0.051498577849711125,                     8.04361545316953e-05,           2.1802645909913747,                  0.5720960091170105,              2.8611699499148227, 5612.058800900554,0.47342897958369307,5612.5322298801375,  4.80783235296994e-05
              0.0005810657669824389,              0.0009219278968456087,                    -0.047862258526295526,                   -0.0019055808220330799,            2.322797468722586,                  0.5524691645859182,              2.7458256111140953, 5610.949749010434, 0.4432687795149795, 5611.393017789949,1.5859671938366105e-05
              0.0021085306206308834,             2.7266499587792816e-05,                     -0.05122431759247357,                    0.0006780343902681498,           2.1253122526600596,                  0.5795921442475337,              2.8871538638984973,  5611.71584954409,0.48512374656609114, 5612.200973290656, 3.411987519543121e-05
              0.0015038732407008494,            -0.00015969333771761676,                     -0.05389894577606761,                     0.004128252027070863,            2.219234055348432,                  0.5683237280470077,              2.8232450726042178, 5613.594268079887,0.46685272942918093, 5614.061120809316,0.00022325142452812524
              0.0014237279178842695,              0.0007424714481241618,                    -0.056995285260513395,                    -0.005289258832600906,            2.202285547513865,                  0.5676726603399138,               2.884724497753705, 5612.432879333338, 0.4722904855361367, 5612.905169818874, 6.988911076465292e-05
              0.0006676601860249499,              0.0009660798494073461,                     -0.05347522601069772,                    -0.005477286261079688,           2.2308789986541693,                   0.564299556020289,               2.786206404529554, 5611.044816916718, 0.4643148026167816,5611.5091317193355, 1.744141302775982e-05
             -0.0011616731526997665,               0.000993875707131202,                    -0.057711165928078054,                    -0.006418934715237727,           2.2661617831671537,                  0.5608317728441737,              2.8123075818687058, 5611.498580748349,0.46001986504618125, 5611.958600613395,2.7456728849996208e-05
              0.0007936004277270193,               0.001299104105435496,                     -0.05244954448817038,                    -0.004878617312170393,           2.1064500318162165,                  0.5819679770305257,              2.9245990813260025, 5613.199754765238,0.49016054632845857, 5613.689915311566,0.00015047324374407091
              0.0017617437845303414,              0.0010615060653667498,                     -0.05424273948470251,                   -0.0014969445540302093,           2.3319618196511214,                  0.5549038802967449,              2.7461581837628795, 5612.127518118215,0.44520541055077045, 5612.572723528766,5.1498291838216686e-05
               0.000689642708678051,             -0.0007282755477124612,                    -0.055576888710601756,                     0.002238796802294378,            2.288786394235672,                  0.5605201118991978,              2.7875693680191884, 5608.340353323931,  0.454106150507638, 5608.794459474439,1.1669387240030964e-06
            -0.00045680045705311133,              0.0007515564406844091,                     -0.05261903806449215,                     0.002426653491837274,           2.2829470094192152,                  0.5569765395443158,               2.792510042844074,  5611.56633057113,  0.453449345566165, 5612.019779916695,2.9381378574202577e-05
              0.0008539771024347807,              0.0024134021036717546,                     -0.04844749495450857,                   -0.0021004370978407786,            2.243910674194395,                  0.5625540500004205,               2.826278460347706, 5610.671876380126,0.45875123497699405, 5611.130627615104,1.2012009017645923e-05
            -0.00046695809485165817,              0.0010265553554858042,                     -0.05425619645929244,                    -0.007446535358513292,           2.2740386170068563,                  0.5581260763629936,               2.797647142847639, 5613.153771738089,0.45641547908540964, 5613.610187217174, 0.0001437107011221128
              0.0009309203575794484,             -0.0007269511252456705,                    -0.049647830108861514,                    -0.003934780071282917,           2.3613242114146824,                  0.5503654519203041,              2.7105574477618957, 5611.576369481594, 0.4372788821053514,   5612.0136483637,2.9677821093376583e-05
              0.0007889727387984473,             -0.0010372104128134657,                     -0.05481221554150264,                      0.00242530185235437,           2.2683134214236746,                  0.5626834127681309,              2.7782225505062517, 5612.165294009426,0.45758929187605046, 5612.622883301303, 5.348089728998388e-05
               0.001745124684705734,             -0.0013533831669926331,                     -0.05287074484794695,                    -0.007134855608046561,           2.2044078017139137,                  0.5711579741229001,              2.8110705968825824,5610.5441590051505, 0.4694760112070589,5611.0136350163575,1.0571794155888751e-05
             -0.0012098169930020739,             -0.0002619079453608182,                     -0.05003377531031805,                   -0.0018124098877524055,            2.276331999669822,                  0.5578750384095378,               2.788408849782768, 5609.501037245598, 0.4532376508541936, 5609.954274896452,3.7250034064425465e-06
              0.0019285595922017152,              0.0010640132953771944,                     -0.05346320586645414,                   -0.0069351449292746024,            2.269363737879859,                  0.5634061827053708,              2.7607953891238104,  5610.10854374039,0.45682582373211633, 5610.565369564122, 6.838540017409539e-06
             -0.0006639706426654024,              0.0013468816975053554,                     -0.04972629580889303,                   -0.0024291161389484173,            2.120052702954343,                   0.580305225987388,              2.8835245970426984, 5609.795567678003,0.48546894295757237, 5610.281036620961,  5.00080149564792e-06
             0.00015489374317595559,             0.00028117220319992005,                     -0.05715593956846758,                    -0.007696298586607192,            2.254301198095718,                  0.5643235869908334,              2.7907896529831806, 5614.666112568631,0.46207498774786865, 5615.128187556379, 0.0002599830355335002
              0.0001982376300153559,              0.0011631548695517093,                     -0.05851108149858482,                    -0.008112073962678474,            2.230275680787793,                  0.5652347636591178,               2.818170099415995, 5613.966669694808, 0.4677680892214608,  5614.43443778403,0.00012917570180218452
             -0.0008967662595293813,              0.0007889069579465887,                     -0.05364146913679049,                   -0.0030758355212965978,           2.1271503499048388,                  0.5800182391136494,              2.8885917272519794, 5614.225486773952, 0.4861585954082161, 5614.711645369361,0.00016733379437674714
              0.0008954847512888482,               7.93010701602966e-05,                     -0.04802721209458181,                    -0.001641231866056915,           2.2443725980534097,                  0.5634326080629481,              2.8394633160102236,5615.4285603095195, 0.4583927889422507, 5615.886953098462, 0.0005572779465435176
               0.000552488956686606,              0.0006753357350414474,                    -0.048431132260286246,                   -0.0009270251256276896,           2.2724504917618984,                   0.559176725357636,               2.775372653714366, 5614.247157057662,0.45309356504365944, 5614.700250622705,0.00017099954060336646
              0.0004628871343383652,              0.0013138184217496311,                    -0.050142645331761396,                    -0.005489145889334728,            2.209418512872958,                  0.5689746358359731,                2.86291537378424, 5614.307342091735,0.46675419843648164, 5614.774096290172, 0.0001816071620594038
              1.117958897042063e-05,              0.0005149725744771936,                     -0.04998702294705858,                    -0.008732128230006549,           2.2717970232677254,                  0.5608438050137673,              2.7830573775903664, 5615.106977347297, 0.4544869358644511,5615.5614642831615,0.00040402677867139764
             0.00047395677200414994,             0.00014042512979400994,                     -0.05885272567927597,                   -0.0008484931527615748,           2.1532888469728078,                  0.5756647325366373,              2.8705889283580497, 5615.476560058507, 0.4836536992122972, 5615.960213757719, 0.0005846795216110053
            -0.00034218737151028736,              0.0009431243349695891,                    -0.052176473988757764,                    -0.008331117904326805,            2.183729855257788,                  0.5712354196250522,              2.8615150313809323, 5615.074589664623,0.47344764814907236, 5615.548037312772, 0.0003911509226454261
               0.002492589102786704,              0.0008558470834193015,                    -0.056762223444554866,                     -0.00232469208305939,           2.2552226511545794,                    0.56268625496652,              2.8188985208921418, 5614.229248032242, 0.4613835302575307, 5614.690631562499, 0.0001679643651243879
             0.00043536939922868544,             -0.0006698042374158908,                    -0.057059519873459016,                   -0.0074051055331897445,           2.1784183525279066,                  0.5718473318636176,              2.8568655764443998,  5614.59004237183, 0.4774445514509417, 5615.067486923282,0.00024093957698175352
              0.0014874122587995298,              0.0005619923565696645,                     -0.05161011786423524,                  -0.00038979477040254504,           2.1694348568827375,                  0.5719853573932899,               2.888814533639448, 5615.128460791661, 0.4757622316184182,  5615.60422302328,0.00041280057371037836
              0.0005882343514084001,              0.0011818712056762728,                    -0.055654723833447106,                    -0.002311321659924394,            2.201672962300779,                  0.5687724043731254,               2.880960315351901, 5615.321254473989, 0.4714474712255042,5615.7927019452145, 0.0005005754247969324
              0.0026924447239371177,            -0.00024788383464279033,                    -0.053328428872240805,                   -0.0028666883186245842,           2.1950737580542072,                  0.5708673515059587,               2.853660311543366, 5615.088980164058,0.47145139030485633, 5615.560431554362, 0.0003968204757869826
              0.0011942580384227029,              0.0006268637451368324,                     -0.05259493045235017,                    -0.004474880496965801,            2.240919117205007,                  0.5613341344853082,              2.8324302507683186, 5613.833120157432, 0.4617347483250898, 5614.294854905757,0.00011302668821713913
               0.000902134077094889,              0.0015382062265465036,                     -0.05422903973392986,                   -0.0006515456404707577,            2.203901050728572,                  0.5685700388813865,              2.8160811953378895, 5615.510747608831,0.47009861893093413,5615.9808462277615,   0.00060501389283925
              0.0009339595603356749,              0.0012466721005898749,                     -0.05945426537559162,                    -0.006446226665567362,           2.2635214159549926,                  0.5619103876671921,              2.7933797871640493, 5614.423147658726, 0.4616716689514143, 5614.884819327677, 0.0002039044437333826
            -0.00018972144382455988,               0.001658659175492542,                     -0.05037604438936677,                    -0.004584053935255345,           2.1474945713848634,                  0.5775408780713617,              2.8832234581298692,5613.9489772389115, 0.4798897328176424, 5614.428866971729,0.00012691036517094615
              0.0002716755843112201,              0.0017855712384668239,                    -0.054464074547659794,                   -0.0008832104622623946,            2.171399281238617,                  0.5748909108842913,              2.8331275907735654, 5614.988099579161,  0.477034625364441, 5615.465134204525,0.00035874197284128473
              0.0004977476934156076,              -0.001076217320810462,                    -0.049477146156534015,                   -0.0054165994279792105,           2.2253687540646916,                  0.5651082793167328,              2.8370064409579516, 5615.083094402689, 0.4631344700999432,5615.5462288727895, 0.0003944917450597247
             -0.0010745499556222683,              0.0012650959913048773,                      -0.0532688216899255,                   -0.0009911399409687843,            2.281264631240064,                  0.5579240836258622,               2.791963474042392, 5613.865597348176,0.45413837985300515,  5614.31973572803,0.00011675773657069548
              0.0014916976390498278,               0.001327948412483068,                     -0.05118716569674923,                    -0.007456586439390262,           2.2050639174350177,                  0.5685914708627519,               2.861760049902265, 5614.512030754146, 0.4683889001422488, 5614.980419654288, 0.0002228579485461403
             -0.0003418314924234019,              0.0002591028608627709,                     -0.05281709346672079,                   0.00016052284867295965,           2.1454453210167044,                  0.5756188478951004,                2.89806391159411, 5614.406515361357, 0.4816028940120511,  5614.88811825537,0.00020054109205735609
              5.409691943783819e-05,              0.0004061493774176804,                    -0.051478685173136925,                     0.003681209593625771,            2.247543046852429,                  0.5641168184377627,               2.805939709583617, 5615.147052131227, 0.4597290447051102, 5615.606781175932,0.00042054687327516626
             -0.0006178624055590829,              0.0012225871364114353,                    -0.058676667332886304,                   -0.0017247654195129219,           2.2362897027197928,                  0.5650320908229723,                2.81511606870704,5615.3005434899715, 0.4663237136210713,5615.7668672035925, 0.0004903146374491356
              0.0006130240444691841,             -0.0002903612260816556,                     -0.05501931575321448,                    -0.007520927630253073,            2.328055822047679,                   0.552669471842627,              2.7780782102767887, 5614.161280578688, 0.4466771290487275, 5614.607957707737,0.00015692757465692023
             0.00028151253057996065,               0.002071841993456383,                    -0.056073886138964864,                   -0.0008447803608162799,           2.2921338557712643,                   0.558091490224163,               2.771661310033324, 5615.122569718725, 0.4537711740630278, 5615.576340892788, 0.0004103758844453323
              0.0008127953635520437,              0.0004512642738694829,                    -0.053646551458692036,                   -0.0009234222325487163,            2.231726031898698,                  0.5653894846491782,              2.8603190630033613, 5615.567698972682,0.46408183782879225,  5616.03178081051, 0.0006404703222568006
              9.437059226996315e-05,              0.0009676079045676525,                     -0.04748896639633144,                   0.00032776937277244046,           2.2577511657113973,                  0.5625770837386576,               2.784539125567898, 5614.254289964883, 0.4554533538433695, 5614.709743318726,0.00017222362491138096
             -0.0010511907222395627,               0.000741756210707752,                      -0.0550664772344046,                  -0.00036741874974525584,            2.155502033434047,                  0.5768912674286863,              2.8668387609362878, 5613.848361827055,0.48078519570496714,  5614.32914702276,0.00011476259914247364
             -0.0005491952818423425,             -0.0006487099037910748,                    -0.050541833591959025,                    -0.001214222409308733,           2.3100391125042794,                  0.5548914589427597,              2.7763114857137126,  5614.16168439946,0.44709684611505607, 5614.608781245574,0.00015699095806812378
              0.0005029263249721975,             0.00014027600128938036,                     -0.05304754313897954,                   -0.0032705500337638937,           2.3575362460450973,                  0.5481621062263615,              2.7482101197110063,5615.1894011076165, 0.4398661385173145, 5615.629267246134,0.00043873909506732223
              0.0007998743029050294,             -0.0014387107245504994,                    -0.054786298880171176,                   -0.0001680070630879359,           2.2819612246964573,                  0.5604066218973254,              2.7745503887430076, 5613.937956500159, 0.4549099655668344, 5614.392866465726,0.00012551939801274395
              0.0012107565936932013,              0.0008018247093581621,                     -0.05139731011190526,                    -0.001194857633737641,           2.2472043520524654,                  0.5662050114779031,              2.7989656266044776, 5614.663801010945, 0.4596930250110383, 5615.123494035955,0.00025938276379791245
               0.002001087014271191,             -0.0009193876429591359,                    -0.051286495647315515,                    -0.006828194823031634,           2.2921648693231402,                   0.558230390326206,              2.7678464488878847, 5613.994892609604,0.45116756207106024, 5614.446060171675,0.00013287335040022187
              0.0019048667448448406,            -2.7013508394440702e-05,                     -0.05577075574886653,                   -0.0008805834248460152,            2.234284220631931,                  0.5648542843339308,              2.8537636494765586, 5614.262083215012, 0.4648749754164036, 5614.726958190428,0.00017357105029032073
             0.00019272321725101924,              0.0005376617742293628,                    -0.052651229630279586,                    -0.003698839270664358,            2.165300901013989,                  0.5771782050818766,                2.83840307008746, 5614.552849548636,  0.477308241905762, 5615.030157790542,0.00023214295353666026
              0.0010443623194101319,              0.0014490684091904792,                     -0.05448435495457534,                     -0.00878058584978326,            2.218462122666885,                   0.567908792546441,              2.8054580962585023, 5614.051192255761, 0.4677006780039101, 5614.518892933765,0.00014056866216292514
               0.001016444289547281,              -0.000500115640705129,                     -0.05620020657188675,                    -0.002216293647277105,           2.1241186808333437,                  0.5813878007423761,               2.871702188795072,5613.9657303239055, 0.4883649231374958, 5614.454095247043,  0.000129054414882233
               0.002466114079248566,            -2.7813812604033412e-05,                    -0.056283998741047184,                    -0.005869503366177086,           2.1849927217254708,                   0.571802053673379,              2.8359443404817437,  5613.87138689892, 0.4754919954792428, 5614.346878894399,0.00011743567198837394
              1.714956469681845e-05,             -0.0007731938616420097,                     -0.05564931613092118,                   -4.024247127917921e-05,           2.1687736587015127,                   0.575693947230617,              2.8629315440611895,5613.9596977975225,0.47829810491912406, 5614.437995902442,0.00012827823423857098
            -0.00019956322129393114,               0.002028959605646175,                     -0.05272643812947966,                    -0.004776153416264732,            2.254852379233837,                    0.56170232793716,                2.78994356484285,5614.3250859458885, 0.4590827092226594, 5614.784168655111, 0.0001848583318972839
              0.0010942322485507413,             -0.0001616317226957096,                     -0.05272263535837397,                    -0.008837623609982075,           2.2571226956823405,                  0.5604897667940848,               2.828669598180941,  5614.15600840602, 0.4589252839483491, 5614.614933689969,0.00015610240252331796
              0.0020202106416273994,               0.001418519740255062,                     -0.05170390497215691,                    0.0007531992286071052,           2.2106351088589964,                  0.5682888873964671,                2.82734175411567, 5615.389328326513, 0.4672473255116545, 5615.856575652025,   0.00053583814051772
              0.0003052765834508569,            -0.00045430873313654675,                     -0.05458783915256386,                   -0.0017903939958079345,            2.205230145732431,                   0.568984485977669,              2.8003858111979776, 5614.265621497258,0.47004150482667084, 5614.735663002084,0.00017418628144472424
              0.0010971183317660194,             -3.390998597168732e-05,                    -0.046785428720481935,                   -0.0036593328049511877,           2.2137599043114062,                  0.5668387690224301,                 2.8529314525024,5614.5688968864415, 0.4639616802781499, 5615.032858566719,0.00023589828084612767
              0.0011290270731796003,               0.001289114692781824,                     -0.05469585153526303,                    -0.005660157773236179,           2.2249369102506207,                  0.5691096669041519,              2.8006779597230658, 5614.129474134014,0.46626544684789295, 5614.595739580862,0.00015201480939364703
             0.00016670461404215398,               0.001790834812269023,                    -0.053814472820962696,                    -0.005959854544799574,             2.30430727709787,                  0.5552717187088252,              2.7786712382627803, 5615.355103899325, 0.4502740796634092, 5615.805377978988, 0.0005178096541160164
              0.0005836950108394308,             -0.0004729891387687882,                     -0.05366566601185853,                    -0.004138318093552603,            2.209889257416778,                  0.5693496715832569,              2.8666851003271674, 5614.268226714566,0.46860966193100867, 5614.736836376496,0.00017464066618845664
              9.060077488972344e-05,             0.00044408430613350616,                     -0.05679599496483796,                    0.0018946167804711534,           2.1794087680456893,                  0.5727446512926793,              2.8354721277754233,5614.9823194026185, 0.4767821484183669, 5615.459101551037, 0.0003566743622388791
              0.0007239016589804923,              0.0008187693802954137,                     -0.05797675545091549,                    -0.003856682419493736,           2.2109901743060405,                  0.5692785772740582,              2.8607472265748743, 5614.003852098151, 0.4710492253837498, 5614.474901323534,0.00013406917665780783
              0.0009247437306731937,              0.0006524794099596643,                     -0.05063625883043818,                   -0.0008092950504952294,            2.200121664637121,                  0.5726260558162044,               2.814561368292627, 5613.869828168334, 0.4687756883203038, 5614.338603856654,0.00011725276400371353
             0.00048041927313488997,              0.0011742135968182015,                     -0.05646226608268739,                   -0.0010137689647322571,           2.3043299938803012,                  0.5584336360815103,              2.7468910714745625, 5613.984254815671,0.45169131572351223, 5614.435946131394,0.00013146736264227512
            -0.00033808482104713197,              0.0008475039937512203,                     -0.05321805299451701,                    0.0014759388310699967,           2.2684805864986144,                  0.5629062183685333,              2.7732049033247446, 5613.975625442685, 0.4565746538135743,5614.4322000964985,0.00013033776261420766
              0.0008881778353738379,              0.0017987938757729944,                     -0.04962551982820686,                   -0.0030380744575339083,           2.1846582157054484,                  0.5732022417660119,              2.8201948896415248,5613.3608424989525,0.47149276364936826, 5613.832335262602, 7.048122140303481e-05
              0.0006100217675970702,               0.001003977599766679,                    -0.046733964813834857,                    0.0003155030613972883,            2.244075984992694,                  0.5632208262881642,               2.811521720449874,5613.9481411905235,0.45775961548215965, 5614.405900806006, 0.0001268043063060725
              0.0005445295062433488,              0.0003164935448345461,                     -0.05812614898956926,                    0.0011009613339522067,           2.1395849065757395,                   0.578307243973719,              2.8712856954530697, 5614.033089963736, 0.4861595879499137, 5614.519249551686, 0.0001380469405237954
            -0.00019493082392872042,              0.0005144422815505071,                     -0.05558457577867255,                  -0.00044933127831154235,            2.159513917487242,                  0.5767871236507416,               2.888394194797887, 5612.995723011315,  0.480234668610046, 5613.475957679925,4.8921981926485246e-05
            -0.00017005710088752432,              0.0007527378533051021,                     -0.05378556337362653,                    -0.002765341949638742,           2.1484589282896334,                  0.5774170929237026,              2.8353075734571673, 5612.223783889569,0.48156728909067303,  5612.70535117866,2.2607635470055993e-05
              0.0004219336374372418,            -0.00036591458588262904,                     -0.05177320525688866,                   -0.0038474031756219156,            2.270715093116571,                  0.5620286778598161,               2.816850705635903,5613.0950141247795, 0.4553653432616314, 5613.550379468041, 5.402883778563945e-05
              0.0022067956694297587,             1.9676629575352683e-05,                      -0.0551291727940158,                    -0.004345213542071398,           2.1209392057881726,                  0.5816647270981125,              2.8974080846938275, 5612.684125399594,0.48850577167152076, 5613.172631171266, 3.582439951309955e-05
               0.001229153043218218,             0.00024883959496054355,                    -0.056299459804220645,                    -0.004750055938862076,           2.1101286729418653,                  0.5827337239900351,               2.901816138691445, 5614.586359963318, 0.4916478880004923, 5615.078007851318,0.00024005397061537133
              -0.000517738948049615,              0.0010403432596980326,                     -0.04906687199001537,                   0.00032853955549445657,           2.2749583933994146,                  0.5610602121011926,              2.7962664729947546, 5613.161727931306, 0.4529519021751741, 5613.614679833481, 5.775626010497484e-05
              0.0004822264088490473,             -0.0014198093746997783,                    -0.057546066137892635,                    -0.005436184093037536,            2.278874510599902,                  0.5591566389047344,               2.807445710898403, 5612.372634263132, 0.4573872729676359,   5612.8300215361,2.6236145925233212e-05
              0.0001945867127978701,             -0.0006713758269404174,                     -0.05347454525215614,                   -0.0045383963669145735,           2.1774747444585856,                  0.5721787323780436,              2.8906755683045695, 5615.554689623596,0.47525098039058106, 5616.029940603986, 0.0006321921836042134
              0.0023123970349374716,            -0.00018944302992530084,                     -0.05115596261853484,                    -0.005896146514200101,           2.1867199608186256,                  0.5723345229475987,               2.841565723762952, 5615.396401379791,0.47206748380540725, 5615.868468863597, 0.0005396415873684915
             -0.0001285840457585992,              0.0017151689698730811,                     -0.05426390667891231,                    -0.002925625130098523,            2.215488283322443,                  0.5694408911261134,               2.846436984921561, 5613.003761900469, 0.4677904850511291,  5613.47155238552,4.9316845321447606e-05
             -0.0005408344109332154,             0.00038176170535514055,                    -0.050024319916536296,                   -0.0004814252556792619,           2.2184387246171053,                  0.5677343839766833,              2.7991141899717746, 5614.702834498724, 0.4646735904710831, 5615.167508089195, 0.0002697075735211419
              0.0004075901246163459,              -0.001338970052425967,                    -0.053630468052371746,                   -0.0057745876319147006,            2.308450383971808,                   0.557026620675201,              2.7597508902988266,5613.4121449097765, 0.4493662076248672, 5613.861511117401, 7.419143573004629e-05
              0.0005255293679013412,              0.0002599652183009879,                      -0.0476286925998192,                    0.0009321636199355591,           2.3042513467880137,                   0.556269219881436,              2.7761028104750323,  5614.00250425137, 0.4465899067110313, 5614.449094158081,0.00013388859367607293
              0.0005563717788457891,             -0.0002610961119957826,                     -0.05708362953654903,                   -7.276994655411082e-05,            2.142257889828941,                  0.5771844199730582,              2.9052904857287443, 5614.800909423425,0.48490233926123827,5615.2858117626865, 0.0002974997056972141
             -0.0012249360609754014,              0.0016307505909362954,                      -0.0508217827067784,                   -0.0024909659837468023,           2.1969973513307663,                  0.5716080318999791,              2.8423869143613647, 5611.602364648108, 0.4695734528529289, 5612.071938100961,1.2144403670379307e-05
              0.0013557320706792644,             0.00023283053494832262,                    -0.046001703438861605,                   -0.0023025255009523197,           2.2534706732129375,                  0.5619607695384627,              2.8010299726921737, 5613.697940438744, 0.4555563272491625, 5614.153496765993, 9.873546973701732e-05
              -0.001238736153792449,              0.0006222156576292555,                     -0.05192892782258089,                    0.0003802122549697033,            2.237871397129642,                  0.5637257348058599,              2.8338702225381933, 5613.467239737889,0.46184586737914746,5613.9290856052685, 7.839369868389617e-05
             -0.0001111324797592177,             -0.0006616186088598143,                     -0.05575007948194185,                    0.0006472267498747356,            2.186897619999312,                  0.5721763280193334,               2.827522583423444, 5614.966458497514, 0.4745406678018697,5615.4409991653165,0.00035106181175283195
              0.0004019698493438227,             -0.0008420426847871771,                     -0.05424892649301639,                   -0.0015561913440019042,           2.2068364202980684,                  0.5699053696535545,               2.791118787038993, 5612.701323906429,0.46950533761697155, 5613.170829244046,3.6445854423028464e-05
             -0.0003221287447115055,              0.0003655015802660188,                     -0.05076212423622202,                    -0.005418522338655951,           2.1345707837551626,                  0.5778327304736451,              2.8791404255571083,5613.5757699503165, 0.4829582068964692, 5614.058728157213,  8.73806412929538e-05
             -0.0006351148868752747,             0.00020888585986031938,                     -0.05262759591387965,                    -0.006046417420111795,            2.155529651618163,                  0.5744735050570056,              2.8852788346675604, 5614.658246782498, 0.4795157120914154,  5615.13776249459,0.00025794608618398063
               0.001210330373377635,              0.0009229722564386964,                     -0.04824463854182172,                    -0.003114716847121922,           2.1896536915815363,                  0.5710302108848907,               2.821413419012657, 5614.086274554935,0.46969079661014024, 5614.555965351545,0.00014558765822651689
              0.0012594643945989727,             0.00016083204889526614,                      -0.0510636630636086,                    -0.006251920652134944,           2.3562977381315764,                    0.54897073032087,              2.7424210769383364, 5614.587303499338,0.43910678644736467,5615.0264102857855,0.00024028057707242806
               0.000703637855107047,             -0.0007612503651195457,                       -0.055501170359069,                   -0.0023808782221598564,            2.294079018110456,                  0.5555671709957618,              2.8169942372154813, 5612.807878800525,0.45305545966787997, 5613.260934260193,4.0543789524218885e-05
              0.0013867425625110215,              0.0007778127764643663,                    -0.057707968990968604,                    -0.004747822352049049,           2.3247738713697843,                  0.5542595552888825,               2.730333461623136, 5613.549101002343, 0.4487898049911797, 5613.997890807334,  8.50810911000244e-05
              0.0017954936661096293,              0.0002013715524758144,                     -0.05919161471868875,                    -0.004200404650801408,           2.1909956782411815,                  0.5717105578705752,               2.853438302417742, 5615.067854880611,0.47599435837812104, 5615.543849238989, 0.0003885254565623944
             -0.0005204307903610202,               0.000633500396956437,                    -0.052495107173131876,                    0.0019293381609124581,            2.222803291312401,                   0.567586818135982,              2.8478193714959463, 5613.004847060809,  0.465216424234415, 5613.470063485043, 4.937039105368992e-05
              9.984540137980136e-05,              0.0012112359436175846,                     -0.05342974526789716,                    -0.006584536518112295,           2.3216529563927013,                  0.5530354660823031,               2.779844751546113, 5615.017655965298,0.44683632445354043, 5615.464492289751,0.00036950333926685883
            -0.00036401202238960496,              0.0008504765500446735,                     -0.05127440445518564,                    0.0028481243228278947,           2.1777665158030786,                  0.5735315666624882,               2.856960027858726, 5613.881646198262, 0.4738417823956396, 5614.355487980658,0.00011864668113158698
              0.0018788163673453297,             -0.0007106920813649114,                     -0.05442320742346345,                    -0.007998264227569137,            2.183474881328167,                  0.5727963847604394,               2.869652827357265,  5611.94210507848, 0.4748183130645449,5612.4169233915445,1.7057822408222736e-05
            -0.00017562913072649328,              0.0002665306971319254,                     -0.04955822735709481,                    -0.007380466660625386,           2.2535633308203096,                  0.5638060930988873,              2.7842055651662054, 5615.067352929334, 0.4576894177556136,  5615.52504234709, 0.0003883304846508451
             -0.0005108445365851302,              0.0010483619824880272,                     -0.05528994245397386,                    0.0018601251288953755,            2.286519201118877,                  0.5588723204798487,               2.773097681098003, 5614.894235795888,0.45435597632413377, 5615.348591772212, 0.0003266011194752063
              0.0025373991156472666,              0.0005275957649754618,                     -0.05506635797205133,                    -0.003966854602353519,            2.187294833418711,                  0.5714138368816727,               2.880672396531783, 5612.552138346221, 0.4741566060557836, 5613.026294952277,  3.13947963715038e-05
              0.0013861916559453175,              0.0006193658239949335,                     -0.05415567313590337,                   -0.0035861431628271536,            2.141780082644254,                  0.5765858834660209,              2.8693978501202837,5615.2181350692035, 0.4832791360515312, 5615.701414205255, 0.0004515286750677226
               0.001030210272476789,              0.0015532583781147531,                     -0.05579417903099782,                    0.0014209002024874505,           2.2630809721130403,                   0.562999516979295,               2.803752904164037, 5613.694680048744,0.45920039136210083, 5614.153880440106,  9.84140778150567e-05
               0.002366426709215991,             0.00040336397823390545,                    -0.055813529510502335,                    -0.003923329498993153,           2.3229234772686964,                   0.554478765941709,              2.7641164283681334, 5614.059779241491, 0.4479159295343145, 5614.507695171025, 0.0001417809206331891
             0.00017980440331818952,             -0.0010136408970838305,                     -0.05140009244987099,                   -0.0024730446638772485,           2.2707076184836295,                  0.5612288271708512,              2.7651478150153164,  5615.45339976109, 0.4551088264545245, 5615.908508587544, 0.0005712937772438042
              0.0009396586646147956,             -0.0003223024001477717,                    -0.060158522477674795,                    -0.007405519157511422,           2.2502409135995745,                  0.5627868322137495,               2.798854317215437, 5612.599305274412,0.46481284154514213, 5613.064118115956, 3.291107037446604e-05
             -0.0006746385991336041,            -0.00043208737060144905,                    -0.051572668637356794,                    0.0008939569841840443,           2.2042584319188276,                  0.5703747717739777,              2.8481466879431796, 5613.206751534124,0.46845165271646066, 5613.675203186841, 6.041608312693703e-05
              0.0011057808959801952,             -0.0007013049662778086,                    -0.056303730096752505,                    0.0031422130362148025,           2.2256855658749877,                  0.5671351648922692,              2.8106840662681982, 5614.066627470838, 0.4669758648177824, 5614.533603335656,0.00014275520113524805
               0.001386315454750601,             -0.0016648737854323267,                     -0.05304135076701205,                    -0.005487762047141694,           2.2050972008609215,                  0.5676873890755536,                2.84711111203237, 5613.084519888636,0.46931804881159667,5613.5538379374475, 5.346481109432097e-05
              0.0006968490297356054,              0.0027745859184268164,                     -0.05144613301796774,                    -0.005361999835407715,            2.245020521292173,                  0.5636822879031109,               2.824627507932462, 5611.336294617735, 0.4603393355374751, 5611.796633953272, 9.307294337026986e-06
             0.00027285527108985636,              0.0007124247291649473,                    -0.050724983095144914,                   -0.0017580960202058689,           2.1214391888018613,                  0.5815757126289897,               2.879361478766393, 5614.793220203855,0.48569309449790576, 5615.278913298353, 0.0002952209373406477
            -0.00010001968285492776,              -0.000881490624293624,                     -0.05685347514725938,                    -0.004725056490841017,           2.1788658400570444,                  0.5735693007338856,              2.8723891564444903, 5613.367201941176,0.47704009729200664, 5613.844242038468, 7.093087090299127e-05
              0.0021933703956456647,            -0.00026135330587901166,                     -0.05547916088919164,                   -0.0027723391702465586,            2.251732600911848,                  0.5619699692295658,              2.8414869301758223, 5613.881791198563, 0.4612719230540811, 5614.343063121618,0.00011866388618340452
               0.002540829803009515,              0.0002924682972579532,                    -0.051534969062407524,                    -0.008332110819181004,            2.264457565516987,                  0.5611008742939899,              2.7941400301340957, 5613.032123098753,0.45678363138536704, 5613.488906730138,  5.07355531834188e-05
              0.0007690941792068751,              0.0016809122386871906,                     -0.05127973242550391,                   -0.0005303540321365305,            2.244016227048465,                  0.5623510295636526,               2.813033675436433, 5615.590755864643,0.46025907167303626, 5616.051014936316, 0.0006554091367890984
               0.001061366517603803,              3.666397553319844e-05,                    -0.055309612026608806,                   -0.0031811101301781677,           2.2545932670855167,                  0.5605768533766582,              2.8466382861323627, 5615.150509618455,0.46059676137311995, 5615.611106379828,0.00042200342527223117
            -0.00040616032595839355,             -3.152293770315728e-05,                    -0.055531729213820505,                     0.002777139824912359,            2.279139869773717,                   0.560247454727039,               2.776867928193541, 5613.975261428734, 0.4559378554358785, 5614.431199284169,0.00013029032648448024
              0.0011834039118092789,              0.0014582873265552823,                     -0.05479750954701151,                   -0.0013059223839945592,             2.31891846743029,                  0.5528701276265566,              2.7899193284218162, 5613.530858049016,0.44794662371037275, 5613.978804672727, 8.354303274539974e-05
                0.00198508370320883,             -0.0009216430271110446,                     -0.05093862994462046,                    -0.005094333272909125,            2.151201653629615,                  0.5758899517187204,               2.880809685168054, 5613.650119812564,0.47944250140314526, 5614.129562313968, 9.412499423498692e-05
              0.0014169939346756184,               0.002358290518346595,                     -0.05188402092577663,                    -0.002648564670779119,           2.2245972088940653,                  0.5652246373056933,               2.820232252915167, 5612.751058771614,  0.464555889358734, 5613.215614660973, 3.830431618343269e-05
             -0.0007186224620973962,              0.0006387057557466678,                      -0.0563183810062593,                    0.0013606851059155976,            2.215841225239998,                  0.5669190244788819,              2.8472077052185867, 5614.898275151483, 0.4689321832903804, 5615.367207334773, 0.0003279230456020897
              0.0003091883873065334,             -0.0003726946823803111,                     -0.05450672295153645,                    0.0032177672286915174,           2.2054672765545162,                  0.5684612746803948,               2.854328275887986, 5615.067098367774,0.46998293759502136, 5615.537081305369, 0.0003882316432177445
              0.0003475437959014416,             0.00047154039697166615,                    -0.057324837048090944,                    -0.008595837396214003,           2.1892929003471946,                  0.5697400567809137,              2.8628903444528966,5613.7339382679265,0.47543719829015857, 5614.209375466216,0.00010235447976578331
             -0.0002481065521391076,             0.00020908980153499173,                     -0.05612600193686835,                    -0.002189265072977731,            2.296636787566486,                  0.5566064519958097,              2.7538707207009403, 5615.118565478434,0.45294723127816766, 5615.571512709712, 0.0004087359263788482
             -0.0004911665539400582,             0.00023150707494844992,                     -0.05332187806723066,                    -0.005277463809384107,           2.1936518427970584,                  0.5701820853721026,               2.884084486232511,   5614.1438547046, 0.4718129036949334, 5614.615667608295,0.00015421666310123371
            -0.00013840013650350734,              0.0002471098142174632,                     -0.05207856954931916,                    -0.005510289242358973,            2.296528788070064,                  0.5569834302496366,               2.809217988973245, 5614.577606476976,0.45067656709225684, 5615.028283044068,0.00023796183157653479
              0.0011215970627089812,             0.00039940780295177447,                     -0.06101596379460989,                   -0.0018867145471601204,            2.161323596803958,                  0.5750873067399886,               2.876652354797873, 5613.049655093752, 0.4833901386112455, 5613.533045232363, 5.163289173106479e-05
               0.000719407649153238,             1.8467274116073652e-05,                      -0.0572797746891995,                    0.0022867931057529043,            2.175388050780782,                  0.5732895853750161,               2.868413428744854, 5615.544570891263, 0.4779476550774847,5616.0225185463405,  0.000625827455909822
             -0.0003048452446705292,              0.0010586417989649642,                     -0.05306738872361289,                    0.0017411313284662027,           2.1585112487359632,                  0.5761870403020002,                2.89217589681867,5612.1981477147865,0.47895112375884963, 5612.677098838545, 2.203542811776312e-05
             0.00024547829150097384,             0.00021940947634313735,                    -0.047796474195219436,                    0.0014077140171406479,            2.181806381819302,                  0.5727860518565362,               2.844267361245346,  5613.97320071373, 0.4710391066346057, 5614.444239820365,0.00013002211170589335
             0.00047168690655379224,             0.00018827095493041015,                    -0.049235628186454425,                    0.0016909377884852664,            2.204535271407554,                  0.5689239275169021,              2.8214915354997583, 5615.279537612654, 0.4670951443193689, 5615.746632756974,0.00048012256975521814
              0.0004198493224305953,              0.0008437609176936791,                    -0.051888621094717716,                   -0.0024981147884676628,            2.140713884794721,                  0.5754543759385428,               2.903942340828044,5613.6799591307035, 0.4821314311897811, 5614.162090561893, 9.697594354077214e-05
             -0.0003417409084647542,             -0.0006634357379321619,                     -0.05550212225104489,                    -0.006419925228865429,            2.291463260154222,                  0.5586934816439464,                2.79207831225711, 5613.433016013594, 0.4537482485810148, 5613.886764262175, 7.575616490038273e-05
            -0.00022956546267176712,             -0.0004321574180503036,                    -0.050961537813192924,                   -0.0018472304282704446,           2.1716313513980565,                  0.5751828729279145,              2.8364368604961108, 5615.148394527612,0.47493181363535003, 5615.623326341248, 0.0004211117929660486
              0.0020777611602143275,              0.0013847553331574316,                     -0.05707940719531397,                   -0.0022108891686238356,             2.29807282640419,                  0.5573747330928606,              2.7739392063829076, 5614.458746227889, 0.4533093380945975, 5614.912055565983, 0.0002112938968089224
              0.0005964660214158891,              0.0022305799883638863,                     -0.05085846353631634,                   -0.0030933187100782448,            2.178063457907393,                  0.5742738560911987,               2.857738882634443, 5612.844212839078, 0.4735761302198157, 5613.317788969298,4.2043998420159927e-05
             -0.0011155746744023478,             -0.0003022589559687958,                     -0.05216550801574472,                   -0.0024424046980877595,            2.159349615743089,                   0.574495976207869,              2.8800073813777614,   5613.7403024462,0.47826096839279186, 5614.218563414593,0.00010300795914610373
              0.0008312964286326554,            -0.00013616083142694777,                     -0.05861850634514805,                    -0.005301629276497245,            2.150629491287573,                  0.5751923900421116,              2.8918884405946477, 5614.086849176545, 0.4842298399427047, 5614.571079016488,0.00014567134008151261
              0.0001559528366808304,              0.0013786880428233344,                      -0.0559334605754287,                   -0.0002388425694175079,           2.2019643078355746,                  0.5702677100025452,              2.8655000646012354, 5614.496231693865,0.47153182430775636, 5614.967763518173, 0.0002193646703027972
              0.0011171304554270579,              -0.000552414588815607,                     -0.05780341184450312,                    -0.006472171609118774,            2.157814404210117,                  0.5755604730938317,              2.8859615729839296, 5614.178174865307,  0.482235645186295,5614.6604105104925, 0.0001596012756237614
              0.0011192084598085975,             -0.0003760165725562297,                    -0.051044890077609276,                    -0.005736179542517107,            2.190786164028856,                  0.5688356213189644,                2.86698302383466, 5615.269889385046, 0.4711231381147796, 5615.741012523161, 0.0004755125131218786
             -0.0008313181743154107,             0.00011041050520777409,                     -0.04977760222971179,                   -0.0028423060662740723,            2.176495849619043,                  0.5725961990146897,              2.8530167027236066, 5615.473894435868, 0.4732685249225915, 5615.947162960791, 0.0005831230620301282
              0.0010614319699898287,              0.0001013137443417483,                     -0.05264935591235286,                    -0.002686708470360635,           2.3460797110687808,                   0.549252461748899,               2.761437015005158,  5614.90091459453, 0.4416891434318727, 5615.342603737962,0.00032878972307450697
               0.000496747476310717,             0.00015211022163141288,                    -0.050555684711849756,                    -0.006590832775990421,             2.35377402232528,                  0.5502650414182004,               2.740771526781881, 5614.907705754101, 0.4392917661620985, 5615.346997520262, 0.0003310301856075698
              0.0011512773514753643,              0.0010853423554681347,                     -0.05604761965658631,                   -0.0037900655315842562,           2.1173053783911637,                  0.5807998889836221,              2.9095782363487146,5615.1559723555365, 0.4898440031088279, 5615.645816358645,0.00042431502712024044
            -0.00020997162618539435,              0.0008410353094678301,                    -0.048878184193701074,                    -0.005341330616597142,           2.2634581038981287,                  0.5622297613446855,               2.772535358020053, 5615.200240709878,0.45523718280401343, 5615.655477892682, 0.0004435207209972588
               0.002123138421671168,              0.0005242940864527602,                     -0.05174620478421699,                     -0.00615049540536682,           2.1944189623077714,                  0.5686932780934018,              2.8459676642489624,  5613.63539860622, 0.4708141658796748,   5614.1062127721, 9.274951000676725e-05
               0.001047311732605374,              -0.000505784586357949,                    -0.053307154179417726,                   -0.0031049888488678475,           2.2475812188879765,                   0.563008506303867,               2.773162658265335,  5614.39167136697,0.46077077766917246, 5614.852442144639,0.00019758624632578635
             0.00042148737970850304,              0.0019062637692863846,                     -0.05646039534390746,                   -0.0007773787657067285,           2.2042301422650508,                  0.5675535844822752,              2.8315217696340875, 5612.658356667001, 0.4714075357938723, 5613.129764202795,3.4913042825046754e-05
               0.001871460579466493,             -0.0008133539613002398,                     -0.05736053049487369,                   -0.0032058417743036764,           2.1968113671237015,                  0.5710304877462667,              2.8549287782245614, 5614.646288091693, 0.4735645069592426, 5615.119852598653,0.00025487975986208933
              0.0005764236349080113,              0.0009366468415271591,                      -0.0610540742830564,                    -0.001774229056763763,           2.2422080711303747,                  0.5641493953540566,               2.813746402386637, 5614.419757832789, 0.4667220365241001, 5614.886479869314,0.00020321441336368547
               0.002253076303815889,              0.0007282159277262479,                    -0.053667867129174485,                    -0.002695004533094958,            2.278870144557285,                  0.5615884876019317,               2.783068555536474, 5613.506773935382, 0.4548867772170932, 5613.961660712599, 8.155500884243828e-05
             -0.0007760473563405188,              0.0011067370836829776,                     -0.05446091121080735,                   -0.0034182129439902765,            2.203960800744906,                  0.5687209475960899,               2.815240151265109, 5614.610853971496, 0.4702813676599191,5615.0811353391555, 0.0002460064570609866
              0.0008884819144074197,             -0.0004121447576025605,                     -0.05052956262815145,                    0.0013970218810597417,           2.1730699229724872,                  0.5747326213367903,               2.827623103670035, 5613.117290721584,  0.474379293700386, 5613.591670015285, 5.524592234099973e-05
              0.0015480592322248297,             -0.0007280039011054909,                      -0.0580229497494696,                    -0.006420484501112391,           2.2725292422088215,                  0.5605267930299589,              2.8080755801286372, 5613.560740855861, 0.4589872964710519,5614.0197281523315, 8.607720862189508e-05
              0.0019217250411983134,              0.0016169084483320518,                     -0.05575020650890704,                   -0.0025109694856160435,            2.197301554302456,                  0.5702372894117913,              2.8221263501292837, 5614.860374203741, 0.4724408799668156, 5615.332815083708, 0.0003157270315441868
              0.0009739881670447884,             0.00010407358786325241,                    -0.051725608002538656,                    -0.005998411365473899,           2.1937209792305237,                  0.5699691087332223,                2.81073643558012, 5612.964940277643,0.47091581364106105, 5613.435856091284,4.7438972235911064e-05
              0.0009632817013157319,               0.001164273725126172,                     -0.05500719822388557,                    9.023965502796734e-06,           2.2001644712770436,                  0.5703740094697655,               2.871462775715801, 5614.610215353296, 0.4713341164325618, 5615.081549469728, 0.0002458494030142265
              -0.000601397514954909,              0.0006725416839108995,                    -0.056534950006634575,                    -0.008390951352093067,           2.2389202363868637,                   0.563594967527273,              2.8342541816597553, 5613.325523168938,0.46479621838020785, 5613.790319387318, 6.803531994232141e-05
             -9.514553727782439e-05,            -4.8199263549893915e-05,                    -0.056198265040786156,                    0.0015220266354018426,           2.1643709188850075,                  0.5756222631019917,              2.8793162062457487, 5613.912172258734, 0.4795867538133154,5614.3917590125475, 0.0001223243435894607
            -0.00040296291110869785,              0.0010227039708312297,                     -0.04995457898645271,                    -0.002999007363874186,           2.1865520977905986,                  0.5710160543290724,              2.8828198183350873, 5614.466252663595, 0.4712613813988871, 5614.937514044994,0.00021288592862719606
               0.001727401676387649,             -0.0011106024576639573,                     -0.04969503451641983,                    -0.007885333179306871,            2.249052588400039,                  0.5628567495598479,              2.8056845103649524, 5612.881166522493,0.45872051236209543, 5613.339887034855, 4.362674304018499e-05
             -0.0010385871032548922,               0.000267646032090979,                     -0.05017357556363034,                   -0.0021782510420921036,           2.1731284557833805,                  0.5746858047159321,              2.8556707467827076, 5613.686166981995,0.47418431625137314, 5614.160351298246, 9.757982825097504e-05
              0.0020751777388818417,              0.0006821310612810148,                     -0.05191740491737884,                    -0.004377432386466743,           2.2999728497007155,                   0.558776704587146,              2.7552332477865926, 5614.109695517995,0.44989524398843234, 5614.559590761983,0.00014903770539910095
            -4.2564268014850155e-05,              0.0010600265396149056,                     -0.05088261200421248,                    -0.002152165190498646,           2.2137154738078557,                  0.5705058071329051,               2.825396314615406, 5614.116020612707,0.46614477772988505, 5614.582165390437,   0.00014998337055956
             -6.371240006219187e-05,             0.00026055018061387245,                    -0.049583466905743515,                    -0.002666773111363913,           2.1622398378799836,                  0.5754030176630622,                2.88648508951362, 5615.528568019391,  0.476181739802519, 5616.004749759193, 0.0006158921282356935
             -0.0004236787953965802,              0.0010176383735885435,                    -0.054315092411630565,                   -0.0023369661898392253,            2.276079211346967,                  0.5593091886245807,              2.7627503397061357, 5614.927786878716, 0.4557787190592609,5615.3835655977755, 0.0003377448372546818
              0.0008147758318803922,              0.0006656036768816282,                     -0.05738086762292294,                    0.0015107771891182873,           2.1254504560017846,                  0.5802982859752684,              2.8984612654245883, 5613.602302552371, 0.4887993531665423,5614.0911019055375, 8.973010797829725e-05
              0.0016382763220683827,               0.001490450828470797,                      -0.0524864396386426,                    -0.007116154572566143,            2.196282314298403,                   0.568654566328282,              2.8608259316116555, 5613.902193591628, 0.4709280460465757, 5614.373121637675,0.00012110977962872777
              0.0016920046954956927,               0.001251008217409679,                     -0.05666584186759889,                    -0.004253797512632757,           2.1768080785954367,                   0.571938187587401,               2.845104991104301, 5614.462838461095, 0.4773523382199935, 5614.940190799315,0.00021216033232871736
            -0.00039767346926145074,              0.0004924572594968629,                    -0.049705994736964895,                    -0.002665817533677913,           2.1800752288949337,                  0.5731823081184867,              2.8762548294133454, 5614.566717225445, 0.4724675069584307, 5615.039184732404,0.00023538466252454005
            -0.00022622731399107868,              0.0008894585323643659,                     -0.05240655716635164,                   -0.0029844909269802215,            2.222256497470222,                  0.5696567895697434,              2.8232815745548185, 5612.761931575471,0.46530526345489637, 5613.227236838926, 3.872306385553355e-05
              0.0013662292549501403,               0.000531843415601601,                     -0.05219400771888868,                   -0.0052549966036549624,           2.1883801700461625,                  0.5734518478445937,               2.846754671402894, 5616.022501078987, 0.4722588761617412, 5616.494759955149,0.00048769644678944797
               0.001972427350591682,               0.001384666506822327,                    -0.052574419608298686,                    -0.004072543976259079,            2.187549564347347,                  0.5715520945780486,               2.865113586213269,5616.2756479462205,0.47261284934366643, 5616.748260795564, 0.0006281883515022557
            -0.00026215308878943197,              0.0009342158220291848,                    -0.057590377372950516,                   -0.0033876459585533134,           2.2423954943581257,                  0.5642829885116581,               2.831147344215535, 5616.885878703591,0.46444649194209553, 5617.350325195533, 0.0011564043845018886
             0.00022359258773223652,             0.00021409908031291456,                    -0.051503838521426454,                    0.0014726435099651181,            2.252574786836036,                  0.5637000062586695,               2.816747074812003, 5616.922654643274, 0.4586859253342729, 5617.381340568608, 0.0011997239184258117
              0.0016239738903459679,              0.0013359754364410865,                     -0.05203432624212873,                    -0.004323016381127033,            2.312489161460429,                  0.5557142913317008,              2.7495527198974212,  5616.35127507115,0.44760491311211964,5616.7988799842615, 0.0006775390362694708
              0.0007967068728268003,              0.0016787432378865077,                    -0.054416945806572144,                   -0.0033684842029086883,            2.268255033470625,                  0.5623035642357755,              2.7982447488201783, 5616.519124791612, 0.4574008859571505, 5616.976525677569, 0.0008013652932907593
              0.0009201369020575995,             0.00045428160185274457,                    -0.049967877219807715,                    0.0003441306853121819,            2.265392316121733,                  0.5619421436104313,              2.7659496080734662, 5616.006904076108,  0.455302202158399, 5616.462206278266, 0.0004801488568018367
             0.00034796755018071606,              0.0005886475014971934,                     -0.04901176384235278,                    -0.002500249119004991,           2.3075675755840863,                  0.5549691589778433,               2.766660085616488, 5616.859499536378,0.44673937778353956, 5617.306238914161, 0.0011262982332633149
              0.0007738212882494801,              0.0006465375981204212,                     -0.05828352042517062,                    -0.001852311802273643,           2.2459716916119086,                  0.5620561830191889,               2.828572652122321,5616.6137412405515, 0.4641383458663322, 5617.077879586418,   0.00088089050966605
               0.001436322444082077,              0.0013018512512910571,                    -0.049331016926049645,                    -0.005767737520209971,           2.2874255914658304,                   0.558224599827271,              2.7814408215313824,   5616.0688827099, 0.4508981008050736, 5616.519780810705, 0.0005108493884704821
             -0.0002861496867975052,             -0.0003944859943811421,                     -0.05487593318585345,                    0.0003812559688093448,            2.287801693685791,                  0.5576083987301804,               2.789120451502555, 5616.488554039001,0.45383277105832315, 5616.942386810059, 0.0007772376325871186
              0.0006216429934863145,             -0.0006621023057853942,                     -0.05829032319927637,                   0.00015084760856673963,           2.1962160626063896,                  0.5699168495343323,               2.837746927067224, 5615.693765454824, 0.4742097698647107, 5616.167975224688,0.00035106014177550176
             2.5520104795675904e-05,              0.0014739173914106543,                     -0.05248322402161399,                    -0.006007321071135829,           2.1604433530730858,                  0.5760009126421972,               2.873035609467281, 5615.868724537277,0.47838323314626474, 5616.347107770423,0.00041818195436358225
              0.0007824319490839081,             -0.0007857158539018042,                    -0.053404291184819146,                    -0.003915822294841167,           2.1979494074349324,                  0.5700902156061418,               2.812594341381219, 5616.165842595811, 0.4709060900244774, 5616.636748685835,  0.000562862118890161
              0.0018111226724986324,              0.0006851314676594121,                     -0.05066137447807612,                    -0.000336289163520238,            2.166703855150663,                  0.5740435575796963,              2.8729598341910156, 5616.679000168537, 0.4758107483386987, 5617.154810916875, 0.0009402936937185273
              0.0012109168589710276,              0.0007121180469058645,                     -0.05193930395894909,                      -0.0081477975649068,            2.292172327994111,                  0.5578594044649423,               2.769895067918008, 5616.834535888353, 0.4516343248492448, 5617.286170213202, 0.0010985297638015901
               0.002026076288826149,             -0.0009200899129772202,                    -0.055050663959583454,                    -0.004888477656625041,            2.240879787078481,                   0.565186139943394,               2.803544516604145, 5616.440380263437, 0.4632501020879868, 5616.903630365525, 0.0007406827244641853
              0.0004167163587263019,              0.0005544205858990808,                     -0.05302722681886596,                    -0.001645739632565082,           2.3160049429332026,                  0.5530079357901916,               2.786794835899676,5616.4147817573175, 0.4474173203182926,5616.8621990776355,  0.000721962974247161
             -0.0003696256995539395,             -0.0004950714760057739,                    -0.053657394784792874,                    -0.003880730203396361,            2.175962016422078,                  0.5741916042205724,               2.866753683698729, 5616.060977757378,0.47564772225687507, 5616.536625479635, 0.0005068270673829593
             0.00013120504036261287,              3.903512302966846e-05,                     -0.05553342823227259,                   -0.0055466902425731655,            2.301965099138386,                  0.5549011731852818,               2.796441477158565, 5615.939369176804, 0.4517155968382781,5616.3910847736415, 0.0004487927836454404
             -0.0002254945734204745,             -0.0004911629459818976,                     -0.05301304043867673,                    -0.002521743109635462,            2.262101590075596,                  0.5629122658137365,              2.8064731193971193, 5616.799953920572,0.45771698245849257, 5617.257670903031, 0.0010611898086689852
             -0.0004229107551591117,              0.0007593300250847086,                     -0.05694885473935468,                   -0.0001102586450269423,             2.28016262045216,                   0.560045327706295,              2.7825490121068834, 5616.526017933047, 0.4565870976069465, 5616.982605030654, 0.0008069083000152412
             -0.0003444186385676033,              0.0006483863506558835,                      -0.0536453142580413,                    0.0001540054749109135,           2.1424960005881983,                  0.5785526152986635,              2.8775764139910507, 5616.073504905557, 0.4827363425101019, 5616.556241248067, 0.0005132160997826168
              7.402042883423189e-05,              0.0008612582814061249,                     -0.04980127424519375,                    -0.005480994500369663,           2.1569602102775347,                  0.5755940281149755,               2.879815224425214, 5616.598329947275, 0.4775651661636757,5617.0758951134385, 0.0008674189216070654
            -0.00043500314141290563,              0.0005799069609320433,                     -0.05461084816694861,                   -0.0003764352459135437,           2.3098480767003706,                  0.5565122451940565,              2.7667048701946806, 5616.329193270081, 0.4495011942936905, 5616.778694464375, 0.0006627417308975217
              0.0005550336150852269,               0.001216930836217229,                     -0.05590534834119473,                    -0.005401137763916402,           2.1336689871447376,                  0.5785586288894451,               2.881759011771069, 5615.713059831283, 0.4862116442399253, 5616.199271475523,0.00035789939570980125
            -0.00010665155817100062,             -0.0006602046260287669,                     -0.05500666411995574,                   -0.0015901546633143254,           2.1659211526054123,                   0.573923470690443,               2.888484777452538, 5616.137756177301, 0.4785234846747441, 5616.616279661976, 0.0005472732799365228
              0.0008309334493429483,              0.0002225364560265257,                     -0.05526472963604043,                    -0.006048094473512897,            2.324617983479748,                   0.554112024107562,              2.7751505862159114,  5615.91109207191,  0.447353262910459, 5616.358445334821, 0.0004362799698548006
              0.0008148341023618554,              0.0007673572823826057,                    -0.049601673153850084,                   -0.0001987924459939446,            2.159918653760726,                  0.5753789357402984,              2.8788678844760556, 5616.838144719235,  0.476656056107984, 5617.314800775343,  0.001102501333990768
             -6.912431729646717e-05,             -0.0003403487839431558,                     -0.05864605219195592,                    -0.004123491047102233,            2.232138653925034,                  0.5664584267641145,              2.8029210053437748,   5616.0342157378,0.46720352822412475, 5616.501419266024, 0.0004934432394043719
             -0.0011673023417786857,               0.000792370464512113,                     -0.05511630316340845,                   -0.0029930846280923477,            2.258606673091256,                   0.562815453461131,              2.7871816034960455, 5615.702934837362, 0.4596883718720654, 5616.162623209234,0.00035429394986344353
             -0.0005584630533760897,              0.0009007118576014546,                    -0.054553005340045625,                    -0.004372303110629425,           2.3339509121219995,                  0.5527587241500039,              2.7439476117426773,  5615.71107719367,0.44510397346418534, 5616.156181167134, 0.0003571905138660361
              0.0010919598875466366,              5.066480094402844e-06,                     -0.05267412617628819,                    0.0019730818559132676,           2.3005230576497517,                  0.5565549836117124,              2.7818500669378015, 5616.782155958999,0.45012624906384796, 5617.232282208063, 0.0010424698757094033
             -0.0007666348823089907,             0.00034558044183060895,                    -0.053797293287423636,                    -0.006393712260883432,            2.267822670276703,                  0.5606321617241127,               2.806636566982683, 5616.752754291892, 0.4572612261134389, 5617.210015518006, 0.0010122657254606217
              0.0009935950593285368,              0.0008079283248545496,                    -0.052449300982591054,                    -0.001167976273980764,           2.2183030797476935,                  0.5686852003324553,              2.8469847263373227, 5616.752249407904, 0.4660946580381917, 5617.218344065942,  0.001011754777699286
              0.0007766847847174458,             0.00047477171695705956,                     -0.04925068324066574,                    -0.000721158232767994,            2.259195146297349,                   0.562056610823237,              2.8277452983556293, 5615.994437213595,0.45611872585145524,5616.4505559394465, 0.0004742000654481277
              0.0021476949612086213,              0.0005595093187400143,                     -0.05203004830028379,                    7.240274018395443e-05,            2.237179067119146,                  0.5637070992933876,              2.8297000758694946, 5616.389878180649,0.46205847023236796, 5616.851936650882, 0.0007042055434718638
              0.0010630086093986152,               0.002110421549106084,                      -0.0530615268234439,                   -0.0011073215862960268,            2.280686659252436,                  0.5593268754138213,               2.790384775731856, 5616.117055498375, 0.4541440830331097, 5616.571199581408, 0.0005360608048005131
              0.0012001586299541552,              0.0014419307522118455,                     -0.05387020204563901,                   -0.0024749426986944807,            2.308774606965959,                  0.5562935186020376,              2.7832478644941627, 5616.027060692044, 0.4493059943779447, 5616.476366686422, 0.0004899252312118304
              0.0003314674635739217,             0.00022713058131504382,                      -0.0540490960267103,                    -0.006135663264651114,             2.26890332383975,                  0.5586217100647256,              2.8187176176606723, 5616.519734076937, 0.4571810786807986, 5616.976915155618, 0.0008018537021793864
               0.001419929955044294,              0.0016653259306956502,                     -0.05153672686429212,                   -0.0004124491408174338,           2.2003735386322187,                  0.5697525187049137,                2.85314321857357,  5616.73104710333,0.46925158936446965, 5617.200298692695, 0.0009905290569866471
              0.0001145374228133009,              -0.001015722582386485,                     -0.05123666954276292,                  -0.00010971954310171823,            2.272953017543233,                  0.5606583267866969,               2.787692253266349,  5616.36760581888, 0.4545465954520039, 5616.822152414332, 0.0006886945967453184
             0.00022564677816431814,              0.0015501534363686479,                    -0.057489981355360625,                    -0.003707562378812414,            2.240245032139874,                  0.5645861453895766,              2.7908921960684254, 5615.910435668246, 0.4648313970571884, 5616.375267065303,0.00043599368805218546
             -0.0006720622383502842,             0.00019792831859418743,                    -0.054615018671975636,                   -0.0055276016465365735,            2.259493722136875,                  0.5631011032262614,              2.7745800269772687, 5615.859094046163,0.45932060681679615, 5616.318414652979, 0.0004141739870916443
             0.00028222456177380914,              -0.000788323125001376,                     -0.05169321520129778,                    -0.007538625289014538,           2.2433575325980377,                  0.5635955289565795,              2.8101908354434215,   5616.8026214412,0.46092553554902665, 5617.263546976749,  0.001064024333269636
              -0.000933347018099768,              0.0004726747457009017,                     -0.05135391269428813,                   0.00021924561314359933,            2.262785167932732,                    0.56206965834369,              2.7907714586325234, 5615.880447004654,0.45659084284398466, 5616.337037847498,0.00042311292377946466
              0.0004364352099855009,             3.1537191518237975e-05,                     -0.05743417585438858,                    -0.008495077041737879,           2.2223707832493185,                  0.5668100411416824,              2.8198399785131096, 5615.932579895093, 0.4686979315158466, 5616.401277826609,0.00044575612304414714
             0.00023003775180429977,              0.0010795142234085683,                    -0.048347871210645606,                   -0.0007577550283127031,            2.257229787983177,                  0.5629979653114301,                2.80237172758482, 5616.593024438969, 0.4560170740563994, 5617.049041513025, 0.0008628290099879228
              0.0008525494928928343,             -0.0008888077287549428,                      -0.0560938420962746,                   -0.0040480612144585815,           2.2752275857412836,                   0.559326718775838,              2.8116533213142985, 5616.899946792804,0.45709659768490035, 5617.357043390489, 0.0011727877557106046
             0.00011772265215051229,              0.0010032931341612747,                    -0.049014420667097734,                    -0.006434109530000425,            2.212079237214021,                  0.5688881097281514,              2.8207334858679705,5616.5880250014025, 0.4656457704846906,5617.0536707718875, 0.0008585261152109339
              0.0011132021328602248,             -4.842602830420857e-06,                     -0.05347089401469845,                    0.0019779857974766384,            2.302596859729029,                  0.5557623495559921,               2.762948311238639, 5615.671382764023,0.45020497466510373,5616.1215877386885,0.00034328975663484266
              0.0015329405752190599,             -0.0003111466831295712,                     -0.05328173964837018,                   -0.0017204365165680343,           2.2609123345093245,                  0.5602617200776155,               2.831541051359361, 5616.670682826845, 0.4581012719200045, 5617.128784098765,  0.000932505383693707
              0.0001823251177274479,             -0.0012104704735621202,                     -0.05270444424033741,                    -0.002645511171213436,           2.2096553907541803,                  0.5680170245641452,              2.8571902369447892,  5616.29895274413, 0.4680384542292778,5616.7669911983585, 0.0006430000758393498
              0.0013113793397866334,             -0.0002193132056227669,                     -0.05297811007712363,                   -0.0008734900791193107,            2.199342378566235,                  0.5706493541886173,              2.8055411941700763, 5616.287630792783,0.47028809484895584, 5616.757918887632, 0.0006357611171615865
            -0.00027599880846887085,            -0.00014181465817038916,                     -0.05400575440767081,                    -0.005414305261063686,           2.3054065382145423,                  0.5547386241007803,              2.7789754406911755,  5616.36455123299,0.45012982281454955, 5616.814681055805,  0.000686594129609478
             0.00025938435801692094,             -0.0007239124825093923,                     -0.05325119990539263,                    -0.005274074725705638,           2.2819492507383123,                   0.557195580803461,              2.8103298249062574, 5615.450205287072, 0.4541334929381628,  5615.90433878001,  0.000275172282995121
              0.0006090019359202071,               0.001828405640242647,                     -0.05368488114223065,                   -0.0017372156700469548,            2.146687833549582,                  0.5766963355564587,               2.896623822001131, 5615.524016955296, 0.4818827956543792,  5616.00589975095,0.00029625158817119754
              0.0006238731285794637,            -0.00040059533318170093,                     -0.04976575285689681,                   -4.011603845216698e-05,           2.2144033793280338,                  0.5685284012969511,               2.852609089642627,5615.3032409459865,0.46535102544756407, 5615.768591971434,0.00023756304575087622
              0.0014371265284839957,              0.0011340482960158554,                     -0.05539302615933344,                    0.0007444372252920763,           2.1970193920008407,                   0.571676852620353,              2.8232064732430535, 5616.366216469347,0.47223041218075296,5616.8384468815275,  0.000687738423611843
              0.0006876396762941229,              0.0014668584580011372,                    -0.052588999048243275,                    -0.003757761474341199,           2.3007870549035294,                  0.5577330511181519,               2.781830610350536, 5616.632370349732,0.45009136746934114, 5617.082461717201, 0.0008974545225149441
             -0.0003310461799604694,              -2.40413605011593e-05,                     -0.05158900995004799,                    0.0002799767069299873,            2.288147468179953,                  0.5594446872226434,               2.767708261159389, 5616.380887545992,0.45182151616047056, 5616.832709062152, 0.0006979026646032042
              0.0014696730176950756,               0.001463493896591254,                     -0.04956078519674444,                    -0.004482604740716872,            2.315357938825907,                  0.5557040406749449,              2.7476775233199717, 5614.283570748292,0.44568014673293216, 5614.729250895025, 8.569228912452522e-05
            -0.00029569279227418247,             -0.0003848318013513798,                     -0.05567607708507064,                     -0.00472571776582258,           2.2054044483773274,                  0.5682171582378567,               2.863444157436006, 5616.746188680615, 0.4707781998570185, 5617.216966880472, 0.0010056413525231314
              0.0007903877906510834,              0.0022346099072704743,                     -0.05177181613755923,                   -0.0023925458137810814,           2.2424791835326587,                  0.5648735695956634,              2.8195103765324534, 5615.588524919187, 0.4608887058411695, 5616.049413625028, 0.0003159920380550377
            -4.0406397248847355e-05,              0.0007451571263548989,                    -0.053882770317131755,                      0.00184515805529111,           2.2013975823684646,                  0.5712690970675136,               2.827070763627529,   5616.2486265921, 0.4704086280511085,5616.7190352201505, 0.0006114411368020959
              0.0006297183884524639,              0.0016384482126093856,                    -0.051693960284623065,                   -0.0037651782779454207,            2.225618946272435,                  0.5684042944728194,               2.818871946229704, 5615.852786399326, 0.4642550084577485, 5616.317041407784, 0.0004115697458036743
            -0.00014715285961737197,             -0.0001945568710041136,                     -0.04874843431613197,                   -0.0038328581025567814,            2.193371851526484,                  0.5709178490199127,              2.8334447267056264, 5616.817359643814, 0.4692032681437452, 5617.286562911958, 0.0010798222701151865
              0.0008291594386251944,            -0.00023794300760263476,                     -0.05511572988450607,                    0.0012589834811189877,             2.14277409056018,                  0.5762053884845395,                2.89119742857429, 5614.624526630995,0.48357404788102537, 5615.108100678876,0.00012050831190895627
              0.0003866082715065413,              0.0011518753919933227,                     -0.04832385666814906,                   -0.0018977945069642392,           2.1717640585467546,                  0.5739311799303084,                2.87441295772299, 5615.348426908017, 0.4734566920013712, 5615.821883600019, 0.0002485437797488969
              0.0014873062319612775,            -0.00020092487062217275,                    -0.050471397667280364,                   0.00017101992259559759,            2.164936897519901,                  0.5755920722972251,               2.855004895175563, 5616.151867240221,0.47607191459511244, 5616.627939154816, 0.0005550506319227222
             -0.0005801474253640142,               0.000642456324774071,                     -0.05261636026994696,                   -0.0019712804367451953,            2.133865983110252,                  0.5779038893155072,               2.887424280740393, 5614.976140826968,0.48403919544215207,  5615.46018002241, 0.0001712857004200985
              0.0010226807529663522,             -0.0001868511005087123,                     -0.05668545216514479,                    -0.005485613378005744,           2.2355387618428733,                  0.5669024799877362,               2.785009656165798, 5615.742107843753,0.46534398163495716, 5616.207451825388, 0.0003684481299713939
              0.0018644839270171116,             -0.0014363990828643218,                    -0.053331309779388804,                   -0.0026838201615693013,            2.248380882492621,                  0.5632103491191529,               2.813639643737024, 5615.753338048464, 0.4606365617512775, 5616.213974610215,0.00037260919899292954
              0.0011853107676431348,              0.0011333857035306428,                    -0.054758269115834805,                   -0.0006308266859375717,           2.2209001525815557,                  0.5684530068768067,              2.8396098171131516, 5616.460388849808,0.46694318682508107, 5616.927332036633, 0.0007556519963133729
              0.0009205399173809836,              0.0012239937431678834,                     -0.05028215359874928,                   -0.0004824204392627679,            2.342483193638078,                  0.5521874455248262,              2.7489993697530477, 5614.344779788358, 0.4409578134118869,  5614.78573760177, 9.110128289257508e-05
              0.0006359597684290275,              0.0006386899055001295,                     -0.04935853796933815,                    -0.003306659794809051,           2.2098507630336512,                  0.5667527722459996,              2.8616153041983052, 5616.912010686288, 0.4661193101817179,  5617.37812999647, 0.0011870218288135832
             0.00032446279364852073,              0.0003398437563784199,                    -0.055901691415391516,                   -0.0036474964803456435,             2.25609530647649,                  0.5627530335698899,               2.838505925696577, 5615.039239978743,0.46067993119266426, 5615.499919909936,0.00018244195667110264
              0.0004573018114416771,             0.00013763148061934628,                     -0.05529019926508702,                   -0.0025480210406247945,           2.2508591518626226,                  0.5615516863436453,              2.7928175550934218, 5616.849789122018,0.46129550361998994, 5617.311084625638, 0.0011154143398043963
              0.0022949812843249084,              -0.000632700317147285,                      -0.0513276616562515,                   -0.0024012412580105757,           2.2138710189511044,                  0.5690382463988852,               2.833769824037419,5615.3846529177345,0.46639728714926837, 5615.851050204884,0.00025771260135626616
              0.0012786746160176282,              0.0011927793341035382,                     -0.05013877627831851,                   -0.0008070986042950201,           2.2726947293698867,                  0.5613472691329051,               2.760580986456821, 5615.301580635235, 0.4539930006295284,5615.7555736358645,0.00023716894452763777
             -0.0002773159934750385,             -0.0001328344741529934,                     -0.05181634624440867,                   -0.0026832275530099883,            2.328468422916703,                  0.5540434370126348,               2.754132743714332, 5616.329352422859,0.44442367267384797, 5616.773776095533, 0.0006628472164790271
            -0.00021406324401911377,              0.0019251197672693475,                     -0.05278089888040185,                   -0.0038771382971652087,           2.2842660596730444,                  0.5602299771929158,               2.764726350390624, 5614.771327580028, 0.4533585274669716, 5615.224686107495,0.00013956349766354077
               0.001602869335245752,              0.0004304601201330664,                    -0.053009711165249065,                    -0.002339150399722605,            2.330603190582423,                   0.554200540160073,              2.7607242892465393, 5615.371287598981,0.44473044627382763, 5615.816018045255,0.00025429110591320255
              0.0015576022105134861,            -0.00023189725491696688,                     -0.05621266673838369,                     -0.00793162955544729,            2.198564652847687,                  0.5706223599488369,               2.828975593153462, 5615.768968474169, 0.4727602883197233,5616.2417287624885,0.00037847899358527635
            -0.00025977989866563997,              0.0011925635692569465,                     -0.05613855682400384,                    -0.005702430215685487,             2.15462411318757,                   0.576104961836954,               2.872089050869943, 5616.161792353851,0.48181554900124474, 5616.643607902852, 0.0005605870016160888
               0.001517597551816514,               0.001401199949494899,                    -0.054989453215229224,                    -0.007656452130732865,           2.2578990667471106,                  0.5612502650484021,               2.812628775906542,  5615.57137011227, 0.4600380807270515, 5616.031408192997,0.00031061748715111736
              0.0019070363487601947,               0.001513946962238242,                     -0.05462972070484338,                     -0.00302411624129442,            2.157386088514561,                  0.5755496651293482,               2.879321990740843, 5615.720011256597,0.48018767419722386, 5616.200198930795,0.00036039597396416237
               0.000664695608571786,              0.0012014396145835862,                     -0.05646003465567112,                    -0.003798575884645833,           2.2097059626446205,                  0.5692866526735048,               2.857303654804838,  5616.34895987358,0.47034917637802226, 5616.819309049958,  0.000675972213990437
              0.0016060390503730233,             0.00017859987903685577,                    -0.053179686674617074,                     -0.00337637632306599,            2.246170744338171,                   0.561160358806754,                2.82796574189711, 5615.785567376824,0.46099152040793423, 5616.246558897232,  0.000384813759187945
              0.0007161416701924345,               0.001018564090264679,                    -0.049745388048574965,                   -6.993812424973497e-05,           2.3342188723758857,                  0.5521260869592955,              2.7606788006560476, 5615.037804307558, 0.4421652783323177,  5615.47996958589,0.00018218021794123688
              0.0005017727476341131,            -0.00011847934909941114,                    -0.051217420792196114,                    0.0011126915653548466,            2.274412330673277,                  0.5610724429127681,              2.7971299122938764, 5616.750497721361, 0.4542558371888045,  5617.20475355855, 0.0010099840518017398
              0.0006217135784790689,               0.001444384661558549,                     -0.05108115814040053,                   -0.0012965681269285828,           2.2383038814713903,                  0.5656765267689057,              2.8329623502636068, 5616.185842454799,0.46128596463305693, 5616.647128419432,   0.00057423260696825
               0.001548002080315026,              0.0017266881838249456,                     -0.05313552650854856,                    -0.006707775694745109,           2.2009573348083133,                  0.5708283393631739,               2.837277139627214,  5614.95719976014,0.47031305632399967, 5615.427512816464, 0.0001680718990177565
             -0.0004826185661627139,               0.001350749640305768,                     -0.05374452946365115,                   -0.0026432337169405642,            2.277638504711872,                  0.5584519755899514,               2.808548900804367,  5616.53846257255,0.45514856114035274,  5616.99361113369, 0.0008170127254821519
              0.0007333405725760856,              0.0005477579885028579,                     -0.04912548397492233,                   -0.0037366412970122735,            2.212616050416883,                    0.56618707992143,               2.847755628525178, 5616.855090718195,0.46544321457512555, 5617.320533932771,  0.001121343519374997
              0.0006353747787689909,              0.0008183715206822606,                    -0.057118265083694233,                   -0.0024806486212219096,            2.172037347758908,                  0.5721540631687784,              2.8550251374818236, 5616.157011090661,  0.478562369165302, 5616.635573459826, 0.0005579130850642147
              0.0007709708862851732,              0.0012235197481781737,                     -0.05552271257650538,                   -0.0062965440106716565,           2.3181220188352025,                  0.5547358770769784,              2.7626955804677475, 5616.840430229105, 0.4487420628774807, 5617.289172291982, 0.0011050239933541612
              0.0013208462393993101,               -0.00071785433700012,                    -0.056014606014742556,                   -0.0026244746416927097,            2.295646774552791,                  0.5568057523084183,              2.8035608918935813, 5615.450767208442,0.45308921795004947, 5615.903856426392,0.00027532695163305155
              0.0011587609861693842,             -0.0006145619508814966,                     -0.05684960680853027,                    -0.008303614138317894,           2.2526329208204268,                  0.5623107864417061,               2.802910054139031, 5615.167802144876, 0.4622724592884857, 5615.630074604164, 0.0002074715543762885
             0.00026679830801573494,              0.0015625168546388654,                     -0.05629318963894615,                   -0.0011269854558461885,           2.2521878239576703,                  0.5618164050908154,              2.8317755631655883, 5616.110985890828, 0.4616388455896343, 5616.572624736417,   0.00053281698042306
              -8.81757769334282e-05,             -6.960077167606398e-05,                     -0.05189156168630957,                    -0.006006274740802305,           2.3020962240422107,                  0.5563372026052801,              2.7517562148470356, 5616.127881602053,0.44954683082966335, 5616.577428432883,  0.000541895782698727
              0.0009244079672261908,             -0.0003101979303977706,                     -0.05433156045352387,                   0.00015143435363433608,           2.2175176270319565,                  0.5661324523409565,              2.8674629955781716, 5615.732360701743,0.46735965806385765,5616.1997203598075,  0.000364874259531901
              0.0020921632243544926,             0.00018699810950428573,                     -0.05100096260692234,                   -3.716903677592998e-05,            2.172123452338569,                  0.5730344983517718,              2.8526349984258275, 5615.455214999141, 0.4748540543828144, 5615.930069053524, 0.0002765542757048098
              0.0016360265255436189,              0.0011948493072071406,                     -0.05026908119874308,                    -0.005049517290567659,           2.3013264434502254,                  0.5567724871349958,              2.7553370601618505,5615.6598523168705, 0.4487352433065278, 5616.108587560177,0.00033935420517484927
              0.0010004949305922925,             0.00041168200175102486,                    -0.052469195244948426,                    -0.005784675240047979,            2.161249233368534,                  0.5769473861235259,              2.8465393353620296, 5616.309156270624, 0.4781823047156438,  5616.78733857534, 0.0006495945302810733
             0.00012818531361506353,              0.0020939463756443474,                    -0.048807326417451544,                    -0.001467771895907993,           2.2295956285141645,                  0.5654147257337458,               2.828581461315875,  5614.28250871723,0.46178243698618987, 5614.744291154216, 8.560132956117027e-05
              0.0019503283342095826,             0.00039052628466849725,                    -0.052304258941751766,                    -0.004479273798471723,            2.271649641406485,                  0.5620316679024978,               2.770479830853148, 5616.748498029874,0.45554070444166184, 5617.204038734316, 0.0010079664132908895
              0.0003455861129768694,             -5.545355400368136e-05,                     -0.05535929724122365,                    -0.002365113884536495,           2.1509779349024365,                  0.5745140076346247,              2.8979102104156453, 5615.915394035899, 0.4819624158448062, 5616.397356451744,0.00043816087346315564
                0.00129222474900595,               0.000538170598846439,                    -0.051776039851330065,                     0.002189060047602748,            2.228021794043849,                  0.5655878001765303,               2.845152150483176,5616.2266873092785, 0.4637592534923908, 5616.690446562771, 0.0005981726396377802
                0.00164279716470173,             -0.0016302065005656082,                    -0.054056085310223594,                   -0.0021688802215622687,           2.2364690885027074,                  0.5643010437879084,                2.81572314897355, 5614.869616946206,0.46342294744412743,5615.3330398936505,0.00015397789363124086
              0.0010709139929933318,               0.001277549396064926,                    -0.055183313476784415,                   -0.0063114406346436655,           2.2769760099501064,                  0.5607909472465779,               2.798146977769612, 5616.041713236131, 0.4563334868728172, 5616.498046723003, 0.0004971567328281747
              0.0016849595971007245,              0.0009814563266876256,                     -0.04970278535178518,                   -0.0004760417125645636,            2.213387896899604,                  0.5697385142838534,              2.8149014481697154,  5615.28278244028,0.46554273465745666, 5615.748325174938,0.00023275223957252414
              0.0016064024099237408,             -0.0004958721655561038,                    -0.052166488717521435,                   -0.0046874009170809385,            2.200418492104267,                  0.5681734007386695,               2.835115588527815, 5616.003473100025,0.46971534284805466, 5616.473188442873, 0.0004785043003879333
              0.0013667386427808235,            -0.00026752291845876615,                     -0.05114996934442878,                    -0.004293579023707536,           2.2945285006979588,                  0.5595652688828779,               2.762631767544577, 5615.449863821525,0.45046768347070376, 5615.900331504995, 0.0002750783371813837
             0.00019398704630186445,              0.0001400431608699577,                    -0.058531066733796336,                    -0.002186698442682435,           2.1398239320693078,                  0.5784996734224335,                2.89077527354398, 5615.245357506552, 0.4863877504054781, 5615.731745256958,0.00022420248728143458
              0.0011501700456861435,               0.001680871651453916,                       -0.052448728540687,                      -0.0057478864895794,           2.2336171173562773,                  0.5668863852038974,              2.8151022014866154, 5615.969666570756,0.46319350284888017, 5616.432860073605, 0.0004625981121392243
               0.001302357524261838,             0.00043787858498582914,                     -0.05761902939405046,                    -0.005872353375332032,            2.269804412952394,                  0.5618272873860474,               2.787845752527895, 5616.919533864682, 0.4592128440771603,5617.3787467087595, 0.0011959856818438707
              0.0012705661654626081,             0.00010160209650954407,                    -0.056119649705078024,                    -0.005443485886577196,           2.2559330547397916,                  0.5639108777040627,              2.8195360513756444, 5614.855963543051, 0.4609459612639494, 5615.316909504315,0.00015188985820396272
             0.00038849748727726294,              0.0015009689767611781,                    -0.050832645758897683,                    -0.004261209636695663,           2.2356000292758074,                  0.5641983510609567,               2.844750191678176, 5616.810191948083, 0.4617767581823121, 5617.271968706265, 0.0010721101048851566
              0.0004517042653446062,              0.0016152223965462584,                     -0.05433355071943062,                    -0.005447580849366435,             2.14472894250553,                  0.5766675600359092,              2.8971953869310667, 5615.476533153785,0.48284062967785846, 5615.959373783462,0.00028251319341185275
            -0.00013380997620290208,             -0.0007096228403103085,                     -0.05194203574415416,                    -0.005554054891843014,            2.159249158252689,                  0.5751561545705559,               2.881056260900248, 5615.971401526372,  0.478286972994538, 5616.449688499366, 0.0004634013959610283
              0.0005723848101601963,              0.0012830236719741175,                    -0.049033918239046494,                  -0.00043464572177591085,            2.191327825114435,                  0.5720256662163729,               2.859110007777195, 5614.647700829289, 0.4697136939755089, 5615.117414523264,0.00012333360594625806
            -1.4645626578937677e-05,              0.0015612918040750197,                    -0.049638428915241464,                   -0.0032188452389186398,           2.2702875560387987,                  0.5609200319845447,              2.7760527351246944,5616.4069775616545,0.45423268359855573,5616.8612102452535, 0.0007163505625994727
               0.002055632576719449,              0.0017036826429627544,                    -0.053558582777259105,                   -0.0028653915852942424,            2.220646328005922,                  0.5675843502908172,               2.838997499460567, 5615.286096024404, 0.4663407918091259, 5615.752436816213,  0.000233524762902079
              0.0007756604442899387,              0.0015967766480694482,                     -0.05225110458404382,                    0.0006760630191863021,           2.2542177583570893,                  0.5640047985844056,               2.788163070243888,5616.6842761935695,0.45880056770262423, 5617.143076761272,   0.00094526781704588
              0.0013607068883684731,             -3.950500461484337e-05,                     -0.05448291586657172,                    -0.008301863946665447,            2.215578172329265,                  0.5681307442180885,               2.805618743031488,  5615.60273948318,0.46823368890112965, 5616.070973172081,  0.000320515802601474
             -0.0005738800317242354,              0.0012502575544869612,                     -0.05597820857202507,                    -0.004178795512331456,            2.166825921082166,                  0.5746861732589172,              2.8780489753714624,5615.5483863307545, 0.4790207325093176, 5616.027407063264, 0.0003035597402356102
             0.00010111668431638665,             -0.0006745750736897048,                    -0.052339532137610105,                    0.0016290129164648608,            2.199354864297517,                  0.5707108483640844,              2.8469338702492113, 5615.793503879828, 0.4699151504978137, 5616.263419030325,0.00038787998620915215
              0.0010651746179913754,             -0.0010178677859103557,                     -0.05292585243847424,                   -0.0075528103023476964,           2.1876652819758755,                  0.5720627660494173,              2.8628348211824584, 5614.415778903205, 0.4729992161459277, 5614.888778119351, 9.780454039396298e-05
               0.001567171961176279,              0.0009297490118138572,                    -0.053924368149967844,                   -7.793670156494002e-05,            2.167400042732568,                  0.5728919954388433,              2.8678213074764782, 5616.494480895326,  0.477555425698747,5616.9720363210245,  0.000781857886631576
              0.0012253575615769386,              0.0017427993616502548,                     -0.05391676399653235,                    0.0007942647444658397,            2.245973301927579,                  0.5628077084697034,              2.8073751896992647,   5615.9679516301, 0.4614200851079948, 5616.429371715209, 0.0004618054636962062
             -0.0002724426906386227,            -2.2381469050659165e-05,                     -0.05580373733077343,                   -9.439036739890669e-05,           2.3033527871981394,                  0.5545497789581848,              2.7850744883901477,5614.0636315810625, 0.4514505159206351, 5614.515082096983, 6.877385643985462e-05
              0.0007046206597909551,             -0.0005755289604548312,                    -0.055953388531375756,                    -0.004375278288640455,            2.320615259395314,                   0.555201317502851,              2.7417201109539713,5616.2137989222265, 0.4484243839764949, 5616.662223306203, 0.0005905126277668468
               0.000475432319832676,               9.86729731884137e-05,                     -0.05066101584880308,                   -0.0027197857803596143,           2.1713620349109872,                  0.5757738728042692,               2.857718410992546, 5615.765839475905, 0.4748413805505084, 5616.240680856455,  0.000377296584314225
             -0.0006286068251445716,              0.0008357809678336441,                     -0.04912215971885531,                   -0.0035749523948824047,            2.252706531112984,                  0.5632889668752742,               2.792998963797289,5616.5238820210125,0.45739302187780034,  5616.98127504289, 0.0008051866541629601
              0.0014884836466062675,               0.001759086712053935,                     -0.05629995526415652,                    -0.003558927611154334,           2.2358165212231147,                  0.5655577572438917,              2.8028243708567766, 5616.829699127882,0.46497311962316085, 5617.294672247505, 0.0010932292674135755
              0.0012218708969721106,              0.0007067431291696765,                    -0.050498232668496255,                    0.0017638980719952384,            2.197339436170998,                  0.5714489370102523,              2.8468128722366624, 5615.310414457257,0.46929124169955166, 5615.779705698957,0.00023927333398884737
              0.0008950761413342196,              0.0016878876601469411,                    -0.054180201537371526,                   0.00010788316864052609,            2.238903150580743,                  0.5653424715541521,               2.789922987230516, 5616.705518604181, 0.4629759233960389,5617.1684945275765,  0.000965562373668336
             0.00020123306886069602,              0.0014842935214094092,                     -0.05638618725050239,                   -0.0034059370864204714,           2.2225906728327787,                  0.5656622491566421,               2.857582823205087,5615.9749191839255,0.46766565746501404,  5616.44258484139, 0.0004650343537913824
              0.0007535229347509857,             -0.0005759554688972195,                    -0.054555277443989386,                    -0.004624726452727797,            2.254155911835968,                  0.5622260977708575,               2.837440808277491,  5616.63739570955, 0.4602837366104327,  5617.09767944616, 0.0009019759056844732
              0.0005955640005972633,             -0.0006238406175040273,                     -0.05440160225515019,                   -0.0035860369422911005,           2.2406430076266646,                  0.5660072440156717,              2.7816200002387728, 5617.170354961507,0.46281789033799176, 5617.633172851844, 0.0007478784928945236
              0.0015572263079072105,             -0.0008154768897103165,                     -0.05338038185614117,                   -0.0006733153449324882,           2.2506770237123104,                  0.5630015312992915,              2.8246411195116368, 5617.337217959746, 0.4601607986879766, 5617.797378758434, 0.0008836875238705161
             -0.0006050592275653035,             0.00021227906347428565,                     -0.05592202028870998,                   -0.0008784921256056029,           2.2686803457985723,                    0.56165141016203,               2.780025342060184, 5617.093334073504,0.45816518965664443, 5617.551499263161, 0.0006924386444899708
              0.0021405113354891216,             -0.0007870707207518864,                      -0.0533396164815685,                   -0.0018229186138838064,            2.198118438608652,                  0.5696224619786052,               2.847244829189422,  5617.03770408009,0.47078808959816115, 5617.508492169689, 0.0006549701360038198
              0.0009754702732334326,              0.0006650279338011104,                    -0.052354055530492244,                    -0.005310515740029122,           2.2833015787029525,                  0.5569291323936092,              2.8029181766868367, 5617.254952039541,0.45335419802760557, 5617.708306237569, 0.0008139000747376246
             -0.0002745601767405047,              0.0008993339938229319,                     -0.05127078129643654,                    -0.003696189599538363,           2.1592735724279053,                  0.5751146008874408,              2.8849050526198567, 5617.395402662237,0.47780337518967614, 5617.873206037427, 0.0009366299024677623
              0.0005460893265078256,              0.0002012964063637675,                     -0.05982212801829318,                    -0.002194779639955302,           2.2223062150884334,                  0.5665509437428374,              2.8221124889518254, 5616.928862458491,0.46989322982132986, 5617.398755688312, 0.0005874246715202733
             -0.0003239205111484499,             0.00013675392845479393,                     -0.05663392136935447,                   -0.0015195758554216177,            2.169488176189629,                  0.5742083164302297,              2.8675233011085686, 5617.882045595963, 0.4787706215161649,  5618.36081621748, 0.0015237522487301142
              0.0008630464468849075,             0.00035253176020904383,                     -0.05059698128918539,                    -0.006842068209676272,            2.211569475817154,                   0.567198477322756,              2.8605205690202347, 5617.052092420529, 0.4666550026963752, 5617.518747423226, 0.0006644621930151737
              0.0009443818613960879,              0.0012638678950412175,                    -0.055685143687975086,                   -0.0041526975788286685,            2.224525855722721,                  0.5655709643210477,              2.8096296364237547,   5617.3954809307, 0.4668704936458351, 5617.862351424345, 0.0009367032139194448
              6.772092591243587e-05,              0.0014260777696054586,                      -0.0503357659806881,                    -0.002137776719337086,            2.202077123539286,                  0.5687500262791454,              2.8340127290958765,  5617.59067226005, 0.4682294666513154, 5618.058901726701, 0.0011386035343922715
             -3.877073571165635e-06,              0.0002851130361896223,                    -0.055998717679556664,                    -0.006738045838906748,           2.2331995322368514,                   0.564250454143402,              2.8215954111415718,5617.8234750089505, 0.4654621266969915, 5618.288937135648, 0.0014370685228082035
              0.0014725426655722521,              0.0010017042000333778,                     -0.05684663210017244,                    -0.004552193147433931,           2.1883976600128334,                  0.5705161885522406,               2.868608226428524,5617.3345517422495, 0.4750410850062093, 5617.809592827256, 0.0008813345588846846
             0.00023001693234144817,              0.0014274046640488551,                    -0.054741520053651606,                    -0.005916777080366285,            2.222476363376301,                  0.5659448369266492,               2.843882283867168, 5618.031205100582, 0.4668026126382226,  5618.49800771322, 0.0017688601962192435
              0.0019716466416249624,             0.00032938198903259254,                     -0.05591749164050416,                    -0.002868949302201458,            2.291275137342808,                  0.5589280468750761,               2.765235997104676,5617.2034356474815, 0.4538770493770787, 5617.657312696859, 0.0007730325899898745
             -0.0005506907463271955,              5.924010178763815e-05,                     -0.05419797267753004,                    -0.005423417472244391,           2.2441024256181525,                  0.5650538998307085,              2.8065160041068307, 5617.911042084598,0.46209657266048837, 5618.373138657259, 0.0015685825328542948
              0.0009003286237780693,            -0.00016259585437177954,                     -0.05045423412896583,                    -0.005311649350961104,            2.154342928154704,                  0.5769381179870248,              2.8595540195005356, 5616.932008496842, 0.4784824336416505, 5617.410490930484, 0.0005892756421511675
              0.0005271407177377157,             -0.0008376583992894073,                    -0.052924539303251715,                    -0.005716604251356754,           2.1868408255044214,                  0.5725601841488871,               2.843044480706764, 5617.748150944079,0.47302879698032074, 5618.221179741059, 0.0013327989781214728
              0.0007276964771416024,              0.0005453810765979406,                     -0.05229191056393816,                   -0.0006517179563932166,           2.2155201611523956,                  0.5656852474983991,               2.836760270471016,  5617.49138773792, 0.4665595819191286, 5617.957947319839,  0.001030988467836195
            -0.00010343698568593263,              0.0010195936052771208,                     -0.04930815782973852,                    -0.003401466103526619,           2.2185973607167293,                  0.5678415250950514,               2.807965690904383, 5617.382787401726, 0.4643125374843645,  5617.84709993921, 0.0009248882897154465
              0.0004890723051132599,             0.00021315439948150328,                     -0.05168469967175509,                   -0.0014999782187875672,           2.1967914802709037,                  0.5686105060244291,               2.841233108845839, 5618.080887520461, 0.4700640219637889, 5618.550951542425, 0.0018589611349584519
              0.0013951082089585654,              0.0005561161638997298,                     -0.05180052869990889,                    0.0008992534479959169,           2.3035447259420887,                  0.5565987045826507,               2.767697359771118,  5617.54232546246, 0.4490377760977344, 5617.991363238558, 0.0010848652048314313
              0.0007674391306576538,              7.783373325676013e-05,                    -0.047916466296403094,                   -0.0012773554486350384,            2.189096730128563,                  0.5711692024201934,               2.856075989424914, 5617.141897220905, 0.4695772743006971, 5617.611474495206, 0.0007268955405057241
             -0.0005162128111832765,             0.00030726736505277605,                     -0.05561774253284483,                    -0.004138350865537149,           2.2278038501916178,                  0.5654632053727799,              2.8116709781411098,  5618.01777557833, 0.4661548861904847,  5618.48393046452, 0.0017452640459984226
              0.0005080263528864672,               -0.00115279178827677,                     -0.05369538000969875,                   -0.0018675432979420683,           2.2408002127344284,                  0.5632737863929558,               2.822343421560059,  5617.57854060393, 0.4623150837190998, 5618.040855687649, 0.0011248738382233776
             0.00026889405559515363,             -0.0008753590511018822,                    -0.053668122435861575,                    -0.006019890820474098,           2.2727127045283244,                  0.5609777786673301,               2.796292174761379, 5617.097180528651, 0.4562102926922983, 5617.553390821343, 0.0006951072076422211
              0.0009740806956089707,              0.0016256203197821588,                     -0.05156061913058273,                   -0.0004473036630745546,            2.238372654718696,                  0.5642449211151944,              2.8318267081930335,  5617.61309566559, 0.4615436290915764, 5618.074639294681,  0.001164423304926519
              0.0004315366862892316,             -0.0004101047989222772,                     -0.05152121937837381,                     -0.00085808805671731,           2.2352427592954456,                  0.5635447166316395,              2.8458305271658917, 5617.141243774555,0.46213162657916734, 5617.603375401134, 0.0007264207084234595
              0.0006794561426540836,             -0.0012297934690574236,                     -0.05311627416157039,                    -0.004038798463458788,            2.229901987598281,                  0.5646809781088428,               2.825688502976691, 5617.352952450663, 0.4642258952582919, 5617.817178345921, 0.0008977018622971606
              0.0006154381088915719,              0.0007815267074389069,                    -0.050510742520279386,                  -0.00011021031569396618,            2.162086115436827,                  0.5761142056096169,               2.859348712231319, 5617.195957082451, 0.4766959163549042, 5617.672652998806, 0.0007672729791511728
              0.0018183198351963273,              0.0003683874438054031,                     -0.05632152022354161,                   -0.0035079533179878625,            2.185222261363726,                  0.5711804929384113,               2.872710636539134,  5617.57791173178, 0.4753296951485395, 5618.053241426928,  0.001124166658779584
             0.00028290153999539357,             0.00014031477600843248,                     -0.05487395117412688,                    -0.003957795924280729,           2.2613199565993973,                  0.5631975535499744,               2.810665660881316, 5617.479508979804, 0.4590357880882172, 5617.938544767892, 0.0010188140568037998
              0.0009761190603949769,             -0.0008667130366435679,                     -0.05744328197010017,                    -0.001668229478845646,            2.240754114082699,                  0.5642280076280941,               2.827790965679913, 5617.156125800679, 0.4646350928545018, 5617.620760893533, 0.0007373121628231561
              0.0011966196922357944,            -0.00043142984399678483,                     -0.05548004777530363,                   0.00014779965155881528,            2.302329411040954,                  0.5559118230866748,               2.767955577817455, 5617.019205730694,0.45145202062297507, 5617.470657751317, 0.0006429656435467985
              0.0009346153572197648,             -0.0007184569789075621,                     -0.05057031719640145,                   -0.0026146328903259874,           2.1849465999945306,                  0.5706049725205442,              2.8726921670827066,  5617.12291889207, 0.4719303279638532, 5617.594849220033,   0.00071323035921576
              0.0011754762761370101,             0.00013799577407182242,                     -0.05289716954083799,                    -0.006718573345944898,           2.1822346724333026,                  0.5734979874534009,              2.8429976818408944, 5618.036899274692, 0.4740494723047417, 5618.510948746996, 0.0017789611250833544
              0.0008088279113530132,             -3.120316154623284e-05,                     -0.05175406011155836,                    -0.006622736637191948,            2.180120039325796,                  0.5713772941934276,              2.8719913134749415, 5618.007013972107,0.47381810879532965,5618.4808320809025, 0.0017265829014338283
              0.0015227452235422676,             -9.224187501920579e-05,                    -0.057643196934311115,                   -0.0026545413017302765,           2.1913291332961853,                  0.5711931880281648,              2.8286416665905465, 5617.290000440331, 0.4748557780745276, 5617.764856218406, 0.0008429317559669218
             -7.037421519739909e-05,              5.599703996950825e-05,                     -0.05000553904405426,                   -0.0008184345529826182,           2.2013233533251966,                  0.5701387283018006,               2.855549871280658, 5617.220731486493, 0.4681679313535741, 5617.688899417846, 0.0007865191315403962
             -0.0004430828870766473,             0.00018312782157333207,                     -0.05438534309474239,                    -0.001965132575228677,           2.3193984146662037,                  0.5545238234523254,              2.7669015994644734, 5617.198321721762,0.44760104265610007, 5617.645922764418, 0.0007690894498025355
             -0.0009755147306019243,              0.0006345632713585359,                     -0.05328672546355618,                   -0.0032683555177574386,           2.1833300664597894,                  0.5716869279986312,              2.8483874651864385, 5617.058605292087,0.47385768337226847,  5617.53246297546, 0.0006688038729883714
             0.00035751916683785656,             -0.0003155732000376367,                     -0.05630426440283642,                   0.00019354638033680782,           2.2814674981792833,                  0.5586765313936117,              2.7901625093596367, 5618.021944049724,0.45592790285204254, 5618.477871952576, 0.0017525543133285466
              0.0020661028206929474,              -0.000549973714014925,                     -0.05396727563754902,                    -0.002983907721210065,           2.2753598748782697,                  0.5607663765291192,              2.7887544306289627, 5617.350979925943,0.45574615012166864,5617.8067260760645, 0.0008959328684479806
              0.0013700800108852283,              0.0003951067355437824,                    -0.053271015651176735,                  -4.8299686386951684e-05,           2.2268004860435187,                  0.5645134410108987,              2.8238752255946853,  5617.44315992072,0.46485167806327027, 5617.908011598784, 0.0009824460991654312
              -0.000779422455913358,              0.0009445217326572217,                    -0.054918540686598204,                   -0.0010819088772845232,            2.221604479266293,                  0.5663936385731705,              2.8320406898891433, 5617.831587467437,0.46689577361341633,  5618.29848324105, 0.0014487740978406274
              0.0011349983401218052,              0.0008878172136758136,                    -0.050499996107745325,                    -0.005334364463675362,            2.310512039216853,                   0.556484627600233,              2.7578114931717304,  5617.07150316815,0.44714217154486924,5617.5186453396955, 0.0006774858918967094
             -9.812721747076078e-05,               0.000321393917115626,                     -0.05315940185382595,                    -0.005527223489211602,           2.2224926045367255,                  0.5650264385136448,              2.8373410919725606, 5618.046949594891, 0.4658151716198801, 5618.512764766511,  0.001796930401247611
               0.001074553319563899,              0.0012815117090587964,                    -0.054639788593356345,                    -0.004820185081379264,           2.2768622743777436,                  0.5609729282692903,              2.7651774624198904, 5617.611616929244, 0.4559316820808168, 5618.067548611324, 0.0011627027023355528
              0.0016167021948712095,              0.0009538501008303542,                     -0.05031469134225542,                   0.00038892349260777516,           2.2764104282830786,                  0.5602731518955313,              2.7873559607556535,  5616.95177952656, 0.4533727780250383,5617.4051523045855, 0.0006010421632173787
            -0.00014114360997741421,              0.0003979618636980121,                      -0.0487183348374182,                  -0.00044524095737444845,           2.1917965563883617,                  0.5718765527331409,               2.829432601100928, 5615.876207493118,0.46943479513889314, 5616.345642288257, 0.0002050170309999975
            -0.00012981585238322184,            -0.00031554912702897993,                     -0.05580672065716576,                   -0.0055610830523512315,            2.197082523609866,                  0.5707912825676367,               2.826073489011238,  5617.64354768842,0.47262366234524983, 5618.116171350765, 0.0012004277721415601
              0.0005048568294566103,              0.0005606000663237827,                     -0.05408361251173892,                    0.0014051001191525078,             2.23650994058891,                  0.5653968527774917,               2.792720406158298, 5618.018288432309,0.46338955702474693,5618.4816779893345, 0.0017461593411682126
              0.0013287572565257694,              0.0005491021400448247,                     -0.04993927919476694,                     -0.00594510047569506,           2.2627802063066165,                  0.5608134627983667,              2.8137943409090873, 5618.049514956776,0.45599723387338503, 5618.505512190649, 0.0018015460959412166
            -0.00013200389290676546,              0.0015273538339828554,                     -0.05442580925296158,                    -0.003818812606603575,           2.2400252968826617,                   0.564636663223728,              2.7943063941011284, 5617.924462840974, 0.4629740980628793, 5618.387436939037, 0.0015897759949219388
            -0.00010576087842528953,            -0.00017894163743207404,                    -0.051399260980704235,                    0.0011697386022708426,           2.2094061514996115,                   0.568572535843505,              2.8267147852477077, 5617.697686928503, 0.4672952837050952, 5618.164982212208, 0.0012672094635617487
              0.0009103907063120462,             0.00031753317890246733,                     -0.05447859718291416,                    -0.008278654642090502,           2.2721497050778887,                  0.5590349609429865,               2.799610288134067, 5616.851882070556,0.45698619725496925, 5617.308868267811, 0.0005439012100401525
              0.0006614733092840002,              0.0009625612889988999,                    -0.057569837240203044,                       -0.003476743152574,            2.227063540090342,                  0.5649527098202658,               2.852045602384991, 5616.965587682238, 0.4675091974979873, 5617.433096879736,  0.000609399010520792
              0.0018068421268936327,              0.0002439018348726771,                     -0.04945735976998624,                   -0.0034470567527299604,            2.232701577173428,                  0.5666424835459529,               2.804300004130196, 5617.463939566709,0.46156142850695797, 5617.925500995216,   0.00100307456515489
              1.631040341094938e-05,              0.0008301458126161908,                     -0.05352941848946147,                    -0.006673978578459848,            2.280327513761749,                    0.56001366650422,              2.7698921129404726, 5617.989404767347, 0.4547036643756141, 5618.444108431722, 0.0016964452781388297
            -0.00016435212401033012,             0.00044774472702087246,                     -0.05694138384522696,                    0.0006932467912346899,           2.1987865732260423,                  0.5705576425681462,              2.8315521580998118, 5617.483445832988, 0.4728131302032975, 5617.956258963191, 0.0010228328837418512
              0.0016593983668094444,               0.000597856742140497,                    -0.052348516751799794,                    -0.007510537923759777,           2.2152117962597115,                  0.5674755205526056,              2.8455671933988933, 5617.383324555949,  0.466979028430706,  5617.85030358438, 0.0009253852308210463
              0.0012019690818711917,              0.0008903213943054036,                     -0.05073563145406421,                    -0.006924678520359683,            2.230386284735187,                  0.5672438751896752,              2.8107201494306233, 5616.825661565431,0.46293223361798735, 5617.288593799049, 0.0005298251921709363
              0.0018659504771741918,              0.0007532411499583097,                     -0.05138200749045658,                    -0.004252670368821299,           2.1638336487306655,                  0.5742433127368912,              2.8886903061061684, 5616.112123561547,0.47693298500028924, 5616.589056546548,0.00025956551114350205
             0.00036057924923599776,              9.429063874941361e-05,                     -0.05485970290666914,                    -0.006124962823251349,            2.226795470981434,                  0.5663469588526675,              2.7928346799186663, 5616.967253972048,0.46600493617054706, 5617.433258908219, 0.0006104152923569482
               0.001326695053204869,             0.00022157231815035105,                     -0.05368903194135612,                   -0.0032476818897051204,           2.3190195032202485,                  0.5553938183595424,               2.764252811909218, 5618.018753100512, 0.4472993314464173, 5618.466052431959,   0.00174697091443256
             -0.0005519490060121872,              0.0006954897146044712,                      -0.0533859112677836,                   -0.0046908760907441545,           2.1987926626980534,                  0.5713772174187118,              2.8385977603140127, 5617.540856189493,0.47075530911656355, 5618.011611498609, 0.0010832724121229054
              0.0005555442855310306,              6.587449579453093e-05,                      -0.0540573377814157,                    0.0005308251378290014,           2.2210674363683123,                  0.5685837910295979,              2.8000038195107013,  5617.90222046411,0.46647169078457057, 5618.368692154894,  0.001554805948286978
            -0.00023100176016038613,               0.001133408796436959,                     -0.05336835065306699,                    -0.004272677178183938,           2.1797387361469123,                  0.5705909581513668,              2.8712254679040967, 5616.137742999907,0.47470265916474685, 5616.612445659071,0.00026630134953320174
            -0.00023264838220319004,              6.720486984249796e-05,                    -0.051808816823228056,                    -0.005159781719426162,            2.197982733096356,                  0.5713362453963442,               2.812422513204088, 5616.535289709963, 0.4700228249160564, 5617.005312534879,0.00039630149420622526
              0.0008672193568101769,            -0.00015577770722876723,                      -0.0542666898868798,                    -0.001609993594449921,            2.209307663035414,                  0.5699560476585421,              2.7968218456875906, 5616.985438297186,0.46900960791926916, 5617.454447905106, 0.0006216168199471024
              0.0016733345659908708,             -0.0004067059946564864,                     -0.05167821147775525,                   -0.0018488195170973066,            2.182955233688325,                  0.5709378111341141,              2.8517902694638204, 5617.329629840708,0.47296693752580543, 5617.802596778233, 0.0008770073746832878
              0.0021105845842914867,            -0.00047651573166331316,                    -0.055220842845468625,                  -0.00026485130327359436,           2.2467289725093678,                  0.5637664051566442,              2.8155828341986036, 5616.996663664657,0.46205869884203976, 5617.458722363499, 0.0006286340087528844
              0.0006941100339264227,              0.0007612862254949067,                    -0.058388624787466065,                   -0.0023271744699072706,            2.224149099707466,                  0.5664167174645248,              2.8048851908454555, 5617.130361488324,0.46858630418932223, 5617.598947792513, 0.0007185584476263066
              0.0011574556430553403,             -0.0005532255910196661,                     -0.05331975723094511,                    -0.007623429779463903,           2.2034443192845714,                  0.5697460545493248,              2.8252980456178447,  5617.32006533232, 0.4699613693637707, 5617.790026701684, 0.0008686592169451646
            -0.00022163704297893032,            -1.2989489186583831e-05,                     -0.05446926534920326,                    0.0005357165393417568,           2.1589581412217136,                   0.575716953140174,              2.8628838845206888, 5617.185327940216,  0.479671028061234, 5617.664998968277, 0.0007591607151026016
              0.0012665900373945713,               0.001094268760437431,                     -0.05595344666819429,                    -0.003414306727366949,            2.192002550742713,                  0.5725972082981791,               2.821520296840122, 5617.098817135629, 0.4736774451343297, 5617.572494580763, 0.0006962457563733467
              0.0006495634676567473,             -0.0011157601853012441,                     -0.05286812849381809,                    -0.002174179493853178,            2.237355622208739,                  0.5658629051706087,              2.8145398572599802, 5618.018122387646,0.46251973099587623, 5618.480642118642, 0.0017458694247985845
              0.0018187108733834975,              0.0007175056460926808,                    -0.050821143973617616,                   -0.0036989395434505385,           2.2844940270858767,                   0.557344787020216,              2.8005466313394516, 5616.660956281381, 0.4521797640649929, 5617.113136045446, 0.0004493678610714673
              0.0008924247140887358,            -0.00019944149445511101,                     -0.05275102682120337,                     -0.00665770472886418,           2.1561072559515595,                  0.5750688191779482,              2.8790401121838602, 5617.609194316653,0.47950899760878374, 5618.088703314262, 0.0011598893333572475
              0.0018185571567917772,              0.0009041386523474049,                     -0.05173707573802479,                   -0.0020316208166940423,           2.2456491689145217,                  0.5651984912264992,               2.783086245460189, 5617.008099835819,0.46022207243514685, 5617.468321908254, 0.0006358644402985823
              0.0016790901726640585,              0.0012887291457606403,                    -0.054802254374091704,                   -0.0058283548931242464,           2.1785301636709034,                  0.5715303901516509,              2.8686972701268587, 5616.097462103638,0.47592362669139593, 5616.573385730329, 0.0002557876643708193
              0.0014145770873286018,              0.0003715861862104857,                     -0.05770386576096888,                   -0.0025929536606292725,            2.152782151577655,                  0.5761837788255963,               2.870791210409471, 5617.274685364415,   0.48306295548246,5617.7577483198975, 0.0008301205448739214
              0.0011158852049923933,             -0.0003158715258447954,                     -0.05821041231394516,                   -0.0008864024119378401,            2.254292015047094,                  0.5622362236191213,              2.8151102082721655, 5617.541432614218, 0.4624348241967269, 5618.003867438415,  0.001083897017127073
             -0.0001554966248195544,             -0.0008642141238199367,                    -0.053376363950582026,                  -0.00020760689306178234,           2.2224081285579262,                  0.5655871359354006,              2.8343433461773806, 5616.478655347331,0.46579485919647146, 5616.944450206528,  0.000374480940304608
            -0.00015676434331509897,              0.0018521757954434099,                    -0.053917599014509765,                     -0.00287631317142611,            2.206918200783287,                  0.5697738469338826,              2.8319419898335294,5617.5725766822015, 0.4693363094052096, 5618.041912991607,  0.001118185143947444
             -0.0003230565498282652,              0.0005615675175414963,                     -0.05766258554554983,                   -0.0021912015056053703,           2.2100576310301037,                   0.569267768086521,               2.810370000677568, 5616.605111564964, 0.4709779709193735,5617.0760895358835, 0.0004249608833798963
             2.4474091334642238e-05,             -0.0006482062984104399,                     -0.05347802225726934,                    -0.006923362910156737,           2.2169574329536212,                  0.5675898142392927,               2.827641134739028,  5617.99432338465, 0.4672256104557629, 5618.461548995106,  0.001704809997800731
              0.0012368503555551576,            -1.6149674124649238e-05,                    -0.050517071523776755,                    -0.006457584687223242,            2.191359876157587,                  0.5701099397486539,               2.839732398598204, 5617.222280669851, 0.4707554480282347, 5617.693036117879, 0.0007877385381883222
             -0.0005473763586466166,               0.001278306831160146,                     -0.05275292046886796,                    -0.004270974970588077,           2.1640168699938984,                   0.574987428610521,              2.8547339736112107, 5616.725525228001,0.47767608162147157, 5617.203201309622, 0.0004793403024143447
              0.0006252144481740852,             0.00032490583570076353,                     -0.05268374587396293,                      -0.0059978249159197,            2.244599188009285,                  0.5643603156640037,               2.835957679923638, 5617.507157707487, 0.4611363242133051,   5617.9682940317, 0.0010473760004232314
              0.0008800978266690232,             -0.0002846899776470702,                    -0.052579313309073714,                    -0.004081987903431999,           2.1896271395307405,                  0.5694742318655805,               2.847871353981426, 5617.646123125003, 0.4721548848673121, 5618.118278009871, 0.0012035233823043754
              0.0007944036894337962,            -0.00023001563069649942,                    -0.054646800306227594,                    0.0009602646309791424,           2.2216348580536787,                  0.5655201435092483,               2.837710934678733, 5618.005668676357, 0.4667182997807206, 5618.472386976138, 0.0017242616984966884
              0.0015773423196351886,              0.0005073955603383251,                     -0.05477759057756502,                   -0.0004417475697587739,            2.228846507884706,                  0.5675004643257638,              2.7916869965374893, 5617.267515570242, 0.4653488191033683, 5617.732864389345, 0.0008241900370936999
            -1.2973973951692625e-05,              0.0003728137641132116,                     -0.05586119695281854,                   -0.0034071914432758994,           2.1762336434194447,                  0.5750540896801877,              2.8423063166340636, 5616.840912648846,0.47691071487110925, 5617.317823363717, 0.0005379675323043416
              0.0015101356996514916,              0.0013945713723855521,                     -0.05391417814769452,                   -0.0016423017152951602,             2.30316588516235,                  0.5555715762964123,              2.7673317894058385, 5616.696276493321, 0.4503719714385016,  5617.14664846476,0.00046552325566792256
              0.0010189192085698917,              7.196722550097129e-05,                     -0.05743747988694862,                    8.071335703460485e-05,           2.2465309855710536,                  0.5650835912693295,              2.7899383332243737, 5617.127486478155,0.46346470657125566, 5617.590951184727, 0.0007164955516272998
              0.0017334053482831674,             -0.0004865275165491565,                     -0.05307134537845394,                    -0.007156057112312385,           2.2387541365034105,                  0.5642199989997939,               2.836727809092519, 5616.136437400844,0.46262710972103954, 5616.599064510566, 0.0002659538936094333
            -0.00027000299756215797,              3.397260479359727e-05,                    -0.054709116117496945,                   -0.0004251068649681334,            2.199235043024322,                  0.5692580972025283,                 2.8304835349381, 5617.864734559932, 0.4713332371366687, 5618.336067797069, 0.0014976015198053718
              0.0004810910313600013,            -0.00030737964961147907,                     -0.05525905731734071,                   -0.0004716250421377244,           2.1373779877204293,                  0.5781821104476146,              2.8856084715044616, 5617.220382165743,0.48483025140303615, 5617.705212417146, 0.0007862444320697037
              0.0007472941690493708,             -0.0002944831783032103,                     -0.05455394977069423,                     0.000601661338528797,           2.2178136829127535,                  0.5657792474501138,               2.843333013807401, 5617.607557055791, 0.4674341737697392, 5618.074991229561, 0.0011579918457129863
             1.4430545705576515e-05,              0.0009302187525621035,                    -0.058107428851646444,                   -0.0022381327897368656,            2.264020412757692,                  0.5623279840237411,              2.7778351576729605, 5616.798155542516,0.46048295312551213, 5617.258638495641, 0.0005154504111187208
              0.0019309087084633753,            -0.00024622739043646816,                     -0.05053324726102736,                    -0.005061311289206214,           2.3064397215741153,                  0.5558476898638107,                2.77061314541404, 5616.520365919983,0.44791875216979604,5616.9682846721535, 0.0003904310872524544
              0.0006395483511817435,             -0.0006264914819322284,                     -0.04990051081099513,                   -0.0013307783858007307,           2.2357640876594154,                  0.5639195065226185,              2.8270851425444485, 5617.906588828363, 0.4611223454178865, 5618.367711173781, 0.0015616127635123289
              0.0013542194184698185,               0.001463904939203759,                     -0.05696134906150547,                   -0.0036257004715591224,            2.271075274411066,                  0.5603497935788339,              2.8020685108852854, 5617.379485594749, 0.4584407146226463, 5617.837926309372, 0.0009218395230966532
              0.0012845178518933415,              0.0002817728371516875,                     -0.05515350289997884,                   -0.0023471004026331885,           2.2965780598379535,                  0.5577427672898072,              2.7937547587570974, 5617.800518328896,0.45237014849637475, 5618.252888477393,  0.001404453993504674
             0.00025619827378572094,              0.0007183160084144942,                     -0.05396942418060221,                     -0.00788097660054534,           2.1828531131089424,                  0.5710053107704613,                 2.8632128917991,5616.9748787941535,0.47464597426900157, 5617.449524768423, 0.0006150873896918447
             -0.0002834038695056313,              0.0011604792139272883,                     -0.05572871085176682,                    -0.003770370513742703,            2.181309142449814,                  0.5731470685695527,               2.836419890856104, 5617.631373981368, 0.4757810248871754, 5618.107155006255,  0.001185902707430641
              0.0016294889785267597,            -0.00026443079147057345,                    -0.052361032286072876,                   -0.0024268735393515105,           2.1781202719061508,                  0.5722763045273724,               2.881220211663603, 5617.634993133821, 0.4743908732545671, 5618.109384007075, 0.0011902024461351904
              0.0011548524192929565,            -4.5852684628076074e-05,                    -0.048431373024576986,                    -0.002711684188376566,           2.2346884186821607,                  0.5666345643568379,               2.800961833227028, 5616.980568816982,0.46056904932084813, 5617.441137866303, 0.0006185972270382468
              0.0008672372390460839,             -0.0005678364759460159,                     -0.05376697202008866,                    0.0023508072419614343,           2.2717473564167867,                  0.5603267001004508,              2.8017793563797477, 5616.397875781122, 0.4562869498163458, 5616.854162730939, 0.0003454200945843861
              0.0018008557843556716,            -0.00013128559692897592,                     -0.05570770567020336,                   -0.0073384807645356254,           2.1913259162618495,                    0.57007787657741,              2.8601960227041907,  5615.98856011706,0.47390283738101396,5616.4624629544405,0.00022939506175540203
              0.0021773719635050496,             0.00043997590118693655,                     -0.05421351442734674,                    -0.002488313309337957,            2.182115802301495,                  0.5728257740017239,              2.8635770052309555, 5617.261706632682,  0.474660995208536, 5617.736367627891, 0.0008194162473778154
             0.00039257251846539724,              0.0006187508812442186,                    -0.054909380168338635,                    0.0005819768390675565,           2.1395682062188115,                  0.5785712983678373,              2.8811169213776884, 5617.250651902104,0.48413911219247263, 5617.734791014297, 0.0008104077067689027
              0.0008310555075806027,              5.542952003605897e-06,                    -0.056865447851704526,                      -0.0017977893948857,           2.2910815631960064,                  0.5568074502229021,              2.8021588737812992, 5617.423150248424,0.45446175342097567, 5617.877612001845, 0.0009629830486947264
              0.0006949851932024965,              0.0006175546603175494,                     -0.05674447407875754,                  -0.00045720854159391665,           2.2676959923018205,                  0.5610989995074991,              2.7676214979974225, 5616.794792582909, 0.4588707100943983, 5617.253663293004, 0.0005137198836848941
               0.002035499066677899,             0.00033772351815390347,                    -0.056004140455040714,                   -0.0027540434310418843,           2.2860293784890025,                  0.5598598421980848,              2.7804658348929356,5616.3953240457995, 0.4549302854584253, 5616.850254331258,  0.000344539797548145
              0.0009902260980939822,             -0.0002787813113928302,                      -0.0520338625054377,                    -0.008172980962432835,            2.235151557631511,                  0.5653928432425122,               2.828458226535199, 5617.250183185013, 0.4628157253528546, 5617.712998910366, 0.0008100279438334768
              0.0003041104632722482,              -0.000618881084888219,                     -0.05132086649182097,                    -0.006671614950246628,            2.231464548955819,                   0.566551788217453,               2.813626740046013, 5617.626963241665, 0.4630184987741247,  5618.08998174044, 0.0011806835179801727
              0.0016005245261786428,              6.931957817528699e-05,                     -0.05074921843366331,                    -0.004110112149331652,           2.2208886399875083,                  0.5673452820780245,               2.801664500676602, 5617.973378430805,0.46468656076850096, 5618.438064991573, 0.0016694741764388165
             -0.0001657860364343056,             -5.238463001167615e-05,                     -0.05338775676895866,                    -0.004227680163593214,           2.2597198494642283,                  0.5631197565375733,              2.8070272595870653,  5618.29146788294, 0.4584669331000039,  5618.74993481604, 0.0010233293578559067
              0.0006799240030739401,             0.00030743726167479796,                      -0.0547313611373735,                   -0.0029964516846160277,           2.2668285356981728,                  0.5593819593752356,              2.7915415808974164, 5618.327348908172, 0.4578397306816505,5618.7851886388535, 0.0010607141559789025
              0.0010075996837553545,             0.00023233134653015452,                       -0.052475624227231,                    -0.002286319701298581,            2.167680424669259,                  0.5756237808641421,               2.867665545925517,   5618.2944600348,0.47665587869621484, 5618.771115913496, 0.0010263959001895607
             0.00028357951011990395,              0.0005720866714550132,                     -0.05201372150306326,                   -0.0010259676670826047,            2.217121905845977,                  0.5694206130798415,              2.8184015304096137, 5618.562785849759,0.46607345405650685, 5619.028859303816, 0.0013422930125407766
             0.00016272902382949252,             -0.0005826857822113942,                     -0.05631251420815292,                     -0.00448082941649344,           2.2100376431350135,                  0.5682277756312266,               2.825872285966539, 5618.583183570294,0.47021177558872695, 5619.053395345883, 0.0013699538805561039
             2.6520011370444215e-05,              0.0011273754959460894,                     -0.05564622209198338,                   -0.0041995405085872295,            2.251370121685506,                  0.5633490109498006,              2.8201352463840594, 5618.838917779542,0.46148180034209285, 5619.300399579884, 0.0017691713704736619
             -0.0005121598152247327,             -0.0005866669509539284,                    -0.053966990871750234,                   -0.0034235984480640498,           2.2311614434836535,                  0.5657186926627102,              2.8173730455570842, 5618.568824626456,0.46444574704405733,   5619.0332703735, 0.0013504233442270801
              0.0007105035723883052,              3.653271286192505e-05,                     -0.05584103635454908,                   -0.0034170558456572435,           2.2352243292857303,                  0.5667209661583665,                 2.7883174099711, 5618.457590460714,0.46477352083678636,  5618.92236398155, 0.0012082632112256815
              0.0004453394910314778,              0.0005111716491134448,                     -0.05155951713804164,                     0.001106488264975321,           2.2124640037292496,                  0.5693128229512577,              2.8338818846053444,5618.1838993876845,0.46676290884912797,5618.6506622965335, 0.0009189651241181402
             0.00034420558396660477,              0.0011736334081144785,                    -0.052455900902898735,                   -0.0028098864643624787,           2.1676771558574126,                  0.5736725242208625,               2.883784174518592, 5618.666861735063, 0.4766622702696676, 5619.143524005333, 0.0014895219658840237
              0.0008720802308550355,             -0.0008494875093394783,                    -0.050759190005396373,                    -0.004925580764351811,            2.261892845107824,                  0.5616041931073412,               2.806398376383722, 5618.392017928443,0.45656447499690267, 5618.848582403441, 0.0011315760931089156
              0.0006168075066449927,             0.00044101315263195804,                     -0.05837917500295771,                    -0.002945374415413903,           2.2200531651692432,                  0.5682048384678516,              2.8095484765001286, 5618.153908916713, 0.4694250979120802, 5618.623334014625, 0.0008918140982684798
              0.0005814982493848297,            -0.00039663924140313165,                    -0.050823134980734506,                    0.0006455445503355498,            2.217796063801706,                  0.5675044731363775,              2.8407152243171367,5618.2653387220225,0.46525310386144647, 5618.730591825884,   0.00099693692798125
              0.0005407345078984204,              0.0001384142834375317,                     -0.05505154206009297,                  -0.00012109453194939612,           2.2413077231384912,                   0.565904528182982,               2.815004648986304,  5618.28386735307, 0.4630069768276088, 5618.746874329897,  0.001015580995633919
             0.00010343592260359953,              0.0015624893088134909,                     -0.05509565914129148,                   -0.0025125184296480754,            2.231069671777662,                  0.5652992553399684,               2.839406863574938, 5618.326221040016, 0.4651282544083349, 5618.791349294424, 0.0010595184846664205
              0.0006435513312356224,             0.00021490770174797274,                    -0.054526249314453386,                    -0.002012364697061552,            2.197356226795424,                  0.5707968455951857,              2.8680661571072976, 5618.099833910286,0.47163468932849933,5618.5714685996145, 0.0008448699366790356
              8.697151544971811e-05,              0.0010444228538852556,                     -0.04890867893596555,                   -0.0025751207078558024,           2.2093596391748185,                  0.5690723567401134,               2.825850738527869,  5618.18551733564,0.46595199547114097, 5618.651469331111, 0.0009204531653237109
              0.0004589312002399358,             -6.174965150419647e-05,                     -0.04857142627261824,                   -0.0026215975145547645,           2.2284556879812483,                   0.567022487445595,              2.8089750370298816, 5618.146780621553, 0.4618872021220596, 5618.608667823675, 0.0008854795881004926
             -4.710319853806076e-05,              0.0012243592977911534,                    -0.052314300910557616,                    -0.006284523397114301,             2.20794871725319,                  0.5690043998987927,              2.8286246093386636,5618.6868752291575, 0.4683411954287349, 5619.155216424586,  0.001519632811524123
               0.001715887226690772,              0.0008305229968691854,                     -0.05678297484730961,                    -0.003907450565039429,            2.223920931129104,                  0.5672761237712843,              2.8162074611425734, 5618.743801124866,0.46767409886273537,5619.2114752237285, 0.0016086488933840456
              0.0009437516169218512,               0.000877496127008548,                     -0.05282804908331732,                    0.0003361113846218516,           2.1847010797068336,                  0.5718999511969558,               2.835546139914481,  5618.69349217436, 0.4732428371017926, 5619.166735011461, 0.0015297214798377667
               0.000558210575319487,               0.001436926831351725,                     -0.05462467349807598,                   -0.0008581923957068111,           2.1570249991604507,                  0.5757337127633548,               2.874206151133497, 5618.182632444614, 0.4801957539341322, 5618.662828198548, 0.0009178015848465407
            -0.00044352845607896404,              0.0008317827804080123,                     -0.05139113829954033,                   -0.0017351820895507018,           2.1925212419399007,                  0.5706230811551182,               2.838903914527381, 5618.664446978438, 0.4707900817249005, 5619.135237060163, 0.0014859294720928186
              0.0007864226222384393,            -0.00041791963283908294,                     -0.05030487220758704,                   -0.0004344041150917129,            2.222032766942683,                  0.5662106375787879,               2.822712147092904, 5618.744570584386,0.46410260125470254, 5619.208673185641, 0.0016098871599257902
              0.0009964117491978986,            -0.00013921795729521295,                     -0.05756032342669896,                   -0.0012586400550120746,           2.2730177897755444,                  0.5595628942573134,               2.796123529334713, 5618.419965391015, 0.4583648032313443, 5618.878330194246, 0.0011636468341291414
              0.0004075280896098341,              0.0007059738705528945,                    -0.053907851224628295,                    0.0006603183661215113,            2.179263778300327,                  0.5731637620748744,               2.867069124842267, 5618.547723030324,0.47502143622463106, 5619.022744466549,  0.001322225809012273
              0.0004316922623412479,              0.0010489248735114042,                    -0.051643003219355374,                    -0.004931937927564235,           2.2454451610175794,                  0.5648385156062923,               2.784289651616635, 5618.567480117106,0.46030493742887146, 5619.027785054535,  0.001348608907451218
              0.0006615180402473801,              0.0013312405096948703,                    -0.056652770000042436,                     0.000432001497354158,           2.2296892642545036,                  0.5653670631081951,              2.8224669121538044,  5618.10649367758,0.46633705881168475, 5618.572830736392, 0.0008505153515600065
              0.0002372710108605178,             0.00044059006899675236,                    -0.052812116771484015,                   -0.0017732722671972543,           2.2352828514028382,                  0.5672404874535799,              2.7952831597472003, 5618.304650640404,0.46288464581526184,  5618.76753528622, 0.0010369089723077228
               0.000296053467475496,               0.001039313601514056,                      -0.0541972402367812,                   -0.0003427047452983915,           2.1643204461159473,                  0.5752826826751388,              2.8555367551721913, 5618.784453936539, 0.4783644906015941, 5619.262818427141, 0.0016753924589629268
              0.0009125691409837321,            -0.00040347282161937127,                     -0.05616371293894524,                   -0.0004954826760535675,            2.167272301920371,                  0.5741407154017224,              2.8730607131925376, 5618.335741843209, 0.4789406183463584, 5618.814682461555, 0.0010696541247926968
             0.00025248041022253457,              0.0007591428722032312,                    -0.051016140795413466,                    -0.006018108691826598,           2.1750993095350712,                  0.5730517940132032,               2.871666692892636, 5618.274698755648, 0.4744130357689939, 5618.749111791418, 0.0010063120986597708
              0.0006004268318546942,              0.0002882813670040039,                     -0.05291631827115197,                    -0.002393901482856817,            2.275845655807738,                  0.5582655409272658,               2.818802834256969, 5618.361998116216,  0.454987725602097, 5618.816985841818,  0.001098111209182991
              0.0009657107452687621,              0.0006086620334280947,                    -0.050113386483084096,                   -0.0012891079745425383,           2.2273048741833854,                  0.5648272609448904,              2.8379558464049124, 5618.868906831354, 0.4629415359527653, 5619.331848367307, 0.0018230307010544489
              0.0015084636580391885,            -0.00031257125974463643,                     -0.05063699193011435,                    -0.004418542074009456,           2.2700384955295756,                  0.5614728702271387,                2.79182489116983, 5618.484758898035, 0.4548878395523093, 5618.939646737587, 0.0012415398245079498
              0.0020122637354960714,               0.000197354276086562,                     -0.05392836737591825,                   -0.0025670142576328854,           2.2074664593771898,                  0.5674912223878819,               2.847187414514986, 5618.263315514786, 0.4692243850577268, 5618.732539899844, 0.0009949219570134192
              0.0010181515034081768,            -0.00018578157833231573,                    -0.056303564825453276,                    -0.004634698582423676,             2.24966327052135,                  0.5636165088350988,              2.7856848087310495, 5618.866799003111, 0.4622478743668149, 5619.329046877478, 0.0018191921124181254
               3.43318239994483e-05,              0.0012594742768671449,                    -0.053445011483264804,                     -0.00416131348965505,           2.2155722590634612,                  0.5694557359532407,               2.822509631600817,5618.0479050696395, 0.4673243995683732, 5618.515229469208, 0.0008021164956774453
              0.0010236722094180248,            -3.9660990614758154e-05,                     -0.05058789985842744,                     -0.00410145829865586,            2.207611859015587,                   0.570495614065263,               2.825578341628649, 5618.375407053956, 0.4672948849080332, 5618.842701938865, 0.0011129348767300734
              0.0011832869999956327,              0.0006186462485231098,                     -0.05493198243580447,                   -1.544572050700558e-06,            2.203675114669642,                  0.5681182880814944,               2.857415817919482,  5618.86324049236,0.47056131960188097, 5619.333801811962,   0.00181273000229175
              -0.000669207607546707,             0.00022636167717395104,                    -0.054463581164549364,                   -0.0009287838541748994,           2.2718089122123146,                  0.5604777503573606,                2.79649391910572, 5618.134043839782,0.45666477419632345, 5618.590708613979, 0.0008742729475911177
              0.0005875048193207456,            -0.00046860671525801573,                     -0.05398305261391879,                    0.0005339459339131496,            2.251909358981064,                  0.5636073117166943,               2.814198027888442, 5618.501277238349, 0.4602621614670497, 5618.961539399816, 0.0012622183188615158
             0.00023358349707180694,              0.0012409611425549976,                     -0.05396235781501685,                    -0.002688894990791289,            2.204952063437896,                      0.567618655984,              2.8548063481476467,  5618.80316591892,0.46975104750896796, 5619.272916966429, 0.0017070375207155733
            -0.00031564275336360613,               0.000892329022837895,                     -0.05375930993430407,                   -0.0007299948268045654,            2.284219242815423,                  0.5584441519714729,               2.775070780938313, 5618.221755851049,0.45385019328569437, 5618.675606044335, 0.0009544207721689873
            -0.00016854800581614149,               0.001249692995231469,                     -0.05068369362726031,                    -0.005107071581019406,           2.2400245232936222,                  0.5637877254891486,              2.8142099652514814, 5618.214903523186,0.46084873469857407, 5618.675752257885, 0.0009479031241517908
              0.0006332353405564601,              0.0004796853620892032,                    -0.056541061443658835,                    -0.004016844880233601,           2.2283758603078976,                  0.5669522655507153,              2.8373151058831896, 5618.442467627277, 0.4666109836185388, 5618.909078610896, 0.0011901283190319065
             -0.0003211071547401018,              0.0006042725746976232,                     -0.05105143023939312,                   0.00047205371936446784,           2.2138442613475435,                   0.567851717537687,               2.823938499603231, 5618.150680549077,0.46618595525199075, 5618.616866504329, 0.0008889396369022982
              0.0009691079930371175,              0.0004317497527680691,                     -0.05287652705547586,                    -0.005308077557073226,            2.197477854664725,                   0.571365984707932,              2.8513688753011266, 5618.827200258522, 0.4707628702652101, 5619.297963128787,  0.001748562048638345
               0.000913500439371073,              0.0009579141862511948,                    -0.055301536082296945,                    -0.006237834907215158,           2.2049410768374798,                  0.5697744245699136,               2.815093507157634, 5618.133667731643,0.47074309505541584, 5618.604410826699, 0.0008739441882483337
               0.000656543153784323,               0.001608237985756693,                     -0.05512424042074969,                     -0.00309675901195473,            2.205389330225598,                  0.5703604503334065,              2.8247670349755847,  5618.49242939812,0.47038628472286853, 5618.962815682843, 0.0012510996733765775
              0.0013070089574129327,              0.0012204069568553819,                     -0.05032162371282349,                   -0.0011724094971872602,            2.232618856630585,                   0.564775994784197,              2.8330781943090306,  5618.26930705729, 0.4619980299375375, 5618.731305087227, 0.0010009009680695554
              0.0011839996706569558,               0.000267340617995996,                     -0.04993935594304025,                    -0.000991379862348675,            2.199700893646546,                  0.5694067348765333,                2.86325657456697,5618.1655444276275,0.46847612529453986, 5618.634020552922, 0.0009022514149444484
              0.0011283067580282952,              0.0010166320574472665,                    -0.053892729087970104,                   0.00011739059187366927,           2.2915043766805665,                  0.5585913229161337,              2.7673167120523665, 5618.528079446523, 0.4525431331892116, 5618.980622579713,  0.001296505997206327
            -0.00019424025648541386,             -0.0007496928128208428,                     -0.05322677938782989,                    -0.004027031881900802,           2.2540666295085092,                  0.5634082295139062,               2.813411839066335, 5617.435187601019,0.45947542438013445, 5617.894663025399,   0.00043464794655641
              0.0011975992681563677,             2.5258226727917237e-05,                     -0.04914219761837992,                    -0.002994047932415892,            2.263839380343641,                  0.5627012733314788,               2.794198767740152, 5617.666043635631,0.45520164475027275, 5618.121245280381, 0.0005475164022911668
              0.0002090171932988367,              0.0013470882995285326,                     -0.05595433510742978,                   -0.0003382724216096109,           2.2943502791973893,                  0.5572863824451367,               2.778874162075783, 5617.591459705607, 0.4532580186357284, 5618.044717724243,  0.000508166164588568
             0.00045043551857582053,              0.0010835127776374872,                    -0.050584636389899774,                   -0.0020013682768315433,           2.2166554918786767,                  0.5696388942162579,               2.816251659377567, 5617.081609641309,0.46537558162180254, 5617.546985222931,0.00030519729167724014
              0.0010538305906287132,               0.001203431725743789,                     -0.05236018237811249,                   -0.0019504103722466895,            2.177775742986481,                  0.5721341088951218,               2.845726461161986, 5618.373479477354,0.47445050031660013,  5618.84792997767, 0.0011107916757570817
            -0.00025409821470074163,              0.0005670387754099283,                     -0.05108625495743238,                    -0.004159980327431867,            2.287852832560121,                  0.5572503284521482,               2.799044577968494, 5617.792744853241, 0.4516882568346934, 5618.244433110076, 0.0006214737275279665
             0.00027102338692706397,             -0.0002014173994010037,                     -0.04926255070215472,                   -0.0011306359320811207,            2.229634868099196,                  0.5666706670968612,               2.816736614606808, 5618.438080240519, 0.4619938810930365, 5618.900074121612, 0.0011849182035579807
            -1.2120383032355558e-05,              0.0003028072926068604,                    -0.050111845744838054,                     -0.00491324734946088,           2.2293559248405206,                  0.5657175706982178,               2.841947235085911, 5618.232942409868, 0.4626457639427893,  5618.69558817381, 0.0009651573972546314
             0.00014340764562697795,               0.001594233473088916,                     -0.05112593459712782,                     -0.00555345791529942,           2.2159260668431737,                   0.567920579934111,               2.819314923638853, 5617.839834230102, 0.4659856175628458, 5618.305819847665, 0.0006514385128141696
             0.00028327922835124676,              0.0016720863031107125,                     -0.05370145226572527,                   -0.0017152704924777596,           2.2801161689403653,                  0.5603302326852049,               2.781151796210527, 5617.923000445577,0.45462783557663655, 5618.377628281153, 0.0007079328394856432
              0.0005977415786464802,             -0.0006640492251117039,                     -0.05447627508219109,                   -0.0069119312189422156,            2.255740366283011,                  0.5631497000784954,               2.800296764910718, 5618.091113738121, 0.4600703059936306, 5618.551184044114,  0.000837534554753189
              0.0014247851197003259,              0.0006436432546636859,                      -0.0527978419243701,                   -0.0013429409022034538,           2.1556982339921262,                  0.5766128562037341,               2.863771624861033,  5618.67792438867, 0.4793971533580779,5619.1573215420285, 0.0015060915140338682
                0.00054797129784889,             0.00042781877817767855,                     -0.05171261711697723,                    0.0010829933923735674,            2.245747475620654,                  0.5642943282198671,               2.785208771641722,5617.8671421099625,0.46015187846920325, 5618.327293988432, 0.0006694730390851553
              0.0014549971174770504,             0.00015991759122105086,                     -0.05368660200211682,                   -0.0023906108502637067,            2.182319904700665,                  0.5740150384866776,               2.852495420534037, 5617.610789002788,0.47428412116730334, 5618.085073123955, 0.0005180842049784948
              0.0006985128407505156,              0.0004255819582363227,                     -0.05298562796889474,                    -0.001961641296007224,           2.3082331345812417,                  0.5542632733375937,               2.786705855092337, 5618.156980750122, 0.4488539899012918, 5618.605834740023, 0.0008945578145725235
              0.0018099303786965123,             0.00011533963189700456,                     -0.05394141439513069,                   -0.0006646201229711788,           2.2005354479493775,                  0.5710817637378708,               2.828469575221849,5618.3544263181275, 0.4706204464899716, 5618.825046764618, 0.0010898279320545642
              0.0014874830323204384,             -0.0007329753766800337,                    -0.055606383684274896,                   -0.0033787715159525468,           2.1807188431071287,                  0.5720765263825437,               2.852478026387373, 5618.300086395049, 0.4758212531256722, 5618.775907648175, 0.0010321870495515542
              0.0008948656986403714,              0.0002800136802017638,                    -0.052130489125415846,                    2.917160523728593e-05,             2.14819196949698,                  0.5761212775867138,              2.8921435025688007, 5617.707936078151, 0.4806103448756698, 5618.188546423026, 0.0005709404207596075
              0.0009778353726707328,              0.0003430272627787044,                    -0.056290136900556634,                   -0.0007097832061365295,           2.2256201200066354,                  0.5680130182840993,                2.80203215807344, 5618.484644481526, 0.4669249602740562,   5618.9515694418, 0.0012413977799817816
              4.967846092189911e-07,             -0.0005781763494437688,                     -0.05413737777928634,                   -0.0010928927707344665,            2.216603173460191,                  0.5679481821418648,              2.8465186888693763, 5618.127314751143, 0.4674317661307619, 5618.594746517274, 0.0008684096369251439
             0.00038951152174455456,              0.0007783955671771619,                     -0.05174706388383083,                     0.002389946181513897,            2.230013390507083,                  0.5658376813942761,               2.815560086182888, 5617.895435179263, 0.4633401788285077, 5618.358775358091,  0.000688684987086312
              0.0012746452048387849,              0.0006045925937162849,                     -0.05351235877269326,                   -0.0003757164689704128,            2.298977993329381,                  0.5574025889839097,              2.7598872203055542, 5618.873052165925, 0.4508964680868153, 5619.323948634013, 0.0018306034582057467
              0.0006765271387638565,               0.001024655021003055,                    -0.052585195560410025,                   -0.0027541396561477213,           2.2613043670582416,                   0.562860980473959,               2.768853573493155, 5618.493451879407,0.45763539953083504, 5618.951087278938, 0.0012523795535957845
              0.0017580358378878355,              7.086438408555589e-05,                    -0.055147285852247506,                    -0.005601764689014015,            2.225750263639843,                  0.5673195373171556,              2.8254772042687675,  5618.50291650548, 0.4663739185896954,  5618.96929042407, 0.0012642891287058043
            -0.00019253391427518642,              0.0012138267480464265,                     -0.05373495741353131,                    -0.004862037267242189,            2.239809431453088,                  0.5648776378155831,              2.8266875477421545, 5618.726022945749,0.46264764078696596, 5619.188670586535, 0.0015803027631060495
              0.0010457654225308507,              0.0006882317704990827,                     -0.04948757139197493,                   -0.0016683636288458512,           2.2664396905105173,                  0.5598693815084169,               2.803228591323685, 5618.239417862191,0.45485048871846673,  5618.69426835091, 0.0009714275069531652
              0.0007999296491762125,             0.00044096975266290806,                     -0.04986739078220944,                    -0.005902426428855595,           2.2682983472873164,                  0.5616958204240033,              2.7768827604802913, 5618.221509359052, 0.4548726121606044, 5618.676381971212, 0.0009541855440788632
               0.001410334741810368,             0.00023679392662617592,                    -0.050714039420993146,                    -0.002729749135473944,           2.3158765352949207,                  0.5543504463325079,               2.757376520735626, 5618.031869446522, 0.4461431174282843, 5618.478012563951, 0.0007893566374183147
              0.0011299755476197456,             0.00031877697005795285,                     -0.05809153007793853,                   -0.0021041614020411905,           2.2813096631515473,                  0.5591343503654822,               2.775144212248947, 5617.970816325538, 0.4571248768515947,  5618.42794120239,  0.000742605619965512
              0.0013865506452565048,             -0.0003941661611354783,                    -0.049883716179939315,                   -0.0047911253141498895,            2.239089377293467,                   0.565346743109472,              2.8012096634832755, 5618.406775150421,0.46057356379004016,5618.8673487142105, 0.0011483988358766046
              0.0006785028241264804,              0.0006352765057565353,                    -0.051375676256165875,                   0.00036371803958222185,           2.2417875358175556,                  0.5657039761988613,               2.809550696421131, 5618.508156256283, 0.4607418042526226, 5618.968898060535, 0.0012709310745568818
               0.000888478191026242,              0.0003114922270612079,                     -0.04803335309201229,                   -0.0018014489427334152,           2.2153140516951257,                  0.5676264249585301,              2.8451219147380966, 5617.633430899605,0.46424401488169464, 5618.097674914487, 0.0005299484214219942
             -0.0003603397893853975,             -3.903192612268722e-05,                    -0.055245231490423714,                   -0.0001404284322567337,           2.2431449683005766,                  0.5630362706102429,              2.8358253448537525, 5616.911305055479,0.46275925556480835, 5617.374064311043,0.00025740580300705077
               0.001759388931637049,              0.0007269260608062266,                     -0.05162461393873228,                    -0.002141309193385964,           2.2408942279016606,                  0.5635150566456495,              2.8342415958528635,  5618.45560386881,0.46110214562938023, 5618.916706014439, 0.0012058652679684259
            -0.00016967918683170828,             0.00025002753036683806,                     -0.05290385578075455,                    -0.004417533284615977,            2.294126653075984,                  0.5576439402372148,              2.7939981233912956,5618.3216288440435,0.45155363504381496, 5618.773182479087, 0.0010546641227695557
              0.0002953439506745629,            -0.00016671460285730253,                    -0.052472844016666076,                    0.0017302463632434017,           2.2430951291053223,                  0.5647352192595873,              2.8193078557081934, 5617.721756974159, 0.4611265021753308, 5618.182883476334,  0.000578886110739246
              0.0002308964213930512,             -0.0006085738617137595,                     -0.05137378093048221,                    -0.005021570871298145,           2.2182521741906376,                   0.567151379071815,               2.844276932587447, 5618.711163711607, 0.4656104025237015,  5619.17677411413, 0.0015569942763334356
             -0.0006114080422883559,             -7.371633484208763e-05,                     -0.05315341495396415,                    -0.002527923035700133,            2.240909474350181,                  0.5636039043440724,                2.80789036827695, 5618.284128774327, 0.4619810279793514, 5618.746109802306, 0.0010158465248005218
             -0.0004750176956142894,             1.6141533605860426e-05,                     -0.05334835898192913,                   -0.0014396396672917053,           2.2803413249512134,                  0.5580973214375431,               2.795966503297212, 5617.667556724291, 0.4543549851660956, 5618.121911709457, 0.0005483454702193392
            -0.00027097762676646934,               0.000616705332726885,                     -0.05706420888305823,                  -0.00021694076057367307,           2.2316264295177697,                  0.5650153660660938,               2.818479541970712, 5617.893786802168,  0.466197143926294, 5618.359983946094,  0.000687550709643185
              0.0006012718119322593,            -0.00018096102728304913,                    -0.050508185417108394,                    0.0008970537234933721,           2.2288928424605032,                  0.5671723175284339,              2.8185906598435366, 5617.573108525608,0.46283255192821043, 5618.035941077536, 0.0004989257613044432
              0.0010919830400428242,             -0.0006940070633537138,                     -0.05443509814392435,                   -0.0047952101717626565,            2.279738211643179,                  0.5582123410192543,              2.7937042128725587, 5618.278237685725, 0.4552460121059159, 5618.733483697831, 0.0010098796757917034
              0.0006153028545087365,              0.0002608901454172668,                    -0.056662247228882266,                    -0.001691921515603738,           2.1433639578562054,                  0.5765651010073708,              2.8803041689793174, 5617.012320376105, 0.4844114281693908,5617.4967318042745, 0.0002847663900870469
               0.001304748775932905,              0.0003612829659860752,                    -0.056872103604415705,                    0.0009454188691789651,           2.2160481289442617,                  0.5688910568429126,              2.8218668904816218, 5617.504657789661,0.46923797542158185,5617.9738957650825,0.00046591656535607123
              0.0004390547731373508,            -0.00017776795744080305,                     -0.05351886252558235,                   -0.0034950779969678924,           2.1646087189740673,                  0.5734363501985582,              2.8553918508805456, 5617.366859408303, 0.4779589720778471,  5617.84481838038, 0.0004059411475970031
              0.0016997893857271865,            -0.00026900792582737373,                    -0.051690774576436845,                   0.00047931479972227104,           2.2141044786297104,                  0.5676803685470077,              2.8313942184682777,  5618.40359295253, 0.4665116898506975,  5618.87010464238, 0.0011447502119237621
              0.0005795971987874845,              0.0009319504829756237,                     -0.05460631497090811,                   -0.0010756304648347884,            2.256206117166745,                  0.5617274858989025,              2.8358052333308867, 5617.516260982575,0.45980086726933495, 5617.976061849844,0.00047135417093173513
              0.0007957814534820353,             0.00040570572101498444,                     -0.04935503939307802,                  -0.00047523807484037685,           2.2532577593395398,                  0.5640634237193249,              2.7865967381697705, 5617.762625020634, 0.4573404425325182, 5618.219965463167, 0.0006030341356147976
              0.0018045605824974253,             0.00034159867298144843,                     -0.05081031376353814,                    -0.002460723379141551,           2.1779865876233067,                  0.5730431873564721,               2.863723340656837,5618.3540679006055,0.47353474061312845, 5618.827602641219,  0.001089437388620774
              0.0004250744525084775,               0.000746532989535208,                     -0.05167885332176037,                    -0.007008865653870341,            2.271663164364668,                  0.5600848360580231,               2.781194717989597, 5618.392785728202, 0.4553203638702964, 5618.848106092073, 0.0011324452505874286
             -0.0003977439702787065,             0.00031149650380074583,                     -0.05488245953486605,                   -0.0016298717888887186,            2.250907380710065,                  0.5643903827235297,               2.800589389470864,  5618.60059577181, 0.4610152592071755, 5619.061611031017, 0.0013940166787847718
              0.0007274023998078157,               0.001045354551608351,                    -0.058220400095515976,                   -0.0025134126002348493,            2.215581592719164,                  0.5682212752451596,              2.8197908305446227, 5618.545388265695,0.47022405855946287, 5619.015612324254, 0.0013191423239680995
               0.000676414133174276,             -0.0005479671123143437,                    -0.058104700399600515,                   -0.0017271928250721287,            2.244821711903229,                  0.5637900017552142,              2.8055689187525896, 5618.035196399652,0.46424688240638307, 5618.499443282059, 0.0007919871633453765
               0.000652526299212317,              0.0003608400103374862,                     -0.04879563416335527,                   -0.0030702996804164114,            2.283549216254279,                  0.5576058791819547,               2.788331634256936, 5617.376754766887, 0.4511981154530917,  5617.82795288234, 0.0004099780210313249
             0.00040137389554254833,               0.001453221330734848,                    -0.055477603162668566,                    -0.005227204872693849,           2.2535175848622924,                  0.5631230898404791,               2.814899366931127, 5618.387774102953,  0.461013814543428, 5618.848787917496, 0.0011267840571149163
              0.0009865115102297192,              0.0005380905291870563,                     -0.04991628035087792,                   -0.0006705139239725784,           2.1850372946129313,                  0.5722208995855664,              2.8618210926970615,  5618.40548705765,0.47151002225086036, 5618.876997079901, 0.0011469205439312525
              0.0001940586115798766,               0.000249354696343618,                     -0.05491531590647224,                    -0.000960549863559305,           2.1964546456459217,                  0.5686350334307068,              2.8569354869979433,5618.6222328718095, 0.4720386726613107, 5619.094271544471, 0.0014245078376284926
              0.0007606479150397798,             -0.0005137755010691812,                     -0.05524764203122693,                    -0.003504914762266909,            2.301756714393856,                  0.5574281552575837,              2.7670804986671165, 5618.616541137611, 0.4514809407378627,  5619.06802207835,  0.001416422948001404
            -0.00019122945094177452,               -0.00072463426567696,                     -0.05423359488529889,                   -0.0032424275086194577,           2.1739854342983502,                  0.5729677481296107,                 2.8671443106699, 5617.919529868303,0.47638667046727506,  5618.39591653877, 0.0007054801624258021
             0.00016338163013071758,             -0.0003647359382426319,                     -0.05633313359243241,                   0.00043353912576948324,             2.21745383106727,                  0.5685201963763968,              2.8235193864667014, 5617.818317841235,0.46859972908168296, 5618.286917570316, 0.0006375716260876927
              0.0015156358585339442,              0.0005212004294725051,                     -0.04968399828032239,                   -0.0037214633449585443,             2.19784831164596,                  0.5707161710579564,               2.831099064946267, 5618.726270715795, 0.4687955522400777, 5619.195066268036, 0.0015806943633063417
              0.0009737980850407766,              -0.000542409276733285,                     -0.05327662386977195,                   -0.0071904425053829065,           2.2068165323130304,                  0.5691221149761241,               2.842230315424244, 5618.440001311221,0.46920445038985154, 5618.909205761611, 0.0011871967030810272
             -0.0002937236451340388,             0.00042280965222864377,                     -0.05198200120366664,                    9.770709188488672e-06,           2.2909471612312626,                  0.5589992306579894,               2.766782811986811, 5617.306083391796, 0.4515139804415987, 5617.757597372238, 0.0003820044187431788
              0.0020785244755825577,              0.0005440383680364536,                    -0.052969709238653954,                    -0.004648906368559192,           2.2165735663991346,                  0.5667619627299877,                2.83829153270543, 5618.558328816146,0.46688020481752707, 5619.025209020963,  0.001336323680104704
              0.0010734291298838275,             -0.0005785891488896044,                     -0.05404111380183965,                    -0.004660603071714213,           2.1670162192330276,                  0.5751048129610221,              2.8493045000024955, 5618.313545606992, 0.4778176249668229, 5618.791363231959, 0.0010461733852090151
               0.001423800238345311,              0.0011016746180553068,                     -0.05575104703055996,                   -0.0016539793541394084,           2.2810589322443913,                  0.5599646878611431,              2.7925782870900173,  5617.93343618875,0.45569374778095056, 5618.389129936531, 0.0007153593278471863
             0.00044677645324554664,             -0.0003606903621140234,                     -0.05312637667364273,                    0.0014573107260319872,           2.2618607761981195,                  0.5621697113315949,               2.805928193566899,  5617.89867259374,0.45780755708525234,5618.3564801508255, 0.0006909181587346298
              -7.22361746337059e-05,              0.0010536050812169513,                    -0.052798805209986956,                   -0.0019457682166927831,           2.3123531495019627,                   0.555142761079925,               2.758930942284448,  5618.33543184382, 0.4479744234937475, 5618.783406267314, 0.0010693225840587514
               0.001248195806273703,             -5.251737238695654e-06,                     -0.05116419364966663,                    -0.004438987970759439,            2.152995055401072,                  0.5768067958709598,              2.8685512800881536, 5618.296984756658,0.47913056922458985,5618.7761153258825,  0.001028990538345545
             -5.157819685041081e-05,              0.0014921978678177888,                    -0.051526980694260795,                    -0.006207760586924246,            2.203026829965446,                  0.5690246940276209,               2.834855485425173, 5617.388219784883,0.46889757649609676, 5617.857117361379, 0.0004147054748081244
              0.0013204104082603645,              0.0003931112621873703,                     -0.04977979892805864,                    -0.005501203685991003,           2.1871475893926418,                  0.5715336614838298,               2.863632089684595,5617.9229333914955,0.47116201365329047, 5618.394095405149, 0.0007078853712910063
              0.0004788405298098385,             -0.0006050378017399188,                     -0.05141969160145376,                    0.0013582239351450983,            2.213400363866705,                  0.5679936485032119,              2.8345136300978284,5617.7769804441505,0.46649590648943023,  5618.24347635064,   0.00061175338051642
              0.0010026073360430913,              0.0010303880009610883,                    -0.054807901502872874,                   -0.0036973521395322908,           2.2224177973565777,                  0.5648613285551729,               2.840904171665243, 5618.134387264494,0.46673619619212375, 5618.601123460686, 0.0008745732460882775
              0.0013259037136845809,              0.0010734460560526836,                    -0.055698664127843855,                    -0.003354830437739927,            2.195272322658252,                  0.5715816251137068,              2.8447661433653835, 5618.865195125883,0.47283827531176936,5619.3380334011945, 0.0018162766902297869
              0.0015208344914479231,              0.0006674746628638466,                     -0.05405395212837622,                   -0.0037501869997049325,           2.1619361195928612,                  0.5735887287507593,               2.870273482079873, 5617.524454441501, 0.4788742019916125, 5618.003328643493, 0.0004752320569263281
             -0.0003373726265247698,             -0.0002019773741612663,                     -0.05265792424257333,                    0.0004153176394056863,           2.2483578032482208,                  0.5642339549380538,               2.807468817526919, 5617.869212506979, 0.4601756441925243, 5618.329388151172, 0.0006708605499215666
              0.0012500756845465106,              0.0011199323605241196,                     -0.05183671021678898,                    -0.004673959094009338,            2.267854618488702,                   0.561087074061957,              2.8091780932239834, 5618.815587965318,0.45601041358385797, 5619.271598378901, 0.0017283746711645289
              9.008114325159966e-05,              0.0002687498856027516,                    -0.053269375786347696,                   -0.0018450638725853365,           2.3245119169337918,                  0.5539678620300172,              2.7505471222318865, 5618.669844838545, 0.4459817875311472, 5619.115826626076, 0.0014939719981999502
              0.0009848262714772687,             0.00023518186226212156,                    -0.049054760840369326,                    -0.004328301996396639,           2.2561673522282453,                   0.562943895040982,              2.8152165484671166, 5618.001460282958,0.45670802633971386, 5618.458168309297, 0.0007657142566801967
              0.0006685696227981173,              0.0006214603490325131,                     -0.05688033702476079,                  -0.00013119322126885493,            2.190777220207635,                  0.5716929668436426,               2.860797157688312, 5618.050015603192,0.47443802701327115, 5618.524453630205, 0.0008038111771667563
               0.001091567096730258,              5.238687431197078e-05,                     -0.05143577197917612,                   -0.0005007353804818212,           2.1579222242833778,                  0.5743838850694021,              2.8798231994560988, 5617.696714783466, 0.4781147514194861, 5618.174829534885, 0.0005645695416567869
                7.3906966084911e-05,              0.0009306050976613604,                     -0.05072381180469214,                    -0.005112712897534446,           2.2708707579425607,                  0.5594917678371893,              2.8045713449875427, 5618.557310050992,0.45480369513074853, 5619.012113746123, 0.0013349629733427053
              9.259514940003064e-05,              0.0001166582581908394,                     -0.05430698715002391,                    -0.005794364028363523,           2.2612596372679703,                  0.5611570985752613,              2.8236626975047514,   5618.5285591223,0.45880275824806893, 5618.987361880548, 0.0012971280489071201
              0.0016587224583783388,             -0.0006323936123806346,                     -0.05166199931115096,                     -0.00567123146283889,           2.1986017255591963,                  0.5697859158645985,              2.8408531982311604, 5618.091756731621,0.46985829529765616, 5618.561615026919, 0.0008380732572005728
              0.0008348731391334517,             0.00044168126875864845,                    -0.053511127620529446,                   -0.0021116479053473187,            2.169011929687095,                  0.5724611975758963,               2.883049118023065, 5618.881222147542, 0.4769771520146392, 5619.358199299557, 0.0018456207166372954
             -0.0003418195947066777,              0.0007785632371637666,                    -0.050970859906107606,                   -0.0016162270687702612,           2.2810310184404625,                   0.558986191562964,               2.791105689156689, 5618.640315819259, 0.4528502679095784, 5619.093166087168, 0.0014505014502561727
             0.00022907533938940782,              0.0005417860541726235,                    -0.058442621685554745,                   -0.0009825270303946453,           2.1882299699758554,                  0.5703558280132657,              2.8638562283338027,5616.9245297160405,0.47597286696215274, 5617.400502583003, 0.0002608325159946765
              0.0007846507989436383,             -8.605251380147711e-05,                     -0.05806375198416032,                    -0.004101954689103418,           2.2384091986620356,                  0.5647178752922539,              2.8165041666532353, 5619.336893082142,0.46557277662225344, 5619.802465858764, 0.0013489647293669102
              0.0019920538077146215,             0.00019530378852952515,                     -0.05391982026248663,                   -0.0031021517389654488,           2.2105572072718997,                  0.5689967240992997,              2.8421537193717503,5618.9986372137955, 0.4686022793756903, 5619.467239493171, 0.0009618291554027478
              0.0014463015030928873,              0.0009297406535573795,                    -0.054850161292663485,                   -0.0005857086194667185,            2.286501061072866,                   0.558987533460756,              2.7781997151967364, 5618.938072522968,0.45408189950956757, 5619.392154422477, 0.0009053052240019972
              0.0007917518451559506,              0.0010160122346588737,                    -0.053612961909997085,                   -0.0005335947674428699,            2.203286896148218,                  0.5679556885901316,              2.8556833460546285, 5619.031504759876, 0.4698467655451564, 5619.501351525421, 0.0009939673786299019
             0.00046077626166704424,              0.0005354999042081683,                     -0.05679399459985834,                   -0.0012934664004510715,             2.22168283129477,                  0.5657116630221799,               2.831297048157486, 5619.226656897634,0.46804108625276863, 5619.694697983887, 0.0012081632687307269
              0.0005188043461516125,              0.0007424314154629353,                     -0.05440087832212233,                    -0.005215965920988801,           2.2101965262715213,                  0.5676299439349548,               2.861217758128034, 5619.166288748194,0.46904557686280124, 5619.635334325058, 0.0011373865119762498
              0.0008563630115974964,              0.0014571581967742176,                     -0.05577497616147383,                   -0.0014924663048732714,           2.2315703644391944,                  0.5664690635368594,              2.8046418949169825,  5618.99083999286, 0.4654256648810823, 5619.456265657741, 0.0009543587231293269
              0.0014626142592493276,             0.00039016291706360945,                     -0.05458181198458961,                    -0.003837778242987081,           2.2561751639787375,                   0.562206058232962,              2.8244475983288835, 5619.458010314052, 0.4598735209097834, 5619.917883834963, 0.0015226536926075333
              0.0007479455500635695,            -0.00025699682303426054,                     -0.05567162956921399,                    -0.002448883326086735,           2.1626177728265668,                  0.5750293229703982,               2.878254000696117, 5619.239382957339, 0.4796578561097133, 5619.719040813449, 0.0012236366755427868
              0.0006600712137514563,              0.0006152548258587355,                     -0.05126225525297278,                   -0.0003427409953029032,           2.1762403516667987,                   0.572841955871906,               2.849922430523658, 5619.384353876014, 0.4741122377724204, 5619.858466113787,  0.001414531279515971
            -0.00014025509283712107,                0.00125489900566717,                     -0.05192655161869273,                   -0.0020230933294587733,            2.190673719801653,                  0.5714214251999092,              2.8438289838566266, 5619.385553269162,0.47149198707809853, 5619.857045256241, 0.0014162288764804748
              0.0014946539942970371,              0.0010650638751678145,                     -0.05474349562477514,                    -0.002936466617716358,           2.2534651664176057,                  0.5616558273583651,              2.8215762671931186, 5618.985383000716,0.46047680576899064, 5619.445859806485, 0.0009491649790735163
            -0.00031853598147376196,              0.0008520517213472905,                    -0.054717195951523565,                    -0.003869682057177171,            2.251745091627881,                  0.5619424251310154,              2.8178827030222973, 5619.222869787988, 0.4608209656315275,  5619.68369075362,  0.001203596474894904
               1.06229780813707e-05,              -9.96396553247643e-05,                    -0.052943130675673654,                    -0.001453587099057853,           2.2180281172527216,                  0.5660498276053674,               2.846839142885206, 5619.274483429929, 0.4664347902348487, 5619.740918220164, 0.0012673495851006826
            -0.00036446857449617937,              0.0005308539999454972,                     -0.05504740107398182,                    -0.004557446206109677,           2.2143237703653957,                  0.5672538552186738,              2.8370416724222487, 5619.707571432269, 0.4685573712404376,5620.1761288035095, 0.0019542681611854256
              0.0006174539936648502,             0.00014570707155498686,                     -0.05253398174082767,                    -0.002343852608596356,            2.146465024888812,                  0.5775381659878216,               2.879313648657466,  5619.43583342023,0.48124735615327535, 5619.917080776383,  0.001489257642378787
              0.0012901434942654893,             0.00030858293922345385,                     -0.05340643013133791,                   -0.0030310988503427167,           2.1820857037815715,                  0.5710029632266681,               2.873801531265495, 5619.587487157141,0.47418377555118396, 5620.061670932692, 0.0017331343047113075
              0.0008917803190499552,             -0.0005628767081918857,                     -0.05360435621600158,                    -0.004845778537359974,            2.176420886629182,                  0.5733416040816033,               2.846944780303126,5619.3240103000435, 0.4755700667308035,5619.7995803667745, 0.0013316977727304247
              8.554594249668326e-05,             0.00043661409270175853,                     -0.05435209135794285,                    -0.002215718950968666,           2.2616048088922303,                  0.5608100623886703,              2.7899911202758134, 5619.596560196027, 0.4586042166210716, 5620.055164412648, 0.0017489306517244636
              0.0006041460495260478,             0.00011122179350144023,                     -0.05374382778456337,                    -0.006277384502757972,           2.2025327385314584,                  0.5705892183634357,              2.8254887908745614, 5619.551653732497, 0.4702904406720598, 5620.021944173169, 0.0016721296967432532
               0.001843604334333966,               0.000392445972242812,                     -0.05376097204917554,                   -0.0031889962171927195,           2.2839667959758665,                  0.5593893195089902,              2.7783306060531627, 5619.419264720644, 0.4539678736133712, 5619.873232594257, 0.0014647858724319092
               0.000356015476282968,              0.0007925326916394486,                     -0.05359512174873761,                    -0.005494079670217295,           2.3016189864336307,                  0.5566354515608523,              2.7674494073057545, 5619.569954485636,  0.450606648730862, 5620.020561134367, 0.0017030126583364588
              0.0007326158965369482,              0.0008751177264392742,                     -0.04998509433649889,                   -0.0008888366914720604,            2.249643128454874,                  0.5635528320964954,              2.8117992276963664, 5619.596434582046, 0.4584071834583765,5620.0548417655045, 0.0017487109753798623
              0.0003487641350073887,                0.00053692854025772,                    -0.049417225296622805,                   -0.0026737120522067693,           2.2792392038496514,                  0.5596361454272294,              2.7807313457271654, 5619.293417916426,0.45235189662303127, 5619.745769813049, 0.0012915748211542967
             0.00047993438363448546,               0.001274909444331719,                     -0.05158601949418768,                    -0.005157671055643633,           2.2427588470973667,                  0.5652590622219621,               2.805157051509809, 5619.062013409259,   0.46082149549991, 5619.522834904758, 0.0010247593025551774
              0.0006047224944224985,              0.0010350920518935737,                     -0.05325246411227425,                   -0.0036732856866528935,            2.172945814452028,                  0.5723569362246306,              2.8618261035949892, 5619.308351983027,0.47604228491129247, 5619.784394267938, 0.0013110080328173005
              0.0014599900254155585,              0.0005083668413595492,                     -0.05474093712783287,                    -0.005884077827766772,            2.210206854948488,                  0.5680584305084501,               2.849415148956693, 5619.481739015364,0.46929957556094737, 5619.951038590925, 0.0015592163640969327
              0.0006864868025041551,              0.0003122269104092159,                     -0.05385806983563096,                   -0.0033574843607064113,           2.2594740455256566,                  0.5612575653698132,              2.7828496476795648, 5619.464258046272,0.45876161460432946, 5619.923019660877, 0.0015321966048812054
              7.340053609287365e-06,            -0.00036956112139430983,                    -0.055926295303126795,                    -0.003379243839793487,            2.250140957465711,                  0.5631958590011737,              2.8168377346348645, 5619.520132620186, 0.4618571939862044, 5619.981989814172, 0.0016202443466988617
              0.0013335945780675966,              5.487441999660513e-05,                     -0.05451238312472992,                   -0.0052017179560855656,           2.1643840915036434,                   0.574108898565174,              2.8653892303528137, 5619.081543529351,   0.47869431039978, 5619.560237839751,  0.001044969688034786
             0.00017511042734678537,              0.0010798462637369162,                    -0.052245515703829896,                   -0.0040168368234119066,            2.259280336858065,                   0.563318323004595,              2.7801929678065056,  5618.94271423575,0.45787951933236876, 5619.400593755082,  0.000909517158565084
             0.00019574374580066841,              1.604558065455032e-05,                    -0.054041577366829595,                    0.0003466548331340174,           2.2619407729233942,                  0.5618167382958119,              2.8063718099785193, 5619.713955144958,0.45832406258945046, 5620.172279207548, 0.0019667835524728727
             0.00017870040639169222,              0.0011796519101672906,                     -0.05497770491554401,                   -0.0038153770884729417,           2.2123452166044193,                  0.5673102892763231,               2.827186234451932, 5619.408958435511,0.46888973778348236, 5619.877848173294, 0.0014497668994229303
              0.0003951826850601817,              0.0009162031080877206,                    -0.056407760628502196,                   -0.0024366083150237005,           2.1646512139706995,                  0.5743976065935491,              2.8614687322576184,5619.1274931218895,0.47968356690187947, 5619.607176688792, 0.0010941058680777674
            -0.00030223238751000677,              0.0005097214459252362,                     -0.05165707211211307,                   -0.0035077478886266296,           2.2052070811024302,                  0.5699172722678364,              2.8209512003632424, 5619.357022015752, 0.4683671992214902, 5619.825389214973, 0.0013763930764371661
              0.0008522642164164865,               0.001046710595501155,                     -0.05158627085955967,                    -0.004784571977331648,            2.231229929849548,                  0.5644851648511633,              2.8375952159909597, 5619.471257469433, 0.4631047332820371, 5619.934362202715, 0.0015429587176369014
              0.0013140536476059115,               0.001134093983841546,                    -0.051753992968092154,                    -0.005351933786966144,           2.2093753456583576,                  0.5686539284807858,              2.8203711292648954, 5618.947328088532,0.46767290770354886, 5619.415000996236, 0.0009137232324791612
              0.0010978042520542834,              0.0007178698846090378,                     -0.05206757571722384,                    -0.002283084565560614,           2.1566647209906473,                  0.5753647003779236,               2.876226440308179, 5619.623781187349,0.47877874247595376, 5620.102559929825,  0.001797192160837529
               0.000987380657746013,              5.918987829123512e-06,                    -0.054997560930339445,                  -0.00024887795304522243,            2.298239576650059,                  0.5570681964457337,               2.772487810716979, 5619.350090035131, 0.4519254724239343, 5619.802015507555, 0.0013668849394893414
             0.00047571638132388945,              0.0006565590996772332,                     -0.05082630428324178,                   -0.0018121652609815627,           2.1842535173366917,                  0.5711406376094701,              2.8740484560379986,  5619.03793542005,0.47219595040650036, 5619.510131370457, 0.0010003798411518901
              0.0006834631150131656,              0.0013684021194960976,                    -0.053754657361641554,                    -0.003990691419362301,            2.233460742182224,                  0.5642510473326865,               2.816730659106205, 5619.356220727679, 0.4638902537884176, 5619.820110981467,   0.00137529063082908
              0.0004834712709994689,               0.000948024637318614,                     -0.05264361758591187,                    -0.000490069271230414,           2.2000671471949236,                  0.5711638692775487,               2.820275746172764, 5618.986553077535,0.46993559900152543,5619.4564886765365,  0.000950276225007811
            -1.1787626357256835e-05,              0.0003019319656621453,                     -0.05360483440350373,                   -0.0005666254522169253,           2.2391843250576464,                  0.5655453581268036,              2.8201650055213543, 5619.620955701956,0.46255725251164626, 5620.083512954468,  0.001792121387709392
               0.001507147543200339,              0.0007172431091957843,                    -0.050043169896542165,                    -0.002935338588647956,           2.2430845991477244,                  0.5644461628108397,              2.8121676744599355, 5619.656293663944,0.45979088869005263, 5620.116084552634, 0.0018565835783347136
              0.0013892387500163263,              4.198056829781778e-05,                     -0.05360921448599003,                   -0.0022912087259500465,            2.213411522848558,                  0.5694885213369822,              2.8047868715317694,  5618.90593838926,0.46779754234880133, 5619.373735931609, 0.0008766764684846759
              0.0006273493480871327,              -0.000400003975695563,                     -0.05727520661569528,                    -0.004944316175215977,            2.207550837874158,                  0.5684926498027517,              2.8388164553681596, 5619.018864112425, 0.4713543065554684,5619.4902184189805,  0.000981482064891201
            -0.00023694245575214308,              0.0005652407427458226,                     -0.05711010669315373,                    -0.004184689879648862,           2.2235565512459483,                  0.5666845249684253,               2.830825158143921, 5619.145265250379,0.46794913582136155,5619.6132143862005, 0.0011137242721783887
              0.0016607769842682581,             -0.0005578449486280758,                     -0.05495943270288366,                    -0.004172631752881406,           2.2604320885021605,                  0.5624505681521235,               2.796144130250072, 5619.041053568446,0.45928784771866626, 5619.500341416165, 0.0010035040422785044
            -0.00014107746812082794,             0.00031243788415824216,                     -0.05552919803636238,                    -0.006222214860843925,            2.236608481786555,                   0.565318764647948,              2.8085805801565265, 5619.244991009404,0.46445177250329817,5619.7094427819075, 0.0012305181715858194
             0.00034274427746299846,              0.0006297472914766215,                    -0.057634917358182644,                   -0.0020657807491754523,            2.225337112854529,                  0.5660402241266334,               2.819361109797982, 5619.506860484675,0.46785103535522743,  5619.97471152003,  0.001598882317615706
              0.0002800054495648387,              0.0003310742802207616,                     -0.05323492993810766,                    -0.004196805651788349,           2.3029208289903393,                  0.5561688547054026,               2.789813687085161, 5619.124119433472, 0.4500742727124944, 5619.574193706184, 0.0010904209152191489
               8.83431939534391e-05,               0.000804176652178743,                    -0.054658156356130264,                    0.0006238041616036448,           2.2137189735474907,                  0.5682286657786326,              2.8392842987083844,  5619.50224037266, 0.4683316202717567, 5619.970571992932,  0.001591512340379492
            -2.8268777189060844e-05,               0.000544959332804781,                     -0.05411906520862259,                   -0.0022263848556948415,              2.2430249464476,                  0.5635898555017742,                2.83811177048611, 5619.234673951427, 0.4621272271945331, 5619.696801178621,  0.001217888108843001
                0.00101328342785292,             -0.0002634500216102304,                     -0.05293330874006278,                   -0.0012862070750481217,            2.207386022373564,                  0.5677290578114704,               2.859173983158623, 5619.437871383237, 0.4686061100179433, 5619.906477493255,  0.001492295789125425
              0.0005251922550232897,             0.00018497579367311945,                     -0.05556803186917936,                   0.00034759987411008735,           2.2551750282719287,                  0.5622470921484967,              2.8255201138161414,  5618.48681413737,0.46058143479273994, 5618.947395572162, 0.0005765221527973067
             0.00047915819061014164,             0.00017480832115674016,                     -0.05265420283003132,                   -0.0054713312989754966,           2.1540493494299855,                  0.5762606856799772,              2.8772256879105393, 5619.125828197272, 0.4798122545085262, 5619.605640451781, 0.0010922857798594402
              0.0011361314984397834,              0.0013887907944208858,                     -0.05291311438780694,                    -0.003905187780948821,           2.2705303205929432,                  0.5607503212129877,               2.803942757800595, 5619.140248074613, 0.4560827842604248, 5619.596330858873, 0.0011081505156991845
             0.00027499440503706615,             -0.0006481305334127959,                    -0.052777462448724985,                    -0.004775497519548737,           2.2534393632244303,                  0.5620025682157784,              2.8233929511806073, 5618.837271382766,0.45937033216423206,  5619.29664171493,  0.000818498046993193
              0.0005863457740160578,             -0.0003893928109993811,                    -0.058023877127490193,                    -0.003146756610790584,            2.211007948872323,                  0.5678078317109284,               2.841229720680384, 5618.606479035952,0.47104445180804694,  5619.07752348776,  0.000649809123697645
               0.001244925328123471,             -0.0002590111582012858,                    -0.053934318567356226,                     -0.00568037434410637,           2.2338319802798607,                  0.5647166398233471,              2.8085863358820067, 5619.530197533545,0.46401009978722724, 5619.994207633333, 0.0016366343090830466
              0.0006106192687050189,            -0.00023825190413973558,                    -0.054526303780862234,                   -0.0010005696331420993,            2.278954725874649,                  0.5589271481226957,               2.810903529573073,5618.6172619600775,0.45532292937584046,5619.0725848894535, 0.0006568538794491309
              0.0014758680868876249,             0.00032005329311586247,                     -0.05231758448267821,                    0.0007925134362567928,           2.2748047541276293,                  0.5601167854936437,              2.7942304116975576, 5618.778987380021, 0.4548206021597223, 5619.233807982181, 0.0007721563133669338
              0.0007351684718755294,             -0.0003865688753800615,                     -0.05346656388638595,                   -0.0008923844312511997,           2.1839282474033546,                    0.57251268869001,              2.8349064232212333, 5619.375313727509, 0.4737802774745058, 5619.849094004983, 0.0014018013336800353
              0.0001717943103653083,              0.0006484449743814315,                     -0.05275838568797329,                     -0.00508589134397169,            2.226940617605891,                  0.5663511385946616,              2.7989999452535788, 5619.145583533186,0.46465634684954354, 5619.610239880036,  0.001114078807884058
              0.0010951357336026909,             -0.0001351121081971781,                    -0.055450448027792205,                   -0.0035550732902306197,           2.1856945192811468,                   0.572119457762208,               2.867660101625056, 5619.270447136843,0.47467941249655354,  5619.74512654934, 0.0012622445004727412
              0.0010856812492599963,             -0.0001561827158262457,                    -0.053541734700741465,                   -0.0038423871266893787,            2.242377217687666,                  0.5625089263117181,              2.8382279817698723, 5618.800323870806,  0.461970211127408, 5619.262294081934, 0.0007888084366396566
              0.0012271538535045877,             -0.0003715327121510647,                    -0.055287068236550684,                    -0.002984711599031948,           2.1974884885776165,                  0.5691449400735389,              2.8432663161943443, 5619.480473546322, 0.4721050235940617, 5619.952578569916, 0.0015572444720061186
              0.0010973869815740973,              0.0009895864001916543,                     -0.05251308522811116,                     -0.00644973098910767,            2.241090773585888,                  0.5648327363872355,              2.7990600187030514, 5619.346612259047, 0.4617746582261695, 5619.808386917273, 0.0013621394763495122
              0.0007347424826723343,             -0.0007285978721915318,                     -0.05370826795667351,                    -0.001180047280576213,            2.185623434542038,                   0.571749432856262,              2.8493021577597917, 5619.597178268468, 0.4735744758466489, 5620.070752744315, 0.0017500119516884436
             0.00046924684783380174,              0.0008758610396593544,                     -0.05018930202249766,                   -0.0022283737552741775,           2.2215458574792755,                  0.5685098779653467,              2.8203171844879344,  5618.47797999246, 0.4641643334059347, 5618.942144325866, 0.0005714515029603728
              0.0004239419789093306,             -0.0004292282022700312,                     -0.05712551022045773,                   -0.0031924514718309105,            2.254575420989745,                  0.5629537112291205,              2.8057679061804057,  5619.29937245938,0.46173071187711884, 5619.761103171257, 0.0012992885018349048
              0.0009230914647281494,              0.0006396682402800002,                    -0.053631995644194304,                    -0.005258474401334081,           2.2469676742851092,                  0.5620739384364973,               2.828103461381489, 5619.486710069728, 0.4611848072684355,5619.9478948769965,  0.001566986610566463
             0.00020375163406075595,             0.00026806078385680556,                        -0.05000510821354,                    -0.000735987150460768,           2.2492666809214468,                   0.563932076664986,              2.7936646326581602, 5619.159486596217, 0.4584847109096669, 5619.617971307127, 0.0011296760895270622
               0.001225625956151678,              0.0002760016508380394,                     -0.05378890057168829,                  -2.7611037392303352e-05,            2.238702929039779,                  0.5662143807567732,              2.8044444878662445, 5619.188498058881, 0.4627695861423272, 5619.651267645024, 0.0011629296805455824
            -0.00023424066319336007,              0.0010516403991919362,                     -0.05186569230120489,                     -0.00420952273799794,             2.25152419228965,                  0.5642413175717488,               2.793537982281502, 5618.628177724011, 0.4591931895499783, 5619.087370913561,  0.000664063217467076
              0.0003383567990155021,              0.0005168145961563073,                     -0.05645345362260876,                    -0.004518495213818643,            2.180862260622168,                  0.5720940858444543,              2.8441579197619546, 5619.138448424299, 0.4763552912294416, 5619.614803715528, 0.0011061580257062064
              0.0011628069678905225,             -0.0002487373828609987,                     -0.05205533784912154,                    -0.004938579247547138,            2.185056312839376,                  0.5715592846867229,               2.864689033307039, 5619.718979049578, 0.4728516743143999, 5620.191830723892, 0.0019766893474975657
              0.0005567024627040195,              0.0002751042452302353,                     -0.05632842357940327,                   -0.0034904365384199605,            2.251730305250914,                  0.5639066941644184,              2.8164262995532807, 5619.253563857024,0.46179991867341974, 5619.715363775697, 0.0012411125635340813
              0.0006981369145052421,              0.0003188553030043238,                     -0.05055232268017262,                   -0.0034599487577362206,           2.2004634936263607,                  0.5701063222516881,              2.8153368539969126, 5618.801524005814, 0.4687169206684395, 5619.270240926482,   0.00078975568155613
             0.00015221076460261853,               0.000967731785507944,                      -0.0513854990414878,                    -0.003120588300862361,           2.1777894033127683,                  0.5731452930280381,               2.844757494308288,  5619.55915272572,0.47390992922037906,  5620.03306265494, 0.0016847161197757208
              0.0009212347286459096,              -0.000454360026391728,                     -0.05333751295271651,                   -0.0024945811795959233,            2.274071518644722,                   0.561302020900289,              2.7799030742016755, 5619.618539604288, 0.4555852874916415,  5620.07412489178, 0.0017877966739742786
              0.0004612873408513723,              0.0002517831297075861,                     -0.05708602658413598,                    -0.002270252711294807,            2.222230638434296,                  0.5655126518234084,               2.846599417533218, 5618.786140618398, 0.4681329882751378, 5619.254273606673, 0.0007776995338931681
              0.0014921673910238452,             0.00016578504718592734,                      -0.0547496204605812,                    -0.005103711095347296,           2.2113967005350985,                  0.5679950347293344,              2.8520761558243812, 5619.541780459444,0.46901302650940635, 5620.010793485954, 0.0016557015369756166
               0.002014365599070447,              0.0008700086984729912,                     -0.05279452655208283,                    -0.002715233093849443,            2.205440743043877,                  0.5694446032529816,               2.826496434133631, 5618.867849461862, 0.4689766022939272,5619.3368260641555, 0.0008439127308844381
             -9.671753499335986e-05,               0.001378202226810819,                    -0.054709267947869046,                   -0.0030775071902645855,           2.2687025464571553,                  0.5611991787519142,               2.802354634977031, 5618.742852635067,0.45747214621987603, 5619.200324781286, 0.0007447527343067136
            -0.00039626515909517993,              0.0008266971654074202,                     -0.05257007029093582,                    -0.004722276407515946,           2.1807204693219004,                  0.5726523750174991,               2.844011139545425, 5618.678809725141,0.47404600436931127,5619.1528557295105, 0.0006985518127443264
              0.0002447199070707434,            -0.00011294197881249696,                     -0.05493117560424613,                    -0.003134622914533759,           2.2103290676930967,                  0.5688389529004402,              2.8102996207469033, 5619.430771687462, 0.4692398367254504, 5619.900011524187,  0.001481738464259802
              0.0009466406505150311,            -0.00047169918839791756,                     -0.05454673217154934,                    -0.006952562667274502,           2.2128198391289438,                   0.568124183915731,               2.839908356981657, 5618.884629221442, 0.4687165323992811,5619.3533457538415, 0.0008581928570997191
            -0.00022662134069548572,              0.0004138794611144753,                     -0.05006637335899037,                    -0.002525372174054227,             2.27292123042603,                   0.560719016223308,               2.790816665026682, 5618.843369002005, 0.4539249079903881,5619.2972939099955,   0.00082350418367821
               0.001420243412395871,            -0.00036095708962034545,                     -0.05210839839721285,                  -0.00024055476265369988,           2.2386258014958917,                  0.5654180793806357,               2.811366818624518, 5619.416266256906, 0.4617997842716765, 5619.878066041178, 0.0014604003433207982
              0.0008506063526411611,              0.0015234703248045325,                     -0.05381286107845489,                    -0.003604694142047934,            2.195223123734511,                  0.5698018205769101,              2.8433496814282746, 5619.390633000713,0.47171157304989514, 5619.862344573763, 0.0014234412419187265
              0.0009988563918247341,              0.0010107337411681138,                     -0.05387454106201761,                   -0.0009030683127643097,            2.188449645815188,                  0.5710916972311385,               2.868047873065433, 5619.486531592576,0.47308504779761973,5619.9596166403735, 0.0015667069642148525
             0.00039295211278581277,             -2.787541588060675e-05,                     -0.05494844514766356,                   -0.0026143878219553446,            2.283440726636507,                   0.558590490429707,               2.766393065927886, 5618.971486475966,  0.454748505797597, 5619.426234981764, 0.0009360661096285558
              0.0017728206711043518,             0.00012556061680024942,                    -0.054453208540489004,                   -0.0024055149635456895,           2.2231442658131932,                   0.567910819588996,               2.819999312324798, 5619.551855434957, 0.4663361251741169,5620.0181915601315, 0.0016724670034345135
               0.000593026953609841,              0.0008595137264094914,                     -0.05402578043838702,                    -0.004097506802300827,            2.312824213708207,                  0.5543620622410451,               2.764161488738475, 5618.948850274375, 0.4486866190048393,  5619.39753689338, 0.0009151151481564569
              0.0017972463935314383,            -0.00039914801227823544,                    -0.054183585827770574,                    -0.003403621143733442,           2.2369369319641805,                  0.5652234767261924,              2.7995889464484964, 5619.149261409864, 0.4634334000273096, 5619.612694809892, 0.0011181837965427966
              0.0008136357016431876,              0.0006399049583405058,                     -0.05670088602221325,                     0.000490778431104463,            2.236615218992833,                  0.5655931257930376,              2.8055872384389744,  5619.14736882927,0.46497252298373715, 5619.612341352254, 0.0011160695449154144
              0.0009428561525275076,              0.0009653635205773708,                     -0.05709612867657553,                    -0.005281748706926264,            2.227385851423536,                  0.5664731532765218,              2.8296748786275323, 5619.061647713936,0.46723282070223987, 5619.528880534638,  0.001024384621384655
              0.0012741392683218277,             0.00021642964934632085,                    -0.054585334575258965,                    -0.002041066717496518,            2.297033791829463,                  0.5575363918850941,              2.7591073639311623, 5619.457042089669,0.45192958029443575, 5619.908971669964,  0.001521180135656663
              0.0012799442660228026,              0.0005911435602015608,                     -0.05402534197835722,                    -0.004808595975097229,            2.152527166641396,                   0.575820348736797,               2.884771008357446, 5618.870598536189, 0.4809249214445216, 5619.351523457634, 0.0008462359015290813
              0.0014219832959946586,             -0.0002792097654524545,                     -0.05486534568352095,                    -0.006546418023128706,           2.2075872006878923,                  0.5689298385914776,              2.8353293023319575, 5619.141650989342, 0.4699563595347532, 5619.611607348877,    0.0011097062474046
             -0.0004878965946720189,              0.0005641683189086504,                    -0.053240437345267864,                    -0.004313304397673849,           2.1877259867352374,                  0.5723979044198956,              2.8372957076437917, 5618.687487437546, 0.4729495525862356, 5619.160436990132, 0.0007046400221356927
              0.0010853700469568596,              0.0006759864764765213,                     -0.05128195682576058,                     0.000718491650782867,           2.2012645162146947,                  0.5701252807419002,              2.8452798784540816, 5618.987466226211,0.46890650934755745, 5619.456372735558, 0.0009511443647944054
             0.00014280832230343158,              0.0007958282628524531,                      -0.0559759461671866,                    -0.004075486960773198,            2.240987417068983,                  0.5634624128483885,               2.831471895723979,  5619.60642513421,  0.463735033428068, 5620.070160167638, 0.0017662691253657419
              0.0013865555553383023,             -0.0001673316422025284,                     -0.05129839780707203,                   -0.0017489793260813877,            2.167331470462139,                  0.5747694061978404,               2.862572986460223,  5618.93333283744,  0.476044307092216, 5619.409377144531, 0.0009010245145554157
              0.0011208802623906484,              0.0007453083974958964,                    -0.057538717343486465,                    -0.003397494276423541,           2.2404505575118265,                  0.5644728706056298,               2.802717010251089, 5619.370810569653,0.46480578749774665, 5619.835616357151, 0.0013955029928470794
              0.0008557751921210845,             -0.0007620119777218868,                    -0.052730353265090714,                    -0.002649195990999513,           2.2604724775112217,                  0.5611154046115815,               2.814039776948656, 5619.465573423127, 0.4578788429106114, 5619.923452266038, 0.0015342133469297271
              0.0008911510244956963,            -0.00028477543662565644,                    -0.054777401057226005,                   -0.0028020526601195664,           2.1890113464032432,                  0.5727254303107124,              2.8449639229041503, 5619.370306251483, 0.4735455147239674, 5619.843851766207,   0.00139479939276558
              0.0002788836579583755,             0.00019356803088781707,                     -0.05272169534932251,                    0.0008435367733787112,           2.1798019223040326,                  0.5724678333443134,              2.8600183045213825,5619.2503203841015,0.47420396828986067, 5619.724524352391, 0.0012370935698121197
              0.0014940927244223637,             -9.005837269927654e-05,                    -0.053891599209486836,                    -0.002841984933436363,           2.1863200510020735,                  0.5730287100024417,              2.8514379187081236, 5618.765665076839, 0.4735819186356548, 5619.239246995474, 0.0007619376321774366
            -0.00011439175977756416,              0.0002363937634713048,                     -0.05418894469927138,                    0.0007676002395250682,           2.2429075950994752,                  0.5634584580215509,               2.830449549980411, 5618.342578493583,0.46216706507979854, 5618.804745558662, 0.0004990858482546793
              0.0006895069422357222,             -9.418003793819017e-05,                    -0.053432664253733685,                    -0.003098859115831061,            2.285704119958527,                  0.5570943386413518,               2.787851511908622,   5619.0572776313,0.45341937261325843, 5619.510697003913, 0.0010199177433606748
              0.0016127015266239211,              0.0005098865502366412,                      -0.0533699016178887,                   -0.0001964434585487509,           2.2884554899855156,                  0.5580368777303206,               2.779242363777161, 5618.964640380462, 0.4528161991863018, 5619.417456579648, 0.0009296795979222185
              0.0008266374510795524,            -1.5558108000195124e-05,                     -0.05219500753720994,                     -0.00710239590869174,            2.206382876686379,                  0.5686234007241503,              2.8407697455895162, 5619.599445742984, 0.4686496402047899, 5620.068095383189,  0.001753984561385095
               9.25145379447224e-05,              0.0005217739914480212,                     -0.05173685475588222,                    -0.002660395369858986,           2.2225727559950386,                  0.5681943687186533,              2.8271098552951557, 5619.397929589235,0.46484047616497587,   5619.8627700654, 0.0014338654914268045
              0.0014130711136270404,            -0.00013423642517559586,                     -0.05252437814595278,                    -0.001948657580029849,           2.2358744545826723,                  0.5651948263223356,              2.7929658831148374,5619.1331174705165,0.46261131651880827, 5619.595728787035, 0.0011002768384917817
              0.0011519119024027383,             -0.0005886117459378352,                     -0.05233673882690355,                    -0.003041369949601315,           2.2467202722118578,                   0.564560638400707,              2.8148377397798345, 5619.291702406818, 0.4603713349989158, 5619.752073741817, 0.0012893610115885317
               0.001244613207625622,             0.00023402695686158267,                     -0.05837203431809319,                    -0.004241276544473755,           2.2220001674893037,                  0.5664072653981242,               2.839592846310615, 5618.262791797275,0.46908322973159805, 5618.731875027007,0.00046081258731814264
              0.0005258576053201024,             0.00013115702748456147,                    -0.056443741454485406,                   -0.0014592797609068848,            2.264133232892296,                  0.5622181280957738,              2.7822581791287684, 5619.673027022334,  0.459383005778455, 5620.132410028113, 0.0018879118392383292
              0.0009626274917103384,             1.3368083601157999e-05,                     -0.05803066391486903,                    -0.004478985411783689,           2.2544458617880445,                  0.5617256712755184,              2.8134676626297734, 5618.393177210417,0.46239323744452465, 5618.855570447861, 0.0005249887524089644
               0.001093743622990599,              0.0007325520992654463,                     -0.05048306926485782,                    -0.004821192201300979,            2.280551330022086,                   0.558800673021781,               2.779664396693455, 5619.185827758899, 0.4527877763656358, 5619.638615535265,  0.001159828451888595
            -2.1674676104102005e-05,              0.0011093808520838016,                    -0.056417992900809774,                    -0.003588662598141571,            2.240713680204183,                  0.5640399449383003,              2.8188282718223787, 5619.628470925169,0.46404804590272836,5620.0925189710715, 0.0018056403152142515
             0.00019943716528665115,             0.00012651745316403658,                     -0.05219445783021548,                    -0.006217073928975306,           2.2448070999871885,                  0.5646874442015853,              2.8173356580879023, 5619.097785393544, 0.4608224043425421, 5619.558607797886, 0.0010620805235783352
             0.00012193193834512923,             0.00033631445122318256,                     -0.05080448884479785,                   -0.0043949764421297955,           2.2015664107700235,                  0.5684014303068688,               2.862321760543992,  5618.79032410195,0.46866949000000174,5619.2589935919505, 0.0007809598420693676
               0.000483612217843476,              0.0002411104033741381,                    -0.056275494361595395,                   -0.0023523653375964386,            2.179767794753704,                  0.5725499763313062,               2.878737788775241, 5618.545162222494, 0.4763908894035186, 5619.021553111897, 0.0006111618700127386
              0.0014419540208750602,              0.0003401057066775121,                     -0.05169146183668875,                    -0.004992684054281055,           2.2823626614924715,                  0.5582819756617723,               2.802172649517364,5618.9795208705855, 0.4531376251367679,5619.4326584957225, 0.0009436171274524178
              0.0003742549751490326,              0.0005427282718558576,                     -0.05571664768111876,                    -0.005208816701030647,           2.2186067077927953,                  0.5668461000604518,              2.8130719620783537, 5619.161239223142, 0.4681328415774881, 5619.629372064719, 0.0011316577262856196
              0.0006424541091390029,              0.0005377915680588968,                     -0.05342160411309277,                     -0.00575937524989885,           2.2417738651907566,                   0.565833649866177,               2.800473434826653, 5619.418786798977, 0.4621183234189349, 5619.880905122395, 0.0014640859867845813
              0.0005478508025980089,              0.0007960278957838667,                    -0.049280550302138126,                    -0.003494795034403052,           2.2309950657899718,                  0.5671455225521275,               2.803838894610216, 5618.142312993847,0.46179559611856597, 5618.604108589965,0.00040850845910493194
            -0.00019493059389040686,              0.0010344990209287224,                     -0.05344440648579966,                     -0.00614839048586062,           2.2087429473594375,                   0.567999752646783,              2.8377184349796476, 5618.860102722465,0.46883074120232204, 5619.328933463667, 0.0008374004160556979
              0.0013015152787277404,              0.0008115609551019754,                    -0.052281127084794224,                    0.0006417360071106537,            2.251783588047255,                  0.5638054201808526,              2.7869207351377514, 5618.504473164303,0.45929285785801044, 5618.963766022161,  0.000586793396187791
              0.0006122618998197557,              0.0001159968938680408,                     -0.05260523520174824,                   -0.0024558124896964725,           2.1770413547462484,                  0.5743765983493252,               2.843030986882696,   5619.5995650258,0.47474861222664055, 5620.074313638027, 0.0017541937940811854
              0.0004055629875595178,              0.0010785079968141154,                    -0.053353270261608146,                    -0.003310070236377136,            2.176431607422036,                  0.5719836783542389,              2.8506053698025973, 5618.719111235489, 0.4753502200922325, 5619.194461455581, 0.0007272795022774155
              0.0016934117153131706,             -0.0004043126073233026,                     -0.05168242744815195,                   -0.0030093078897170393,            2.234066406746065,                   0.564827825030047,               2.834417258810042, 5619.031309098908,0.46252071470942624, 5619.493829813618, 0.0009937729170357086
            -0.00045500660341644305,             -0.0001814934643571171,                      -0.0559774056895365,                   -0.0037796521924877624,           2.1886837876174683,                  0.5711871904735759,               2.855956052920564, 5618.334942935779, 0.4743844684341681, 5618.809327404213, 0.0004952895612398291
               0.000728371708178501,            -0.00017964579358767588,                    -0.053745600996131314,                    -0.006956638012088447,           2.2222849943307414,                  0.5672662655412375,              2.8330385026436993, 5619.396249971649, 0.4663069958783169, 5619.862556967528, 0.0014314591671494737
               6.19428751316895e-05,             -0.0004952995494120968,                    -0.050880060890926115,                    -0.003708437116522516,           2.2292382017284993,                  0.5660503523667567,               2.825753362157413, 5619.623115941891, 0.4630436370151801,5620.0861595789065, 0.0017959969845029173
              0.0005123153941381027,               0.000513714785768405,                    -0.058701033100845255,                    -0.002521794954762961,           2.2276711666513522,                  0.5653623957744012,               2.829273420576164,  5618.41146496316,0.46808093832068554, 5618.879545901481, 0.0005346779436348829
             6.8940592341259495e-06,              0.0012671465227528844,                    -0.054302766479903355,                    -0.005968720428025998,            2.251919752649202,                  0.5624773276717998,              2.8062054258817053, 5619.018195271307,  0.460654567201946,  5619.47884983851, 0.0009808258288132574
              0.0006314371610853497,              0.0008529188449429617,                     -0.05259844429401877,                    -0.003835721078646446,            2.140906907413882,                   0.577239353154949,                 2.8987478484165, 5618.120243061658, 0.4825497452874639, 5618.602792806945,0.00039959146577219515
              0.0011196925307021203,              0.0001449024529286331,                     -0.05206861314225575,                    -0.002592026381764601,           2.2788253697655927,                  0.5585640280616179,              2.7829336104359594, 5619.914184178278,0.45392886645262404, 5620.368113044731, 0.0010044198676017948
              0.0008013488622287911,               0.001086230435350156,                     -0.05472978307933494,                   -0.0032349881601603956,           2.2849997723910587,                  0.5591388061156857,               2.772733166819614,  5620.15492870145,0.45434589597467967, 5620.609274597425, 0.0012778189149774749
              0.0011315201819902725,            -0.00023969138456916625,                     -0.05490825022853987,                   -0.0012457153802342903,            2.189388409789688,                  0.5717810781753577,               2.835951789735076, 5620.076867094426,0.47351414475574793, 5620.550381239182,  0.001181864226537725
              0.0006406014620016159,              0.0007497594317876312,                    -0.053329190255797375,                    -0.004064571730536702,            2.157804940145855,                  0.5756129318680545,               2.876770577235062, 5620.095628315421,0.47933111788164995, 5620.574959433303, 0.0012042467476711231
             2.1203002313775013e-05,            -0.00021967485838751433,                     -0.05517949295568258,                    -0.003739602881475626,           2.2196545792715074,                  0.5673390290602927,              2.8154602834406344, 5620.172035680695, 0.4675139368225367, 5620.639549617518,  0.001299866583455817
              0.0004452968148369149,              0.0006201418796887302,                     -0.05211855641175795,                   -0.0018557530627065476,           2.1764693378084887,                  0.5721707978856809,              2.8531444729562967, 5619.780688472276, 0.4745728934677857,5620.2552613657435, 0.0008788987485192897
             0.00028003392636346137,             0.00019912870803858102,                    -0.055900889566401483,                    -0.002712688653270084,            2.210437637504378,                  0.5673114452291133,              2.8468894400802274, 5620.257897508127, 0.4698012465742756, 5620.727698754701, 0.0014164071064731304
             0.00034858197046279177,              0.0009403944929945838,                    -0.052850572194358195,                    -0.004006986935914813,           2.1867359588787147,                  0.5716699037130085,              2.8342045741161197, 5619.949622505414, 0.4729150529146019, 5620.422537558328,  0.001040653057315516
              0.0006874307225712185,               0.000511157897957719,                    -0.056092952932442604,                     -0.00561042366045415,            2.236376012834013,                  0.5644827010862997,               2.834065840613756,  5619.74428917407, 0.4648110528394853,  5620.20910022691,  0.000847482680829908
               0.001491233089903375,             -0.0001233767686005965,                    -0.055284383930986995,                   -0.0035563794202833417,           2.2420942331691114,                  0.5633621470771012,               2.820039359205442, 5620.195846732557, 0.4630740834778171, 5620.658920816035, 0.0013311892064962816
              -9.57913380096478e-06,             0.00046807069035974697,                     -0.05231373530993588,                   -0.0032999635373229344,           2.1707184852020935,                  0.5740622724731795,                2.85593689952887,  5620.16904962712, 0.4759427180119989, 5620.644992345133, 0.0012959909015737854
              9.669093575174607e-06,             -0.0002813231932614319,                    -0.054788336243162476,                    -0.004462028698418019,            2.214749842700713,                  0.5679441926036692,              2.8224895604048514, 5620.196571365252, 0.4683057661426645, 5620.664877131394,  0.001332154179301714
              0.0013396260576394499,            -0.00048807737121249635,                     -0.05216242074899488,                   -0.0036524484598927554,           2.2319143207220455,                  0.5658660964887727,                2.80279010727475, 5619.833427870722,0.46324749140180915, 5620.296675362123, 0.0009264954178877686
              0.0014623523237739752,              0.0008248987274348942,                    -0.054756829472371406,                   -0.0014840322910310072,            2.177180944826034,                  0.5725779996454547,               2.861031052373879, 5619.769899957736, 0.4759947258606051, 5620.245894683597, 0.0008694677015601788
             0.00017474365795621286,             1.8090221171485265e-05,                     -0.05494976500439817,                  -0.00029564110788263595,           2.1962675958744393,                  0.5701990784473063,               2.852316449680284, 5620.148841847176, 0.4720934503979896, 5620.620935297574, 0.0012700646409624008
              0.0006135375164557724,            -0.00030932765012109794,                     -0.05251566496657361,                    -0.004878215286489118,            2.248146800880638,                  0.5623836359336359,              2.8156806023606595, 5620.278698861693,0.46026727779602783, 5620.738966139489,  0.001446178864416441
              0.0006529577956947815,              0.0005235884461353442,                     -0.05448133582972727,                   -0.0028795817379929996,            2.170055024747488,                  0.5730179194843997,               2.861895854437334, 5620.234867154428,0.47735785502664013, 5620.712225009454, 0.0013841595119070118
              5.652701665760469e-05,            -4.9564572259328386e-05,                    -0.053878636615201675,                   0.00014922215171943984,            2.216720800363916,                  0.5675065363348852,              2.8265247553860418, 5620.158162797792, 0.4672442216315951, 5620.625407019424, 0.0012819581942618422
            -5.3781676457276925e-05,              0.0007965566221056175,                     -0.05272328857799938,                    -0.004901744437212445,           2.2555110518286074,                  0.5631361303410057,               2.808731410092875, 5619.830424768777,0.45893855509724946, 5620.289363323875, 0.0009237172313736665
              0.0004681418620018699,              0.0002686663726823714,                     -0.05664489411657321,                    -0.004837667421778147,           2.2649983213535436,                  0.5609624688904628,               2.800099314383635, 5620.192958860929, 0.4594588664823171, 5620.652417727411, 0.0013273504485439202
              0.0008682439226508084,             -2.174475636444394e-05,                    -0.053791560459134836,                    -0.006183898021642489,            2.281746691575803,                    0.55849871220871,              2.7959782931492034, 5619.726526443414,0.45455255889512153, 5620.181079002309, 0.0008325619827112391
             -9.570733070696269e-05,               0.000395966603877837,                     -0.05138273296358443,                   -0.0014036512393721162,           2.2711513893846114,                  0.5604760176741153,              2.7930807999876484,  5620.08064305653,0.45498486622554163, 5620.535627922755, 0.0011863353371284798
              0.0010547336784568404,             -0.0001431273469355833,                    -0.053876877302784544,                    -0.006214215532632163,            2.208733264823972,                  0.5680649931106793,              2.8298379620474075,5619.7651834763055, 0.4690952362332233, 5620.234278712539, 0.0008653765288455145
            -0.00031419639224150386,             5.3251439646078903e-05,                     -0.05353545560432939,                    -0.002697764294668619,           2.2476066787710587,                  0.5635580888470219,              2.7944145282709165, 5619.781524186505, 0.4608811720704105, 5620.242405358575, 0.0008796335637140406
             0.00033337311667301606,              0.0010456734439444134,                    -0.052586381574558326,                    -0.003429532895105132,           2.2936035806132797,                  0.5579730209092758,              2.7735912305445245, 5620.109130818598,0.45143009931388345, 5620.560560917912, 0.0012206173666544158
              0.0006678692130674559,             -0.0004822633961938522,                     -0.05220141140258856,                   -0.0024033177824621206,           2.1796448667693458,                  0.5726670553226741,              2.8511247093375216, 5620.211345069212,0.47396501295090615, 5620.685310082164, 0.0013519811288967693
             0.00037315492085647327,               0.000601739307348607,                     -0.05290352601228432,                   -0.0022956528009404806,           2.2816488222647204,                  0.5596527206631619,              2.7973115885887068, 5619.987969601545,0.45386039953255514,5620.4418300010775, 0.0010813340949756027
              0.0001870703536988235,               9.43595406447747e-06,                     -0.05586116421277481,                    4.234098061614328e-05,           2.2037518064119967,                  0.5696817376900942,              2.8385252990143472, 5619.733088895257,0.47110775509250363,  5620.20419665035,  0.000838043597373416
              0.0008063455486035761,             0.00028865666623852115,                     -0.05542563680173016,                   -0.0021647184269571957,           2.1812378381027138,                  0.5736219879150054,              2.8480279243856383, 5619.977613485893, 0.4755520601212413, 5620.453165546014, 0.0010701934604477922
              0.0010357547876795133,              0.0007785154584893295,                    -0.054199287842734166,                    0.0007610212730154819,            2.241987777088307,                  0.5647600405973465,              2.8124365639149858, 5619.972926648704,0.46236509968541434, 5620.435291748389,  0.001065189373767682
             0.00020442456300639574,             0.00040596257188952944,                      -0.0536386183456745,                    -0.002352609494173623,           2.1879868261781663,                  0.5728623000707438,               2.838396326892223, 5619.979178810049, 0.4730569360681016, 5620.452235746117, 0.0010718699719228912
              0.0007323899203411263,              0.0004000638228017579,                     -0.05748515574026823,                   -0.0016568755300062205,            2.237519941825785,                   0.565494304749649,              2.8132118608405925,  5619.94347769361,0.46530108448147667, 5620.408778778091, 0.0010342780468043046
              0.0012103338146013816,              0.0006772639578886082,                     -0.05244895390562449,                   -0.0025291250114233316,           2.2630997648554665,                  0.5608676133883326,              2.7846742848257984, 5619.719290788816, 0.4572007749110938, 5620.176491563727, 0.0008265595935680198
              0.0009375810334325328,             -0.0005896916698805359,                     -0.05379377986367393,                    -0.004089703464053284,           2.2368535394856766,                  0.5659905378515173,              2.8142424899097636, 5619.851525189955, 0.4632327783953204, 5620.314757968351, 0.0009434151402591906
              0.0007356076091539547,             -0.0004814654192031297,                     -0.05417961966931517,                   -0.0012528637776539713,           2.2159813019533185,                  0.5665889997022804,               2.836248544639952, 5619.881018894985,0.46758831104492277,  5620.34860720603,   0.00097165434041941
              0.0005596289477377345,             -0.0003640905900010411,                    -0.053378120952457385,                   -0.0005511440917995563,           2.2574076150533897,                  0.5627091338405223,              2.7865059949858857, 5619.870440568842, 0.4588191984102261, 5620.329259767253, 0.0009614300372577524
              0.0015848941355193918,             -5.621336302265796e-05,                      -0.0540681479957024,                    -0.003745073546317653,            2.180356364430311,                   0.571829885019785,              2.8619205255555373, 5619.863361461175,0.47497342934407594, 5620.338334890519, 0.0009546480042036826
              0.0006933807988048875,             -8.708773185584726e-05,                     -0.05376839568895966,                    -0.006211875651295293,           2.2737529246164367,                  0.5599142681080328,              2.7875651248826503, 5620.174429495348, 0.4560799463379104, 5620.630509441686, 0.0013029819504472922
              0.0005355560025561494,              0.0003557045401144912,                     -0.05324131279368274,                    0.0011903417868491385,           2.2056841904797917,                  0.5695506433992643,               2.838497335623935, 5619.808855873903,0.46913221517703124, 5620.277988089079, 0.0009040069995971546
             -0.0003185450904890319,              0.0008629758297808988,                    -0.053652850926256615,                   -0.0025202052408735375,            2.190254874102093,                  0.5709181307261997,               2.859377069421032, 5619.767828369486, 0.4726002357190308, 5620.240428605205, 0.0008676683868488287
              0.0011381353701247073,             -9.159059536422933e-06,                     -0.05179308757235031,                    -0.003132984756761515,           2.2436323429852627,                   0.563849452723782,              2.8339494717491993,  5619.75942536827,0.46067046163673814, 5620.220095829907, 0.0008604079159342092
              0.0015463794815934663,              0.0004062630715629439,                     -0.05635266537987389,                   -0.0032411820473746645,           2.2088612584927114,                  0.5683229423452357,              2.8325186175739807, 5620.094996568621,0.47043687462859685,  5620.56543344325, 0.0012034862089015822
              0.0009782433882021418,              0.0010954669176365878,                     -0.05526135809342162,                   -0.0023973041598977294,           2.2494273931259965,                  0.5629378426078107,              2.8232956885882823, 5620.150782295536, 0.4615671461754981, 5620.612349441712, 0.0012725315284719996
              0.0009000963159454859,            -0.00024375530588014574,                     -0.05326693553014447,                   -0.0021386768024049658,           2.2870494764250147,                    0.55747760572627,              2.7933587785735847, 5619.902285052382,0.45303797395947976,5620.3553230263415,  0.000992538975443147
             -9.807785642781592e-05,              0.0008410115096294827,                     -0.05612180149645481,                    -0.004756616951481252,           2.2195468330936894,                  0.5679569195573908,               2.829023576599128,5619.3055798590885, 0.4681701911510895,  5619.77375005024, 0.0005465146359297374
             0.00048094742313082456,               0.000781869126763861,                     -0.05770641429750027,                   -0.0033185319805261607,            2.218895285164978,                  0.5681269955210002,               2.832028408540735,5619.0103473245945, 0.4692407456362354,  5619.47958807023, 0.0004068028027789614
              0.0010028795177380646,              0.0012949467037643716,                    -0.052663540437330666,                    -0.002886219202394995,           2.2277166374006274,                  0.5655064590989136,               2.812902642860559, 5619.798624107399,0.46435935511623166, 5620.262983462515, 0.0008948045698977967
              0.0011006878016653072,                0.00071978315318397,                     -0.05158880514744631,                    -0.002264115203015942,            2.232932774653331,                  0.5644831050168052,              2.8412125131945656,  5619.84081828812, 0.4626651866784863, 5620.303483474799, 0.0009333679699776745
              2.415143241818917e-05,            -0.00038966399318051916,                    -0.051917624135404385,                    -0.005538071735378099,             2.21791501056373,                  0.5676271473799022,              2.8311413348127905, 5619.563478646171,   0.46601980617779, 5620.029498452348, 0.0007073035163544087
              6.008616624027507e-06,                0.00079759778458933,                    -0.055454018678301686,                    0.0004988643266737219,            2.226769064302588,                  0.5671128932934615,               2.821601865279831, 5618.960730590425,0.46617021814910115, 5619.426900808574, 0.0003871111340145875
               0.001323491075608326,              0.0007378073648386695,                    -0.052102575271055496,                   -0.0021014343622053435,           2.2184934462306374,                  0.5660896894046541,              2.8459014074466635,5619.7594774949275,0.46587518160770675, 5620.225352676535, 0.0008604527672918889
               0.001134407372212412,             -0.0007095226440491274,                     -0.05194450421021173,                   -0.0031574368823133778,            2.202594385809853,                  0.5696987423827099,               2.826041200617132,5619.4676101408495, 0.4690655626181353, 5619.936675703468, 0.0006426442917959828
              0.0005427566058339967,             -4.767291957022034e-05,                    -0.051836718999615124,                    -0.002860572690438669,            2.290592036001223,                  0.5589057832417785,              2.7619636654228845, 5619.540213415454, 0.4515434960860338,  5619.99175691154, 0.0006910378823927222
              0.0015980989896386738,             0.00024714313362902474,                    -0.054891174821691494,                    0.0002338290527942572,           2.2308284377101706,                  0.5655308115951109,              2.8315763852163576,  5619.29689569462, 0.4650179132840356, 5619.761913607904, 0.0005417891610447372
              0.0017264418494746772,             0.00021943344885938415,                     -0.05277962310867804,                   -0.0024436357258225496,            2.241573635150179,                  0.5640420464123079,                2.82751884997813, 5620.081814551344, 0.4616412169864074,  5620.54345576833, 0.0011877259372050793
              0.0014462893833199304,            -3.4234021390999155e-06,                     -0.05150019775526442,                    -0.002950963661389244,            2.190002799277882,                  0.5714236589667416,              2.8541799680844617, 5620.216766979325,0.47141525602129913, 5620.688182235346, 0.0013593313571843828
              0.0007533165224354447,             -0.0007405912872109698,                    -0.052001620682411286,                   -0.0042456189149662725,           2.2563806453406228,                  0.5621392595244228,               2.801312964174776, 5619.963155769017,0.45831713303203375,  5620.42147290205, 0.0010548322182133277
              0.0008768709759807925,            -0.00025777063599564677,                     -0.05385643499175739,                    -0.002082136387339716,            2.264282751795234,                  0.5623645921137332,              2.7766211977095345, 5619.914186352082,0.45778365765204565, 5620.371970009734, 0.0010044220510153864
              0.0004069802091493814,              0.0008342089544431916,                     -0.05314834605368433,                   -0.0017493487058008346,            2.270498047512551,                   0.562035690047883,              2.7792765762331095, 5619.569199725598, 0.4561468264377722, 5620.025346552035, 0.0007113616533440506
              0.0009705650816229016,              0.0005040245645251846,                    -0.056565070364231515,                   -0.0012711293101278231,           2.2298298017909466,                  0.5669778151779089,               2.818223534992714,  5619.78324551132, 0.4662559376522499, 5620.249501448972, 0.0008811490027031383
              0.0005811849868341344,              0.0011022514548436647,                     -0.05117775182556708,                   -0.0021399342220810476,           2.2745942455451567,                  0.5603057335273522,                2.78386815060313, 5620.162950947813, 0.4542238192608853, 5620.617174767074, 0.0012881111212303953
              0.0011672482948550111,             0.00017878796054452003,                     -0.05174311551873995,                   -0.0013889294236568226,            2.269175257681149,                  0.5595823211609501,               2.800443653359804, 5619.807754266974, 0.4555813774470586, 5620.263335644421, 0.0009030116875450684
              0.0015298790030125904,            -0.00016182848037492588,                    -0.052472204033740956,                    -0.001992860546892088,            2.289976584748445,                  0.5584849522748291,               2.768586553917371, 5619.402522641726,0.45201719008298263, 5619.854539831809, 0.0006021483666078953
              0.0015933447994714073,             0.00042341416257331684,                    -0.052933069377206106,                    -0.002870675268339261,           2.1883711935142034,                  0.5702429850306909,              2.8536923938174885, 5619.506771215255, 0.4725879159423497, 5619.979359131197, 0.0006683102050954915
              0.0005684126477825545,              0.0007252782117881648,                    -0.054836126401293026,                   -0.0009640745326194387,            2.191350075202693,                  0.5699275219672567,               2.861153196398826, 5620.049624690722,0.47305512427718294,    5620.522679815, 0.0011501020080768737
             0.00031221891761021563,             2.5339653592419152e-05,                     -0.05277620777198184,                     -0.00393429210563879,           2.1969688171772908,                  0.5695372812139972,               2.833720721642112, 5620.144304366244, 0.4707331787586755, 5620.615037545002, 0.0012643148016294266
               0.001089799133308668,             0.00020358940937829643,                    -0.050375582622229624,                  -0.00014276733907342748,           2.2181780940947338,                  0.5672166831953454,               2.827052249225469, 5619.892970761846, 0.4649257002200587,5620.3578964620665, 0.0009833371000551208
             0.00040349865252037266,             -0.0002473047148287432,                     -0.05625802768638813,                   -0.0005928200158211982,            2.236336358886867,                  0.5651639678182575,              2.8128206095596546, 5620.005209397819,   0.46474626502819,5620.4699556628475,  0.001100137693867686
               0.000784339136407233,             -0.0006164235918652566,                      -0.0541021888017919,                    -0.005198974214601513,            2.253540813903889,                  0.5620572329986201,              2.8096233192779314, 5619.885011609863,0.46016318631379766, 5620.345174796176, 0.0009755416344250033
              0.0013231914600106832,             0.00012520782440772412,                    -0.056711260750881565,                   -0.0032425034526817565,            2.244435241018888,                  0.5645800391818601,               2.813699338283696, 5619.941728911909,0.46348220053023015, 5620.405211112439, 0.0010324709008953622
              0.0008792848514525202,             0.00013064361263370058,                     -0.05663549979229201,                   -0.0036081349239648203,           2.1785853885359834,                  0.5734451449727265,               2.850934612041126, 5619.850492844051, 0.4769100559518424, 5620.327402900002, 0.0009424417120465678
             -0.0003740309600433742,              0.0005924769669739134,                      -0.0533928087389469,                    -0.002133903111367004,           2.1920824581826874,                  0.5713588787049257,               2.837610257022634, 5619.895929806883, 0.4720529771188495,5620.3679827840015,  0.000986251148093896
              0.0009929769642124363,            -0.00010078243153423039,                     -0.05317307398452778,                  -0.00035369823388388904,            2.259725395110936,                  0.5610501502964695,              2.8126064539129585, 5620.040013203513, 0.4582455191708858, 5620.498258722684,  0.001139100771152373
              0.0010698508822541393,              0.0006876122098322832,                    -0.054744593673362395,                    -0.003139968652623622,           2.1835060877222077,                   0.573209733713864,               2.840027422557786, 5620.187658660155,0.47469262625889797,5620.6623512864135, 0.0013203338358226948
              0.0010754217311555326,              0.0005921297167900192,                    -0.053827632172775815,                   -0.0044320163837288425,           2.2717922307419784,                  0.5616852501616957,              2.7742161837238197,  5619.76220814148, 0.4563953425470919, 5620.218603484027, 0.0008628055705497176
              0.0017279519251760275,              0.0004138481414944756,                    -0.052947381109056016,                   -0.0028741442624435607,            2.262415134865183,                  0.5611173656212176,              2.8101434143981816, 5620.111142953728,0.45764354610409275, 5620.568786499832, 0.0012230758863454852
              0.0005293423650301192,               0.000279156107179254,                    -0.049965808950837035,                    -0.004047950596354065,           2.2432204591071763,                  0.5648466576736476,              2.7987427466392756,  5620.06730092858,0.45975058307452593,5620.5270515116545, 0.0011706122224150945
              0.0011863877105588356,              0.0007263970240645427,                    -0.054886834435923154,                    -0.001687931102493184,           2.2612535400577625,                  0.5607446126168057,              2.7974076558456944, 5619.844988918106,0.45899563502652796, 5620.303984553132, 0.0009372688312908252
              0.0010135662198815243,              -0.000572136787189989,                     -0.05130623236789954,                    -0.004234210706618407,           2.2246554744920712,                   0.565761679042813,               2.820097934210402, 5619.457396237836,0.46423898688988824, 5619.921635224726, 0.0006361137930418173
             0.00010264726673695506,              0.0012423460215440763,                     -0.05406406463351993,                    -0.002950981487187978,            2.266796222982419,                  0.5618493535100046,              2.7921702830026462, 5619.846938787785, 0.4574467297103686, 5620.304385517496, 0.0009390981662690903
             0.00013230022723233035,              0.0004886911647574145,                     -0.05289113806104801,                   -0.0026749830035876316,           2.2300662428298086,                   0.566895622006411,               2.833402930564186, 5619.206945608896,0.46399986369287266, 5619.670945472589, 0.0004951827261911327
             0.00012630819041762112,            -0.00021121886728837046,                     -0.05522249047496761,                    -0.003894913386913218,           2.1937594711961843,                  0.5716589513713197,              2.8435738813285347, 5619.655036286447,  0.472864901000374, 5620.127901187448, 0.0007751197362632828
              0.0005728601752819098,             4.3024054417201065e-05,                    -0.057065651541465034,                    -0.004721387641080405,           2.2065075877458598,                  0.5694652711878083,              2.8313450681624426, 5619.909231308381, 0.4714221554155339, 5620.380653463797, 0.0009994574060329833
              0.0014196805859310023,            -2.1035488112428227e-05,                     -0.05030130635221459,                   -0.0013425780152650254,            2.226243465947265,                  0.5661796543543859,              2.8197562796487565, 5619.892126571016,0.46326516830032666,5620.3553917393165, 0.0009825073261851647
              0.0004249660337982975,              0.0006401815312828997,                    -0.050973633910664444,                   -0.0009587160183299927,           2.2678784943134938,                  0.5619026490213515,               2.785136839882766, 5619.674376650532, 0.4553841800641015, 5620.129760830597, 0.0007902567399234652
             -0.0001651800229937648,              0.0003877880383156754,                     -0.05556889564742399,                   -0.0039137270877036305,           2.1762317279933843,                  0.5732804080006069,              2.8675117529824723, 5619.230872692091,0.47675098403522365, 5619.707623676126, 0.0005071738891765166
              5.812881234566177e-07,              0.0007953172647474658,                     -0.05112507416615735,                    -0.002461835309702668,           2.2194796369494783,                  0.5681048040495714,              2.8306553062174844, 5619.798713041582, 0.4651142062945559, 5620.263827247877, 0.0008948841521504615
             -3.901140990684083e-05,            -0.00033623450461408346,                      -0.0523423149808382,                   -0.0042222645363938025,            2.272956509287319,                   0.560083866515954,              2.7945063929766607, 5619.859183343124, 0.4552759577828959,5620.3144593009065, 0.0009506676930395658
              0.0011224557487669654,             2.5533002263024245e-05,                     -0.05616576405953893,                    -0.004175211429685322,            2.267377654981337,                  0.5615007959496526,              2.7822665233332335, 5620.013620718953,0.45866749625423786, 5620.472288215206, 0.0011094303321961796
              3.053569539260656e-05,             0.00037438761545902994,                     -0.05347711912014661,                   -0.0017382238636609484,           2.2724031943115133,                  0.5606462470318324,               2.775019103974695, 5620.070657241897,0.45596811047420405,5620.5266253523705,  0.001174547764567526
             -0.0004903841624682896,              0.0007882217983919945,                     -0.05176179591999937,                   -0.0032520623557373896,            2.227973802466662,                   0.566231029343674,              2.8234501483149357, 5619.781981751908,0.46378676278763104, 5620.245768514696, 0.0008800361456968302
              0.0014969152848172507,              7.097750942322707e-05,                    -0.052643842909332376,                   -0.0021925424612854348,           2.2927400662187125,                  0.5571557671454558,              2.7759934476438195,  5619.65011149446, 0.4515950494286927, 5620.101706543889, 0.0007713118170984241
            -0.00021806131344917699,             0.00030908761265904187,                     -0.05484627087663676,                    -0.003999108402330246,           2.1897952624776216,                  0.5713371015462777,               2.836635669812839, 5619.761562510044,0.47346508235315066, 5620.235027592397, 0.0008622486959375461
              0.0005333886020282034,             -0.0007818155893226171,                     -0.05420485406531248,                     -0.00428305826761347,           2.1993064887924234,                  0.5693129334246623,              2.8454179096773595, 5619.543686796616,0.47111882345357436,  5620.01480562007, 0.0006934422936571694
              0.0001664559080915866,               0.001125920603244151,                     -0.05276335690075862,                   -0.0023515106272554015,            2.206215661642167,                  0.5681019422183098,              2.8484219819461583, 5620.284307862823, 0.4687692719206552, 5620.753077134744, 0.0014543132749341903
              0.0008339340847919121,              0.0003135417729058633,                     -0.05318440572118223,                   -0.0029779189374842603,           2.1507521074717397,                  0.5769628414743653,              2.8786436604260235, 5619.888528411237, 0.4807216455620205, 5620.369250056799,  0.000978978460359979
              0.0004894356925657936,              7.034108351608818e-06,                     -0.05014265712774386,                    -0.002109514508954478,            2.243555781315139,                  0.5635956156931008,              2.8059101405827658, 5620.194367789314, 0.4597153423149779, 5620.654083131629,   0.00132922190833453
               0.001213149023610338,              9.268934472707134e-05,                     -0.05555733107901489,                  -0.00030078201279439584,           2.2140974193319654,                   0.567194563895107,              2.8401401355316382, 5620.016150440487,0.46880790908731484, 5620.484958349574, 0.0011122404348883886
              0.0006586498009803583,              0.0003491574052800904,                     -0.05059163767409436,                   -0.0013695142110038373,           2.2182810975905216,                  0.5674344594511135,               2.813609002350617, 5620.214222741657,0.46503252399373257, 5620.679255265651, 0.0013558772909877687
             0.00020662577681984285,             0.00040398441889822223,                     -0.05104931842348038,                    -0.003937729563040671,            2.201066702795541,                  0.5694065462556497,              2.8584049978342865, 5619.976577452799, 0.4688904155663017, 5620.445467868365, 0.0010690852787609846
               0.001143649296571349,              7.807335195229268e-05,                     -0.05522678578673188,                   -0.0030996931040284167,           2.2910929221488887,                  0.5572126747091554,              2.7922706782199747,  5619.84777403179, 0.4534780233473905, 5620.301252055137, 0.0009398828700469201
              0.0015236856993797972,             0.00041458871772331174,                     -0.05637138694667872,                   -0.0009442673989459559,             2.24388830058689,                   0.563895441137221,               2.811932805413167, 5619.847962233036,0.46332786195798903, 5620.311290094994, 0.0009400597738201003
              0.0006399645410744856,              0.0007215612332750238,                     -0.05138119639440464,                   -0.0022064929569617273,            2.287249996915062,                   0.557546784266298,              2.7913606800613806, 5619.938658366333,0.45190528685751413,  5620.39056365319, 0.0010293055141568606
               0.001017643052827115,               0.001114348007073057,                     -0.05527248015480333,                   -0.0031701361093765842,           2.2494031781501787,                   0.563874446197706,               2.814877255767607, 5620.082097512797, 0.4616033342055102, 5620.543700847003, 0.0011880620654156886
            -0.00034603333525938296,               0.000891420574857706,                     -0.05523824014364655,                   -0.0024208167708657143,           2.2337083095562202,                  0.5655660669489108,              2.8085567654727406, 5619.818158775606,0.46467512706652303, 5620.282833902673, 0.0009124561276223772
              0.0011060169434139394,             -0.0001884576154877163,                     -0.05433891639606816,                    0.0002740951618160231,             2.21667221721507,                  0.5682867677376603,               2.827131160182482,   5620.0196261933,0.46753808855239903,5620.4871642818525, 0.0011161130339082895
              0.0011937617437922674,              0.0007523568908964219,                    -0.054282453965606235,                   -0.0012140152818720608,            2.260042839050041,                  0.5630112443905221,               2.805158318916071, 5619.395810149508,0.45885865422588085, 5619.854668803734, 0.0005981199857463133
                0.00097813416163931,               0.000421189410239601,                     -0.05775028613323398,                   -0.0010150751932527576,            2.209871631641694,                  0.5683245327534395,              2.8437969411480726, 5619.290500747695, 0.4710553059583565, 5619.761556053653, 0.0005383355028655867
              0.0012535848112284792,              -0.000185712128875271,                     -0.05345010540335046,                   -0.0009287206241322016,           2.2882201190428715,                  0.5589601816157904,              2.7733920331908815,5619.6331658099225, 0.4529063500492509, 5620.086072159972,  0.000758351530959849
              0.0010662087080432034,              0.0007245829524580172,                      -0.0545109796556375,                   -0.0016087947463802935,            2.195711099314466,                  0.5714680497683114,               2.825980991968966, 5620.153880252325, 0.4719649716430502, 5620.625845223968, 0.0012764798889260828
              0.0007260979808442403,             0.00020764638261114104,                    -0.052347068069261656,                   -0.0032435157245921885,           2.1744755383298107,                  0.5726942378335216,               2.845223579400959,5619.4320121406245,0.47516604168416476, 5619.907178182309, 0.0006201698362737592
              0.0008108026656033436,               0.000691614774651473,                     -0.05280778027765137,                   -0.0024494681276305812,           2.2109821875077116,                   0.569568790222864,               2.839542526291032, 5620.072453017541,0.46781988527435414, 5620.540272902816, 0.0011766588838173692
              0.0006154196875892518,              0.0008190945739712787,                    -0.055644214413568614,                   -0.0018729332739883158,            2.271803688706482,                  0.5613863546207888,              2.7726943480120756, 5619.506531018291,0.45740574597002376, 5619.963936764261, 0.0006681496982905363
              0.0009767177089585557,            -0.00044097763920726796,                    -0.051483166118824926,                   -2.592624493693633e-05,           2.2373981128489078,                  0.5649214355829791,              2.8129807606257122, 5619.792584078564, 0.4616792016087631, 5620.254263280172, 0.0008894162137886779
              0.0009848705950401572,              9.864490850813363e-05,                     -0.05118359047129147,                   -0.0007232139486052162,            2.247943764845053,                  0.5624786635130739,              2.8197809860346794,  5619.95805075256,  0.459413556287367, 5620.417464308847,  0.001049461004112662
              0.0006689585149900523,            -0.00016642364639880266,                     -0.05407142962161813,                    -0.003943111517841953,           2.2561340025355197,                   0.563775562101797,              2.7868525173011767, 5620.070705540929,0.45956798850612574, 5620.530273529435,  0.001174604495458359
              7.927889618609621e-05,             1.9442338981972393e-05,                     -0.05391849436851192,                      -0.0048466823488639,           2.1812799624501107,                  0.5719880732106429,               2.871473221190743, 5619.540847975673, 0.4747280970520392, 5620.015576072726, 0.0006914765267015369
              0.0007756786067370236,             0.00038729692883963924,                    -0.053624382900717124,                    -0.004249245869670481,            2.234186050724922,                  0.5668669122738493,              2.8104255368250683, 5620.176602710782, 0.4636701990528431, 5620.640272909835, 0.0013058166900672768
              0.0005324015178672574,            -0.00042678745760676447,                     -0.05495080234397589,                    -0.005904182214582667,           2.2700949761240468,                  0.5602271415339133,              2.7989320563719877, 5619.495915141821, 0.4574819571276014, 5619.953397098949, 0.0006610942199339443
            -0.00011647371101984068,              0.0005749032241940098,                     -0.05354026830065087,                   -0.0004232461336690894,           2.2452527734756162,                  0.5644380066980744,              2.8032283718699116, 5620.267983318528, 0.4613123927955634, 5620.729295711324, 0.0014307650038043109
              0.0010212287157162479,              0.0005161655479683905,                     -0.05308402000861998,                   0.00014559551094035344,           2.1999780344520743,                  0.5689896402412978,               2.835437799464845, 5619.459423273816,0.47021245800095496, 5619.929635731817, 0.0006374045263271776
             0.00025013283818401343,              0.0004926992981550145,                      -0.0563085980480785,                   -0.0031114649766788307,           2.1808062341062513,                  0.5724085654219583,              2.8661034965224435, 5619.978651508223,0.47621625986609495,  5620.45486776809, 0.0010713049219185375
              0.0013085907646709978,              0.0001733662707861742,                     -0.05213371608567415,                   -0.0036467676041909707,            2.282723855328532,                   0.559620486064128,               2.770406548161823, 5620.154136742184, 0.4532562798670704, 5620.607393022051, 0.0012768073350650447
              0.0012426274639356094,              0.0005783332220859715,                    -0.052722339951067496,                   -0.0038211187925750773,            2.168510809731101,                  0.5744269520079577,               2.870831138389957, 5619.995043766734, 0.4766799863544485, 5620.471723753089, 0.0010890107519435186
            -0.00016418908067857238,            -2.7267361220006023e-05,                     -0.05157027957422536,                     -0.00481637972826685,            2.234759918376831,                  0.5652022134236953,              2.8041617883336327, 5619.459267239696, 0.4623793546223656, 5619.921646594318, 0.0006373050772313327
              0.0017316824244867142,             3.3414715648522744e-05,                     -0.05400736346351367,                   -0.0008903694804218612,           2.2433437689776454,                  0.5647307803966155,              2.8149217585020834, 5619.584877006494,0.46198864506015985, 5620.046865651554, 0.0007226017466398564
             -8.264321048427733e-05,              0.0007607922236330082,                     -0.05305902303995508,                   -0.0032347375951585363,             2.18790903146223,                  0.5723391062315456,               2.855416623392829, 5619.567289146802, 0.4727591110506455,5620.0400482578525, 0.0007100038383721581
               0.001326860081812554,              0.0001509247874106555,                     -0.05334249153779432,                    -0.002205707908021227,            2.195808703741785,                  0.5693416378071906,              2.8445855677098413, 5620.265796668347, 0.4712579104903112, 5620.737054578838, 0.0014276398393156075
              0.0005302357441353795,               0.000462429285085122,                     -0.05535055981818893,                   -0.0007976914215702655,            2.170541876484858,                  0.5744171822576476,              2.8560928812422066, 5620.016476819839,0.47774120115806235, 5620.494218020997, 0.0011126035064475176
              0.0011791220399739665,             0.00015870434948178898,                    -0.055798776646784363,                   -0.0003875831397619565,            2.185795592695504,                  0.5723610547703578,              2.8369165002216175, 5619.341927679594, 0.4748052612930707, 5619.816732940887, 0.0005667446836735701
              0.0007140522201746406,              0.0010711648928977658,                    -0.052236902828865776,                    -0.003078386582219719,            2.268813723246003,                  0.5599454824835023,               2.790377418482329, 5620.079576905272, 0.4559802353520828, 5620.535557140624, 0.0011850711982179284
             0.00033238470154983637,              0.0009012858173420931,                     -0.05412922920708649,                   -0.0004938017036093381,             2.25979249921555,                  0.5615976622580714,              2.7905151313471825,5619.9641268101595, 0.4588026173376466, 5620.422929427497, 0.0010558570011681104
             -0.0002647531519181187,              0.0004853898296584202,                    -0.053259246733468525,                    -0.003055805196395348,            2.243121808726287,                  0.5630816415609541,              2.8169616049860506, 5620.121539440132, 0.4616194378725799, 5620.583158878005,  0.001235857907091694
              0.0008419234537565403,              0.0007547165228351639,                    -0.053453641462351494,                   -0.0016086143927244712,           2.1764698465042893,                  0.5738993318078687,              2.8591325651400803, 5620.222329373224,0.47535493747438223, 5620.697684310699, 0.0013669135616864794
               0.001033970489519668,               0.000661810054907345,                    -0.053662347221645264,                  -0.00016228159707100197,             2.24401423990472,                  0.5645481963467452,               2.823099883542362, 5619.797668508233,0.46163653144360967, 5620.259305039676,  0.000893949903821617
              0.0018136819573720115,            -0.00024168351356701378,                    -0.053651916484115915,                   -0.0034912354602498912,           2.2431178322123713,                  0.5632763111480442,               2.814592329416139, 5619.605825540116,0.46188619326655284, 5620.067711733383, 0.0007378988602612975
              0.0006480119956857445,             -0.0002879445476428482,                     -0.05255789152325554,                    -0.003864748148649039,           2.1648212789244132,                  0.5747738829748515,                2.85985936310583, 5619.945835841762, 0.4773639584885879, 5620.423199800251, 0.0010367199056707547
              0.0020549390856315166,             -4.219733345650073e-05,                     -0.05337911374311143,                   -0.0027377874647137477,            2.230012737728696,                  0.5654831425913976,               2.826301412179914, 5619.543514771987,0.46432265307872733, 5620.007837425066,  0.000693323014763523
              0.0012834917678152791,               0.000137325878288272,                    -0.051925011234480886,                   -0.0016168247243137184,            2.174625387211551,                  0.5729971765099874,              2.8510330190111697,5619.8158642186445,0.47485202368255186, 5620.290716242327, 0.0009103648452632783
              0.0006372218973266421,             -0.0003675685056544988,                     -0.05690140735653292,                   -0.0035221468446177623,           2.2201576748951486,                  0.5678478219847591,               2.816949602258826, 5619.646728010979, 0.4684779975793092, 5620.115206008559, 0.0007687065063048686
              0.0009546238523519345,             -0.0005596674465384793,                     -0.05206078172509702,                    -0.001946658209412559,           2.2774357364279765,                  0.5594538030702345,              2.7880445514678334, 5620.014527438181, 0.4541755427229988, 5620.468702980904, 0.0011104367302024623
              0.0016401459325479277,              0.0006892455514451349,                    -0.052487550423217406,                   -0.0022642303118044333,           2.2435584432380016,                  0.5644111563637897,              2.8000368820004233, 5620.429042339674,0.46107180855860136, 5620.890114148233, 0.0008285336083481643
             0.00037021950716076903,              8.680171112818535e-05,                     -0.05499171135272046,                    -0.001054269242960692,            2.189903593256088,                  0.5705424056144696,              2.8587779210708097, 5620.522712922879,0.47344857540021607, 5620.996161498279, 0.0009098938865683346
              0.0001491174355813982,              0.0009132123204448324,                     -0.05096584089339945,                   -0.0031592817214224646,            2.227765392539922,                  0.5665722202472546,              2.8109881695196375, 5620.491047352174, 0.4633711576382974, 5620.954418509812, 0.0008815329792969584
             4.8528358956016976e-05,             0.00027589388008799644,                    -0.054981427390868386,                   -0.0014141955183494886,           2.2237191423926506,                   0.565895391715365,              2.8405991368333012, 5620.404538331848, 0.4665028320478467, 5620.871041163896, 0.0008084779399718199
              0.0015059670595515336,             1.7544534616842478e-05,                     -0.05501656271994971,                   -0.0020422068214522924,           2.2612060959680145,                  0.5617051834374995,              2.8050985086908273, 5620.588169060737, 0.4590933146933459,  5621.04726237543, 0.0009714444838444198
              0.0014883684300536389,             0.00034994315410133745,                     -0.05485398032972968,                    -0.001627771798981635,            2.216338139050708,                  0.5679259377714576,              2.8416397331283347, 5620.316753345487,0.46793883740894987, 5620.784692182896, 0.0007405316744137413
              0.0012458525288447364,               0.000469005610351184,                    -0.052610149766744316,                    -0.005418012900508524,            2.200886027177045,                  0.5692351505900012,              2.8481877563091142, 5620.695857348767,0.46991221387110693, 5621.165769562638,  0.001081898243796363
              0.0003103306632057765,             -0.0001438094404493719,                      -0.0554021023709639,                    -0.004092638714911004,            2.252017320435958,                  0.5633149111275305,               2.791336096827629,  5620.38358658317, 0.4611922051558205, 5620.844778788325, 0.0007917151316363723
              0.0005123963382973312,            -0.00016870781047337213,                     -0.05437463307994681,                   -0.0008836653935700082,            2.236887445781035,                  0.5649442598284973,              2.8021751779381505,  5620.53302162977, 0.4634812763263493, 5620.996502906096, 0.0009193222294633321
             0.00014468940218196057,             -0.0004596045049796658,                     -0.05427004620650604,                    -0.002953063100794971,           2.1997671940931003,                  0.5697651232794558,              2.8482886569177053, 5620.445655760104, 0.4710057304092155, 5620.916661490513, 0.0008424133613708277
              0.0014311316785945974,             0.00014634992962768903,                     -0.05346004300517415,                   -0.0025090755392530844,           2.1983896373082974,                  0.5702178793962976,              2.8545272347253237, 5620.654276697751, 0.4708025356908924, 5621.125079233442,  0.001037834655297935
              0.0009253473365895894,             0.00013855423658607082,                    -0.052084807614039844,                    -0.004791496299368287,            2.235143617363593,                  0.5653487962447451,               2.798856714677055, 5620.576136659063, 0.4626022166821006, 5621.038738875745, 0.0009598257146392304
             0.00016388212219046121,              0.0006985814536712309,                     -0.05562175021767391,                   -0.0024845117471659736,           2.1737921019193283,                  0.5734031905141878,              2.8614476770992905, 5620.324159457161,   0.47725040804265, 5620.801409865204, 0.0007460364941856407
              0.0008246875343070474,              0.0002706313976242981,                    -0.053960060846582635,                   -0.0011650068024867907,           2.2305589440584885,                  0.5643416275605165,                 2.8314514901246, 5620.339911743997,0.46450589430930467, 5620.804417638306, 0.0007578813216671257
              0.0011417059201483126,               0.000766838023491401,                     -0.05405824029071415,                    -0.004163547009604358,           2.2390403753768653,                   0.563619177302746,              2.8140281523135107, 5620.577217257914,0.46296168289297107, 5621.040178940807, 0.0009608634617962862
               0.000965957183738031,              0.0010677747467980625,                     -0.05300838920375594,                   -0.0040367839676803225,           2.2609353303419955,                  0.5625128695720637,               2.795196227323689, 5620.748334693009,0.45800737202184233, 5621.206342065031, 0.0011401894988953948
               0.001013171717363705,              0.0001358788592793291,                     -0.05393179326293052,                    -0.005532609455978824,           2.2425290029490297,                  0.5652785322362136,              2.8067472950179777, 5620.388672557322,0.46226007493627536, 5620.850932632258, 0.0007957520314138907
              0.0009070907745999878,              0.0002546528492800214,                    -0.054865963855161064,                   -0.0021225557867377673,           2.2040434912030595,                  0.5681695547292083,                2.85291672309606, 5620.791732919972, 0.4704652601144036, 5621.262198180086, 0.0011907611239872367
              0.0010598880083017574,              0.0004525087327840868,                    -0.051288478524461535,                    -0.003578047304643897,           2.2842810043774606,                   0.559502126201696,               2.776718111687602, 5620.337099754271,0.45246694768883666, 5620.789566701959, 0.0007557531607626486
              0.0004285210064195165,              0.0001878059355640232,                     -0.05588833217581872,                    -0.004991834910601708,           2.2159202747719284,                  0.5668758919691562,              2.8337501375875895, 5620.429246698372,   0.46877223469677, 5620.898018933069, 0.0008287029436990835
              0.0007166231852338514,              0.0003482246315040212,                     -0.05105771581653154,                    -0.005170677612099174,            2.252200867661672,                  0.5622525269846286,               2.819130115077156, 5620.427144980613,0.45864491365350374, 5620.885789894266, 0.0008269630730046367
              0.0008887830488364772,              7.423705664953238e-05,                    -0.050622711063362656,                   -0.0020683900876793506,           2.2031458798688477,                  0.5688332718403439,               2.851267709855146,5620.4993707488675,0.46816158835342025, 5620.967532337221, 0.0008889009487110637
             0.00030847511994130705,              0.0006732368322429346,                    -0.054375657914155905,                   -0.0037648249418494118,             2.24895644427259,                  0.5643022111205224,              2.8129181911064416, 5620.458828583878, 0.4611586439212368,5620.9199872277995,  0.000853583735282221
              0.0008539652104036726,                8.2743149483924e-05,                     -0.05607800198727076,                    -0.004341366773709296,           2.1976621137100727,                  0.5693866301212215,               2.855168458015563,  5620.36056139062,0.47260859095418856, 5620.833169981574, 0.0007736940044137933
              0.0014423122006638565,            -0.00014849043709164907,                     -0.05124323792593761,                    -0.003647406210592615,            2.260208677385775,                  0.5620487130038156,               2.792644468915184, 5620.336648877152, 0.4571107754004134, 5620.793759652552, 0.0007554124857619281
              0.0008137876968082186,              0.0004203118715793563,                    -0.055102658863827675,                   -0.0005051138278035492,           2.2684862694979735,                   0.560136157122395,               2.800210972035524, 5620.404979086308,0.45769702136447266, 5620.862676107673, 0.0008088343587706652
              0.0005054540351950601,             0.00047236616038680285,                    -0.051244341101538964,                    -0.002774441344840882,            2.220613525356955,                   0.566031028178117,              2.8459591777040734, 5620.471583316334, 0.4649602117382762,5620.9365435280715, 0.0008645406954595343
             -0.0001158251077647138,             -7.050622160380103e-05,                     -0.05354271265264656,                   -0.0016453822662898738,            2.254726505936609,                  0.5622774078557469,               2.806458023819479, 5620.589142989578,0.45945470271146965,  5621.04859769229, 0.0009723910625205942
              0.0012477574830891025,              0.0005623494367745708,                    -0.051072572876309986,                    -0.000912856594271713,           2.2180467662427064,                    0.56718955518323,              2.8331924499189203, 5620.625271691975,0.46535331122256174, 5621.090625003198,   0.00100816462489191
              0.0004752297459243354,             0.00034020120645325444,                      -0.0520993849080428,                    -0.001813332410306743,           2.2085960703805503,                  0.5694514481235369,               2.814037431357769, 5620.460890166543,0.46787618428699923,  5620.92876635083, 0.0008553452838792946
              0.0012646031125130449,              0.0008830482354364761,                      -0.0530989942288084,                    -0.004082917658425879,            2.213963707206396,                  0.5670923883179593,               2.845124658024065, 5620.557579003637,0.46744832303385225, 5621.025027326671, 0.0009421778576533888
              0.0013343329370619332,              0.0002715661368496142,                     -0.05104139850339715,                   -0.0017997886625840383,           2.2443681651442016,                  0.5634362190689873,              2.8184454269373838,5620.6720618461995, 0.4600614626866396, 5621.132123308887,  0.001056457815652559
              0.0008798896178858664,              0.0008093434941544649,                    -0.054861124396493995,                    -0.003637089180390971,           2.1755066039749584,                  0.5730285462117386,               2.867301209192882, 5620.654978424069,0.47646527532065164,  5621.13144369939, 0.0010385631867741011
              0.0015149113495294484,              0.0007060196142727202,                      -0.0538556353540589,                   -0.0017316325841231677,           2.1948394558902953,                  0.5700738701730814,              2.8511381138770027, 5620.527826785257, 0.4717598642171577, 5620.999586649475, 0.0009145588765753205
              0.0009982714289516394,             0.00035791849873863506,                     -0.05678354311386004,                    -0.002587135176348491,           2.1963274689096783,                  0.5708353908281485,               2.840654844878012, 5620.525577581577,0.47326211457208756, 5620.998839696149, 0.0009125041589894474
              0.0011839693675140654,              -0.000320596565638618,                     -0.05299432642148525,                    -0.005685694512895479,           2.2458195525624816,                  0.5632558365083771,               2.814857848260189, 5620.379307898656,0.46106191739963587, 5620.840369816056, 0.0007883348690591451
              4.262406038467627e-05,              0.0009379606520722196,                    -0.053949758866721625,                   -0.0010252124094631604,           2.2172509901449073,                  0.5682091340526112,              2.8192064951610547, 5620.508156835314,0.46718953780406236, 5620.975346373119, 0.0008967453194867147
              0.0006239548049420147,             0.00027499245882858184,                    -0.051114252226579025,                   -0.0007648797770512481,           2.2350604468103112,                  0.5656840173765568,               2.804047899298056, 5620.631417787879,0.46193584115263087, 5621.093353629032, 0.0010143799818885689
               0.001100622603629926,             0.00013266475603206982,                     -0.05592480466307161,                    -0.004305840396931487,           2.2276387130335897,                  0.5666439102113157,              2.8056534725227005, 5620.384980902643,0.46639112205929756, 5620.851372024703, 0.0007928198054170284
              0.0006866492334578416,             0.00014312338582282542,                     -0.05521056061237825,                   -0.0009729921702461979,           2.1801977034263613,                  0.5726482016383919,                2.84812799770373, 5620.590183286028,0.47561646983899214, 5621.065799755867, 0.0009734031638422796
             0.00021033038787660814,              0.0004848584209218333,                    -0.055249101919420174,                   -0.0044068587651933415,           2.2151985047210743,                  0.5678283288916254,              2.8475315729546846, 5620.296404644487,0.46849438466837584,5620.7648990291555, 0.0007256150979716978
                0.00071977068233484,              0.0006475934207556613,                     -0.05487002509638857,                   -0.0059665337262330784,           2.2328256171154788,                  0.5661409588890047,               2.819912991308324, 5620.430425797833, 0.4647922127216941, 5620.895218010554, 0.0008296806431827686
               0.000666730489178298,             0.00023860870461527267,                      -0.0558519935445682,                   -0.0008857197692391573,            2.255010867445108,                  0.5631274653405929,               2.796039191242105, 5620.727002470803, 0.4607942381637569, 5621.187796708967, 0.0011161243176371076
            -4.1712396236133405e-05,              0.0006116867422189814,                     -0.05379894697144184,                  -0.00036300059541280016,           2.2480134421945173,                   0.563816769696328,               2.800038196351391, 5620.405718572827,0.46091961083245797, 5620.866638183659, 0.0008094327020810545
             3.5596511182474736e-05,             0.00036286956914218345,                     -0.05390655685560332,                    -0.005484926841614185,           2.2567015341934304,                  0.5628738364520054,              2.7930280614699172, 5620.412156089696,  0.459436472526756, 5620.871592562223, 0.0008146602469055207
              0.0008659343783401851,              0.0008671649719546584,                    -0.054024406761928434,                   -0.0007755571254899235,           2.2771741111233568,                  0.5594479769267549,              2.7884758409023562,5620.5738623805655, 0.4553671056587018, 5621.029229486224, 0.0009576452840479386
            -0.00020081661148740494,             -0.0001971000318902772,                     -0.05306399525763573,                   -0.0022322803960765653,           2.2275421209596105,                  0.5662679656878461,               2.816804925994907, 5620.518989861294,0.46459668132788606, 5620.983586542622, 0.0009065125938795346
             0.00011280673863811274,              7.847834606080214e-05,                      -0.0563369848725892,                   -0.0032588210442632574,           2.2376872671845813,                  0.5653155317580687,               2.804167156210978, 5620.323324129298, 0.4645816089395343, 5620.787905738238, 0.0007454135693249542
              0.0002247634006577715,              0.0002696029519255975,                     -0.05201187348437243,                    -0.005852584986626223,           2.2511494813138695,                  0.5633158151995694,              2.8118280369050677, 5620.388575631647, 0.4594375631181036,5620.8480131947645, 0.0007956749063486508
              0.0015477068076320956,              0.0007590004753963069,                     -0.05259913051783039,                    -0.004252890662404881,            2.215628644702369,                  0.5681021395309573,              2.8270426149670893, 5620.732222771042,0.46682654563377024, 5621.199049316676, 0.0011219660562272788
              0.0014139775194810628,            -4.8708822621921016e-05,                    -0.053584070074837196,                   -0.0031248536785228507,            2.277879307749282,                  0.5604203527081776,               2.780458973757789, 5620.333379446735, 0.4550215941023939, 5620.788401040838,  0.000752946750175926
              0.0008100873914534557,             -0.0003863744693995226,                      -0.0545464212704055,                    -0.003751511936240612,           2.2599203543817583,                  0.5616893184713955,               2.789134044278546,  5620.43296085951,0.45910564488413297, 5620.892066504394, 0.0008317866030266679
              0.0006859313710214928,             -5.129796507236355e-05,                     -0.05237305189644319,                    -0.004618657787763948,           2.2108566694046927,                  0.5673085745776156,               2.832271705388634, 5620.340671623926,0.46767303220267986, 5620.808344656129,  0.000758457439334671
              0.0009656777819932078,             0.00017434327444627957,                    -0.052600990057730536,                    -0.004046628654409893,              2.1726470247938,                  0.5742242728698329,               2.854775152028987, 5620.578621269413,  0.475735836142093, 5621.054357105555,  0.000962213472639502
              0.0010685237182145979,              0.0007283086469266657,                     -0.05336271251509527,                    -0.004730039406022322,           2.2881346101166846,                  0.5576758043678056,              2.7804370201798925, 5620.222861984667,0.45299069445666873, 5620.675852679124,  0.000674166455024892
              0.0007036926573367561,              0.0009330793420363967,                     -0.05433759460845962,                   -0.0011557415751866985,           2.2479623255899583,                  0.5633850352498375,              2.7940983819829635, 5620.460826743218, 0.4612655114761298, 5620.922092254694, 0.0008552910367571156
              0.0011168755060339804,              0.0007659852152609168,                     -0.05409975804047528,                    -0.004044628707644269,           2.2686228188116235,                  0.5599609620207812,              2.7911967487593605, 5620.366578829252, 0.4571570431839443,5620.8237358724355, 0.0007783636963066584
              0.0008179218331201084,              0.0001899721748030938,                     -0.05472025724517538,                   -0.0021390836728229466,           2.2145161533123545,                  0.5687251648994753,              2.8406987894971785, 5620.618442693092, 0.4682302830918669, 5621.086672976184, 0.0010013033243662275
               0.000826368981285489,             0.00020345532926563685,                    -0.053503877142521264,                   -0.0002684273943138716,           2.2194372135727067,                  0.5675721977108253,              2.8092602201607644, 5620.356669028169, 0.4664727897194432, 5620.823141817888, 0.0007706883602450214
              0.0011017364610800926,             -0.0004962640233573488,                     -0.05495690903514098,                   -0.0034531417217816946,            2.236964212578525,                  0.5656679694154149,                2.81782645247727, 5620.248335285154, 0.4638880099639233, 5620.712223295118, 0.0006915602984660958
               0.000689415155937398,             -5.409740009988703e-05,                    -0.052196169953283564,                   -0.0011571548056949518,           2.1930790430928746,                  0.5703318662440287,              2.8652431293001888, 5620.042215904586,0.47112579134009364, 5620.513341695926, 0.0005627474600139066
              0.0006846999632235959,             0.00032454594197663106,                    -0.052648363571937064,                   0.00027918275082668446,            2.201387549620599,                  0.5688318824603897,              2.8468936426964344, 5620.232998645819,0.46966174184897114,5620.7026603876675, 0.0006810350052092122
              0.0004782055983916381,              5.660631907176683e-05,                     -0.05379517053357519,                   -0.0031067819400601663,           2.1904204228371498,                  0.5712497612433977,              2.8635328902067236, 5620.729706508209, 0.4726656084749547, 5621.202372116684,  0.001119146443671394
              0.0009501510800388794,              -0.000120914001162636,                     -0.05088680732072292,                   -0.0018867155483914884,            2.230488362962454,                  0.5665305744312666,              2.8128540292452096,5620.6767487314355,0.46274311136880525, 5621.139491842804, 0.0010614209338886038
              0.0003196535402652934,              0.0005399900867819444,                     -0.05176710641738721,                   -0.0036803587815289395,           2.2161719078787256,                  0.5683432204821887,              2.8076038733094206, 5620.174414336421, 0.4661939341512091, 5620.640608270573, 0.0006422832450674942
             -0.0001049442829681569,            -0.00020947270136058562,                    -0.054779085042924884,                   -0.0015455603607329306,            2.235971487195764,                  0.5654227279424069,              2.8050832540926915,  5620.01174329517,  0.463917293321788, 5620.475660588492, 0.0005458577206170837
               0.001538669599243082,             -6.840612600634709e-05,                     -0.05342021448891702,                    -0.003659968767044352,            2.186829478703068,                  0.5720496688404253,              2.8516944623950176, 5620.387254026746, 0.4732246191022454, 5620.860478645848, 0.0007946240330653985
              0.0003403967616970084,              0.0004361224064108881,                     -0.05412466731893206,                   -0.0020938463846119203,           2.2213539379326535,                  0.5683444175361795,              2.8299007773820497,  5619.94372218884,0.46647684006165663, 5620.410199028902, 0.0005099625290184911
              0.0006053557547116586,             -7.648473995535771e-05,                    -0.054087220860575186,                   -0.0024033355165777857,            2.161933698549363,                  0.5753210965007225,              2.8700147274204992, 5620.349348104541,0.47883540711197004, 5620.828183511652, 0.0007650668121883569
              0.0008290160813130678,              0.0004604158057971367,                     -0.05395023740219218,                   -0.0007736684748404897,           2.1981660079918517,                  0.5697931814377817,               2.858238040603802, 5620.793043821104, 0.4711031720446044, 5621.264146993149, 0.0011923231176791203
              0.0004207593936024018,            -0.00044843452987273396,                     -0.05525270346427244,                   -0.0025995805826660463,           2.2356362172271496,                  0.5653201969525349,              2.8070862166112054, 5620.623152002927,0.46429994862751833, 5621.087451951555, 0.0010060298926610881
              0.0008314752329711759,              0.0006504827073260535,                       -0.053245339734042,                    -0.003991647482150392,            2.276442086286231,                  0.5593240587679691,              2.7755755411848138, 5620.156930014097, 0.4551270631013157, 5620.612057077198, 0.0006311509615985219
              0.0006103896403394925,              -0.000505879679054127,                     -0.05614298843474815,                    -0.002785121506817617,           2.2127669115634436,                  0.5682692319665084,              2.8257731146554503, 5620.219277511429, 0.4694807739594065, 5620.688758285389, 0.0006717542492349805
               0.000798752459447267,             -7.360333484807686e-05,                    -0.050464003148272644,                    -0.002388832990770053,            2.238479513912104,                  0.5642578797801406,               2.809547656715382, 5620.558123386651, 0.4609149498105695, 5621.019038336462, 0.0009426909029084189
              0.0010058145058163006,             0.00020369554948760079,                     -0.05363791228842188,                    -0.004290461137340994,            2.192104490179765,                  0.5708094898414307,              2.8675760551818987, 5620.072895988258, 0.4722742274374966, 5620.545170215695, 0.0005802801765522961
              0.0005970200862055639,              0.0004602676698523936,                     -0.05418823826325948,                   -0.0025327395152062882,           2.1950073673802013,                  0.5710433816342895,              2.8211693982706647, 5620.197355330269,0.47193127100698135, 5620.669286601275,  0.000657188174299603
               0.000611578459563502,              0.0012100845443780892,                     -0.05341385751908027,                    -0.002643969666765193,           2.2185743945564633,                  0.5684722284367366,               2.817749736232975, 5620.473919105605, 0.4666391723502484,5620.9405582779555, 0.0008665624406068327
            -1.6345206271504245e-05,             -0.0002378900321671892,                     -0.05409624882060847,                   -0.0016031923113155378,           2.2319254985027284,                  0.5652409304798222,              2.8232337829353504, 5620.705850303695, 0.4643160246685183, 5621.170166328364, 0.0010927638032876164
              0.0008386577755698352,              0.0005561995046891975,                     -0.05359193908258404,                   -0.0010467367203660723,            2.220197227621395,                  0.5686300101235009,               2.819953179074078, 5620.197090432388, 0.4663782370657572, 5620.663468669453, 0.0006570141096007144
             0.00035730144995530736,              0.0002359828444870917,                     -0.05100961516234715,                   -0.0017545754467665807,            2.200192060283762,                   0.569008334315937,               2.850297902746725,5620.5199521774675, 0.4689793468338981, 5620.988931524302, 0.0009073853654835717
              0.0011261983228342402,              0.0010406238119236365,                    -0.051333173339071815,                    -0.004130505967711926,           2.2305494715272127,                  0.5656659777614768,              2.8126618244627677, 5620.522099595191, 0.4630672883426884, 5620.985166883534,  0.000909335994557848
              0.0013609920954183315,             5.3528261992927326e-05,                    -0.051900488889906345,                    -0.005863386786229241,           2.2071820062931367,                  0.5684324763322792,              2.8439413496636723, 5620.025705171477,  0.468232481936623, 5620.493937653414, 0.0005535323701769962
              0.0013301379863212644,              0.0005282274224023638,                    -0.050366821225787034,                    -0.004095240540266979,            2.199713443168868,                  0.5702166838137751,               2.839079848446465, 5620.087958036062, 0.4688026458080947,  5620.55676068187, 0.0005890865387481053
              0.0006501823211412001,              0.0007052600891324779,                     -0.05051128763489318,                   -0.0008052803391231418,            2.227637896160265,                  0.5659218302359101,               2.822393414750226, 5620.586096619725,0.46308909653734087, 5621.049185716262, 0.0009694333071980437
              0.0013375144623417707,             0.00020971500933661058,                    -0.054067411794542844,                   -0.0031543220471054335,            2.256979541654942,                  0.5619234656746263,              2.8232359366799473,5620.1470631533975, 0.4593759646163865, 5620.606439118014, 0.0006249541050147409
              0.0006229189414796931,             2.9934830098496235e-06,                     -0.05484755823932643,                    -0.002003240828573249,           2.2710711465896414,                  0.5609025604402393,                2.77404568304112, 5620.223677515552, 0.4570578356938158, 5620.680735351245, 0.0006747164828419148
             0.00023115096687578008,             -0.0003262491272085455,                     -0.05255507416937833,                    -0.004645840570478741,           2.2478648124479994,                  0.5636237894002437,              2.8139303795597908, 5620.662663959724, 0.4603320523152372,  5621.12299601204, 0.0010465758525502772
              0.0004567339403055951,             -0.0003214588125424345,                     -0.05317742722218692,                   -0.0021535693732588953,            2.191459963767887,                  0.5707488234141933,              2.8598139023431646, 5620.642438962759,0.47205451518548885, 5621.114493477945,  0.001025621474503144
              0.0009882320020427379,            -0.00014723867910160517,                     -0.05490471907192639,                   -0.0008555451452465574,           2.2681310458658843,                   0.560242454235049,              2.7966391521599707, 5620.284574851103, 0.4576486239023607, 5620.742223475005, 0.0007170817944104815
              0.0006651831893800905,             0.00017462472858035006,                     -0.05268085542701464,                    -0.004534897342832345,            2.159463319697978,                  0.5756252786455776,              2.8675008495677092, 5620.131941792992,0.47861308068096464, 5620.610554873672, 0.0006155750395839606
             0.00027678337763865565,              0.0005669388486428128,                    -0.054850164835807964,                    -0.003535667245217667,           2.2887636715394697,                  0.5585461851968098,               2.780489809515881, 5620.660195576749,0.45370288143721965, 5621.113898458187, 0.0010439956882604844
              0.0010198949481694602,             0.00014571704780369166,                     -0.05362629263272054,                   -0.0025142039344316753,           2.2336137353461316,                  0.5649280206118688,              2.8012386334729067,5620.4255564236655, 0.4637225493862565, 5620.889278973052, 0.0008256504379436204
              0.0013142483543194985,             -9.137718500440735e-07,                     -0.05064137429026233,                   -0.0030989954585591527,           2.2332020536197708,                  0.5656990809686314,              2.8052929075257573, 5620.320892322214, 0.4620979592606683, 5620.782990281475, 0.0007436030696113723
              0.0016330429951945207,             -0.0003793974088923282,                    -0.053554651265536886,                   -0.0035356662352589805,           2.2145344760982306,                  0.5680478985711869,               2.827708955865763, 5620.451995188474, 0.4675811305701238, 5620.919576319044, 0.0008477707439625388
              0.0012483576016114075,              0.0001937682931111521,                     -0.05201140834036066,                   -0.0005922190295391278,            2.202551798096274,                  0.5689755240463874,               2.845577436093558, 5620.576544989601,0.46905846360812686, 5621.045603453209, 0.0009602177208178327
               0.001326981155114581,              0.0008472113188087461,                    -0.051863158983647614,                    -0.002571632818546174,           2.2285202387984313,                  0.5665754213169936,               2.825112177694664, 5620.740401913131,0.46372202924231265, 5621.204123942373, 0.0011311804073951416
             0.00016015993856987928,               0.000988657005286072,                      -0.0529531357400706,                   -0.0029814545821752717,            2.245247642392017,                  0.5643429338420506,               2.818467562259606, 5620.615513435323, 0.4610180950978426, 5621.076531530421,  0.000998374540499654
              0.0005008342458078412,              0.0005282827708432432,                    -0.053833581273784584,                   -0.0035586849081054323,           2.2060514525173986,                   0.567588851085622,              2.8539648823748287, 5620.431709511695,0.46947218764793275,5620.9011816993425, 0.0008307463996422641
              0.0008644778066139539,             0.00012434816379114984,                     -0.05408788091396547,                   -0.0039010068913478205,            2.278920513390417,                  0.5583122057001254,              2.8030101610586744, 5620.189376222594, 0.4551457998479536, 5620.644522022441,  0.000651965263886566
             1.9278429634731734e-06,             -8.723344657882975e-05,                     -0.05398420897703095,                    -0.004202001803025045,            2.195396046605122,                  0.5693023761642464,               2.851537984120145, 5619.687901376405,0.47178734191307053, 5620.159688718318,0.00039485414283816755
              0.0012477816217821979,              0.0008937911532199082,                     -0.05332181137774543,                    -0.002220531816033356,           2.2879519403851454,                  0.5588973303514368,              2.7802660477078502, 5620.127907902435, 0.4529082408614574, 5620.580816143297, 0.0006130968789198837
             0.00022487916771549672,            -0.00025985803886624715,                     -0.05407839042292132,                   -0.0028005237839353416,            2.191811962815219,                  0.5716384311790655,              2.8433704208274833, 5620.635949043537,0.47253481401549025,5621.1084838575525,  0.001018986826433286
              0.0014415815044478723,               0.000893340195949871,                      -0.0538260204005384,                    -0.000690413842807849,            2.243181060164271,                  0.5643462238052702,              2.8083804945522672, 5620.467998882648,0.46190989759684226, 5620.929908780246, 0.0008614473539191883
              0.0014316955097031115,              0.0005456943523077852,                     -0.05392399403195879,                    -0.002258229255983272,           2.2645331973141154,                  0.5613269187833234,                2.80985981077081, 5620.476459595113,0.45778791467231916, 5620.934247509786, 0.0008687667321992675
              0.0013390503507187152,             0.00026550146449036774,                    -0.054267565087888894,                  -0.00045994173973816754,           2.2418693462997497,                    0.56463309540896,               2.819253658308794, 5620.538439795129, 0.4624287893004839,  5621.00086858443,  0.000924316787774092
              0.0005016885584519327,               0.000571850097148083,                     -0.05244209385665327,                    -0.006283383563655353,           2.2201108823464626,                  0.5679581308287596,              2.8250469270451575, 5620.174232056962,0.46592924637429306, 5620.640161303336, 0.0006421661806944082
               0.001209229150693333,              0.0005925075870733594,                     -0.05258835836558159,                    -0.003849946500392904,            2.286345937758507,                  0.5590555265588851,              2.7808586078253494, 5620.603886838246,0.45283563583062136, 5621.056722474076, 0.0009868340602430653
             0.00042823644824654527,             0.00021627047155744125,                    -0.050810147798288414,                   -0.0012867151147542058,            2.231352356113814,                  0.5661481639658414,              2.8253182433993658, 5620.550511100636,0.46251180689496396, 5621.013022907531, 0.0009355421139659825
              0.0014466320908643423,             0.00040486688508012094,                    -0.052148073418107406,                    -0.004957777887659361,           2.2665386721361704,                  0.5612767509401101,              2.7804325800702676, 5619.852188934172,0.45645837211645474, 5620.308647306289,0.00046535660113258565
              0.0013923363939810113,              0.0005249564022004197,                     -0.05343864443320506,                    -0.005331835325272967,            2.240569647212362,                  0.5635790985835774,              2.8123401117320785, 5620.223782378796, 0.4623502447343008,  5620.68613262353, 0.0006747872395114576
              0.0008004275126880703,              0.0002321639749271757,                     -0.05403107949201148,                    -0.004454803427172357,           2.1984360217483814,                  0.5697290029809178,               2.829532992946831, 5620.749330584572, 0.4712015838115217, 5621.220532168383,  0.001141325569604745
              0.0004271302396998882,            -0.00012323319859991304,                    -0.054962952743123024,                    -0.005201428151979114,           2.2609790979441855,                  0.5620190005056276,              2.8095223406492913, 5620.164865677623, 0.4592205906560295, 5620.624086268279, 0.0006361794892263842
              0.0007622904042719436,            -0.00036471452905963815,                    -0.054120830698567525,                   -0.0006777654398960061,           2.2022867749824977,                  0.5692253182642254,               2.836974991103217, 5620.560104051707, 0.4703525697802984, 5621.030456621487, 0.0009445599081642746
              0.0005985730605191614,             0.00031005716615109937,                      -0.0513707127034106,                    -0.005616115450195084,            2.194564094898088,                  0.5697751726584358,               2.856262611209683, 5620.034412102695, 0.4705099423979594, 5620.504922045093, 0.0005583729813041265
              0.0005027191836592134,             -9.297957419332877e-05,                     -0.05446029602827377,                   -0.0036636193093843705,           2.1612142355213533,                  0.5748896782885262,              2.8710234482189616,   5620.2179972757,0.47925623037800347, 5620.697253506079, 0.0006708947957131439
            -0.00016355665895051514,             0.00025408910636262806,                    -0.052582106329857776,                   -0.0018153490324557555,           2.2594518011651825,                  0.5625817065332414,              2.7991263056187234, 5620.430239331684, 0.4579644805622108,5620.8882038122465, 0.0008295259502512894
             0.00044684356081835534,              -8.26712047609782e-05,                    -0.051531581726693844,                    -0.004939531293555091,           2.2054676727071123,                   0.568631613886679,               2.843166928776861, 5620.773486675838,0.46830806735458474, 5621.241794743193, 0.0011692312230463155
              0.0008405308991456898,             3.2200395107008997e-05,                     -0.05228152033582851,                    -0.007266938649550063,           2.2446823047144973,                  0.5640359315106266,               2.804793719781154, 5619.667216559725,0.46097997124537504,  5620.12819653097,0.00038677054932281546
               8.00375693922715e-06,              0.0007728186757941045,                     -0.05135253056722906,                   -0.0019373707954850258,           2.2309998332895593,                  0.5662260937325875,               2.815938528995808, 5620.708005911974,0.46290415540565577,  5621.17091006738,   0.00109512191465837
              0.0007490670781413718,              6.650671128808428e-05,                     -0.05473831902578338,                    -0.002152398386731506,           2.2060805922657063,                  0.5686264875500788,               2.823971937721673, 5620.678185788221,0.46996749612828587, 5621.148153284349,  0.001062947352555967
              0.0011802543711075006,             -0.0003585024668153022,                    -0.051602771113881014,                   -0.0030085642331284476,            2.262212322382939,                  0.5615417913231553,                2.80312431816194, 5620.664181837113, 0.4568974840727355, 5621.121079321186, 0.0010481656326124017
              0.0010715168447073065,            -5.8464634432497566e-05,                     -0.05149918900030319,                   -0.0022871911179485004,            2.272711783238993,                   0.559680755868535,               2.801821389058923,5620.5181463267145, 0.4547727169929296, 5620.972919043707, 0.0009057482415836274
              0.0008136286594021919,              0.0003080468725940274,                     -0.05521911304838135,                   -0.0024596746826431606,            2.249232206690977,                   0.564554434992255,              2.8085694421393326, 5620.282625054895,0.46157369981310503, 5620.744198754708, 0.0007156849932285758
              0.0013749069510308916,            -1.4120870197739821e-05,                     -0.05179656443836944,                    -0.005017437156684919,           2.2097171698004128,                  0.5689548698481849,              2.8205119283726257,  5620.07838145584, 0.4676018776156656, 5620.545983333455, 0.0005834720310526752
               0.001169794733691263,               0.001087632548162709,                     -0.05316644155375814,                    -0.003891597836528115,           2.2106529541657665,                  0.5678574292763481,              2.8296841865549487, 5620.575609033348, 0.4681570730945823,5621.0437661064425, 0.0009593194194889715
              0.0007573168399294111,             0.00012645512354571883,                    -0.055461203507908514,                    -0.005756998311807934,           2.2281238369685172,                   0.565654331955453,              2.8394824184436818, 5620.006844311372,0.46608407531525675, 5620.472928386687, 0.0005431901121085158
              0.0007461177789666538,              0.0003638121001745121,                     -0.05393173112694552,                    -0.006066702484376876,           2.2214440378750386,                  0.5663372453443328,               2.823963191246925, 5620.712286979281, 0.4665250017121007,5621.1788119809935,  0.001099820255064061
              0.0007636951128724218,              0.0003430890759932115,                     -0.05420348321442173,                    -0.007144619189508333,           2.2155228577352823,                  0.5681034043986939,               2.830939472948989, 5619.952696655173,0.46797052414681206,  5620.42066717932, 0.0005145597685965678
              0.0015732224947528413,              0.0002281536987401631,                      -0.0528883405255938,                    -0.004984301457982129,             2.24418800943286,                  0.5644536210000071,              2.7930797334592956, 5619.860314682598, 0.4612873924385075, 5620.321602075037, 0.0004691533767325082
             -2.657002443256831e-05,              8.153871053651159e-05,                     -0.05292067109880014,                    -0.002462642785441899,            2.184089169341157,                  0.5724551630922912,              2.8516247909159436,  5620.57750696758,0.47344937203413706,5621.0509563396145, 0.0009611418735567007
              0.0010795875329173807,              0.0008490023940997344,                    -0.056160268633693465,                     -0.00250266691258732,           2.2510936649205493,                  0.5639356910134883,              2.8015624851836503, 5620.277094153178, 0.4617958803185874, 5620.738890033496,  0.000711737536431446
              0.0007965912294276222,              0.0003896718903854173,                     -0.05339889500001736,                    -0.005766676803432826,           2.2750194048902763,                  0.5604714437609908,              2.7959771644471623, 5620.257502070015,0.45558715114324155, 5620.713089221158, 0.0006979288278142221
              0.0011649697844191896,            -0.00011553913559894756,                    -0.053047338136698416,                   -0.0012034446553192994,            2.275420723770555,                    0.55976255324528,                2.78066231931411, 5620.323721618917, 0.4551282699419186, 5620.778849888859, 0.0007457099223753439
              0.0006846373444312397,            -0.00012983960415422464,                     -0.05101359856561358,                   -0.0030726165522293484,            2.191347750783375,                  0.5712778938304751,                2.85312877803585, 5620.545398433161, 0.4708530220945113, 5621.016251455255, 0.0009307712046569741
              0.0010016264798056247,             0.00015434123535549766,                      -0.0540095115656236,                    -0.003168670171037732,           2.2042980806337353,                  0.5705626333550196,              2.8187766873689126, 5620.417518265736,0.46992634671711847, 5620.887444612454, 0.0008190403314600487
              0.0014617802076207199,              0.0003587816709123978,                     -0.05440785192008104,                    -0.002237964385269335,           2.2457528033825414,                  0.5636012531911192,               2.793256656938476, 5620.086704276784, 0.4617710299492677, 5620.548475306733, 0.0005883484288371486
              0.0007002961800461533,              0.0008752666278711967,                     -0.05312648169925626,                   -0.0035138816650556984,           2.2902172155325458,                  0.5584427814068003,              2.7695272590961677, 5620.584790666984, 0.4523955108579684, 5621.037186177842, 0.0009681680994439268
              0.0005729809051952516,             0.00046694512777894327,                     -0.05518673767944492,                   -0.0039059568883827722,           2.1705600536904686,                  0.5730537674928792,              2.8778834374869797, 5619.976295136097,0.47771824896558773, 5620.454013385062, 0.0005268470073518381
              0.0002981245611633353,              -3.55880423104182e-05,                     -0.05474318595689759,                   -0.0010615554271362231,             2.25787977471106,                  0.5621922474707587,              2.7872254707663133, 5620.126433146293, 0.4595491191687606, 5620.585982265461,  0.000612193376917961
              0.0011534000064870877,             5.9553819688946564e-05,                     -0.05333320570687862,                    -0.002017220276919783,            2.282513418060527,                  0.5589268812778954,              2.7913548258081162, 5620.942047596574,0.45394593572508657, 5621.395993532299,  0.000634784892393221
              0.0009330168083262825,              0.0004404481656336622,                     -0.05555956025864831,                    -0.004531273600222123,           2.2443396559914386,                  0.5635535209173456,              2.8066935337211323, 5621.177208503364,0.46283458859682647, 5621.640043091961, 0.0008030741863412033
              0.0011759658355780366,             -0.0003909379111617869,                    -0.052704828345020174,                   -0.0022561654261946153,           2.2330845482631547,                  0.5647007184379446,              2.8230079769673573, 5620.848012473245,0.46328010597938474, 5621.311292579225, 0.0005778134501878664
              0.0006694302345221009,              0.0010641071829635663,                       -0.053515054844104,                   -0.0024571049924378397,             2.27061839584832,                  0.5606846968871168,              2.7884064151087595, 5621.158191668024, 0.4563613184310541, 5621.614552986455,  0.000787946552528024
             0.00040364773840190893,             0.00011810389214625625,                     -0.05598502036813436,                    -0.004074900125438476,           2.2567217060602642,                  0.5619824119858621,              2.8040151827270856, 5620.968663576773,  0.460626789185759, 5621.429290365959, 0.0006519071667898275
              0.0011305445623774665,              7.369866739103459e-05,                     -0.05257725364739142,                     -0.00300628825842956,            2.175854594175865,                  0.5733272325925468,              2.8498645473549455, 5620.806618070691,0.47500447297960213, 5621.281622543671, 0.0005543834877786817
              0.0013642792179675365,               0.000180059973752953,                     -0.05357865494464154,                     -0.00175611300674804,            2.225294754146708,                   0.565671150944514,               2.821253337924259, 5620.835388947999, 0.4653545040139978, 5621.300743452012, 0.0005705652526657001
              0.0006790373827011946,              0.0009166526413263854,                    -0.052938596432178985,                   -0.0024527494005765036,           2.2276849004737773,                  0.5652352401179876,              2.8369142273417793, 5621.102306485365,0.46450658865412464,  5621.56681307402, 0.0007451198501737805
              0.0007743585850945965,               0.000942687740124861,                    -0.054519460435028734,                   -0.0024116772998543637,           2.2336275905981453,                  0.5644456438671903,               2.824931656869123,5621.1347875999245, 0.4642559619424361, 5621.599043561867, 0.0007697195230541485
              0.0008655556770598294,             0.00023910875107151962,                    -0.055067055136576774,                   -0.0002043787388926478,            2.236729849875594,                  0.5648253288635021,              2.8168102724375252, 5621.143246707208, 0.4639325307053178, 5621.607179237913, 0.0007762582801108893
             0.00017365877560002595,              0.0006444351201231121,                    -0.054258310191430896,                   -0.0006837516231753155,           2.2552254145459343,                  0.5628885715213352,              2.7986099110107188, 5620.934332037854,  0.459775084243872, 5621.394107122098, 0.0006299060181047892
              0.0002091157677985827,              0.0006981850605900633,                     -0.05321686317593225,                     -0.00208257145260513,             2.23583782004909,                  0.5642913737435724,               2.833644410696463, 5620.921118755644, 0.4630202029614984, 5621.384138958605,  0.000621637638635705
              0.0008842788254017601,               0.000694755995275776,                      -0.0528515743641024,                    -0.005372187178827889,           2.2040235429095887,                  0.5698401011965114,              2.8346053827150755, 5621.049319509266,0.46940129463669295, 5621.518720803902, 0.0007066659762961047
              7.850103262892436e-05,              0.0001371959776703461,                      -0.0542748030027926,                    -0.004559619919733076,           2.2412379874453587,                  0.5642845518266827,              2.8022125369506004, 5620.833265401758, 0.4626629195993457, 5621.295928321357, 0.0005693549165254178
              0.0007583494169241444,            -0.00011526598565751313,                    -0.054508707847392666,                    -0.002683490559711527,           2.1871771694404605,                  0.5723914673218625,                 2.8392128685525,5620.8420428342015, 0.4737602695041442, 5621.315803103706,  0.000574374387649774
              0.0003775353791576791,              0.0005033907068390418,                     -0.05333669178304364,                   -0.0026441898783849693,            2.216686238451424,                  0.5688082520022848,              2.8293343886266245, 5620.853030884915, 0.4669693384379608,5621.3200002233525, 0.0005807204440944565
               0.001175442730910077,              0.0003240938731295043,                     -0.05251517404355003,                   -0.0033020640160357534,           2.1833284192581046,                  0.5715919568191069,               2.866213608980485, 5620.806593014635, 0.4734064860095955, 5621.279999500644, 0.0005543695972889464
                0.00132936198693911,             0.00034703138025735434,                      -0.0554395554527078,                   -0.0029787435774675584,           2.2104653058842465,                  0.5677853838615037,              2.8345197204200785, 5620.936412739931,0.46952846529143794, 5621.405941205223, 0.0006312180293441168
              0.0011200006191178545,              0.0005950781838962331,                    -0.053474268525987086,                   -0.0032275071395088052,           2.1955942144599043,                  0.5714725809449746,               2.842263087269317, 5620.827363756662, 0.4714104714171702, 5621.298774228079, 0.0005660046815472553
              0.0006422066260091682,               0.000448114836172942,                      -0.0559378245864167,                   -0.0017230170035696434,           2.1922783937614754,                  0.5704834303019477,               2.851846065422256, 5621.009327175154, 0.4735499038392494, 5621.482877078993, 0.0006789624118634478
              0.0009904399334221582,             -4.297635426306102e-05,                    -0.055723880061475876,                   -0.0037941156400226744,           2.2254138558646717,                  0.5656292725779659,               2.826105911818204, 5620.855495293597, 0.4666908929967222, 5621.322186186594, 0.0005821533414961842
             0.00021045558166546372,              0.0008211673350493477,                     -0.05152018330894983,                     -0.00405926718061043,           2.2578494643298765,                  0.5623540529974861,               2.800309717268668, 5620.998746920237,0.45774113194633465, 5621.456488052183, 0.0006718166849318365
              0.0003660599526636822,             0.00029291932620891935,                     -0.05389921356536266,                    -0.004727691297649417,             2.18171495939402,                  0.5721914047692063,               2.860257347737906, 5621.028793120895,0.47461999651205583, 5621.503413117407, 0.0006923085333445806
              0.0007803195304878134,              0.0005387348398789869,                     -0.05616977635344538,                    -0.002845537254037528,            2.243984297109105,                  0.5648537862880761,              2.8049939781863653, 5620.945431386455, 0.4632139169644301,  5621.40864530342, 0.0006369365093454776
              0.0005217338223313117,               0.000557120645045356,                     -0.05209734875126295,                   -0.0022842445716961587,            2.253464114816614,                  0.5630708840824943,              2.7891055648349266, 5621.180333709461,0.45887197179178957, 5621.639205681253, 0.0008055878845506427
              0.0011375658949777507,             0.00043539467699733083,                     -0.05319814655892232,                   -0.0059106904404716215,           2.2624908384621567,                  0.5614966682806833,              2.8014548927724023, 5620.821346513339, 0.4579155327146691, 5621.279262046054, 0.0005626091198625881
              0.0003224670491154931,              0.0010540055942846074,                    -0.055252124249248885,                     -0.00435260143747887,              2.2320451638039,                  0.5655061474941283,              2.8147724490407136, 5620.888912039552, 0.4650915932249718, 5621.354003632778, 0.0006019357020295318
              0.0011744918416146876,             0.00012711506392373799,                     -0.05239537622837306,                    -0.004426004477233487,            2.199900580127379,                  0.5693003200980513,               2.853587764961759,5620.9707994272385, 0.4699341109646087, 5621.440733538203, 0.0006533010310283808
             -3.542615138872305e-05,             0.00025386818583567603,                    -0.055112534021658714,                   -0.0038605604343036775,           2.2059931413718394,                  0.5686108376808254,               2.838173384327388, 5620.879896865389,0.47026812754121455,  5621.35016499293, 0.0005965335341703156
              0.0009339450713635818,              0.0004155973551969576,                     -0.05551213522724842,                   -0.0012370322663091437,           2.2293382007227307,                  0.5666864850572103,              2.8216494988884104, 5621.006949778187, 0.4656979049400635, 5621.472647683127, 0.0006773501659184909
             -0.0001704002998949521,            -4.5180489179082825e-05,                      -0.0531320946750772,                   -0.0021546410394172053,            2.225269563446035,                  0.5661152961689514,              2.8239480992961443, 5620.814710667019, 0.4650931642347776, 5621.279803831254, 0.0005588880919440898
              0.0009670066128832176,             -0.0001426202029134996,                     -0.05161797934140402,                   -0.0013434500229931672,           2.2056404999290433,                  0.5692107944299639,               2.830703776542099,5620.9692657022215, 0.4682006872178131,  5621.43746638944,   0.00065229981488485
              0.0007118673252118676,              0.0008392705978836599,                      -0.0507479127075987,                   -0.0036500810777833695,            2.252283066721228,                  0.5629690301143456,              2.8015963576083056, 5621.021572706383,0.45838217469905174, 5621.479954881082, 0.0006873277819476794
              0.0009069140878813867,            -0.00010623301720029801,                     -0.05589008285109268,                    -0.003389616540477701,            2.208886747710904,                   0.568052772318659,              2.8409369161255604, 5621.002437588592, 0.4701390957371231, 5621.472576684329, 0.0006743007185640963
              0.0008400297749564481,              0.0008185924810784777,                     -0.05136743291793735,                   -0.0010869868264493903,            2.256250962028055,                  0.5626261174784177,               2.798623718661922, 5620.877390595093,  0.457886276579039, 5621.335276871672, 0.0005950403318588642
              0.0006741588984993038,             0.00011926712437847396,                     -0.05391887024571107,                   -0.0040976586753197035,            2.192184795088803,                   0.571882021492388,              2.8392573131691297, 5621.015968841711,0.47241316774486675, 5621.488382009456, 0.0006834868621208521
              0.0009594098169261305,              0.0002843391236153608,                    -0.051771782463045125,                    -0.004167145971964508,            2.185388432707882,                  0.5722644097813949,                2.85490079005012, 5620.816404707193, 0.4725772462093251, 5621.288981953403, 0.0005598356732182564
              0.0013669977623592653,             3.8204173594680686e-06,                    -0.053093610620576444,                   -0.0023498483803693643,           2.2183370634747215,                  0.5678270734286912,               2.835057467693459, 5621.120866863541, 0.4664899112802186, 5621.587356774821, 0.0007590786963929898
              0.0009354033303485008,              0.0007958975731479843,                     -0.05319650449826921,                    -0.002099617986722924,           2.2579181298020985,                  0.5631466176189834,                2.80197460299794,5620.8020362747075,0.45864021502373836, 5621.260676489731, 0.0005518492259099097
              0.0003845765483960745,              0.0010182829508291608,                     -0.05447520732018898,                    -0.002695518023105837,           2.2102911093802766,                  0.5680643327249331,              2.8293970325736355, 5621.146226547878, 0.4689624189774625, 5621.615188966855, 0.0007785748559031952
              0.0007051606222098756,              0.0011107815283968219,                    -0.053367083555746896,                    -0.004826633100614691,           2.2028067426448463,                  0.5695816774132104,               2.838303466810534, 5620.994128126815, 0.4699278050556283,5621.4640559318705, 0.0006687208574440406
              0.0011543578075131193,              0.0003077344065979902,                     -0.05530290890342269,                   -0.0030736057747931173,           2.2378871831684184,                  0.5647689242822228,               2.830166621322671, 5620.935626930899, 0.4639016391818411, 5621.399528570081, 0.0006307222073516508
              0.0004286984745150311,              0.0009468482817631847,                     -0.05339378112094622,                   -0.0007794564415855449,            2.208908449445817,                  0.5693106593048292,               2.835705999249564, 5620.794353572799, 0.4685599761726443,5621.2629135489715, 0.0005476257773307865
              0.0010309279106786163,              0.0007178781823820638,                     -0.05316444759526738,                    -0.003263247024548607,            2.183707290230304,                  0.5712846721584076,              2.8532601785711886,5620.8365012423865, 0.4737073073003338, 5621.310208549687, 0.0005712002422763906
              0.0008843422301308546,             0.00025408230529963403,                     -0.05340251330060033,                    -0.005356641002770675,           2.2337101591892425,                  0.5663136983298176,               2.814931447321828, 5620.896445628062, 0.4636932605301031, 5621.360138888592, 0.0006064875623105477
              0.0006274955747635449,            -1.1702664023871163e-05,                    -0.054076997070240926,                    -0.004012903046035668,             2.21479869354944,                  0.5684488724107926,               2.811697167450628, 5620.853268614192, 0.4678461859013605, 5621.321114800093, 0.0005808585147566679
               0.000355643439696389,               0.000756116276224652,                     -0.05259495409943415,                   -0.0013053623866441525,           2.1926852040624367,                  0.5713469628539465,              2.8436450710414087, 5621.050873418887,0.47144310313040455, 5621.522316522018, 0.0007077649249679587
             0.00037315517863182045,             0.00011923863822905408,                    -0.053658625486599935,                    -0.004342106142803546,            2.236845502505571,                  0.5640846675388034,              2.8326069873621993,  5621.05133615919, 0.4631595636494266,5621.5144957228395, 0.0007080925121119686
              0.0005289521506552323,              0.0009328359032797088,                     -0.05291579073968747,                   -0.0042843543342304296,            2.264611089831677,                  0.5619148338981095,              2.7839778193004596, 5620.800085190588, 0.4572412942559589, 5621.257326484844, 0.0005507735713364637
              0.0011133802727987649,              0.0006603580108420643,                    -0.052363254057453755,                   -0.0019374063821292308,           2.1814023989519513,                  0.5721689253553339,               2.858831321466643, 5620.972730676402,0.47368369107536834, 5621.446414367477, 0.0006545639371985479
              0.0008070261268565295,             0.00024525954440449724,                     -0.05433492413201852,                   -0.0006425685987726115,           2.2345884193416725,                  0.5650162230178207,              2.8333415185276696, 5620.858341478855,0.46391752704987144, 5621.322259005905, 0.0005838126179386157
              0.0005747254559612017,               0.001028666026766058,                     -0.05454109218647889,                   -0.0036139782803673156,           2.2587700110303937,                  0.5620092488963283,               2.793670869971354, 5621.128575437921, 0.4593253784576908, 5621.587900816379, 0.0007649527220795658
              0.0009195449464448395,            -0.00032885180208893646,                    -0.052292712684982076,                   -0.0019678055791677706,           2.2514793880951434,                  0.5633774485655667,              2.8071389853632427, 5621.156120169324, 0.4593710436774998, 5621.615491213001, 0.0007863160116831757
             0.00019461230557381236,              0.0006462911763011962,                     -0.05447836651389498,                   -0.0041906814088526504,            2.195665873688731,                  0.5698881426534068,               2.854016213870289,5621.0280503204285,0.47203109056848563, 5621.500081410997, 0.0006917944771872846
              0.0007211631738380818,             -0.0002992510467103822,                     -0.05206952034845653,                   -0.0038033130544185612,           2.2230051762915006,                  0.5664020118661606,              2.8149014244702446, 5620.709948344798,0.46498767301481353, 5621.174936017813, 0.0005033002636326803
              0.0012462129336900608,             0.00025729585559364004,                    -0.054731887759740146,                   -0.0035980993930418404,           2.2657856034631356,                  0.5605615436074848,               2.796320856848794, 5621.051411505808,0.45807105284731636, 5621.509482558655,  0.000708145866497609
              0.0007040871389851908,              0.0006943144216297567,                     -0.05315645831596412,                   -0.0019115009717360037,           2.1841090197097985,                  0.5711748740904812,               2.866411953876442, 5620.780236291722, 0.4735761625294545, 5621.253812454252,  0.000539949104674677
             0.00041845780930348047,              0.0004519686119368202,                    -0.052791614103570424,                   -0.0021189049552652224,            2.190837074282732,                   0.570578228709806,              2.8369900544830893, 5620.625168154781,0.47195667041525213, 5621.097124825196, 0.0004623891014598586
              0.0009776082194372507,             0.00034132038283617806,                    -0.055816699391360115,                   -0.0032623901345360294,           2.2706316984941615,                  0.5601408915669839,                2.78844395845172, 5620.769543739103, 0.4577795183618473, 5621.227323257465, 0.0005342064271160247
             -3.950760760694974e-05,             0.00015686702900392048,                     -0.05216718145456308,                   -0.0034902234101843233,            2.254923006571419,                  0.5624432688109046,              2.7948630564081482,  5620.74030867793,0.45866091426235334, 5621.198969592193,  0.000518814951139256
              0.0008791707132867066,              0.0008761917599772589,                    -0.056328159147777584,                    -0.003959405510300409,            2.229808118465723,                  0.5657490553352275,               2.828880779218279, 5620.721685777704,0.46619174346784903, 5621.187877521172, 0.0005092425219168239
            -0.00014006785517948787,              7.636817751187733e-05,                     -0.05238389949924987,                   -0.0038785758711389457,            2.237079897074225,                  0.5648647628967994,              2.8104844954149497, 5620.886486730175, 0.4623398682904088, 5621.348826598466, 0.0006004775906273907
              0.0008297513140673552,               0.000485734588276843,                     -0.05216650444373585,                   -0.0005806238032471504,            2.172550168295505,                  0.5735937022495117,               2.857095014114729,  5620.27863128368, 0.4754141527146208, 5620.754045436394, 0.0003269704750558884
              0.0013224267906418608,               0.000584962052974793,                     -0.05301842472220568,                   -0.0006584990794563451,           2.2278085561938945,                  0.5667503553769915,              2.8153430793536662, 5620.903775951608,0.46450203717982663, 5621.368277988788, 0.0006109496466494325
              0.0012584518909229299,              0.0007640098132295781,                    -0.055044560868815505,                    -0.003194515974235537,            2.217680553777759,                  0.5669506474782346,              2.8242380499093516, 5620.892336207302, 0.4678231047982799,   5621.3601593121, 0.0006040003637043041
              0.0005889930600619271,            -1.7780303653616577e-05,                     -0.05395905552630726,                   -0.0024429062687576415,           2.2410695777602503,                  0.5630621874156362,              2.8241872607950516, 5620.729690426999,0.46242603402760646, 5621.192116461027, 0.0005133351880363898
              0.0007137097928185056,             0.00031235464545459373,                       -0.056820008589149,                    -0.002700597678452795,           2.2350948150769288,                  0.5647996521045987,               2.815017232746526, 5620.862956520455,0.46538838801094884, 5621.328344908466, 0.0005865131642301284
              0.0012170472404748605,              0.0004678245285575525,                     -0.05339253933572161,                   -0.0006968425253825305,           2.2051873867814606,                  0.5696424839233306,              2.8268291628965745,5620.9189961693455,0.46932591777849075, 5621.388322087124, 0.0006203195584657195
              0.0004760492652625476,              0.0002740064151725662,                    -0.054993974874556796,                  -0.00010919613083566902,           2.2044485948535337,                  0.5696378050231566,              2.8332088657403878,   5620.8124204127, 0.4704317942953826, 5621.282852206995, 0.0005576095607170094
               0.001042420551755317,               0.001018846524292002,                     -0.05178021375639929,                    -0.004604236015830121,           2.2375395562186933,                  0.5652100055639089,              2.8167591346293452,5620.7763488811015, 0.4619445522920088, 5621.238293433394,  0.000537854175354175
                0.00115147770319755,             0.00013772081227587374,                     -0.05474387106176435,                    -0.004336540967172107,            2.252570662916229,                  0.5635015456472265,              2.8092527635259286,  5620.94755886502,0.46069858241435524, 5621.408257447435, 0.0006382930205789771
              0.0010869836514644045,              8.485701993607653e-05,                    -0.052635305391619376,                    -0.003753875696372007,            2.199271829668785,                  0.5704090784290339,               2.852450114040983, 5620.752424447014, 0.4701723732771301, 5621.222596820291, 0.0005251390264424193
              0.0009094770533794453,              0.0006095335584303256,                     -0.05044904118681648,                    -0.002680016368207518,            2.267925120373518,                  0.5608090836726085,               2.793035368372202, 5620.730261553989, 0.4551177037220949, 5621.185379257711, 0.0005136284513547815
              0.0003570433473031067,              0.0004950312263274125,                     -0.05655891427045492,                   -0.0025934479043646895,           2.2492680579634947,                  0.5635243500777032,              2.8142148024939084, 5620.663907951771,0.46240023536583824, 5621.126308187137,0.00048065345591052444
            -5.9499972094507314e-05,              0.0007626430986356301,                     -0.05409319242968141,                    -0.003549438071704212,           2.2107357189478294,                   0.567946512179739,               2.843026811501696, 5621.005030192524, 0.4686673087402072, 5621.473697501264, 0.0006760511814060502
             0.00030404425594967736,              0.0005421208994977248,                    -0.052932514658835965,                   -0.0018623570891382222,           2.1740997876162034,                  0.5731915115106865,              2.8569059881815466, 5620.894402245243, 0.4755477428901911, 5621.369949988133, 0.0006052495413522028
              0.0008860610094904925,              6.697191324485294e-05,                     -0.05118960185488837,                    -0.002575605169131895,            2.183804740674828,                  0.5722478364000431,              2.8421501063418617, 5620.554206819534,0.47251527913713176, 5621.026722098671, 0.0004307144804918702
             2.0581772049019965e-05,             -7.099006924558593e-05,                    -0.052835667228251185,                   -0.0026710436547856676,             2.25611285775183,                  0.5619776194013725,               2.805305478759778, 5621.013268882979,0.45878883614934673, 5621.472057719128, 0.0006816439647923714
             0.00015164874498070435,              0.0009688828137416819,                    -0.055487444362175634,                    -0.003467630289993217,            2.231090056646215,                   0.565638707390602,              2.8130235011118803, 5620.809449353827,0.46538830471758397, 5621.274837658545, 0.0005559553285117985
              0.0004417596913645252,              0.0006944397051190692,                     -0.05569411751168725,                   -0.0015450468377022572,           2.2523014021495196,                   0.563000993099839,              2.8133775129373353,  5620.92121035696,0.46123975151543156,5621.3824501084755,  0.000621694584069543
              0.0011402091243453165,            -0.00016953387244077105,                    -0.054910953501759334,                      -0.0025594586561788,            2.266904828523488,                  0.5603676743576029,               2.800340520082303, 5620.762653033878, 0.4579250785459942, 5621.220578112425, 0.0005305380215635488
              0.0012447560627997889,              0.0002489007431554217,                     -0.05444519693723174,                   -0.0035199109114703656,            2.207762228440647,                  0.5684196255106448,              2.8242844058708503, 5620.787185924494,0.46949333038698743, 5621.256679254881, 0.0005437146219938443
               0.000920015457053077,               0.001161101496269994,                     -0.05200186195850329,                    -0.002526156347569914,           2.2136650001174076,                  0.5685519744777938,              2.8183313179313894, 5620.560671715821, 0.4668104787619714, 5621.027482194582, 0.0004335080251963338
              0.0008532528946127776,            -0.00010664153315913046,                     -0.05528008602673934,                   -0.0007202590935874722,           2.2405750884009454,                  0.5642600995831302,               2.809776060151309, 5620.914679261885,0.46329813159300515,5621.3779773934775, 0.0006176474680689723
              0.0003848305024928915,              0.0008592195525926977,                     -0.05472503347537656,                   -0.0032203551644297626,            2.218927217110752,                  0.5664856684555004,              2.8266339698434058, 5620.968700458781,0.46736870895935817,  5621.43606916774, 0.0006519312108787692
              0.0012980778615343204,              0.0009687717087435879,                    -0.054007117917957405,                   -0.0014805555048621316,           2.2297437228720773,                  0.5654658169580388,               2.819703086179125,5620.8680047553335,0.46471305813598357,  5621.33271781347, 0.0005894815065834443
              0.0010496376475196913,               0.000522629091879397,                     -0.05064912267133751,                   -0.0015298511708259843,            2.202264362001319,                  0.5698924438036052,               2.836595258811312,  5620.66987745776, 0.4683505863716699, 5621.138228044131, 0.0004835313007040929
               7.65194225971281e-05,              0.0002175643809347007,                     -0.05278334577321808,                   -0.0037534737487492217,            2.247549821793721,                  0.5624402855732971,              2.8184716467429514, 5620.682883014927,0.46048575424752924, 5621.143368769174, 0.0004898609658698314
             0.00042388950495687584,             0.00046737730523551936,                    -0.052651931183483575,                   0.00012396492599485732,           2.2512018935392457,                  0.5631594192206284,              2.8108007976509333, 5620.777327979172, 0.4596107120624646, 5621.236938691234, 0.0005383810452259013
              0.0006767512100172275,             -0.0004658394237602891,                    -0.054655274520381616,                    -0.002607592221380301,            2.232665520971289,                  0.5662157139699637,              2.8134455739416495, 5620.898034536565, 0.4645321992175342, 5621.362566735783, 0.0006074519815395878
               0.001413233144603319,              0.0005007422963943157,                     -0.05448334739883304,                    -0.004097087207363836,           2.2332579859876343,                  0.5660089405497123,              2.8218025854159388, 5620.919825377935,0.46437335225837967, 5621.384198730193,  0.000620834146092585
                0.00064229800080989,              0.0011929916443878927,                     -0.05415642272541998,                   -0.0037058734945419015,           2.2722373005063914,                   0.560381786746343,               2.794218119946234, 5620.739290481184, 0.4564753646131617, 5621.195765845797, 0.0005182869642868991
              0.0007581587668820674,             0.00023632076275232987,                     -0.05250462487679483,                   -0.0015738181806057292,           2.2949480378278935,                  0.5573546618299037,               2.781624245083922, 5620.633340673531,0.45107217544489114, 5621.084412848976,  0.000466183468711343
              0.0005554372913314807,              0.0004844564438835836,                     -0.05259651521215672,                   -0.0024393851313878226,           2.2862234864464526,                  0.5578135326247718,              2.7964831742796843, 5620.543137773436, 0.4528074865102111, 5620.995945259946, 0.0004259731713471892
             0.00010175360566860786,              0.0004534216204409169,                    -0.053388808241434146,                    -0.002818392457468873,            2.275394070624708,                  0.5594650447004376,               2.784729699853645, 5620.771261096064, 0.4553650026209178, 5621.226626098685, 0.0005351246384650594
              0.0011595093538972062,              0.0003207112201000696,                      -0.0546222584260946,                     -0.00320788722777841,           2.2395800158458936,                   0.565638769690717,               2.809703674974096, 5621.107032740794, 0.4631530058445078, 5621.570185746638, 0.0007486498120908686
              0.0004786779160287874,              -9.44407868150759e-05,                    -0.054162326446642275,                   -0.0021897112941899853,            2.262620202241104,                  0.5616203362110341,              2.8099291969917886, 5621.021014704374,0.45829097224762677, 5621.479305676621, 0.0006869443586494565
               0.001171240897710017,              0.0003319076260059909,                     -0.05361186292701678,                   -0.0017933731062080656,           2.1868866373043248,                  0.5721503402177461,               2.841067535573276, 5621.116995082362, 0.4732651289437365,5621.5902602113065, 0.0007561453920039867
              0.0012190985134448783,             0.00039511765369081025,                    -0.052999161721636684,                   -0.0014799409735818051,           2.2379420320445256,                  0.5658804315956167,               2.800559848960888,  5620.77477072582,0.46246545227813324, 5621.237236178098, 0.0005370060273775164
             0.00037859670443578084,              0.0007800678296713234,                    -0.053071479519061514,                   -0.0016026388417653993,           2.2000793819069133,                  0.5706938963466102,              2.8381383125440314, 5621.016048267522,  0.470195177421701, 5621.486243444943, 0.0006835411507752772
             0.00018372696218764425,              0.0004998709795449379,                     -0.05211858559900133,                    -0.000587112835910113,           2.2206434933989034,                  0.5676953095106051,              2.8187897880617845, 5620.804654007867, 0.4654142270496067, 5621.270068234916, 0.0005532957123592396
              0.0006305662605813567,             0.00027224314176222563,                     -0.05313674235400347,                   -0.0012676761059595687,            2.249785399835152,                  0.5626678315242919,              2.8240054490670383,  5621.05850418725, 0.4601845726486125, 5621.518688759898, 0.0007131863737689178
              0.0009093028295648847,              0.0005988033855987761,                     -0.05525218790892295,                    -0.002586227498012553,           2.2550770047711084,                  0.5637545192534729,              2.7993215690142077, 5620.513083453181,0.46044760511323407, 5620.973531058295,0.00041336130704400963
              0.0011624644178997588,              9.262602900200909e-05,                      -0.0532228927316677,                   -0.0004865608593404574,           2.2274514027760115,                  0.5659834461618296,              2.8139469054056043, 5620.896962808768, 0.4646895377029884, 5621.361652346471,  0.000606801307100637
              0.0002277400751945056,             0.00031479543571492815,                     -0.05258004285778165,                   4.9947167214484875e-05,            2.224197514183811,                  0.5668306961003686,              2.8266682935646132, 5620.815831946141,0.46496043840797857,5621.2807923845485, 0.0005595151129598976
              0.0005399881125749684,             0.00031563465783138243,                     -0.05187945565361639,                    -0.003867319995841907,            2.209563241585708,                  0.5694117905505941,              2.8149644557171154, 5620.633999529313, 0.4676160483099237, 5621.101615577622,0.00046649071759026934
              0.0004919262422018263,             0.00044480524479687894,                     -0.05394518134536708,                   -0.0003013962608053898,           2.2095892806048334,                  0.5685249581298629,               2.845094204874962, 5621.028388810181,0.46874287031265766, 5621.497131680494, 0.0006920286821645578
             0.00022014917752104265,              0.0008818228244585062,                     -0.05415172602043466,                   -0.0025690615859842434,           2.2283786446125453,                  0.5659658985187536,              2.8345298288234213, 5621.179109320769, 0.4650891886214931, 5621.644198509391, 0.0008046021354481256
              0.0006602637393213017,              0.0007038848385764545,                     -0.05219814265873777,                    -0.004680636882016826,            2.178197872234557,                  0.5724752569503255,              2.8604369207974027, 5620.736139373048,0.47435892412240993,5621.2104982971705,  0.000516656356476936
              0.0011618949981028793,              8.192562973152523e-07,                     -0.05126990670858899,                    -0.004424806163929417,           2.2322004802641735,                  0.5655213498881494,              2.8123185760271623, 5621.048665298904,0.46270805868623976,  5621.51137335759, 0.0007062038192823955
              0.0006158598898518574,              0.0007190537452120605,                     -0.05563637505802135,                   -0.0024750004050338456,            2.219721817538982,                  0.5671217488626266,              2.8433386948002504, 5620.837082757965,0.46774261440739506, 5621.304825372372, 0.0005715325007129301
              0.0006617560020103087,              0.0011715785731676118,                     -0.05388832643098463,                   -0.0029122860655862305,           2.1869217619568992,                  0.5721120303243905,              2.8419841195039774, 5620.677410419021,0.47345397156082664, 5621.150864390582, 0.0004871874768882518
              0.0012420714949510493,               0.000871750243345945,                     -0.05524258743005106,                   -0.0030613495502867676,           2.2552429203833935,                  0.5626423291586963,              2.7975379599238304, 5620.964393491413,0.46043020245541366, 5621.424823693868, 0.0006491294024070276
              0.0002897385561612214,              4.656188377780021e-05,                     -0.05409423766352227,                   -0.0003927538643656125,           2.2073011280132686,                   0.569340817819844,              2.8402717259356187, 5620.660594838223,0.46929987404108214, 5621.129894712264,0.00047906363152254173
              0.0009145609322823996,              0.0013169822430122776,                    -0.052172801257620825,                   -0.0033452973361674716,           2.2411193525489126,                  0.5644757649624162,               2.810083145666707,5620.7837916709395, 0.4614042813194543, 5621.245195952259, 0.0005418722452211887
              0.0010281971140419788,              0.0005471850886427758,                    -0.053823928134919076,                    -0.005271599288198587,           2.2476729770523742,                  0.5645372815373508,               2.794470858102402, 5620.527480551084,  0.461161032516534, 5620.988641583601,0.00041935555661140356
             0.00013773196060782482,              0.0003952293699469537,                     -0.05149946717988361,                   -0.0037549664323930634,            2.228087315394359,                  0.5660203278010981,              2.8121444122250656, 5621.052495553914,0.46362916762497536, 5621.516124721539, 0.0007089139469260539
              0.0009335123753734561,              0.0010702932040213022,                     -0.05513266951225041,                   -0.0034296968667902245,            2.196629610441001,                  0.5701249114487227,              2.8468747325962127, 5620.941155542114, 0.4722061680452904, 5621.413361710159, 0.0006342188821919592
              0.0013394738337912126,            -5.7443029806819785e-05,                    -0.053628082179572545,                   -0.0024860186500350817,           2.2423380126400003,                  0.5648047304748506,              2.7988031586955433, 5621.103913107243, 0.4619850336919547, 5621.565898140935, 0.0007463179382061082
              8.284030003456926e-05,             0.00022145240163623598,                     -0.05179963970101574,                   -0.0017713375928320389,            2.211640139770138,                  0.5683046528468225,              2.8212692345272075, 5620.677757951368,0.46707754815060865, 5621.144835499519,0.00048735681972007257
               0.000159208408082537,              0.0006078702225971187,                     -0.05161158760145148,                    -0.003384141467124705,            2.180348575888534,                  0.5727572966587768,              2.8494666058284928, 5620.561875190167,0.47350672317264725, 5621.035381913339, 0.0004340300550451393
              0.0009162302266470467,             -0.0002347738540950394,                     -0.05204489809582301,                    -0.002079545664358007,             2.23952785614267,                  0.5653617371527188,               2.811067827530585, 5621.066181058781,   0.46159985839551, 5621.527780917177, 0.0007186824834091882
              0.0005261131746185532,              3.531118355111396e-05,                     -0.05518889446454411,                    -0.004701525662058682,           2.1963402038583335,                  0.5703953862775406,                2.83500381667171, 5620.851902623663, 0.4723484066442896, 5621.324251030307, 0.0005800656092008889
              0.0004401225015335442,             0.00038714558230612664,                    -0.052829076518258695,                   -0.0021201459703397256,            2.210235299971175,                  0.5680248529676659,              2.8546315208172004, 5620.895062583013, 0.4679724602598398, 5621.363035043273, 0.0006056493424717888
              9.716862653781232e-05,              0.0007232809968185271,                     -0.05378705801121845,                    -0.004978833802933227,           2.2078593005210383,                  0.5682742641276227,               2.834646956586406, 5620.797455310705, 0.4691405733918325, 5621.266595884097, 0.0005493270059814235
              0.0011841035320307954,              0.0005248467502007971,                     -0.05573590227485038,                    -0.003009167803476931,            2.234998799149603,                  0.5643275981000985,               2.825582667217075,  5620.88030038772,0.46474544156770564, 5621.345045829288, 0.0005967742973459347
              0.0008472272988390966,             0.00019208981032131121,                     -0.05428682186425792,                   -0.0036381503629789418,            2.286493156142586,                  0.5579230078768591,              2.7837672702858383, 5620.967266814625,0.45380124710808517, 5621.421068061733, 0.0006509972431566023
               0.000873413743372719,              0.0010377266811981574,                     -0.05355973104994855,                    -0.000664047093904433,           2.2372551579892774,                  0.5646874383633702,              2.8106196503247745, 5620.884302239032, 0.4629258713783898,5621.3472281104105, 0.0005991672843461219
              0.0010590117436793509,              0.0005322965300681093,                     -0.05476725613980276,                    -0.004681242596045694,           2.1992911150934313,                  0.5692602648329591,              2.8512974618043625, 5620.988562165808, 0.4714851390379431, 5621.460047304846, 0.0006650091224953354
              0.0008153997603682769,              0.0007549265407868964,                     -0.05126252485665749,                   -0.0013907208778097925,            2.197602250432835,                  0.5708092824191188,              2.8402241628249065, 5620.634468731101, 0.4696581498153049, 5621.104126880917,0.00046670964722625604
              0.0008417559467170027,            -0.00022553304348651938,                     -0.05420596212236097,                   -0.0031589607502432128,           2.2063444074033893,                   0.568088730614836,               2.847294580414979,   5621.0915088539,  0.469621866898229, 5621.561130720798, 0.0007371176010505474
              2.203820177876614e-05,             0.00025000085702150645,                     -0.05159059865565419,                    -0.001878542973043847,           2.2407896360730226,                  0.5648988288680039,              2.8013145063913543, 5620.689694654771,0.46107781906635503, 5621.150772473838,  0.000493209112582158
              0.0006161563928501776,             0.00032445420469703337,                    -0.055322690243160465,                   -0.0006151395780768439,           2.2199141582829442,                   0.566708529184344,              2.8432477709343784, 5620.623967414946, 0.4674759987324201, 5621.091443413678,0.00046183422564367784
             0.00047879329330672215,              0.0008176069185383748,                    -0.054816655586346234,                    -0.002971135376154603,            2.183084012808925,                   0.572559271325472,              2.8390899329254884,  5620.59640966382,0.47481530343478634, 5621.071224967255, 0.0004492808784397207
             0.00031754000409222607,              0.0006502111484463966,                    -0.054540722949389976,                     -0.00393045372853468,           2.2033971161302564,                  0.5692392144240674,               2.854682474399783, 5620.899458769689, 0.4704594450329475, 5621.369918214722,  0.000608317751155194
              0.0006485822485157768,              0.0009066719811175238,                     -0.05183177894829662,                    -0.005175298238087218,           2.2116811741374174,                  0.5686975062665588,               2.821043339206189, 5620.532159225004,0.46722562314035126,5620.9993848481445,0.00042132218152799957
              0.0009563657909494147,              8.243257079037715e-05,                     -0.05555543490115146,                   -0.0012214263291692004,           2.2486300780609474,                  0.5637692819082194,              2.8081950081419134, 5621.143238010864, 0.4618753203885615, 5621.605113331252, 0.0007762515295307444
              0.0005764776235909373,              0.0008209451460975089,                      -0.0540735647398752,                    -0.005320564482002133,           2.2127242231448827,                  0.5678653475408058,               2.845718415960894, 5620.804291458016, 0.4683386289304803, 5621.272630086947, 0.0005530951514404413
               0.001246597887532541,             0.00027194541501009974,                     -0.05206729985327368,                    -0.002127732857757733,           2.1887095583324903,                   0.571489917177016,               2.856827178595326,5620.8695733165305,0.47198555117046226, 5621.341558867701, 0.0005904068699558415
              0.0010594950367489844,             -0.0002701961073322712,                     -0.05303259847632979,                    -0.003523275897204876,            2.206801550854023,                  0.5680861065776203,               2.847764701771297,  5620.94083963879,  0.468844870577311, 5621.409684509367, 0.0006340185619815021
              0.0007037594288061932,            -1.0731408452672083e-05,                     -0.05519825946515216,                    -0.004151936033326372,           2.2423224952581857,                  0.5636693896574129,              2.8138005113737803, 5621.462492153702, 0.4629916356161624, 5621.925483789319,0.00042518778880013295
              0.0005933425334650339,            -0.00016611867389368408,                     -0.05369417300162196,                    -0.002138072093772569,            2.224859367870875,                    0.56730336865783,               2.813191081499591, 5621.433509805154, 0.4655111399726354, 5621.899020945127, 0.0004130417092520758
               0.000536293876910323,              0.0005759992929656858,                    -0.054324749669610393,                   -0.0024807097354205506,           2.1784286551230743,                   0.572997721045754,              2.8536214594074814, 5621.413630016135, 0.4754795424032923, 5621.889109558539, 0.0004049116073253131
              0.0007444235747864258,             0.00013769558755827185,                    -0.055412275200014176,                    -0.003274340957053598,            2.197027005403253,                  0.5708403016551767,               2.843452963091827, 5621.319642291236, 0.4722817334871488, 5621.791924024723, 0.0003685885808136095
               0.001340598694931155,              4.068991634284538e-05,                      -0.0553230101345273,                   -0.0027548969110407872,           2.2249103263016234,                  0.5669990287526043,              2.8232868039022865,5621.2210428376875,0.46651200418809263, 5621.687554841876,0.00033398016711557696
              0.0009541084003393376,              0.0005659360698317305,                     -0.05521295485751495,                   -0.0015702924376692544,           2.2476177755574427,                  0.5639833756330973,                 2.8110922939154, 5621.359212268168,0.46187198831323173, 5621.821084256481,0.00038346603145559784
              0.0006172473758925761,              0.0005221387463529212,                     -0.05485965356987461,                    -0.003292048128770612,            2.179082747867681,                  0.5729514935629029,              2.8577982047954285, 5621.296597999872,0.47569242351010194,5621.7722904233815,0.00036019183823511543
              0.0004137219832889432,              0.0008744618168399202,                    -0.052764971203259924,                   -0.0020973011590553845,           2.1870397812781315,                   0.571551657421263,               2.849830768366287, 5621.292730532643, 0.4727361465217849, 5621.765466679165, 0.0003588014983845771
              0.0010350732787352075,              0.0003784957987741782,                     -0.05416611923808102,                   -0.0012480853273187855,            2.229128895685853,                  0.5655941272553004,              2.8357590698067794, 5621.291845091723,0.46492095882422985, 5621.756766050547, 0.0003584839414655237
              0.0006307308692033916,             0.00031667438695791354,                     -0.05483873427029983,                    -0.004832246253727305,           2.2202835325930135,                  0.5664074036690725,              2.8319365903785254, 5621.418761343833,0.46723256902344334, 5621.885993912856,0.00040699468136796366
               0.000623815011437076,              0.0006907529878570271,                     -0.05177074570649889,                    -0.004447789375571661,           2.2233334717366424,                  0.5674416020923757,               2.816420726679894, 5621.265193734827,0.46477985792397736, 5621.729973592751, 0.0003490560491041326
              0.0005704858633426951,             0.00029272394135204476,                     -0.05421434407882255,                    -0.004003171152039496,           2.1928041073526265,                  0.5716336156594113,               2.845863683440837, 5621.192808897279, 0.4724572638419917,5621.6652661611215,  0.000324682464011961
              0.0007297010839152294,              0.0002595613234424546,                      -0.0537562009293413,                    -0.002071403670684345,           2.1913291028856143,                  0.5706667031973784,              2.8622564535349824,  5621.29442549093,0.47242527153733366, 5621.766850762468,0.00035941016764638755
              0.0012336062544552962,             -5.172025185164913e-05,                     -0.05387599457666893,                    -0.003932160187782416,           2.2401374855972045,                  0.5645393046284832,               2.822441569298877, 5621.438069329726, 0.4626212231897399, 5621.900690552916, 0.0004149292830240475
              0.0003987299837569689,             0.00039974514109774234,                    -0.051948950004298014,                   -0.0018217355749559462,           2.2637374492509434,                  0.5612251386223286,              2.7976295543537644, 5621.492697795652,0.45676029096674264,5621.9494580866185,0.00043822679329753243
               0.000893816218324422,              0.0002600632092799426,                     -0.05318036564671179,                   -0.0023417717231444582,           2.1853463600812404,                  0.5722449567262244,               2.858391006958847, 5621.223156489071,0.47334059927889277,  5621.69649708835, 0.0003346868313155901
              0.0001934219324262768,             0.00012395913313169245,                     -0.05331189586849582,                    -0.005049281553967314,           2.2430781149587844,                  0.5643541623945285,              2.8138242177028454,   5621.3158041381,0.46174765113037014,5621.7775517892305,0.00036717659284274954
              0.0006279653468960536,              0.0003721527990254476,                    -0.054299455600842005,                    -0.003688483272186927,            2.173332545730725,                   0.573461802735863,              2.8642883213223067, 5621.232066700097,0.47658158071874873, 5621.708648280815,0.00033768228686287743
              0.0005733767150858795,             -0.0003488447283317624,                     -0.05368257165659038,                    -0.003604686400404964,            2.235946548735616,                  0.5650098271943901,               2.806070189854374,  5621.18279969578, 0.4633226754450929, 5621.646122371225, 0.0003214488616912964
               0.001086707842658393,             -5.233290097642182e-05,                       -0.052638246438807,                    -0.002316761943428508,            2.207729130548954,                  0.5684745647463924,               2.829480025556559, 5621.393981524212, 0.4683837622009163, 5621.862365286413,0.00039703335621274526
              0.0011095880790967275,              0.0005626595127041588,                     -0.05396182976837747,                   -0.0003218894582388251,           2.2323479450439563,                  0.5653010750315749,               2.820007524743551, 5621.247563255827, 0.4641451221317481,5621.7117083779585, 0.0003429559555548938
              0.0009161303272678953,              8.480601412980498e-05,                    -0.055165464346344555,                   -0.0030008654730059522,            2.235634766047129,                  0.5642448151942068,               2.819141015560409, 5621.323635737352, 0.4642618108961595, 5621.787897548248, 0.0003700634624199559
             0.00044096997837317467,             0.00033680759866731624,                    -0.053598050808129814,                   -0.0003954779945125538,            2.212351647776609,                  0.5682895762197719,              2.8255490104881256, 5621.322232555044,0.46797001656832404, 5621.790202571612,  0.000369544560059277
              0.0006123920963730052,              0.0007071312030402315,                    -0.055117313010860154,                   -0.0009602997689800777,           2.2094611156098947,                  0.5686022160456141,              2.8312381053925106, 5621.379522393625,0.46948635705555564, 5621.849008750681,0.00039133390293415903
              0.0009773007310014273,              0.0010599557433172346,                     -0.05306347690663137,                    -0.002161624648901206,           2.2250115098993937,                  0.5670823808741157,                2.81377988158284, 5621.221265958206, 0.4651163430174585, 5621.686382301223,0.00033405469325733134
              0.0010785181755391725,              0.0008712432196949445,                     -0.05464814620627936,                   -0.0016472646194826666,             2.23330723526328,                  0.5649006378065491,               2.825063409591774, 5621.269034832366, 0.4643834022215077, 5621.733418234588, 0.0003503993857270066
              0.0008714935659851922,              0.0005891261356466579,                     -0.05286491195759877,                    -0.004966348396434758,           2.2047852166756563,                   0.569212654105302,              2.8446397354011728, 5621.480757832269, 0.4692281975773746,5621.9499860298465, 0.0004330254948808218
             0.00023841761273590373,              0.0006789261121941583,                     -0.05231509360297934,                    -0.004782431999987039,            2.233834757718431,                  0.5656951459625696,              2.8142110215177096, 5621.390632734387, 0.4629954551891516, 5621.853628189576, 0.0003957059987102259
              0.0010180065434012833,            -0.00026748748260296075,                     -0.05527275965534474,                   -0.0033030431471146745,            2.248971141666255,                   0.563331154654554,              2.8030933987249425, 5621.213282340141, 0.4616871905878731, 5621.674969530729, 0.0003313983459141284
             0.00022707764671473898,              0.0005435034643638489,                      -0.0523886448647588,                   -0.0018967134762446517,           2.2161531669427212,                  0.5684051649027103,              2.8216922376189535, 5621.398721060109, 0.4665018748493444, 5621.865222934958,0.00039891957643015493
             0.00038347220348185397,              0.0004126971561511112,                    -0.052929903094983945,                    -0.004855789355979815,           2.2185490928954827,                  0.5675469466483943,              2.8176034506856285, 5621.450148384813,0.46644209962604705,5621.9165904844385,0.00041997162876877435
              0.0009499256898786198,             0.00033993334195556136,                     -0.05163013892773213,                    -0.002603753790969042,            2.243125666223091,                  0.5649929344925777,               2.798886692200651, 5621.220862083994, 0.4606591028161047,  5621.68152118681, 0.0003339198044222985
              0.0004311186274972028,             0.00014855204985405134,                     -0.05459859877452377,                    -0.003960368743291284,            2.267392321418079,                  0.5615356219757515,              2.7852980620375605,  5621.19407873184,0.45768471809165073, 5621.651763449931, 0.0003250950189088602
              0.0011013781285196887,              0.0006361782739011225,                     -0.05408649465378597,                    -0.004324199792097316,           2.2680071518794045,                  0.5613086361919887,              2.7903438059044907, 5621.295724605791, 0.4572805247860782, 5621.753005130578, 0.0003598773861560838
               0.000434025269421552,              0.0005834696804104998,                     -0.05331754502770489,                    -0.003607777243873413,           2.1837257235341827,                  0.5720087498343479,              2.8448198335712105, 5621.307279614927,0.47380133091441134,5621.7810809458415,  0.000364059890542512
              0.0004283936548737917,              0.0008439368566121804,                     -0.05487668899264013,                   -0.0013073521338114208,           2.2420547705413574,                  0.5637503884901266,               2.814612164996799, 5621.199077378066,0.46276418919277507, 5621.661841567259,0.00032672412216161836
              0.0011093939726910928,              9.044605300536053e-05,                    -0.053475364816075094,                   -0.0015540235541597477,            2.213892822005555,                  0.5675427039710046,              2.8463804721875183, 5621.234610481244,  0.467600097076761, 5621.702210578321,0.00033854237016604316
             1.5111275855762849e-05,              7.180837746541098e-05,                    -0.052907771145690424,                    -0.003175697085913455,           2.2396280901282037,                  0.5641400794209043,              2.8166543794655343, 5621.430036739417,0.46211005305177894, 5621.892146792469, 0.0004116096764551429
              0.0006536844758029922,              0.0004168456033066967,                     -0.05226790246447182,                   -0.0022243339260595513,            2.231215108133265,                  0.5646694564806943,               2.832777092293896,5621.3508217262015,0.46339451565622347, 5621.814216241858,  0.000380262004185664
              0.0001156534856762899,             0.00028871257907808577,                     -0.05385003390009598,                   -0.0022496425442799116,           2.2000285205592265,                  0.5695929451463361,              2.8340608489923227, 5621.223330196646, 0.4706783606848783,5621.6940085573315, 0.0003347449740033472
              0.0006542603088398817,              0.0006481332035764652,                     -0.05583443050276552,                   -0.0032794936361277274,           2.2602665503799426,                  0.5617553810277446,              2.7971666087163616, 5621.298876435696,0.45980951103392453,  5621.75868594673, 0.0003610134478599525
              0.0010763220142062859,                 0.0007578085746522,                     -0.05300908602540326,                   -0.0048473923853025415,            2.225050986956969,                  0.5666987498517648,              2.8133013975780248, 5621.241187476306, 0.4651789764832366, 5621.706366452789, 0.0003407762998823799
              0.0007829854417773588,              0.0009942871586599122,                     -0.05364547339844789,                    -0.003726971437115752,            2.238422907417634,                  0.5642121636300435,              2.8090553192243597,  5621.21557355813,0.46281715393543016, 5621.678390712065,0.00033215852229825596
               0.000659067360519863,              0.0007700362500919723,                     -0.05267232950506615,                    -0.004334280599402677,            2.259749637053624,                  0.5617632997792009,               2.792049567394819, 5621.302777432786, 0.4580501637615168, 5621.760827596547, 0.0003624245107560709
              0.0005949365985763147,              0.0006429900848337113,                     -0.05543533706037025,                    -0.001002947754425797,           2.2164001720591657,                  0.5676302329448888,               2.825256039725674, 5621.317602392063,0.46826456143023076,5621.7858669534935,0.00036783746363461674
             0.00042062097944765316,             0.00022030957927621317,                     -0.05162433403819898,                     -0.00429495419092607,            2.257054825500606,                  0.5621304534882415,              2.7999000898690385, 5621.456828007962,0.45796494307851116, 5621.914792951041,0.00042278627089160605
             0.00035975617525694186,              0.0007342954497259035,                     -0.05323782559727177,                   -0.0035542896429766836,            2.227759387303799,                  0.5652681474126253,              2.8360931709455866, 5621.333427350802, 0.4647013313898985, 5621.798128682191, 0.0003737047788848244
              0.0003890230019002929,              0.0007350082945411823,                     -0.05204930974887483,                   -0.0017542311197603093,           2.2178646698903344,                  0.5669475255246014,              2.8255128421539117, 5621.293289136271,0.46595580220914745,  5621.75924493848, 0.0003590019821934857
               0.000711564838506659,             2.6805995763986337e-05,                     -0.05150792291311979,                   -0.0008723276918191795,           2.2363945284074305,                  0.5651846894987061,              2.8130809838373754,5621.2650155904485, 0.4618945955298425, 5621.726910185978, 0.0003489938722694623
              0.0012118181641562183,              0.0008587232635359538,                     -0.05406629674697468,                     -0.00350403884727974,            2.228977955335661,                  0.5660475785654532,              2.8111373696689164, 5621.317603378728, 0.4649563806061864, 5621.782559759334,0.00036783782656693266
              0.0006224414388978453,              0.0003979469337602317,                     -0.05459195662560289,                   -0.0029293234516371393,            2.220666265660512,                  0.5660641863298914,              2.8324444027141578, 5621.491853644349,0.46692312674537373, 5621.958776771095,0.00043785701967346207
              0.0004924777622320091,             -6.080299674107494e-05,                     -0.05315599905158831,                    -0.001423752346501811,           2.2159426904848636,                  0.5683052411325995,              2.8317651229296956,  5621.40660609402,0.46698539496589586, 5621.873591488987,0.00040207750464207897
              0.0008955491390129243,              0.0008001944292485907,                    -0.055073145501497105,                    -0.001112798377694447,           2.2353294656463247,                  0.5650854060610817,               2.817820851087183, 5621.437133096128, 0.4642265244190464, 5621.901359620547,0.00041454099408116756
               0.000984719941143896,               0.000271489436368379,                      -0.0519126385902185,                    -0.000981904967218678,            2.237590698169997,                  0.5643437058188537,              2.8138602978764835, 5621.243585922553,0.46189220062833686, 5621.705478123182,0.00034159461446964896
              0.0006355424459927996,             0.00048192873857849866,                     -0.05498852607438316,                   -0.0035087133318408275,           2.2357698456519657,                  0.5653212425832176,               2.827993993542953,5621.4491195737455,0.46414370336819455, 5621.913263277113,0.00041953977949300044
             2.1705909474049788e-05,              0.0004711880293854064,                     -0.05184678844125788,                   -0.0034167603495204235,           2.2160462629226467,                  0.5680983458611677,              2.8301108456809363, 5621.261126792453, 0.4662540405791223, 5621.727380833032,0.00034763934105473405
              0.0012295884492053218,             0.00020639318051336635,                     -0.05386649876808252,                    -0.004703598413357595,           2.2668142654838905,                  0.5610030251225464,              2.7936916730011716, 5621.307987815796,0.45739928883456876,5621.7653871046305, 0.0003643178093916706
               0.000566967723942854,             -8.115136295238746e-05,                     -0.05442935303987639,                    -0.005538856494829557,           2.2240060086063393,                  0.5664844039880914,               2.828423786028398, 5621.202103059776,0.46626996987225683, 5621.668373029648, 0.0003277141824105113
              0.0005686424704445095,              0.0006177394174590745,                     -0.05253186762361031,                    -0.003408013211306739,           2.2248004812977755,                  0.5670261208048438,               2.834898649003871, 5621.224735324707, 0.4648780443942421, 5621.689613369101, 0.0003352156641719585
              0.0011338910605618742,              0.0006678532656347075,                     -0.05408520655132442,                    -0.003834739898673731,            2.275907876550114,                   0.560133699889662,              2.7861485190526696, 5621.232767063519, 0.4557275763858486, 5621.688494639904,0.00033791887002222997
              7.954905205947673e-05,             0.00037874077440978144,                    -0.054120603369848516,                   -0.0017973413308802555,            2.253613479747037,                  0.5628432809443524,               2.796536309840903, 5621.277181147165,0.46002303690795043, 5621.737204184073, 0.0003532655077443891
              0.0006508597963334185,             0.00048749453571043006,                     -0.05315906518339714,                    -0.003978630398060253,            2.242146164554624,                  0.5651970171247357,               2.817131546859404, 5620.948872146888, 0.4617922367594971, 5621.410664383648, 0.0002544007858566998
              0.0008705891241563902,              0.0009450984535724099,                     -0.05294707453316853,                   -0.0033741158517349456,            2.226963621159211,                   0.567165897746832,               2.823438233871615, 5620.994829068242, 0.4646887358996883, 5621.459517804142, 0.0002663650781039385
              0.0013506462469382227,             0.00018626895310599375,                     -0.05456521740118501,                   -0.0020855142191561022,           2.2382897555060164,                  0.5648949238708816,                2.82437824474197,  5621.17113478326,0.46334507687079274,  5621.63447986013, 0.0003177209738537926
               0.000542713559645024,              0.0001815952409345321,                    -0.052151009569672536,                   -0.0017393642524770262,            2.205421750648017,                  0.5680102237578596,              2.8468762548914404, 5620.857683876554, 0.4685562381139894, 5621.326240114668,0.00023222869726344835
             0.00015158834934255597,            -0.00023992458816853653,                    -0.053882665324657866,                   -0.0020807489367638326,            2.211564229575244,                  0.5684415203067149,               2.836602246432604, 5621.169738512311, 0.4683228205480408, 5621.638061332858, 0.0003172776588540491
              0.0012051136363008233,               0.000316574776085358,                     -0.05342070766243735,                   -0.0014182971131821123,            2.237151521534285,                  0.5656582674282165,               2.805011604454574,  5621.35067706595,0.46287108105579206, 5621.813548147005,0.00038020699936696604
              0.0007438406709028543,              0.0009853768836474174,                    -0.051690030362666305,                   -0.0020667833499948586,           2.2184019138743483,                  0.5677047955686215,              2.8261949098812167, 5621.364465078986, 0.4656508063381838, 5621.830115885324, 0.0003854856055502998
              0.0009142389619993947,             0.00035086324364865445,                    -0.052946741215520156,                   -0.0043968723154227075,            2.194471596571244,                  0.5705377193631058,              2.8367498144354917, 5621.440381493494, 0.4713775021582157, 5621.911758995652,0.00041588977746075746
              0.0010162464934155777,            -0.00018169848101421343,                    -0.053800367731841894,                   -0.0012061981479892087,            2.210864733214383,                  0.5689023562254868,              2.8244635220539553, 5621.168740622221,0.46840615220668586,5621.6371467744275,0.00031696120854013296
              9.603111381467596e-05,             -0.0002151119033904625,                    -0.053563621633465244,                   -0.0032658519580398854,            2.211956996117336,                  0.5676329975720837,               2.840682359173405, 5620.983964988078, 0.4680871487254541, 5621.452052136803,  0.000263486929071805
              0.0010659531330812358,              0.0003175061840551368,                    -0.052888408221296354,                   -0.0023092770590803784,           2.2444684547962295,                  0.5646268170672782,              2.8147161566868037, 5621.457217132843, 0.4611161968292393, 5621.918333329672,  0.000422950819561748
             0.00048215413072785524,             0.00010263352345413803,                     -0.05365399232151559,                     -0.00557561444508027,           2.2208783507312218,                  0.5666671354176437,              2.8289232089288214, 5621.352049310177,0.46643941739586586, 5621.818488727573, 0.0003807290943660005
              0.0005077811497748054,             0.00011244547212691368,                    -0.052481628626284894,                    -0.004306270867716483,           2.2684651979655865,                  0.5604859254590827,              2.8007679962954386,5621.4339350903265, 0.4562329979598869, 5621.890168088286,0.00041321740712473975
              0.0004073865858598071,             0.00016858889391934515,                     -0.05525510188835219,                    -0.002449916177805748,           2.2432423491787374,                  0.5632279112756476,              2.8164012394918645, 5621.165823418526,0.46277954775665975, 5621.628602966282, 0.0003160379155031822
             0.00014765157476578835,              0.0003705015644656177,                     -0.05176940623105866,                   -0.0028250737045035766,             2.21606301051187,                  0.5668804635414534,              2.8336491486228415, 5621.094115964908, 0.4661852154168908, 5621.560301180325, 0.0002941690901397862
              0.0007331176914384226,              0.0005025990955616422,                     -0.05199755371216216,                    -0.003596174384034226,           2.2407203670794305,                  0.5653610415266508,              2.8163249304014926, 5620.993286952908,0.46138209469252456, 5621.454669047601, 0.0002659546289938523
              0.0011351960225290138,             0.00029121754774028854,                    -0.053477064645687196,                   -0.0047357842664718305,           2.2535014547226413,                  0.5633875278789566,              2.7923928264310867, 5621.190532087463, 0.4597738602536497, 5621.650305947716, 0.0003239440647071665
              0.0008937923243153537,               0.000607917624478353,                     -0.05383531042466266,                     -0.00214245337347736,            2.257257358913483,                  0.5614427616110867,               2.803844878561806, 5621.348912884669, 0.4591488299103856, 5621.808061714579,0.00037953683661387175
              0.0005513770788985757,             0.00014327490972615862,                     -0.05283633092426704,                    -0.005063683734926018,            2.197686164690216,                  0.5702012872798933,              2.8525094182568207, 5621.070049117565,0.47067759692824346, 5621.540726714493, 0.0002871738815032393
               0.000758459028823383,             -8.626805400874283e-05,                      -0.0545548067258611,                    -0.002104725815428061,           2.1856273505088195,                  0.5718179883444425,               2.846176451764962, 5621.254860873711, 0.4740969796965683, 5621.728957853407,0.00034546787142278096
               0.000432367484253957,             0.00034342468675309395,                    -0.050859579250504314,                     -0.00439217240168076,           2.2287165765996666,                  0.5660882406773997,              2.8133935147867453, 5621.096185051168, 0.4631681301749341, 5621.559353181343, 0.0002947783814829151
              0.0008541043444300624,              0.0006773572787213968,                    -0.051181127199941216,                   -0.0028770921568236686,           2.2035981481383944,                  0.5692055676412142,               2.839509207656506,5621.4669993915895, 0.4684086591116254, 5621.935408050701, 0.0004271085366930792
             0.00048826552394455933,              0.0010706305588228336,                      -0.0516228824788658,                    -0.003284181253461187,           2.2534499548291542,                  0.5628385048701134,              2.8015495086888897, 5621.102900025392, 0.4586367512798283, 5621.561536776672,0.00029676447152534625
              0.0005194536236044618,              0.0009729617654805247,                     -0.05453287119572537,                   -0.0017283462096939599,           2.2245665262549186,                  0.5668922535715223,               2.826845387127225,5621.4897870416535, 0.4660704326409589, 5621.955857474294, 0.0004369530775425788
              0.0006883135704743747,              0.0005016790858142646,                     -0.05324890957777258,                   -0.0011170022019719717,            2.224288181441941,                  0.5676926420073061,              2.8159315075220963, 5621.175939437179,0.46534547362765866, 5621.641284910807, 0.0003192511863030612
              0.0006442691359015879,              0.0004632977203007304,                    -0.053598926995932515,                    -0.003262773351028851,            2.283700698878205,                  0.5592754106668569,               2.778533154406518, 5621.410320547374,0.45390864400190417, 5621.864229191376,0.00040357377997967206
               0.000483679076186013,              0.0010548623401754548,                     -0.05219108569442615,                   -0.0015825326497570906,            2.241705038332077,                  0.5645665678764142,               2.810877842928609, 5621.242234600792, 0.4612432434454305, 5621.703477844237, 0.0003411333219808772
              0.0007020553811360569,            -0.00014180818331152614,                     -0.05268823807155412,                   -0.0037993620403915657,           2.2421858871037026,                  0.5648188914104888,              2.7986449436058556, 5621.352065835277,0.46149889981506864, 5621.813564735092, 0.0003807353860044811
              0.0011513590340782012,              0.0008010813561612895,                     -0.05272202151786968,                   -0.0020630683283322073,           2.2031956181319883,                  0.5699321689577317,              2.8323885923994654, 5621.325564869726,  0.469363022540939, 5621.794927892267,0.00037077805287400915
              0.0005796047581657694,              0.0005621389336564342,                     -0.05047777784765052,                   -0.0032214332805799704,            2.220937369584323,                  0.5669266407581397,              2.8263718662212183,5621.3081672651915, 0.4644771977944301, 5621.772644462986, 0.0003643831918686001
              0.0007367391833305806,             0.00034651700738462423,                     -0.05384095781911797,                   -0.0036247786454273257,            2.240749673873637,                    0.56507595946155,              2.7953340479105844, 5621.421359703273, 0.4624606048807591, 5621.883820308154, 0.0004080535749378345
              0.0008708569381006528,              0.0009633685554202784,                     -0.05293168312622567,                   -0.0026973241729597217,            2.251805136915177,                  0.5624795037302652,              2.8177355531478527,  5621.23779657743,0.45970329951415706, 5621.697499876945, 0.0003396227188540286
              0.0013429124855040013,              0.0003568616792553223,                     -0.05238707846667729,                    -0.002778837778671547,           2.2662768523022416,                  0.5616403254319399,              2.7901948252867728, 5621.146474105444, 0.4565526818888372, 5621.603026787333,0.00030998158084250845
              0.0011118528180584539,             0.00015562864168451856,                     -0.05436283958575215,                    -0.002246914888662537,           2.2094063454733845,                  0.5694826051986246,              2.8347484774241796, 5621.176500420625,0.46906375434657327, 5621.645564174972, 0.0003194303311776882
               0.000912068876606503,             -8.253712609725983e-05,                      -0.0542658628005978,                    -0.005089713703978295,           2.2519523523686247,                  0.5626868198177464,               2.807082066758225, 5621.371180277206,0.46056761634288607, 5621.831747893549, 0.0003880829288126264
             0.00026921016868267246,             0.00040769165316164116,                    -0.054615313786995384,                   -0.0006662486337005721,            2.236595223633714,                  0.5646877094934356,              2.8095761144592073, 5620.961687520215,0.46368325487520695,5621.4253707750895,0.00025768200703206435
               0.001122476265966343,            -0.00025699588829976706,                     -0.05227638120989157,                    -0.003090968054268197,           2.2073209496197737,                  0.5689728475206822,               2.840651306327584,5621.3180075504515, 0.4682806568374206, 5621.786288207289, 0.0003679865262634785
              0.0006863705536632752,             0.00029423195912303625,                     -0.05295086803059048,                   -0.0007517755538640796,            2.237465161480152,                   0.564493180331075,              2.8268967421458084, 5621.429886778872, 0.4625172069128232, 5621.892403985785, 0.0004115479558716519
              0.0007823641173500567,              7.781305614858716e-06,                    -0.054789850146618115,                    -0.004031297092992811,           2.2433417145428223,                  0.5645100953003548,               2.818544785499033, 5621.357632222621, 0.4625346270801745, 5621.820166849701, 0.0003828606160778311
              2.072197769749745e-05,              0.0002681617039148707,                    -0.052622369304603435,                   -0.0018087840225427215,             2.24491508354813,                  0.5640742869668953,              2.8058280504014164, 5621.389567250293,0.46085369078023924, 5621.850420941073, 0.0003952846047970242
              0.0009426228392891934,              0.0009664265177624139,                      -0.0547156694228216,                    -0.003465772696647387,           2.2036155851256654,                  0.5698854770190288,               2.829361882728004,  5621.13912680431, 0.4705087617177069,5621.6096355660275,0.00030771239921040564
               0.000729617015777634,             0.00042772872073774937,                    -0.051723475207174956,                   -0.0016328594799563233,           2.2420017847853067,                  0.5632773944194422,              2.8180444611472986, 5621.035655161801, 0.4609116383834004, 5621.496566800184, 0.0002774647603612083
              0.0011599421450357633,              0.0005675724858723738,                    -0.055271130135981214,                    -0.003479471038304181,            2.257756519575693,                  0.5621620609036777,              2.8101363151598786, 5621.187425392405,0.45996573474419294,  5621.64739112715,0.00032293923094656147
              0.0007432839478008594,              0.0009064637892126279,                     -0.05107951486928541,                    -0.003864009450929928,           2.2378567675517855,                  0.5649276555789151,              2.8115300519656383, 5621.231889198054, 0.4614417987677237, 5621.693330996822, 0.0003376223528865047
              0.0008801753206036426,               0.000352570940612213,                    -0.055219798249197316,                   -0.0024235927483388475,            2.181421416000094,                  0.5727145016457709,               2.856947429128817, 5621.148713834216,0.47539446873113916, 5621.624108302947,  0.000310676633582201
               0.000373208318209764,            -0.00015019284489522383,                     -0.05457353161118521,                   -0.0038323254895322213,            2.240076951829089,                   0.563821158708975,               2.819109710687302, 5621.280405086789,0.46304167398206975, 5621.743446760771, 0.0003544062522703361
               0.001309480542079791,             -8.237174396190413e-05,                     -0.05409229199488045,                   -0.0019406534476071073,            2.221651889783038,                  0.5672226389858573,              2.8300719979068347, 5621.401694267737, 0.4664014314868091, 5621.868095699224, 0.0004001074121238736
              0.0008304767204903274,             -0.0003426922775208494,                     -0.05465458892348488,                    -0.003404678758514982,           2.2406382062041543,                  0.5645815573638299,              2.8215900957056244, 5621.191758894244, 0.4629654311234461, 5621.654724325368,0.00032434172535900644
               0.000607555331208055,             0.00021632989507679303,                     -0.05445300575944136,                   -0.0026272122445339997,           2.2660038457721483,                  0.5609699335205836,               2.783188499089102, 5621.018247439574,0.45781911759543253, 5621.476066557169, 0.0002726765279092187
              0.0004948743167128685,              0.0001912823290310681,                    -0.051515228293444335,                   -0.0021412149072073928,           2.2168230035099277,                  0.5670309008367547,              2.8402081376592605, 5621.420662643377,0.46586647712266804, 5621.886529120499, 0.0004077692362673471
              0.0007060845947531979,               0.000283630037498177,                      -0.0522020485237592,                   -0.0007571673486703173,           2.2568191829246227,                  0.5626195883113904,               2.791095913589637, 5621.041652237387, 0.4582471052827425,  5621.49989934267,   0.00027913373698913
              0.0012075309834193462,              0.0005521085249367612,                     -0.05202385282120199,                   -0.0010589833605305224,           2.2530524541732806,                  0.5625490818001864,              2.8054222906827215,  5621.09079035716, 0.4588943388818557, 5621.549684696041, 0.0002931924240385312
               0.001026325273058304,               0.001026351332407617,                     -0.05416214966158881,                     -0.00368888974479001,           2.2577350374696104,                   0.561964830181076,               2.800858076941859,  5621.23353730696,0.45930650991608385, 5621.692843816876,0.00033817925008072146
              0.0009221256671130704,              0.0002837456208878944,                     -0.05186565681699889,                    -0.004198796295996246,           2.2201268781238808,                   0.566652415087194,               2.823140248888077,5621.4916905246655,0.46547252472056694,5621.9571630493865,0.00043778560239982604
              0.0007333755386034481,               0.000379621875455403,                     -0.05527548597594873,                   -0.0024001099753831875,           2.2206135619065726,                  0.5679227410830181,              2.8256206313930727, 5621.481961639698,0.46733611097593003, 5621.949297750674,0.00043354708807448076
              0.0010848946732505429,             -0.0004306605067408384,                     -0.05210328337289063,                   -0.0023392076322103585,           2.2249337016576614,                  0.5664194721034977,              2.8278418298536687,  5621.12496995376,0.46457151953489234, 5621.589541473295,0.00030338685107410317
               0.000581372553507961,              0.0008665282203983033,                    -0.052242803560003305,                   -0.0017263925955905979,           2.2435394065249343,                   0.564550274037743,                2.80097965446516, 5621.362774508543,0.46090972940828256, 5621.823684237951, 0.0003848344655336978
              0.0008700154035925347,             0.00036713721938857433,                      -0.0514300548319002,                    -0.002879390006573519,           2.2124062060236165,                  0.5690017569493496,              2.8257945001378015, 5621.359645273118, 0.4667423021960412, 5621.826387575314,0.00038363211009907457
              0.0009023455909718371,            -0.00018582506921939346,                     -0.05190379532350751,                      -0.0027341406689144,            2.222553443909086,                  0.5674369994460902,              2.8202961070188346, 5621.455821902415,0.46494587234128776, 5621.920767774756, 0.0004223611171897622
              0.0006984532433931865,             0.00013479236838001647,                    -0.052733187835844145,                   -0.0024150368038227616,           2.2219455361019795,                  0.5658655371702077,               2.828378577917552, 5621.311096967238,0.46554007762747807, 5621.776637044865, 0.0003654522913583069
               0.000475958685745931,              0.0008339387237542155,                     -0.05206857536770713,                    -0.004652443732106645,           2.2073841290831355,                  0.5691290050198516,              2.8402298632906664, 5621.147742973124,0.46821215475801575,5621.6159551278815,  0.000310375156096413
              0.0009827996208138844,             -0.0001807359452260872,                    -0.053602527438552226,                     -0.00410223938485539,            2.221183486869115,                  0.5666630967910874,               2.839627279962908, 5621.343317307475,0.46627187492260624, 5621.809589182398, 0.0003774190396209946
              0.0013604934736831489,             0.00044274683496055257,                    -0.054668538288653167,                   -0.0032658670005771377,            2.210460411112516,                  0.5679930700133312,              2.8392046447853376, 5621.441622719733,0.46906867303993804, 5621.910691392773, 0.0004164063112662317
              0.0008559174601359942,              0.0010992499468746447,                     -0.05260565955105773,                   -0.0022904957965765214,           2.2214733339146284,                  0.5671542936492684,              2.8330565909705445, 5621.238490348385, 0.4655658272995991, 5621.704056175685,0.00033985842098420855
              0.0006346017502099629,             0.00028076322195448144,                    -0.055063944599670074,                    -0.004927495654256958,            2.257009611121711,                  0.5625554757170856,               2.800446556581252,5621.4248356228345, 0.4600463509741266, 5621.884881973809,0.00040947440425473803
              0.0004897489961870274,              0.0001294251669381022,                     -0.05340701044271112,                    -0.004220366923868769,           2.2071884245785847,                  0.5691320464243612,              2.8487338474508466, 5621.151301342785,0.46901161807537856,  5621.62031296086, 0.0003114815529524099
              0.0006218208998969878,               0.000622138981928376,                     -0.05376519947971847,                   -0.0013390472747667281,            2.275752448259505,                  0.5597968796336641,              2.7822167516013456, 5621.070798563513,0.45548879034042467, 5621.526287353853, 0.0002873891834735643
              0.0006419071823278648,            -0.00018098741733098698,                     -0.05313143791314881,                   -0.0016168823932116222,           2.2001282865800076,                  0.5697845469491207,               2.848723465532749, 5621.370300105616,0.47021899951404117,  5621.84051910513, 0.0003877414995242176
             0.00032394387139391643,              0.0010102135918606888,                    -0.054780223059628055,                    -0.003600605410416408,           2.2310039383332816,                  0.5658571161290955,              2.8217612430765326, 5621.440439728691,0.46497849485788945, 5621.905418223549, 0.0004159139975890098
             0.00028330455846700285,             0.00016574407123078785,                      -0.0519861573209291,                    -0.002963695209516039,            2.230209769257955,                  0.5658354914716035,                2.83183507407085,5621.3958549301415,0.46345193573196153, 5621.859306865874,0.00039777785801577386
              0.0006074671657507778,              0.0006731134620735134,                     -0.05148331877276752,                     -0.00266389571499618,           2.2433047770955508,                   0.564851294920733,              2.7978057109934653, 5621.128134272587, 0.4605400744223941, 5621.588674347009, 0.0003043483842952696
             0.00043516575868483273,            -0.00022586271079785112,                     -0.05246930772916216,                   -0.0017213015081961774,            2.205011782903202,                  0.5690445043283039,              2.8308310861043413, 5621.065166989453, 0.4688247130952984,5621.5339917025485,0.00028577527868050716
               0.000598563274734547,             0.00037843578210766167,                     -0.05573946360611142,                   -0.0030192774822612677,           2.2362257692098746,                  0.5653581646388116,               2.824369742125689, 5621.347205900896,0.46449595789167614, 5621.811701858788, 0.0003788895260243189
              0.0010429503889892197,             0.00011671183661211338,                     -0.05366501762314138,                   -0.0018984061187352751,             2.22667856974789,                  0.5652555840996228,              2.8313632867509977, 5621.284510869541,0.46512517026677774, 5621.749636039808,0.00035586435863377557
              0.0006308317579678781,               3.55980076947073e-05,                     -0.05361005569005683,                     -0.00583598107891105,           2.2023500471309556,                  0.5696770363026548,              2.8443848415379422, 5620.879488092618,0.47021873662786845, 5621.349706829245, 0.0002373478689040428
              0.0011111873495531729,               0.000588330833851937,                     -0.05245989323293197,                    -0.004788654543152629,            2.234285321721432,                   0.565590194960165,               2.824113507800866, 5621.245585847056,0.46299570267921925, 5621.708581549735, 0.0003422784615022816
              0.0005210563982635677,              0.0005166986643900575,                      -0.0511987595002741,                   -0.0031491566932546396,            2.218498798170581,                  0.5680043551842763,              2.8308533606916457,  5621.22767740851, 0.4653761957237246, 5621.693053604234,0.00033620334896152036
              0.0004682192967376669,              0.0004931748884580867,                    -0.055891050114495834,                   -0.0023778697218310376,           2.2550585373642735,                  0.5624664061337799,               2.796617511626833, 5621.147932421021, 0.4608359475053563, 5621.608768368526,0.00031043396158723924
              0.0007489130390485394,            -0.00014717953091817772,                     -0.05400044396059972,                   -0.0024584173727815895,            2.204348120875348,                  0.5694115985297357,               2.849644621795032, 5621.278880143724,0.46988593394557987,  5621.74876607767,0.00035386621478149987
              0.0009073330832252787,              0.0003051445243649309,                     -0.05312684203191461,                    -0.004435250102262074,           2.2237067878463046,                   0.566507315856363,               2.812847693236245, 5621.442635881094, 0.4654942936842876, 5621.908130174778, 0.0004168284118434645
              0.0005958140347226123,             -8.279789842221385e-05,                    -0.052211733686176764,                   -0.0032748321416022335,            2.222585708563343,                  0.5661269689001054,              2.8365223592332125, 5621.520767963456, 0.4651328033309775,5621.9859007667865,0.00018475236334593846
             0.00041402192869882047,               0.000455889160913711,                     -0.05256301234517118,                   -0.0021645776124540224,           2.2460968941024615,                  0.5631225199567399,               2.820341753071438,5621.6808200035575,0.46059418426432974, 5622.141414187822,0.00021682018987901372
              0.0004458113785157535,              0.0004009208077056458,                      -0.0535493678078086,                    -0.000496044371221199,            2.242215860787143,                   0.563937619948426,              2.8149112842006785, 5621.502719852207,0.46192150318060127, 5621.964641355387,0.00018144784202211902
               0.000945659010729012,             0.00017388707817962254,                     -0.05280026130062599,                   -0.0019379231459700698,            2.184999500934211,                  0.5717335955900671,               2.852441400097801, 5621.536020483851, 0.4731801620191825,  5622.00920064587,0.00018759190255184988
              0.0012021736029217361,             0.00045548903741562285,                      -0.0529112084331768,                   -0.0029036291066855693,            2.246206051590248,                  0.5631399418583635,              2.8218992603765747, 5621.512380606724, 0.4608044640032142, 5621.973185070728,0.00018320925969404634
              0.0003212611801191574,              0.0005596368666448926,                     -0.05401005888144702,                   -0.0012735893840600519,           2.2543431850771913,                  0.5626869777241504,               2.809202209709042,  5621.53132538262, 0.4598055446994833, 5621.991130927319,0.00018671320398279845
             0.00012500384983850254,              0.0005237151586169076,                    -0.052753035423671026,                    -0.001451938585347449,            2.220151291538107,                  0.5674100923777644,               2.827704735525324, 5621.589397971083, 0.4658935367274253,  5622.05529150781,0.00019787714523419615
              0.0007687855189967785,             0.00018643240001311266,                     -0.05310803129872451,                   -0.0023907919384782705,           2.2404769990136657,                  0.5638655910137201,              2.8287816962310117, 5621.652019390691, 0.4620379968432046, 5622.114057387534, 0.0002106647019210218
              0.0004087662550211797,             -0.0001292690398470751,                    -0.053966900879923334,                    -0.002692781859709529,            2.234012016221121,                  0.5655928948757611,               2.806863217482757, 5621.587114064138, 0.4638466176485025, 5622.050960681787,0.00019742572794184953
              0.0010297777059991551,             -3.301612876596706e-05,                     -0.05371737124295609,                    -0.002961827708263187,           2.2420989612856252,                  0.5647942091522884,               2.798392349644592, 5621.531135070317,0.46209614287542256, 5621.993231213192,0.00018667767354400478
              0.0008163455249184695,             0.00046150765313484856,                    -0.053104499703781984,                    -0.001958747474273839,           2.2420510170197265,                  0.5640092218588721,              2.8264287970139215, 5621.661966214808, 0.4617135363104295, 5622.123679751118,0.00021277060280853907
             0.00035626243830906156,              0.0006011608483738796,                     -0.05350601998864412,                   -0.0015956239530524941,           2.2315527965607442,                  0.5657184312444652,               2.830544743306409, 5621.525192440475,0.46404028387841134, 5621.989232724353,0.00018557160695753923
               0.000890336289448131,             2.7446284240114245e-05,                     -0.05336755276462451,                     -0.00482626782545736,           2.2239907481499914,                  0.5665906488806538,              2.8326266038620664, 5621.688361235467,  0.465598724956602, 5622.153959960423,0.00021846146204222887
              0.0002770520079562176,             -4.716287526248157e-05,                     -0.05325391033041423,                    -0.003471199456566641,            2.210587106784383,                  0.5679503374596399,              2.8428766556061946, 5621.572711309327, 0.4681913295650051,5622.0409026388925, 0.0001946026325657081
               0.001076694798720976,              0.0003164914717756641,                     -0.05440689473803482,                    -0.003035655424518211,           2.1909830975040108,                  0.5707307322313415,               2.845863517213079, 5621.588959557542,0.47291936711218907, 5622.061878924654,0.00019779041222814112
              0.0013739139386046463,              0.0005757856218497253,                     -0.05331437147664819,                   -0.0034258402101255583,            2.203065074337969,                  0.5692746100997581,                2.83967342503289, 5621.535746356198, 0.4697818211007547, 5622.005528177298, 0.0001875404854716199
              0.0005381955343360464,              0.0002269018554464587,                     -0.05333696141530908,                   -0.0014442760090679983,            2.230185819298553,                  0.5663750652339422,                2.80716906392768, 5621.614172927232,0.46421123291858063, 5622.078384160151,0.00020284077580880644
              0.0002607500046996502,             0.00011916810802743927,                    -0.054854660435847656,                    -0.003063235649173652,           2.2488831265017866,                  0.5633637838671428,              2.8132300565805153, 5621.647715485955,0.46143461197434843, 5622.109150097929, 0.0002097599694504865
              0.0005508738296146367,              0.0009327118796721011,                     -0.05253824491595791,                    -0.002715154429479402,           2.2422501048383827,                  0.5640127045418075,              2.8201240190888424, 5621.676484649479, 0.4613628715241998, 5622.137847521003,  0.000215882232242819
               0.000984465692456848,              0.0003522608643318153,                    -0.055311202549751796,                   -0.0030053861821411577,           2.2026777318458026,                  0.5698156705399762,               2.830059168393796,  5621.52655108426, 0.4710454030347455, 5621.997596487295,0.00018582390402017808
             0.00039644641300897566,              0.0008460951592712685,                    -0.053472771463728135,                   -0.0011458590894843886,            2.226595996618143,                  0.5667583118954812,               2.822557094308329, 5621.500592953615,0.46501340229428434, 5621.965606355909, 0.0001810623309791766
              0.0009642268593490919,              0.0003018623901016659,                    -0.053120005418608215,                   -0.0038819059324380133,            2.236958140370461,                  0.5640205693722546,               2.826167231909956, 5621.643731903167, 0.4628013283471318, 5622.106533231514,0.00020892603537202265
             0.00024074156139095848,              0.0005649678936054389,                    -0.053816521158178934,                   -0.0011847888441933257,           2.2443003239148314,                  0.5641719637737328,              2.8122961311585497, 5621.618009603844,0.46167315909283824, 5622.079682762937, 0.0002036205050974179
              0.0010390250947467832,             0.00020266902244372008,                    -0.052737806295440816,                   -0.0041754940471658165,           2.2692907520768357,                  0.5607563177406368,               2.787645894251192, 5621.511280889981,0.45622093797927865,  5621.96750182796,0.00018300789214764477
             0.00039812835906165425,              0.0007210359043527955,                        -0.05427143067818,                   -0.0027577427998810846,           2.2631546512265994,                  0.5612842211517383,              2.8060807756368806, 5621.550244764781, 0.4582703857832597, 5622.008515150565,0.00019027933052715291
              0.0008353944647596725,             0.00019579592705862918,                     -0.05261144448882633,                   -0.0034229504501114964,            2.252154057816801,                   0.562408658991934,               2.820326007307038, 5621.521512197158,  0.459466119063012, 5621.980978316221,0.00018488991345960875
             0.00032410674097819385,             0.00022161959253965964,                     -0.05301324231123345,                   -0.0012048638575498695,            2.211957261923455,                  0.5678083490242273,              2.8320427373336265,  5621.52971274318,0.46771057701607155,5621.9974233201965,0.00018641234555948497
             0.00043158832681372355,              7.384944203760452e-05,                     -0.05396973325152187,                   -0.0032610115062458294,           2.2485702648491426,                  0.5638206071833485,               2.813763487779764,  5621.65863832757, 0.4609690298674107, 5622.119607357437, 0.0002120637031284634
              0.0008729539912450336,              0.0004146146676688779,                     -0.05510905133350833,                    -0.003986439381764282,           2.2123943937107517,                  0.5687500290708184,              2.8350118161337114, 5621.537192928492, 0.4689647157441795, 5622.006157644236,0.00018781197265754098
             0.00047799230662809347,            -0.00038347184391921275,                     -0.05398043100825103,                   -0.0030468363422987473,            2.223085928373355,                  0.5669399583331517,               2.824335384763444,5621.5418049429445, 0.4660670878496901, 5622.007872030794,0.00018868016470801428
              0.0010023799413293316,              0.0002398372389731765,                    -0.052530723014395445,                    -0.002710501094619755,           2.2261878695441393,                  0.5662479220309415,               2.811881273068675,  5621.69776745926, 0.4645755311736454, 5622.162342990434, 0.0002205260542300549
              0.0007710881269795118,              0.0010731560257297517,                     -0.05365539309132253,                    -0.002810363479675808,           2.2484544584863726,                  0.5632289191749911,                2.80530920383564,5621.5559141288195,0.46079742195478185, 5622.016711550774,0.00019136115705741005
               0.000896446918125638,              0.0011083586601455186,                    -0.053504778435664584,                    -0.003370428557965303,            2.238545358049514,                  0.5650734528678532,              2.8131443985049156, 5621.500628223063,0.46269729650792024, 5621.963325519571,0.00018106871706039478
              0.0007581701120781011,             0.00045496908549234747,                    -0.054582001776057675,                    -0.002898088995692437,             2.26521392231743,                  0.5610129781692662,                2.78998452109627, 5621.606733584946, 0.4580614962432798, 5622.064795081189,0.00020133737294581822
               0.001064778050665435,              -0.000249828419607654,                     -0.05252056739758057,                   -0.0037117893468401712,            2.242786092623449,                  0.5644035817094488,              2.8119393621500786, 5621.569436407254, 0.4612816835769616, 5622.030718090831, 0.0001939663704176956
             0.00039082443132867483,              0.0005294520996472217,                       -0.054159761935209,                   -0.0014982771404565853,           2.2356815014774303,                  0.5644409950389275,               2.826114747650486, 5621.584427315191,0.46360178023584764,5622.0480290954265,0.00019689600650794423
              0.0007191694121730282,              0.0002708671019870157,                     -0.05190533359975801,                   -0.0035302025359818206,           2.2465324613357827,                  0.5629592622411423,               2.819038306616041, 5621.648974255588, 0.4601705395704652,5622.1091447951585,0.00021002417518240632
              0.0008685079809304811,             -3.236921838687684e-05,                    -0.053895447184954516,                   -0.0010993776618112247,            2.229275375129839,                  0.5659833033863374,              2.8141576797249535,5621.6434400270045, 0.4647244954548427, 5622.108164522459, 0.0002088650637411901
              0.0005009463480987685,             0.00036376139462256687,                     -0.05450111233550913,                   -0.0024041973994679594,           2.1979279209604816,                  0.5695718099180723,              2.8531762718521145,  5621.64360232727,0.47151027743274226,5622.1151126047025, 0.0002088989653475138
               0.000843604572445277,             -3.431615577430652e-05,                     -0.05333640827719244,                    -0.004751129273798891,           2.2569741440942996,                  0.5624293145063217,               2.798972319807715, 5621.657134294507,0.45900475106696936,5622.1161390455745,0.00021174499204364386
               0.001005950796335192,             0.00032777831889576025,                     -0.05313371236660709,                    -0.003429346156775457,            2.182898922787785,                  0.5722521596991825,              2.8566721632298044, 5621.566064927354,0.47386236608292265, 5622.039927293437,0.00019331351785658376
              0.0011971869886263477,              0.0006061447466072487,                      -0.0540968900745566,                    -0.002039169404398126,           2.2327108281987997,                  0.5656099060466521,              2.8092751456886997, 5621.643448403331,0.46417732602315015,5622.1076257293535,0.00020886681327041262
             0.00039788355471102443,                0.00025987348177039,                     -0.05238056472298834,                    -0.004026564875604425,            2.217810235102793,                  0.5668641063860421,               2.828137979621456, 5621.656144707789, 0.4662294415645488, 5622.122374149354,0.00021153555565676498
              0.0004576315941008369,             -6.194723274209687e-05,                     -0.05316175822281136,                   -0.0024929545603578607,           2.2176926674899384,                  0.5680723162390973,              2.8321814181233504, 5621.579686964953,0.46665577838416344, 5622.046342743337,0.00019596485920252613
              0.0005188713777200156,               0.000552019224518715,                     -0.05353727107277075,                   -0.0024467307094070616,            2.254257873330374,                  0.5622069338889293,              2.8187296552327448, 5621.519245834381,0.45956497075317954, 5621.978810805134,0.00018447136031769814
              0.0005670754778679355,            -3.4440491489100848e-06,                     -0.05327227911898613,                   -0.0051741373475632105,            2.215708652785183,                  0.5677965709557947,               2.827790033499104,  5621.59494595572,0.46723970311172913, 5622.062185658831,0.00019897801557808447
              0.0005908896251454535,              0.0005771223032856164,                     -0.05551934324725153,                    -0.003912647024284295,            2.254895934393217,                  0.5628954499238232,              2.8033939754003656, 5621.507856217613,0.46069271555675995,  5621.96854893317, 0.0001823822220453341
              0.0010194595900302416,             0.00037638303069698563,                     -0.05259601114641383,                    -0.003275335182274714,            2.250957809308679,                  0.5638962731911159,                2.80269724108454, 5621.613561168876, 0.4596900456667809, 5622.073251214543,0.00020271672421790055
             0.00031232738382808346,              3.291341910539063e-05,                     -0.05377268544485738,                   -0.0038913791754730293,           2.2262965281519858,                  0.5669928873160001,              2.8241965114907943, 5621.503246682169, 0.4653250360837701, 5621.968571718253,0.00018154345936681788
              0.0009272462108127795,             0.00019056300845127599,                     -0.05286780595888543,                   -0.0038525362786909047,           2.2459419206507407,                  0.5643718831473856,              2.7962853953190105, 5621.625585177981, 0.4608627278534787, 5622.086447905834, 0.0002051689049332117
              0.0011403728540157092,              0.0002962849789646316,                      -0.0547366164397204,                    -0.001750617041094169,            2.220436758818026,                  0.5677386467760307,              2.8243268172712703, 5621.592274283408,0.46703156970362286, 5622.059305853112,0.00019844712102720793
              0.0008962909411971637,              0.0004513455875846887,                     -0.05384641956863406,                    -0.004690448575720411,           2.2374851439214374,                  0.5658146506773066,               2.809688884853972, 5621.307423129918,0.46316614317116755, 5621.770589273089,0.00014925727851272013
              0.0004486402598949603,             -0.0001684592968650685,                     -0.05508986838148911,                    -0.003901255945553567,           2.2123784544618963,                  0.5683748713826832,              2.8289375756858206, 5621.409954061699, 0.4689485825443076, 5621.878902644244,0.00016537282164258676
              0.0008282930441823302,             0.00046298303971074097,                     -0.05299185705416019,                    -0.001150038947951136,            2.207358889930028,                  0.5689140805931436,               2.843427930135686, 5621.696776913733,0.46864320225674083, 5622.165420115989,0.00022030772128561862
              0.0007144908583563628,             -4.745067553727022e-06,                    -0.051890724210587345,                    -0.004403957694064275,            2.224201877403831,                  0.5658626190848365,              2.8328098239845394, 5621.338112020252,0.46466921341974676, 5621.802781233672,0.00015390882916189004
               0.000744352582519193,              0.0006507028477330312,                     -0.05349385551449116,                  -0.00042787776726773704,           2.2170093114585314,                  0.5672958209890208,              2.8353053559260344, 5621.449895134139, 0.4669622805903981,  5621.91685741473,0.00017211167210454367
               0.000403333736166902,              0.0005611972464090333,                     -0.05299865311538217,                    -0.003521538052930733,           2.2219040893867623,                  0.5667113277646836,              2.8415413888371184,5621.5010507779125,0.46574074269398663, 5621.966791520606,0.00018114524469223806
              0.0007547784072856005,              8.377731302581659e-06,                     -0.05196227987501471,                   -0.0036470049182540723,           2.2373720423310512,                  0.5643523934200715,                2.81355216017974, 5621.671525219837,0.46203042863508004, 5622.133555648473,0.00021481423003110963
              0.0002868829789002928,              0.0004428577052404923,                     -0.05382646709697335,                    -0.003377594364949609,           2.2179167008560015,                  0.5677213684458632,              2.8158041268248892, 5621.642541836456,   0.46703453352367,  5622.10957636998,0.00020867754734036836
              0.0006816829322225216,               0.000671609401006844,                     -0.05205183128180991,                   -0.0034144055782691324,              2.2255551958699,                  0.5655616326420976,              2.8290041353119735, 5621.527771044688, 0.4644481228021441,5621.9922191674905,0.00018605074016708506
              0.0005805839915488387,              0.0006626483281554768,                     -0.05446059826209471,                    -0.001958600829121305,           2.2301092190011094,                  0.5664959557686321,                2.80751981077153, 5621.581836871184, 0.4649116929595316, 5622.046748564144,0.00019638661848345382
              0.0006337962061625386,              0.0005751757694287309,                     -0.05241030536428298,                    -0.002626593914917706,           2.2187508473106283,                  0.5669186088205884,               2.845616945049028, 5621.369713974929, 0.4660066733941501, 5621.835720648323,0.00015885031811871105
              0.0011309824710807536,              9.806940593188294e-05,                     -0.05456060909641802,                    -0.002663658307169666,           2.1944817650420743,                  0.5706172969019299,              2.8406671235629783, 5621.582516465886,0.47227314092386774,  5622.05478960681, 0.0001965201271496673
              0.0008359454486082375,            -0.00029670858089721533,                     -0.05237036050478944,                    -0.003818032824741935,           2.2430748998975316,                  0.5640091701070566,              2.8165033087011517, 5621.544592607736,0.46113891575076116, 5622.005731523487, 0.0001892068755656588
              0.0008862455120156952,            -0.00035834522508706816,                     -0.05343839574617167,                    -0.004465120882926174,           2.2321654310394154,                  0.5659263130024232,               2.811273914162399,5621.2646561158945,0.46397609874577006,  5621.72863221464,0.00014300856224614992
               0.000586372411703171,              0.0002657096070099192,                     -0.05364439651655072,                   -0.0017480348738302222,            2.197599534791937,                    0.56972145074184,               2.836891669266892, 5621.423193881034,0.47104857872194805, 5621.894242459756,0.00016757688643767677
               0.000897531147819273,              0.0004206510943728202,                    -0.055935835114878735,                   -0.0019842170180359967,           2.2533731620224953,                  0.5629634446004694,               2.801374829302798, 5621.364369589002,0.46118878978797884,  5621.82555837879,0.00015800362525607788
              0.0002760727982120992,              6.189801747938096e-05,                    -0.054400430479541725,                   -0.0016426210266644596,            2.232815296309786,                  0.5654768068807645,              2.8112157579840567,5621.5249694104195, 0.4643216632354775, 5621.989291073655,0.00018553022352684796
              0.0004079265605899799,               0.000820094408547863,                    -0.053877727870492845,                    -0.001949646826169201,           2.2492160678963433,                  0.5636320512798821,               2.812849669484904, 5621.526410826818,0.46075184721333196, 5621.987162674031, 0.0001857978426624912
              0.0009030423047871684,            -1.2677291704911466e-05,                    -0.052958972039434185,                    -0.003968146210332858,           2.2361188328142743,                   0.565430704279369,               2.802685881375715, 5621.558382201076,  0.462876838834701, 5622.021259039911,0.00019183403352668614
              0.0004912214183691759,              0.0004637333498089075,                    -0.052912370761114026,                   -0.0036014991573994617,           2.2133153115465762,                  0.5679946408540542,               2.820320867209958,5621.6677133380845, 0.4674394973001957, 5622.135152835384,0.00021399694227915825
              0.0002726129809044769,              0.0004818003472580769,                     -0.05417120946623368,                   -0.0025128019013872663,           2.2363421325553285,                  0.5647218890599796,               2.830927855359837, 5621.470730418404, 0.4634984409764195, 5621.934228859381,0.00017573528614639106
              0.0013662384786563252,              0.0007331744708245439,                    -0.052572416470543816,                    -0.002501061216777982,            2.216292847981867,                  0.5675167713591079,              2.8358395255439515, 5621.373854786876,0.46660679076419675,  5621.84046157764,0.00015950945114488453
              0.0007163327079162198,            -2.2892811725589374e-05,                     -0.05354427403307661,                    -0.004366680823398426,           2.2143668226669204,                  0.5676922407823213,               2.842750002428576, 5621.620932877246,0.46763286610095794, 5622.088565743346,  0.000204216614374639
             0.00038879137186810547,             0.00043349585085513293,                     -0.05572344611360203,                    -0.002294288260174599,           2.2357635854363735,                  0.5658445997122481,              2.8081043191425508, 5621.214962851182,0.46455617821648587, 5621.679519029398, 0.0001360756851776476
              0.0002506350535835137,               0.000729134303538822,                    -0.053127122798999636,                   -0.0024242604059350093,            2.240421628624378,                  0.5642536159502721,              2.8230831025191776, 5621.685566925831, 0.4620610165815843, 5622.147627942412,0.00021785186517168418
              0.0006704335940782544,              0.0004941890084641688,                     -0.05373169213794314,                   -0.0029322312388502586,             2.19298634056266,                  0.5709278905127251,              2.8566405194796998, 5621.575685545453,0.47209022797922084,5622.0477757734325,0.00019518228833490659
              0.0013307360936726665,              0.0005997087076771192,                     -0.05389864086375575,                   -0.0019906459116394984,           2.2179893542013396,                   0.567659431387164,               2.829920409935844, 5621.651703774742, 0.4670318841878933,  5622.11873565893,0.00021059822327258566
              0.0004916266006184363,             0.00043395787356332563,                    -0.052366444689536426,                   -0.0028654666144936965,           2.2397586080671945,                  0.5635502855945899,              2.8175448804833234,  5621.38893812385, 0.4617593825701378,  5621.85069750642,0.00016193362228253695
              0.0007613050000038207,              7.770583924873228e-05,                     -0.05344418138677414,                   -0.0037661138691951973,           2.2009753430688543,                  0.5705747065795543,               2.831729099409011, 5621.471460373121,0.47029430313459314, 5621.941754676255,0.00017586361177769427
             0.00020624093773108585,              0.0006514675254672308,                     -0.05437025753885781,                   -0.0035691959588555378,            2.201511419748705,                  0.5693830329579244,               2.846171446444644, 5621.590992829341, 0.4707296755158619, 5622.061722504857,0.00019819298302477172
              0.0006146160185002336,              0.0009598635339701996,                    -0.053089898469782223,                    -0.002545166058704511,            2.228479221949723,                   0.565585837451392,              2.8329569704259727, 5621.567380646953,0.46443826108994674, 5622.031818908043, 0.0001935680316384499
              0.0006999560454527617,               0.000300534698811475,                     -0.05181538293922645,                   -0.0014376321110382672,           2.2535414396809315,                  0.5624797112743746,                2.80689754567374, 5621.624945892259,0.45867644988525064, 5622.083622342145,0.00020503778529776164
               0.001062767397945858,             0.00040048901913546493,                    -0.053816029405703576,                   -0.0024511946090535713,           2.2340649113449103,                  0.5645041234016238,               2.828450072940077, 5621.707808157355,0.46374491926585865, 5622.171553076621,0.00022275144329652021
             0.00040957421982439426,             0.00042045409869776937,                     -0.05524254850635752,                    -0.004182596776624738,           2.2053368706181335,                  0.5694518073578467,              2.8398015342089664, 5621.491603685913,0.47049867381741317,  5621.96210235973,0.00017944200688995002
              0.0007094853954244241,              0.0009263314281276997,                     -0.05218991939300075,                    -0.002317401612226956,            2.226931542599648,                  0.5666430280794379,              2.8155268198518515, 5621.657090101617,0.46421793204774475, 5622.121308033665, 0.0002117356346271579
              0.0008736773143615677,            -0.00012036157753538689,                    -0.053242609324134514,                   -0.0019107164971504014,           2.2052886687319697,                  0.5686779605812798,              2.8457630602045434, 5621.607248322156,0.46922873090365913,5622.0764770530595, 0.0002014410354606903
              0.0009204468681570876,             -8.690346156532088e-05,                     -0.05379088068759054,                    -0.001623367815853018,           2.2461848542797944,                  0.5641768095086208,               2.808387386887013,  5621.67913063182,0.46129349427445715, 5622.140424126094, 0.0002164542092038624
               0.000501332350396511,              0.0002802564674479284,                     -0.05343523542456306,                   -0.0028170868294141163,           2.1989034915476195,                  0.5691788393313797,              2.8504194386071156, 5621.642814367623,  0.470680953522657, 5622.113495321146,0.00020873442622614517
             0.00035504046085246376,              0.0005643822473157083,                     -0.05492698119724004,                    -0.001499668110290513,            2.236529568182499,                  0.5653579483541615,              2.8113566323544408,5621.6597925459955, 0.4638972233551978, 5622.123689769351, 0.0002123086122741616
             0.00030480065723644944,              0.0001506594601226528,                     -0.05184790643656002,                    -0.002512142372540165,             2.19220338207416,                  0.5704842980163896,               2.852735220049433, 5621.228964103089, 0.4711322321322995, 5621.700096335222,0.00013799431539369763
              0.0008358274959555048,              0.0009402219580401939,                     -0.05295962328689533,                    -0.003694400343050837,           2.2290930176652544,                  0.5665809819535604,              2.8147366976418633,  5621.61820860823,0.46427935757401917, 5622.082487965804,0.00020366103050317345
              0.0003414685773425886,              0.0006660222042217171,                     -0.05242141979719619,                   -0.0023954906671046325,            2.252800822334182,                  0.5621536987784714,                2.81107127806286, 5621.456020554123,0.45919357128539945, 5621.915214125408,0.00017316916386435585
              0.0003808741050163307,              0.0005481909669549913,                    -0.053418025812824184,                    -0.001699300072843357,           2.2533898492932285,                  0.5633885706586069,               2.798301446606482, 5621.653045809793,0.45964706677926664,5622.1126928765725,0.00021088104320468286
             0.00026220089810975625,             0.00040476206853994116,                     -0.05462892643454665,                   -0.0025888170912022096,            2.198640564158582,                   0.570232579377486,              2.8369308623250946, 5621.690832565918, 0.4714445820474356, 5622.162277147965,0.00021900202017952574
              0.0006295233404219197,             0.00011170661912416208,                    -0.052352807438215715,                    -0.003975433333301912,            2.228197107353079,                  0.5666419418071574,              2.8089594160462203, 5621.615497167452, 0.4641101595480972,    5622.079607327,0.00020310956365297237
              0.0002563419875566928,              0.0006976914768865342,                      -0.0530366278783592,                   -0.0018204859336723403,            2.217809973219298,                  0.5679423061777684,               2.830585512295764, 5621.618944211667,0.46654387213720977, 5622.085488083805,0.00020381089937257293
              0.0005992779760167202,                0.00091516244915714,                    -0.053776093359157374,                   -0.0019692888824881134,            2.196177392965561,                  0.5706148471562286,              2.8408067119861133, 5621.574980668832, 0.4714307517054906, 5622.046411420537,0.00019504475737988663
              0.0009463315350540038,              0.0007852173514419735,                    -0.052395206019468676,                     -0.00219539309051488,            2.247541515960019,                  0.5641749160313578,               2.799924662882697, 5621.499912418595,0.46021721031692125, 5621.960129628912,0.00018093915364024134
              0.0011002192190275955,             0.00027041148684787763,                     -0.05385919431768476,                    -0.002192794989099301,            2.244081254950301,                  0.5648236964896981,              2.7966548668347397,  5621.37844839658, 0.4617661337805669, 5621.840214530361,0.00016024386081181483
              0.0010498031811935235,             0.00032864859631588005,                     -0.05509857881959394,                   -0.0025084724299147907,           2.1987346898873903,                  0.5702044579746558,               2.846607725302002, 5621.606126994706,0.47171456557948044, 5622.077841560285,0.00020121528069420194
              0.0006655686396368043,             0.00022535940026200665,                     -0.05284753050289503,                    -0.004189013211088861,           2.2368072298024266,                   0.565296141031627,              2.8260406179668465, 5621.491570237047,0.46268192212768494, 5621.954252159175,0.00017943600485870471
              0.0006805308488142898,            -0.00013246874835721353,                     -0.05473217731311638,                   -0.0032293041305771725,           2.2435581167230763,                  0.5648758068724347,              2.8092188685746704, 5621.298301871701, 0.4624234594394019, 5621.760725331141,0.00014790205440513369
             0.00015648322389785738,             0.00013525345552341893,                     -0.05253721040514346,                   -0.0027652675672007587,            2.199073936096889,                   0.569419680396484,               2.848835415157348,   5621.3209492844, 0.4701138037612322, 5621.791063088161,0.00015128987111054273
              0.0007234981408065315,              0.0006068298227570914,                    -0.053531333136519574,                   -0.0020709981282827864,           2.2711716881380846,                  0.5607588870301911,               2.787002470155066,  5621.67511966288, 0.4562501694085596, 5622.131369832288, 0.0002155877569120778
              0.0008764473450195849,              0.0007634812508264826,                     -0.05353220508723225,                    -0.002608716130167532,           2.2474388129763403,                  0.5632684770326325,               2.800755100361025,  5621.64675765209, 0.4609167869426712, 5622.107674439033,0.00020955915043921233
              0.0009452516347789814,              0.0006703194808783581,                    -0.054330787345003066,                   -0.0007226760474812993,           2.2439222028703805,                  0.5639151981144637,              2.8171583123274626, 5621.372413475334, 0.4620576906378561, 5621.834471165972,0.00015927971393306291
              0.0010118940444103879,                0.00034587164424568,                    -0.055663403561016976,                    -0.002978405840874562,            2.241508529013316,                  0.5647915358571364,               2.804330787663739, 5621.515819700909, 0.4633971759851442, 5621.979216876894,0.00018384041827845753
              0.0005460207223861674,              0.0008100869739080234,                    -0.052378574708013007,                    -0.004821813073591186,           2.2341737203116363,                  0.5650660945342704,               2.825464421222822, 5621.454584885609,0.46296898675617393, 5621.917553872365,0.00017292072872608928
               0.001439768800285641,              0.0004508146552686865,                    -0.054286046268803755,                    -0.001970456533496801,            2.220269229737445,                  0.5670129735336079,               2.827909100879328,  5621.51249774291, 0.4668021271093521,5621.9792998700195,0.00018323072138498914
              0.0006172004894337354,              0.0003867444342412714,                     -0.05283816219453577,                    -0.002005133996311027,            2.218890717686341,                  0.5667432156549582,              2.8225135479682777, 5621.630321589168, 0.4662113228771367,5622.0965329120445,0.00020614297420506485
               0.001036950526248779,              0.0003262083766554713,                    -0.053450546683786716,                    -0.002168984481868454,            2.277999674802626,                  0.5600535905287716,              2.7855624446607155,5621.3690352797275,0.45488633162356656, 5621.823921611351,0.00015874254374712458
              0.0011606967355584819,             0.00021142643788196432,                      -0.0537409859377476,                   -0.0013733518432880098,            2.230527451370521,                  0.5662739707470906,              2.8126655592842535, 5621.679720657203, 0.4643876286680368, 5622.144108285871,0.00021658196036600046
              0.0008785688652644287,             -3.760447057585377e-05,                     -0.05263377536429762,                   -0.0045499304471158806,           2.2358048591923882,                  0.5656144234636855,              2.8176179788004774, 5621.527053332658,0.46277616687395406, 5621.989829499533,0.00018591725721962943
              0.0008093027592111398,               0.001035638393196354,                     -0.05289227777905383,                    -0.004027902035803107,           2.2388703519707898,                  0.5643065114458037,               2.817115341337785, 5621.533882367569,0.46229573637675675,5621.9961781039465,0.00018719123773735375
             0.00010235422854673639,              0.0004687835328741937,                    -0.052801760635321895,                   -0.0018987344046618585,           2.2188967450926254,                  0.5672781863652725,              2.8372856684821395, 5621.477232665462, 0.4661847592115656,5621.9434174246735, 0.0001768816834338651
              0.0009792022332499614,             0.00015445672585062033,                     -0.05378761912462284,                   -0.0035115029171270914,           2.1845751345973614,                  0.5724348238901545,               2.844154885315299, 5621.381272133494,0.47390169778739877, 5621.855173831282,0.00016069698677003598
             0.00033150070116278314,              0.0009484172137213665,                    -0.054402903334743055,                   -0.0024976489113723277,            2.232771718524424,                  0.5659812697021875,              2.8226282336377313, 5621.308874680626, 0.4643567290496857, 5621.773231409676,0.00014947409033966497
              0.0008649530792655737,              0.0005118347987139193,                     -0.05327275292846146,                    -0.001946891122039441,           2.2312302143638942,                  0.5666276857262664,              2.8083764412673293, 5621.608941821556, 0.4639765054695892, 5622.072918327026,0.00020178246475694518
              0.0005410340261149096,               0.001167373970200024,                     -0.05362761200187868,                   -0.0034773219549228745,            2.220493631312543,                  0.5668295821571293,              2.8318916180809985, 5621.423537992572, 0.4664040233595706, 5621.889942015931,0.00016763456150051712
              0.0005096866109151418,              3.343985660437867e-05,                     -0.05211830683982505,                   -0.0019435751904554465,            2.204501866268948,                  0.5694375573919801,              2.8425729684490237, 5621.585147399762, 0.4687303068488177,  5622.05387770661,0.00019703783934404842
              0.0006218075180313874,              0.0004900272177707823,                     -0.05136370119885477,                    -0.002174225936566962,            2.206333435437441,                  0.5684192801377065,              2.8383688280359047, 5621.403945662591, 0.4679272266575319, 5621.871872889248,0.00016438217480951593
              0.0010580261664443382,             0.00028407598882823084,                     -0.05334824361589975,                     -0.00464195387895438,           2.2009873328797154,                  0.5697106147374807,               2.848785822465386, 5621.478872229588,0.47027923472043276, 5621.949151464309,0.00017717193017061553
              0.0007388204267978233,              0.0007879042907922035,                     -0.05477509791579269,                    -0.002913066541257743,            2.194639749611992,                  0.5703379374399896,                2.84368968637144, 5621.599432524196,0.47237767124361085,  5622.07181019544,0.00019987274971246103
              0.0007938640073568605,             0.00042138850968584016,                    -0.051457219362953915,                    -0.004446888557519209,           2.2401639698279356,                  0.5645757900052453,               2.809852488037757, 5621.702562600256,0.46122049505561236, 5622.163783095311,0.00022158604713003196
              0.0010996814110019256,            -0.00012858398872453075,                     -0.05287260475568823,                   -0.0040251258050082155,           2.2109316753772523,                  0.5684121719462971,              2.8416866721643537, 5621.443797490454, 0.4679254547062855,  5621.91172294516, 0.0001710653896246902
              0.0008220818954146087,              0.0005905751043112866,                    -0.053747741834460266,                    -0.004608050763822093,            2.196867096757489,                  0.5698458564801585,              2.8434012847703674, 5621.542593771388,  0.471366329927368, 5622.013960101315,0.00018882905970725344
              0.0005502595105002725,               6.41634119442638e-05,                     -0.05210413598806917,                    -0.004455703788598157,           2.2024957248540047,                  0.5697342753924355,               2.835158573432743, 5621.529593866717, 0.4692248442426928, 5621.998818710959, 0.0001863901868361744
              0.0007807743146106577,              0.0007689755689755295,                     -0.05384001549610618,                   -0.0015042160142064742,           2.2755713139156857,                  0.5601318716771185,              2.7848947199634893, 5621.210093339672, 0.4555734754837422, 5621.665666815156,0.00013541467377004154
              0.0004845878839622426,             0.00021999826186737233,                    -0.051643181478003924,                   -0.0025160040015536384,            2.205518146403867,                  0.5686752795427068,               2.838935803314519, 5621.656000407169, 0.4682617035944174, 5622.124262110763, 0.0002115050331471134
               0.001055179923600435,              0.0010185004789554813,                     -0.05233269726852404,                   -0.0026858141571833283,           2.2188431134969795,                  0.5669260247095451,               2.829546559269537, 5621.340281169649,0.46595239798418353, 5621.806233567633,0.00015424304275436651
              0.0012912955617123618,              8.197543420189732e-05,                    -0.054026836496457425,                    -0.002391719300732331,           2.2565982528836503,                  0.5624722188605056,              2.7991234314160276, 5621.621436956285, 0.4594020832208229, 5622.080839039506,0.00020431958163905634
             0.00020558452917129874,             0.00023884170222571649,                    -0.053713931136028986,                    -0.002772541349756964,           2.2248816703009044,                  0.5658048433439506,              2.8244792533969347, 5621.582512802764, 0.4655341760123096, 5622.048046978776,0.00019651940727364749
              0.0011621594420628083,             0.00040813687327272396,                     -0.05451978823165233,                    -0.003017362195619506,           2.2269426719758876,                  0.5654903349751229,               2.833446518309499, 5621.555930715695, 0.4656185183142577,5622.0215492340085,0.00019136433116733823
              0.0010020731599126689,              9.712950793420385e-06,                      -0.0536822160078415,                     -0.00265650831071157,            2.232837395917471,                  0.5654774907792258,               2.804980894688681,  5621.48308002137, 0.4639153221882481, 5621.946995343558, 0.0001779190034245314
             0.00043510097638215205,            -0.00010772206700432736,                      -0.0522377397640292,                    -0.004163490249052244,           2.2241333386687323,                  0.5668873768525103,              2.8301083679174512, 5621.412770756775, 0.4648706482533015, 5621.877641405028,0.00016583928308644367
              0.0009762435710866294,              0.0004484918819644968,                     -0.05331962584663342,                     -0.00124485856946856,            2.208871621021204,                  0.5689465376529069,               2.839957988188237, 5621.683998278106, 0.4685292056200998, 5622.152527483726,0.00021751040022802346
              0.0005904040813050547,              0.0003459135771364583,                     -0.05342122851663072,                    -0.003678901421183783,           2.1934455464090186,                  0.5706427457073524,              2.8580756985311044,5621.5296519893745, 0.4718361172199367,5622.0014881065945,  0.000186401020644048
             0.00023208619467367906,               0.000424669001622094,                     -0.05308609661435608,                    -0.004291127014194879,           2.2438238515261966,                   0.563625922178703,               2.809201456497428,  5621.68743317794,  0.461427680356053, 5622.148860858296,0.00021825881128838105
              0.0005688951886722302,             -5.129643578747959e-05,                     -0.05222106426761044,                   -0.0035689556087518245,           2.2510764520887965,                  0.5630183476498561,               2.805485297432387, 5621.882562085093, 0.4594547095596316, 5622.342016794652,0.00011925847128894194
              0.0007988967349489127,             -5.983539583064308e-05,                    -0.052223006638263535,                      -0.0038398572772723,           2.2164188756147403,                  0.5678413941663667,               2.835313479534297, 5621.728257900035,0.46641508105454144,  5622.19467298109, 0.0001022058564812458
              0.0009923711999981046,             0.00029753795390122744,                     -0.05441851262518525,                    -0.004590809031119659,            2.229543081152218,                  0.5657449660498259,               2.814958048496508, 5621.768591947431, 0.4650975237242171, 5622.233689471155,0.00010641249749241438
              0.0009087087857333797,               4.54591433617086e-05,                    -0.054860341207666856,                   -0.0021111082589728276,           2.2459643832818665,                  0.5634264619488184,              2.8099155256029853, 5621.812895769176,0.46199271140423087, 5622.274888480581,0.00011123297208160203
              0.0005541881641592777,             -9.578610258525594e-05,                     -0.05448614679988179,                   -0.0022544767068728927,           2.2505569209067935,                  0.5629486100810204,              2.8066041208913033,5621.7873682736345,0.46085745792040234, 5622.248225731555,0.00010842940909770062
              0.0007315680744867261,              9.882648741794951e-05,                    -0.051631232437365296,                    -0.003555696040322883,           2.2069313922315423,                  0.5688202560548494,              2.8412633310137823,  5621.76093347467, 0.4680010248913195, 5622.228934499562,0.00010560065299154203
              0.0005439357454259578,              0.0009575753448662191,                     -0.05256764778363513,                    -0.003952894305243382,            2.227128581644055,                  0.5660529838190111,                2.82198970088142, 5621.750507662326,0.46445418310937053, 5622.214961845435,0.00010450539977316591
              0.0005915533249416955,              0.0004491038247845901,                      -0.0537030919255523,                     -0.00504852162888041,           2.2203558660335063,                  0.5672263257162977,              2.8232051063121926, 5621.885967406729, 0.4665452619348696, 5622.352512668664,0.00011966527700051617
              0.0009067105762455905,              0.0009070894815599099,                    -0.053234608073052074,                    -0.002606706634276605,            2.236450147170792,                  0.5646026597009066,              2.8173057503784564, 5621.860170920611, 0.4629280821356574, 5622.323099002747,0.00011661780931762308
              0.0010368819945783163,             0.00037060717260005313,                       -0.052490249986281,                    -0.001807924181511041,           2.2255048087786844,                   0.565953736560407,              2.8335948381462455, 5621.761333232608, 0.4646679644989956,5622.2260011971075,0.00010564287612977625
              0.0009758995880004287,               0.000148317798177908,                     -0.05152863183273862,                   -0.0041355560421039595,           2.2225592964592886,                  0.5665731012212417,               2.828193327150551, 5621.708246142799, 0.4647832922662169,5622.1730294350655,0.00010018086707009616
              0.0005560659670022298,              4.174883277845949e-06,                     -0.05214166555444736,                   -0.0024590117151415836,           2.2130975604903065,                  0.5680037125133817,              2.8387526680311685, 5621.856110352412, 0.4669948581452671, 5622.323105210557,0.00011614523485931797
              0.0009272299525544398,              8.618053030479233e-05,                    -0.053096614077497495,                   -0.0020435006123769254,           2.2191815361823406,                  0.5668768026455978,              2.8401589719832847,  5621.78943124467,0.46630710206351084, 5622.255738346733,0.00010865332671640377
              0.0007516036899613945,             4.7231922212947984e-05,                     -0.05295325566004513,                   -0.0020612618488934057,           2.2030857616598643,                  0.5694858351228951,               2.832912962742644, 5621.909145001946, 0.4695135891673098, 5622.378658591113, 0.0001224712222723151
              0.0009835380352974862,              0.0002462753817753454,                      -0.0546963041422167,                    -0.002627131215535633,           2.2407478502132885,                  0.5639182082144003,              2.8231768002154984, 5621.834893258544,0.46294410634674305, 5622.297837364891, 0.0001137069288619794
              0.0004526318166785953,              0.0004951119250280029,                     -0.05469976194103469,                   -0.0017358068225260934,            2.207647612344708,                  0.5687148250435505,               2.831352079618137, 5621.787642394102, 0.4696126596235375, 5622.257255053725, 0.0001084591358921463
              0.0005249409800635897,              0.0007882675434766029,                     -0.05504646953935769,                   -0.0025245880765495526,            2.237142154234524,                  0.5647276471071617,              2.8116396851846295, 5621.739737993079,  0.463873220432202, 5622.203611213511, 0.0001033859500547217
              0.0008558632464336612,              0.0004876258949559602,                    -0.052649830137542715,                    -0.003152795735062104,           2.2128342784706283,                  0.5684139138717195,              2.8403216083543965, 5621.860040800745, 0.4673697628202472,5622.3274105635655,0.00011660263601106236
              0.0009602615248280943,             0.00041258180738011933,                      -0.0523974161369628,                   -0.0024373115791533556,            2.262736021296297,                  0.5614378357944357,               2.802164917196099,5621.8663854823535, 0.4572346363904668, 5622.323620118744,0.00011734479450128748
              0.0008916300618344299,              0.0001643010050113878,                     -0.05283197598343947,                   -0.0010472487448639361,           2.2437310707535305,                  0.5641029210463379,              2.8070759644415304, 5621.798100914455,  0.461203635784415,  5622.25930455024,0.00010959941037067346
              0.0009051631463849789,             0.00044520330556560854,                     -0.05417891196379386,                   -0.0027218799178286347,             2.24511256564999,                  0.5644679291885357,              2.7967412744831806, 5621.739717636525,0.46176630220705056, 5622.201483938732,0.00010338384549445094
              0.0005219374593420316,             0.00042817613829090266,                     -0.05225758623142455,                   -0.0026337844117740312,            2.192326508014777,                   0.570735696469134,               2.845911048578569, 5621.809454107766, 0.4713489243312505,5622.2808030320975,0.00011085080387809754
              0.0005624492575006571,              0.0002665060684682201,                     -0.05415010073504251,                   -0.0033496615011468964,           2.2244261241153196,                  0.5671358848097627,               2.830167471387588,5621.7979523983395, 0.4659088243525239, 5622.263861222692,0.00010958313430063384
              0.0006241766051977059,              0.0005422140276161517,                     -0.05571864605030226,                    -0.003088775237723563,           2.2107686171911536,                  0.5684951753221397,              2.8307395886677718, 5621.748201285245, 0.4696357692055871, 5622.217837054451, 0.0001042646486524988
               0.000589350512800823,               0.000198819242326207,                     -0.05484400635261855,                     -0.00227268651047551,              2.2297240336945,                  0.5659811326356419,              2.8106690713476477, 5621.820065390371,0.46522719973565935, 5622.285292590107, 0.0001120333360807483
              0.0005681085665396805,                0.00028362306909894,                     -0.05358032756182284,                    -0.001692786574597669,           2.2193095145071915,                  0.5666340373806512,                2.83734018572114, 5621.893316511007,0.46655793196039647, 5622.359874442967,0.00012054794905137039
              0.0007174552587293123,             -8.621900461211322e-05,                     -0.05451280190083649,                   -0.0017657042689583281,            2.216267304868311,                  0.5676940671238039,               2.829304654096565, 5621.903613267398, 0.4677384744917916,  5622.37135174189,0.00012179561434562718
              0.0004495150844913107,              0.0002979621396954048,                     -0.05384405856655717,                    -0.004280539407190524,            2.229951874918793,                  0.5655009193124532,              2.8152631976767264, 5621.844460131484,0.46465015153819733, 5622.309110283022,0.00011479996875297996
              0.0007762182642081602,               0.000266628830178392,                     -0.05491782649626726,                    -0.002770801882172674,           2.2172436302403518,                  0.5679045019381389,                2.81713238317806, 5621.767223382673, 0.4678121986947934, 5622.235035581368,0.00010626696470684707
              0.0008582921810341153,              0.0007702043856592659,                    -0.054305970255330537,                    -0.001717470294893357,           2.2219839317994765,                  0.5672430656496782,               2.816974932930793, 5621.740266456742,0.46645613670684144, 5622.206722593449,0.00010344060021159891
             0.00044645463378365543,             1.3286588276787209e-05,                     -0.05377156881934236,                     -0.00432326829665301,            2.209585523790537,                  0.5684751934485192,               2.837587199542388, 5621.864532000167,0.46874174249884787, 5622.333273742665, 0.0001171274994534517
              0.0007391949223020523,               0.000153748120938278,                     -0.05572806385139599,                   -0.0033772371904590027,           2.2238622088128475,                  0.5667819828733826,              2.8233445222734126,  5621.82804321221,0.46698810806091723, 5622.295031320271,0.00011293069279258601
             0.00044092387556259776,            -0.00010160933680864931,                     -0.05361408394761212,                   -0.0023747758238702355,           2.2390619806263845,                  0.5646635643596208,              2.8081911711665493, 5621.862235496434,0.46261734166128116, 5622.324852838095,0.00011685882433846757
              0.0006204702105170251,              0.0006579103423144131,                     -0.05454314591116899,                   -0.0019349935223189375,           2.2439634211057258,                  0.5636368097420139,               2.821509468984673, 5621.713389253719, 0.4621929339274637, 5622.175582187646, 0.0001006974356274785
              0.0011510066381425785,             -9.941325971354809e-05,                     -0.05379940143051277,                    -0.003647065204409239,           2.2136242865292397,                  0.5680905892801256,              2.8294170182727596, 5621.841082082021, 0.4679090188355856,5622.3089911008565,0.00011441282304698007
               0.000995455715370665,             5.2956580905931965e-05,                     -0.05390380220284734,                    -0.002344828655449917,            2.212802739219931,                  0.5678307710594974,              2.8431800584536395, 5621.826162601405, 0.4680939641078095, 5622.294256565512,0.00011271851368713807
              0.0002986224153743511,              0.0006403228623988168,                    -0.053991565318675536,                   -0.0029273426852766933,           2.2173608502416498,                  0.5670404939122018,               2.839630374269708, 5621.802480480302, 0.4672319063738236, 5622.269712386676,0.00011008046083232911
              0.0006363897110131411,              0.0008376769301852562,                     -0.05327395736697544,                    -0.004150510550749917,           2.2113665883616638,                  0.5680329994893084,              2.8397539244998935, 5621.807148523663,0.46807821254488907, 5622.275226736208,0.00011059552242638997
                0.00075899536467747,             0.00012551219457852952,                     -0.05371794350051833,                    -0.003448679682093543,           2.2435793347896205,                  0.5632743559049626,               2.812691165238805,5621.7898240600025,0.46181692395301904, 5622.251640983955,0.00010869601579301244
              0.0002821348796258912,              9.124781674341012e-05,                    -0.052054009616607756,                   -0.0030469140490006386,            2.218443960965505,                  0.5673377595469244,              2.8243613203116116, 5621.783626429255,0.46587190944530443,   5622.2494983387, 0.0001080244412584815
             0.00017692109513830129,              0.0007302012867035497,                     -0.05393944699418274,                    -0.002532259212250069,           2.2388403008249043,                  0.5648998919242079,              2.8084860383846344, 5621.777947285368, 0.4628622661635029, 5622.240809551532,0.00010741269365884521
              0.0005053637709391897,              0.0006655670968752266,                    -0.051455472424045405,                    -0.002519527583199076,           2.2464583696488254,                  0.5637821098604114,               2.806551519421353,  5621.71960344181, 0.4598935288533027, 5622.179496970663,0.00010132513673925758
             0.00028833288247257497,              0.0005673283861184609,                    -0.051585734528919854,                    -0.002754520013189735,            2.214659085333913,                  0.5679081310054294,               2.832785746873525,5621.7263834901905, 0.4663649898249603, 5622.192748480015, 0.0001020144602512413
              0.0008704908647222082,             -0.0001308986652984987,                    -0.052933067614983564,                    -0.003984899170555169,            2.230857655260541,                  0.5661159558920019,              2.8172724288459845,5621.9026001341845,0.46391678241322587, 5622.366516916598,0.00012167228165021949
             0.00038942625767448365,             0.00032484665885008354,                     -0.05283468004428651,                   -0.0023607358667817697,           2.2442449954665804,                  0.5633207921323659,              2.8151593154362793, 5621.874611301929,  0.461124893177254, 5622.335736195106,0.00011831403253232424
              0.0007372750375718818,              0.0008813199115105487,                      -0.0549326759945322,                   -0.0037360480695032795,            2.241158414072444,                  0.5643397117406278,               2.810402556471286,  5621.73079962371,0.46304713864496666, 5622.193846762355,0.00010246596594952745
              0.0008361341473066254,              0.0005790824203909395,                     -0.05438444689164149,                   -0.0015530190671201964,            2.215786513170491,                   0.567207589835444,               2.840197179973881, 5621.709846663487,0.46775765178518564, 5622.177604315272,0.00010034133700385652
              0.0004985520222257678,             0.00018571019204484068,                     -0.05521565276628571,                    -0.003496956463680143,            2.218848314658293,                  0.5670525127403637,              2.8364412170215045, 5621.809690286966,0.46769136658734045, 5622.277381653553, 0.0001108769876241188
              0.0006936449361525179,              5.093214336939264e-06,                     -0.05205324818355354,                      -0.0043058466253089,            2.225970209687839,                  0.5664189190512585,              2.8178322673799165,  5621.78852950731,0.46440098895789306, 5622.252930496268,0.00010855539411384591
             0.00013836369114280384,              0.0005058900141762329,                    -0.053935886133986526,                    -0.002125789067014233,            2.224947034176907,                  0.5662208872175375,               2.822435657014257,5621.8001627270205, 0.4656370894363755, 5622.265799816457, 0.0001098256169297689
              0.0008932221029679022,              0.0005088874393700634,                    -0.053660672846384684,                   -0.0038238061043314965,            2.216827863926942,                  0.5681005147075173,               2.834221989455397, 5621.841920158601,0.46717916074953986, 5622.309099319351,0.00011450874994589007
             0.00043246114836157046,             0.00015115874780634428,                     -0.05393075940384864,                   -0.0010566423343481767,            2.233446650959319,                  0.5652019090550573,               2.817923910955755, 5621.808848324727,0.46390432709136353, 5622.272752651818,0.00011078367267670165
              0.0006398472457621166,             0.00034515405153591965,                      -0.0535767520825947,                   -0.0023963306828605215,            2.240481364414456,                  0.5641881524758361,               2.827746543931224, 5621.807374718524,0.46231454185064763, 5622.269689260375,0.00011062054139470563
             0.00039204898537670746,              6.264842345141175e-05,                     -0.05398741547221917,                    -0.002151605441335241,            2.251098878381854,                  0.5626761864738636,              2.8142109307843457, 5621.730057857423,0.46044653279956305,5622.1905043902225,0.00010238998833278266
              0.0002596627558042518,              0.0006275431366848486,                     -0.05299596240838374,                   -0.0035927916951600455,            2.261061308592662,                  0.5617440607243896,              2.7958748008228334, 5621.710325633179,0.45794763589084614, 5622.168273269071,0.00010038940897475246
              0.0004982049030743514,              0.0005694771964429376,                    -0.054592003878669554,                    -0.002929055435406572,           2.2304605162550146,                  0.5666035496937263,              2.8163063912498743,5621.7494493572785, 0.4649459003648318, 5622.214395257643,0.00010439485968402299
               0.000779528412252329,             0.00034320022418525797,                     -0.05245381576090664,                    -0.004868946632444668,           2.2563767437607627,                  0.5621433804956174,              2.8035576852874273, 5621.726109581321, 0.4586097053928223,5622.1847192867135,0.00010198652141228066
              0.0009285662032322163,              9.840702300937955e-05,                    -0.054559427620264195,                     -0.00431287437472849,           2.2034173694134327,                  0.5697069461021949,              2.8379587287838763, 5621.709311370427,0.47048605903643004, 5622.179797429463, 0.0001002876393557747
               0.001058885961999285,             -2.369292037139624e-05,                     -0.05359817773531592,                   -0.0030225966171560066,            2.220045132294098,                  0.5668224712645415,              2.8375703735800144, 5621.858823654752, 0.4664580849726506, 5622.325281739725, 0.0001164607999149969
              0.0009385025677306738,            -0.00021274486251873616,                     -0.05339098797197992,                   -0.0017597580142610372,           2.2268240474858705,                  0.5663615797365574,              2.8278991984166986,  5621.68664958485,0.46492905831140646, 5622.151578643161, 9.804050063319716e-05
             0.00030686429144163407,             2.0366910749437083e-05,                     -0.05319494168337505,                   -0.0021279538267458546,           2.2501286031580343,                   0.563319940795364,               2.798844304315695,  5621.63024781271, 0.4601652905183291,5622.0904131032285, 9.266389300044821e-05
              0.0007360484954103572,             0.00029866212291768313,                    -0.052923169210555426,                   -0.0008637895423229727,           2.2088198673614037,                  0.5686203896203718,              2.8378175313541636,  5621.80231733239, 0.4682984384326874, 5622.270615770823,0.00011006250289996091
              0.0006751560031794127,             0.00017467909440972145,                     -0.05465945307324196,                   -0.0015293132627711432,           2.2010446025833934,                  0.5699119506038683,               2.841109742857534, 5621.792819611492,0.47094351309414134, 5622.263763124586,0.00010902210847485823
              0.0002889472776729149,              0.0004909531394345582,                      -0.0523895686543933,                   -0.0032179718735057604,            2.246556609326081,                  0.5641583222679257,               2.806316908554596, 5621.834951010086, 0.4604331449822136, 5622.295384155068,0.00011371349580208596
              0.0011890682205079985,              0.0004923172955572767,                     -0.05443251133359116,                   -0.0035835868640171978,           2.2510347409650078,                  0.5633243413458998,               2.808134716743215,  5621.77293426976,0.46078123759071865, 5622.233715507351,0.00010687557955457195
              0.0011536194103456052,             0.00027670525490174243,                     -0.05354171023545124,                    -0.004334572992756477,           2.2468657109430654,                  0.5631714858775678,               2.814144586134389, 5621.786148851546,0.46110281948078824, 5622.247251671027, 0.0001082972684652278
              0.0008690539120992391,              0.0007975214043996999,                    -0.053092216910569055,                    -0.002745080955892825,            2.243099754683763,                  0.5635242363847146,              2.8217442883209642, 5621.718680788569,0.46152115022408907, 5622.180201938793,0.00010123169188866589
              0.0008954114378199346,              0.0002913113317574831,                     -0.05253609510421956,                   -0.0036045372506265856,           2.1901476375479656,                  0.5711270471171438,              2.8437844557641903, 5621.712835200312,0.47200089381620786,5622.1848360941285,0.00010064165932318259
             0.00037237215420294625,             0.00024386051068939937,                    -0.052648971916063894,                    -0.003820554194980567,           2.2233263217150445,                  0.5661042356762209,                2.83052280901338, 5621.883220982717, 0.4652582475885284, 5622.348479230305,0.00011933707630579061
               0.001027445804698412,              0.0003789935577471703,                    -0.053119067935064455,                    -0.001905804281815287,            2.239791112485915,                  0.5638903502818965,                2.81866316958999, 5621.837878755468,0.46217279932437494, 5622.300051554793,0.00011404690779888333
              0.0005457109440450271,             4.6040764327925434e-05,                    -0.051966299897364045,                    -0.003238294103482333,           2.2659065552576467,                  0.5609040848274174,               2.792727938286694, 5621.481039403295, 0.4563871479655279, 5621.937426551261, 7.981971136253514e-05
              0.0005839676466143202,                0.00067673375633907,                    -0.054478850133092956,                   -0.0013361267997380648,           2.2057718427824025,                  0.5687287070926125,               2.838061283549937,  5621.65613642551, 0.4698589862780102, 5622.125995411789, 9.509415496975488e-05
               0.001102744901263486,              0.0004462245812062772,                     -0.05377454335206124,                    -0.002383044490910269,           2.2421796660874596,                  0.5648046411867289,               2.801327717963698, 5621.805078442325,0.46209900947541693,   5622.2671774518,0.00011036681749987721
              0.0006324849498914966,              0.0006104925377098898,                      -0.0536113954570373,                     -0.00523349700853366,            2.224473201753479,                  0.5665116199076355,               2.831661216287946, 5621.605538446413, 0.4656687709672079, 5622.071207217381, 9.040228346323805e-05
              0.0004948426245568601,              0.0001304468287239503,                    -0.055090323525167476,                    -0.003115334417508854,           2.2290508143038346,                  0.5653836394649627,              2.8225203506798744, 5621.734051108373,0.46553761810534544, 5622.199588726478,0.00010279967469677332
              0.0008153524036261026,              4.197513190748291e-06,                    -0.055408110254098177,                    -0.003249601652296623,           2.2336311629616805,                  0.5654200807690224,              2.8106750290054876, 5621.659502912744, 0.4648197312703097, 5622.124322644014,  9.54148276959061e-05
              0.0004691128029481095,              0.0006802289502712194,                    -0.054210475485116115,                   -0.0032073519709368025,            2.233631270458367,                  0.5655284937117684,              2.8080280776515423, 5621.918156140729, 0.4640889437642844, 5622.382245084493,0.00012357981479208985
             0.00045837971618694815,            -0.00010810140042159852,                     -0.05310223692912662,                   -0.0024861389450836473,            2.216724637279334,                  0.5671926449336953,               2.834858130918451, 5621.876638376431, 0.4668174121789658,  5622.34345578861,0.00011855410713331782
              0.0010328101463206898,             0.00018295881496197683,                     -0.05188690997001855,                   -0.0034829472848798043,            2.251940124933998,                  0.5626352470675575,              2.8032304683441005, 5621.706749155695,0.45909199849702476, 5622.165841154192,0.00010003100979925469
              0.0006195649957495601,             0.00031163738968887494,                    -0.054043481806833014,                   -0.0029234383027398254,            2.241061924955391,                  0.5635279740132579,               2.826092741890826, 5621.695024809853,0.46249328389555766, 5622.157518093748, 9.886506000067317e-05
              0.0006516110555600724,              0.0002541789662712808,                     -0.05355800189934901,                    -0.002641638814936144,            2.264370658025114,                  0.5609728918416622,              2.8053168799429784, 5621.881557943745, 0.4576011835869814, 5622.339159127332,0.00011913877903085741
              0.0006045527161918123,              0.0008435121952497924,                     -0.05335147613893592,                   -0.0046553808312661885,            2.236144443799308,                  0.5652059598116931,               2.815375280037135, 5621.805763525036, 0.4631379115057818,5622.2689014365415, 0.0001104424538040452
              0.0002903521258053932,               0.000874057522622613,                     -0.05441886622196639,                   -0.0028562335503465597,           2.2323958908496664,                  0.5651959154020467,              2.8194640762380594,  5621.71964376667,0.46445155061189636, 5622.184095317281,0.00010132922274355204
              0.0003769832501498518,              0.0006420520332262466,                     -0.05475671111294446,                    -0.004161368350006198,            2.222181691748495,                  0.5667144420029264,              2.8315178995158066, 5621.808244234933, 0.4667647006019317, 5622.275008935535,0.00011071676960053602
              0.0005564537241756135,              0.0005233227001680044,                     -0.05314497698957047,                   -0.0036555397432158697,           2.2709845394160673,                  0.5603919278075905,              2.7933542028333074, 5621.858578664129, 0.4561061801784063,5622.3146848443075,0.00011643227160576407
              0.0005175256038150456,              0.0006922129810838086,                    -0.053641458444989513,                   -0.0012999401058727247,            2.220194867018377,                  0.5674559116407069,               2.831129637121439, 5621.784636329544,0.46641004153187093, 5622.251046371076,0.00010813359027849862
              0.0006131104503943053,              0.0005711103122552041,                    -0.053067124836982754,                   -0.0030881746519044427,            2.196866164491354,                  0.5697248222401943,              2.8441911062250727, 5621.826424244787,0.47089585726538175, 5622.297320102052,0.00011274800959882641
              0.0006981748891329203,              0.0008409703696132977,                     -0.05441436977622848,                    -0.004598635967337953,             2.22518715093936,                  0.5663851099304271,               2.826740991955802, 5621.738621255343,0.46597410065284195,5622.2045953559955,0.00010327055950539715
              0.0010625736366546058,            -0.00011489036035175297,                    -0.053946206593549234,                    -0.004410600558749173,           2.2198525116816437,                  0.5670318727182403,               2.832105735167702, 5621.699882437593, 0.4667625390104478,5622.1666449766035, 9.934647798672288e-05
              0.0008444995931832698,              0.0004913374849958653,                     -0.05587731090409005,                    -0.002717730923498315,            2.206412982095761,                  0.5688414212317932,                2.83588601910062, 5621.586000054058, 0.4706166123017278, 5622.056616666359, 8.865311182496691e-05
              0.0003713141719797299,              0.0006146129194845019,                    -0.053228421059514176,                    -0.004276950896601562,             2.20333264053067,                  0.5691014006394107,              2.8411111516870786, 5621.790837572653,0.46970278249326336, 5622.260540355146,0.00010880623642563325
               0.001183225530791856,              0.0003486413534317031,                     -0.05433031560443169,                   -0.0037268364482326895,           2.2137198001873344,                  0.5684880358414373,               2.821595149448626,  5621.64489410364, 0.4682127648362919, 5622.113106868476, 9.403106288026603e-05
             0.00046365918362817934,             0.00014099100582137095,                     -0.05470516582505495,                   -0.0034126220644959122,            2.217216708074798,                  0.5670567755739703,               2.836246742319217, 5621.919588955085, 0.4677077716751159,  5622.38729672676,0.00012375700863747927
              0.0006675139374535451,              0.0006949191158061493,                    -0.053270693653865435,                    -0.004847696364356576,            2.225791342787352,                  0.5663938093006142,               2.816279473348877, 5621.717961343125,0.46517949786350793, 5622.183140840989,0.00010115888740173773
              0.0008691543529660393,              0.0005739978070751631,                    -0.054488543722040664,                   -0.0028342093697116977,           2.2344547116376443,                  0.5645854388181302,              2.8273310098563984, 5621.864180188303, 0.4640815874179806, 5622.328261775721,0.00011708629985724908
              0.0008146736469673791,              0.0005450298581724887,                     -0.05242573726266787,                   -0.0023676147205054844,           2.2144909732150224,                  0.5682894886490576,              2.8195146026145848, 5621.826285836103, 0.4668767341140641, 5622.293162570217, 0.0001127324053751446
              0.0003891357390353825,              0.0003401405429470943,                     -0.05155419302969929,                    -0.002753386052732951,            2.220368752148872,                  0.5671490525289549,               2.831175676140594, 5621.855932196186, 0.4651849914192887, 5622.321117187605,0.00011612454470570715
              0.0010995124693849174,             0.00035049886538729365,                     -0.05387948554420532,                    -0.004176637023078745,           2.2448510850787793,                  0.5638163269740935,               2.818960943862673,  5621.80630409422, 0.4616959304016393, 5622.268000024621,0.00011050217173051546
             0.00027527652990689443,              0.0008812372151877985,                    -0.054479422343777645,                    -0.003527506507805761,            2.218947756254542,                  0.5676312490509555,               2.828559976200058, 5621.620290759805,0.46722685295008864, 5622.087517612756, 9.174581199117441e-05
              0.0006138760293512462,             0.00027330792805252885,                    -0.054067228061812016,                   -0.0007167873855514619,           2.2423875074906157,                  0.5644487354320996,               2.804668864008902, 5621.593375891305, 0.4621989763241631,  5622.05557486763, 8.930942018565706e-05
              0.0004968901519928917,              8.251264994197926e-05,                    -0.053645500084682794,                   -0.0013478831674704806,           2.2090529521091553,                  0.5687480503733612,              2.8374725899238715, 5621.863311649729,0.46868217617201385, 5622.331993825901,0.00011698465003915052
               0.000993920294402707,            -0.00011176899922114433,                     -0.05278974391406415,                    -0.003933964486678353,           2.2098669417570687,                  0.5685480049006925,               2.838080617485808, 5621.783621557488, 0.4680894520620202,  5622.25171100955,0.00010802391498990094
             0.00020959847377480383,              0.0004685693923106932,                     -0.05353480422248646,                   -0.0029368538137305067,           2.2395699395705804,                  0.5640123780935999,              2.8204975058738704, 5621.865360925469, 0.4624857641741419, 5622.327846689643,0.00011722462965257546
              0.0009936857494668833,            -2.9396289574606082e-05,                    -0.054160501523513996,                    -0.003117008421749164,            2.207285922926199,                  0.5684065947801701,               2.834915712926362,  5621.74290853787, 0.4694009783159179, 5622.212309516186,0.00010371426002583229
               0.000664845351977997,               0.000662597635711606,                     -0.05289677022536842,                   -0.0011162882123565124,            2.211535396807777,                  0.5682595451906166,               2.827594281510729, 5621.702921254878,  0.467731181077547, 5622.170652435955, 9.964883294925428e-05
              0.0005516096630664862,              0.0006268786569588787,                     -0.05412917166954194,                   -0.0041602018501074685,           2.2237638939254443,                  0.5674035188401176,                2.81905067973402, 5621.750929058204, 0.4660656487733039, 5622.216994706977,0.00010454944719793189
              0.0004706057453818971,             -8.887808194660743e-05,                     -0.05443625848746424,                    -0.002568419964229704,            2.242287151272639,                  0.5644677042019403,              2.8067855559176733,  5621.85035361194, 0.4624739461172735, 5622.312827558057,0.00011547853772755703
              0.0009367260815525757,              0.0003160240285319291,                    -0.055708997853603406,                    -0.002574299999462005,           2.2149089760048146,                  0.5677847004716943,              2.8296550181267506, 5621.775615099151, 0.4687696931929923, 5622.244384792344,0.00010716247914197232
              0.0011280785696451243,              0.0003042640041141551,                      -0.0531650800574488,                    -0.003990651927136856,           2.2172272137506894,                  0.5681331693267473,              2.8282656829968067, 5621.787846756729,0.46681274668375033, 5622.254659503413,0.00010848130315111449
             0.00022007551581797007,              4.275645428345423e-05,                    -0.053573818466757656,                    -0.002880496764497501,            2.210478541701843,                  0.5687482225935153,              2.8341126565292525,5621.8210127046605, 0.4683824047559101, 5622.289395109417,0.00011213951714635045
              0.0005458643809934346,             0.00040226401740070045,                     -0.05358328320614017,                   -0.0055653152539773786,            2.235586516303666,                   0.565150585360553,              2.8140702279917216, 5621.619980079406, 0.4634354682396164, 5622.083415547645, 9.171731279293393e-05
               0.000963467596554535,              0.0007144600665824474,                     -0.05450950609573116,                    -0.004820344868497185,            2.227729369700812,                   0.566006690442341,               2.825117081265141, 5621.662905551968,0.46553178562854064, 5622.128437337597, 9.574004291243163e-05
              0.0007267419435229215,              0.0006297189168790307,                     -0.05237649622072851,                   -0.0028464909305898536,           2.1940372690277234,                  0.5708151396344119,               2.850357767680779, 5621.711625955314, 0.4710714639124828, 5622.182697419226,0.00010052003245323062
              0.0011617580553125416,              5.473357668099634e-05,                     -0.05368162835077996,                    -0.003762763256213833,            2.238709686559485,                  0.5646574392079691,               2.820833597817175, 5621.909805094032,0.46278158984580536, 5622.372586683878,0.00012255209124445215
              0.0007829742059753702,             0.00046446275176596964,                     -0.05399943910053777,                    -0.004017111268223981,           2.2045233637821315,                    0.56985880519989,              2.8355745348918378, 5621.844000731613,0.46990671165328435,5622.3139074432665, 0.0001147472417744511
              0.0005849184951507561,              4.147159029203111e-05,                     -0.05385255630164925,                   -0.0032290124605002146,            2.232961309200534,                  0.5645251083731414,              2.8286105497740097, 5621.626529129441,  0.464007283558487, 5622.090536412999, 9.231994524467284e-05
              0.0006606641317317986,              0.0002078051148518991,                    -0.053197947050199396,                   -0.0020435282144580487,           2.2056911091535096,                  0.5698243998980688,              2.8316412787540584, 5621.805408034166,0.46912084634202633, 5622.274528880508,0.00011040319949775799
              0.0010951276259713871,              0.0007221268701921046,                     -0.05375332792814447,                    -0.003854776450037274,            2.219269240195479,                  0.5670606740963245,               2.833203197887374, 5621.904980569454, 0.4667432208513619, 5622.371723790306,0.00012196225964077077
              0.0006570961889305199,              0.0008316552063811624,                     -0.05376294809582148,                   -0.0012128203269776688,            2.233318928320784,                   0.565306658232382,              2.8227051697702787, 5621.773040735531,0.46383657626004826, 5622.236877311791,0.00010688695875127005
              0.0003807933295932883,             0.00030863375464757034,                    -0.053535512759419375,                   -0.0036489536252704157,           2.2139473392115994,                  0.5686305944793985,              2.8310282133616695, 5621.846960880868,0.46767973928116624,5622.3146406201495,0.00011508741396855875
              0.0011736192996658424,             -5.897776003462272e-05,                    -0.054131142159173765,                   -0.0026093379128395554,           2.2316814345749414,                  0.5653979377456859,               2.815577206241307, 5621.780460832611,0.46441690659430146, 5622.244877739206,0.00010768302013574984
              0.0006773639998299208,              0.0008064428367025767,                    -0.053587760947875956,                    -0.004275200354860004,            2.245296240299572,                  0.5634299741466634,               2.813380798856662,   5621.8475425817, 0.4614368321698656,  5622.30897941387,  0.000115154379888124
              6.515854152681501e-05,             0.00021227446271509785,                    -0.052810720934256226,                   -0.0031498979273127535,           2.2256717264813326,                  0.5666648719945225,               2.817293796058065, 5621.695217544951,0.46485224361413885, 5622.160069788566, 9.888411660414046e-05
                  0.000823464522408,              0.0006697165089885948,                     -0.05300785545727903,                    -0.004636954024459888,           2.2533286823668335,                  0.5629675609998591,               2.806476015535101, 5621.769004824797, 0.4595237910039276, 5622.228528615801, 0.0001064564418753078
              0.0010875610151009146,             0.00029203928228747347,                     -0.05405038883291679,                   -0.0015504023950826528,           2.2443713885033145,                  0.5642375983205625,              2.8082783351825915, 5621.921524592643,  0.461809703683618, 5622.383334296327, 0.0001239967893409583
             0.00029096362637518277,             0.00020949323194111244,                     -0.05282427314074486,                    -0.004019780540126994,           2.2109281725074634,                  0.5687500467667647,               2.831172143467244, 5621.834784124263, 0.4678914558086093, 5622.302675580072,0.00011369452021516469
              0.0002742898035907944,             0.00046555686354520973,                     -0.05287139895567075,                   -0.0025234809169680924,           2.2176053279547663,                  0.5675632019023803,              2.8394001256520225, 5621.702430990393, 0.4665037828693887, 5622.168934773262,  9.95999906392857e-05
              0.0008197287570558785,              0.0006607340726995566,                    -0.054740858176121406,                   -0.0015308955207847543,           2.2038212807512068,                  0.5690457035469545,              2.8370666455096636,  5621.61177883753,0.47042404559335665,5622.0822028831235,  9.09681929817917e-05
              0.0005717401033866745,             0.00034170566553404935,                     -0.05241285291972231,                   -0.0032397978326508944,           2.1975547229359185,                  0.5697161487107788,               2.845786435828008, 5621.883271201304, 0.4703737230909447, 5622.353644924395,0.00011934306939558382
              8.159869742283185e-05,              0.0002766622416667557,                     -0.05282819854642004,                    -0.002662666810786432,            2.223079570845934,                  0.5666133102010814,              2.8340009181702275,  5621.64574311449,  0.465370851395375, 5622.111113965885, 9.411093017221675e-05
              0.0007113022704660257,              0.0003099971485916988,                     -0.05393886702630185,                   -0.0038594100157388496,            2.232559161046469,                  0.5663767570311931,              2.8114179294279653, 5621.821674432279,0.46416589767102484,  5622.28584032995, 0.0001122137475194107
               0.000612042914772135,              0.0008660983986283826,                     -0.05241487401993596,                       -0.003033816357755,           2.2322189578754106,                  0.5650635609588633,               2.823155251109479, 5621.848692705399,0.46330499226141797,  5622.31199769766, 0.0001152868978609594
              0.0003299241874417439,             0.00046597727874279275,                    -0.054857083854028564,                    -0.002854936785854264,            2.244107876198026,                  0.5646310280106297,              2.8085486207183017, 5621.668386382797, 0.4623768004983484, 5622.130763183295, 9.626621851372243e-05
              0.0007628224507159752,              0.0006576893561451139,                     -0.05213762697587338,                   -0.0044191536900019006,            2.220126652854933,                  0.5674240495745198,              2.8174792775355932, 5621.594187988946,0.46564072844964904, 5622.059828717395,  8.93819776129653e-05
               0.000776939753464914,              0.0005801730747601717,                     -0.05210231450928086,                    -0.003898705359383529,           2.2326455516759594,                  0.5649721659911465,              2.8142176622086765, 5621.628586932144, 0.4630701927846514, 5622.091657124928, 9.251011707843532e-05
              0.0004891236379412683,             0.00036999105149553214,                     -0.05358859027988338,                   -0.0030545953333607867,           2.2438662756871794,                  0.5633525540090024,              2.8102735260391194, 5621.895590922918, 0.4616673768136388, 5622.357258299731,0.00012082243677334091
              0.0009645812393582827,              0.0005023039199799947,                     -0.05550406932100658,                   -0.0023347157423072315,           2.2365813866872792,                  0.5649167369713798,               2.816686072806035, 5621.848415033111, 0.4642628002052968, 5622.312677833317,0.00011525489032830048
             0.00047278873872235746,            -1.3077741066240423e-06,                     -0.05398788348138122,                    -0.003188730558365095,           2.2089465668129735,                  0.5687751617785682,              2.8271431479033815, 5621.870582674606,0.46895493853278913, 5622.339537613139,0.00011783834820902365
             0.00034743796865037625,             0.00028246410133161417,                    -0.053055808081775284,                   -0.0031644347064336983,            2.233787260382654,                  0.5645504429145571,              2.8296063431277236,5621.7042013497685, 0.4633653875240376, 5622.167566737293, 9.977647459045499e-05
              0.0002000378393163461,              0.0009246404143127144,                     -0.05383312796529119,                    -0.003331549965430006,           2.2228921952612315,                  0.5669029264999588,              2.8267042710582615,  5621.69431290816, 0.4660310372762848, 5622.160343945437, 9.879470284376693e-05
              0.0003971741240011431,              0.0003819289717903564,                     -0.05266572938646635,                    -0.004434374910849365,           2.2101646779399995,                  0.5686135239511377,               2.829411338624257, 5621.854612161633, 0.4679752306417127, 5622.322587392275,0.00011597135742275092
               0.000702909371765823,              0.0004102113631957612,                     -0.05337960595342602,                    -0.001667204489581834,           2.2271055340462116,                  0.5665543986542857,               2.818199462805235,  5622.27593929706,0.46486232127734234, 5622.740801618337,0.00010652611559219648
              0.0008804032511306207,               5.53824544579543e-05,                     -0.05233256339666049,                   -0.0020131521835852887,           2.2131795526577824,                  0.5678887007233353,              2.8374549091086054, 5621.952776381843,0.46708044536933063, 5622.419856827212, 7.710955915221603e-05
              0.0007320744584313892,              0.0006964460119064375,                     -0.05296742351926091,                   -0.0036351617931983478,           2.2218870434956894,                  0.5669205769946934,              2.8336122923456237,5622.0801765136775,0.46573334685103895, 5622.545909860529, 8.758654484929613e-05
              0.0005835742342718914,              6.754677869227815e-05,                     -0.05365580514899122,                   -0.0024884661238106843,            2.237591011308257,                  0.5641735346588754,              2.8225897947856575,  5621.96295328012, 0.4629396572450711,5622.4258929373655, 7.789830196209867e-05
              0.0011011381585792422,              0.0003421237733239716,                    -0.052268053747265515,                   -0.0032779185634964642,           2.2243222969817764,                  0.5668796639389894,               2.826187901501317, 5622.028219993017, 0.4648197127413706, 5622.493039705759, 8.315205069011219e-05
               0.000502753412620111,               0.000384213252263924,                     -0.05454409326069787,                    -0.004103803326219845,           2.2313480584830923,                   0.565671483577444,               2.815615137975959,  5622.12595707004, 0.4647834632692644,  5622.59074053331, 9.168950696909266e-05
              0.0008155744775097669,              0.0006092669775335939,                     -0.05510386462486041,                   -0.0035923323807467156,            2.215074132280708,                  0.5681007071500151,              2.8259875124369547, 5621.928386754324, 0.4683986988236449,5622.3967854531475, 7.525163486549479e-05
             0.00045707205472260697,               0.000585824950484149,                     -0.05492388944381129,                   -0.0020672368623281413,           2.2423418614986037,                  0.5642276637604849,              2.8154275035131597, 5621.938088957854,0.46274821393583165,  5622.40083717179, 7.598529484709545e-05
              0.0009337593210968251,              0.0005039110428873495,                    -0.053120651584427435,                   -0.0033622229984044145,           2.2155958057988827,                  0.5675766049087929,               2.836906281995957, 5622.258719235564,0.46709160698655255,  5622.72581084255,0.00010470743318323264
              0.0005187865904197893,              0.0006999441583427869,                    -0.054249417290617705,                    -0.003749804875055436,            2.247648572168929,                  0.5633949988556692,              2.8049439990408276, 5621.986385990123, 0.4613417397990619, 5622.447727729922,  7.97452249773396e-05
              0.0005612360937103089,             0.00021277993332718313,                    -0.053475351081614594,                    -0.002236722708996287,           2.2338954252297185,                   0.565985122408103,              2.8068423572061283, 5621.940498646669, 0.4635650638828705, 5622.404063710552, 7.616861654758361e-05
              0.0004961045086304788,             0.00020861444597705596,                     -0.05363574085490734,                    -0.001457436759808631,            2.209633317251434,                  0.5685853500366758,              2.8297981541710477,5621.9545559249145, 0.4685593685091091,5622.4231152934235,  7.72469011006469e-05
               0.001022366472539231,              0.0004935520015262589,                     -0.05244403386507724,                   -0.0029858538944528543,            2.252566918554803,                  0.5628288281165584,              2.7994496334198837, 5621.942268853247,0.45927453682197544, 5622.401543390069,  7.63035701462608e-05
                 0.0009914641243719,              0.0006034749483272218,                     -0.05268185922593733,                    -0.002800711116220142,           2.2279911352135424,                  0.5667187440160152,                2.81823897597223, 5621.991248475151, 0.4643046502581171, 5622.455553125409, 8.013392920821649e-05
              0.0008392458484485674,             -4.422069048180182e-05,                    -0.052747002061109875,                     -0.00372244582138087,            2.228207237627164,                  0.5661969031625772,                2.81743998849372, 5622.125851731427, 0.4643291181832732,  5622.59018084961,  9.16798490322749e-05
              0.0008131684952220429,              0.0005213429422115904,                     -0.05450849461521887,                   -0.0032268313534414856,            2.198087505243653,                  0.5704366060537315,                2.83774774734305, 5621.954510840669,0.47151050560058694, 5622.426021346269,   7.7243418560909e-05
               0.000514808617180078,             0.00041460798544872517,                    -0.053753942476145344,                    -0.003842552098916687,            2.224303343395542,                  0.5661796172639327,              2.8224910499078524,5622.1405901388025,0.46571612540622187, 5622.606306264209, 9.304107047311507e-05
              0.0006803825285720789,             0.00035424329156460483,                      -0.0546755958563419,                    -0.002686398144309191,            2.214395456248618,                  0.5682290587001747,               2.827895848647752, 5622.256751436704, 0.4682417771432723,5622.7249932138475,0.00010450159260839819
              0.0004763313699936556,              0.0005087633669676115,                      -0.0521021627171846,                   -0.0025142595602618855,           2.2204488949611525,                  0.5671049832634865,              2.8283628638391765,5622.1882433669725, 0.4654785110739605, 5622.653721878047, 9.758211628349422e-05
              0.0006044717434770989,               0.000801502861128791,                    -0.053044325619732456,                   -0.0037079348111297415,            2.233420346845366,                  0.5658949934326973,              2.8168060843931704, 5621.950130076233, 0.4634573996626015, 5622.413587475896,  7.69057734517819e-05
              0.0007898784822472493,              0.0008269457964378412,                    -0.053430307528974326,                    -0.002832299305003845,           2.2490217483285173,                  0.5633627124925646,               2.805018501130661, 5622.078825763746, 0.4605495824454465, 5622.539375346191, 8.746831719580601e-05
              0.0007525629992256274,              0.0005897419078048037,                     -0.05348134533574194,                   -0.0017875363749917535,           2.2335533463849635,                  0.5653132799153802,               2.827366128354531, 5621.998435401281,0.46363021978237634, 5622.462065621064, 8.071192033987337e-05
              0.0005208987483898512,             0.00011065831383362015,                     -0.05406423608654365,                   -0.0023133302938902005,           2.2265229049429887,                  0.5665974480531374,              2.8172250196310236, 5622.205256315921, 0.4654006644933799, 5622.670656980415,  9.92564783790922e-05
              0.0012913500069082822,              0.0001712129527805186,                     -0.05328987403691901,                   -0.0028307195835751762,            2.219424000427276,                  0.5674495127285334,              2.8278281953899578, 5621.978213956764, 0.4663980240311963, 5622.444611980795, 7.909619987790645e-05
              0.0005456297059256958,              0.0005450092931291558,                     -0.05364925038188811,                   -0.0021548971970857794,            2.219351268681268,                  0.5676326157999875,               2.827687909152873, 5622.263973018593,0.46660145567985706,5622.7305744742725,0.00010525899093236793
               0.000672286168600415,              0.0002076740615944201,                     -0.05344611352212737,                   -0.0031715153771148872,           2.2225510468926712,                   0.566224258801817,              2.8283945979102034, 5622.206867085986, 0.4658614265091483, 5622.672728512495, 9.941648657682118e-05
              0.0007675478755405473,             0.00045708762085445694,                     -0.05289045227785124,                    -0.002254472274107244,           2.2335705442054015,                  0.5660782592893574,              2.8096104326967337, 5622.025046906341, 0.4632874220202426, 5622.488334328362, 8.288862019093281e-05
              0.0006065544255778272,             0.00029970015779406093,                     -0.05363447202384767,                   -0.0033556709719913835,            2.208312927774945,                  0.5684172568383051,               2.828849566296845,5621.9416618357845, 0.4688808999022694, 5622.410542735687, 7.625726660170234e-05
              0.0003301313295953913,              0.0005897542781953014,                    -0.053864208045383666,                    -0.003617485071771783,           2.2158989915181113,                  0.5675928845044685,              2.8304948155282403, 5622.157192325932,0.46747797421786613,  5622.62467030015, 9.459864956914614e-05
              0.0008359907171604964,              0.0005294486609919098,                     -0.05295077861444587,                    -0.002135780867829401,            2.253476530893752,                  0.5628284787162647,              2.8068553354189696,  5622.14457374539,0.45936614679461896, 5622.603939892184, 9.341244871560863e-05
              0.0008779416533870672,             0.00021859435291394252,                     -0.05249286721979176,                    -0.004450915301536612,           2.2436862211321023,                  0.5636975948686535,               2.813899219683698, 5621.976717091106, 0.4611180664195853, 5622.437835157526, 7.897789206018936e-05
              0.0006440892801668074,              0.0004503735485766054,                    -0.053759018558210823,                    -0.001933808881842799,           2.2062245293600897,                  0.5689287244506832,              2.8396738424441352, 5622.243059088592,0.46934296418639315, 5622.712402052779, 0.0001030804718667841
              0.0005832123917732961,             0.00020459301166474286,                     -0.05438819359590223,                   -0.0031552054496334146,            2.213756654299709,                  0.5678119097758123,                2.83988304387658, 5622.144970784492,0.46821201591090905, 5622.613182800403,  9.34495444741652e-05
             0.00031507051829964683,              0.0002527012525376798,                      -0.0528878602511018,                    -0.003374204181452471,           2.2358527616103556,                  0.5651456367764256,               2.819761772027925, 5622.181027495752,  0.462860388060778, 5622.643887883813, 9.688051069103417e-05
               0.000543573951042267,              0.0003620663521143925,                    -0.054383229096654905,                     -0.00291276469412895,           2.2282307467353917,                  0.5662810480300008,               2.821788465152892, 5622.406725818129, 0.4652668123532359, 5622.871992630483,  0.000121410418310406
              0.0010532004628952454,              0.0001983513540509961,                     -0.05304401245381583,                   -0.0031630744812907847,           2.2158080677127825,                  0.5682078403399071,               2.831574340449447, 5622.015526684114,0.46699607543663735,  5622.48252275955, 8.210324650443783e-05
               0.001036164345697562,               0.000493219158525682,                    -0.053352923395796704,                    -0.003954114440730758,           2.2264893041124085,                  0.5658201394539704,              2.8262079856508757, 5622.073698407087,0.46504582948235595,  5622.53874423657, 8.702098373632716e-05
              0.0004953380326635788,              0.0005203468921729434,                    -0.054061426054559394,                   -0.0023962369024372585,           2.2162748566094805,                  0.5676214130821173,              2.8222192549555833, 5622.054914124079,0.46747921704387646, 5622.522393341123, 8.540161391650738e-05
              0.0006123309409208108,              0.0007132162099047135,                    -0.054304175419909395,                    -0.004557185891463198,            2.229910854215693,                  0.5658913385257999,              2.8222013764701934, 5621.952656599689, 0.4649517260734066, 5622.417608325763, 7.710032335628823e-05
             0.00040859704349905437,              0.0003691426992812565,                    -0.054713830303915245,                    -0.002484619226375457,           2.2442894708400813,                   0.563939851527193,               2.817686695722532, 5621.951577845765,0.46224243025500394,5622.4138202760205, 7.701719592500494e-05
             0.00033400930704046284,              0.0003346318852025595,                     -0.05323702118540792,                    -0.002751352084952579,            2.227449588886399,                  0.5666784089029248,               2.824145678967521,  5622.03114454071, 0.4647326863400462, 5622.495877227049, 8.339558877388213e-05
              0.0007880027482812273,            -1.4316146440000445e-05,                     -0.05352737735619254,                    -0.002136570677358751,           2.2239467840277696,                   0.566944298432806,              2.8181184653756155, 5622.124454204242,0.46559752600794096,  5622.59005173025, 9.155181343838922e-05
              0.0003752801517622971,              0.0006408054585792228,                     -0.05367981297931364,                   -0.0028373079137415168,            2.209922516590414,                  0.5687903233136604,              2.8351137539530367,  5622.11477948153,0.46856079778329884, 5622.583340279313, 9.067034588208709e-05
              0.0008322358627362481,              0.0004233670882088488,                    -0.053964871011992765,                   -0.0026285876190629393,           2.2002155178601885,                  0.5698095457236396,              2.8374901628574127,5622.1747845345235,0.47072308949272784, 5622.645507624016, 9.627757343426131e-05
              0.0008113895026614076,              0.0003818991964970327,                     -0.05366645343775484,                   -0.0017756224932157993,           2.2133224805593765,                  0.5678324553215638,               2.830341607471845, 5622.203862564256,0.46783191796605794, 5622.671694482222,  9.91182358573312e-05
              0.0009754833435087075,              0.0004990462024534772,                     -0.05443634432242833,                   -0.0027958811171554876,           2.2237229228905453,                  0.5664308286572085,               2.835419376917992,5621.9733066495655, 0.4662092751394351, 5622.439515924705, 7.870900135493992e-05
              0.0005280357686345695,              0.0005253766189667703,                     -0.05202345547088854,                   -0.0040897636861351545,            2.225957720198132,                  0.5663669736408042,               2.817755856649355, 5621.931211090755,  0.464376614015404,  5622.39558770477, 7.546447121861489e-05
              0.0007417732554744519,             0.00044864832104050576,                    -0.052663514129810754,                    -0.002797345754363795,           2.2019539527476195,                   0.569105477733102,              2.8465335156883214, 5622.023620107271, 0.4695977834107151, 5622.493217890682,  8.27704391151017e-05
              0.0007315219204776856,              0.0004157775932894305,                     -0.05375355612799942,                   -0.0018184210711749836,             2.21650243476779,                  0.5674061337778782,              2.8282081579265235, 5622.253300358152, 0.4672360206005299,5622.7205363787525,0.00010414157099228375
              0.0007115173339356562,              0.0001900789061525012,                     -0.05306442309636134,                   -0.0023512188138263114,            2.223788145024349,                   0.567139758592749,               2.822669108862385, 5622.286991008023, 0.4653603662317276, 5622.752351374254,0.00010770994103058175
              0.0009021495127174657,               0.000380926493747449,                     -0.05382546850160714,                    -0.003156970679573269,            2.215120844908886,                  0.5679255525901193,              2.8260326390183748, 5622.377366150435, 0.4675987862652703,   5622.8449649367,0.00011789766769556588
               0.000759293422792996,             0.00030067234341554853,                     -0.05506009759972961,                   -0.0023247260382769125,           2.2111232600684185,                  0.5685370660403791,               2.829110442027793, 5622.045145379472, 0.4691348528684333, 5622.514280232341, 8.457140899315988e-05
             0.00045131913926690643,              0.0006737351324941323,                    -0.052775269075854954,                   -0.0020753818439234887,           2.2365219694645013,                  0.5648411520263688,              2.8134936252756866, 5622.082949511741,0.46262389244831426,  5622.54557340419,  8.78297592292345e-05
               0.001103194385527174,             0.00011016041479578835,                     -0.05465687694978357,                   -0.0037247537936465867,           2.2178466636243783,                  0.5672007705976654,               2.832533700652103, 5621.925031329408, 0.4675682273701069, 5622.392599556778, 7.499955680592643e-05
              0.0005609872090221082,              0.0005785852156817296,                     -0.05452086590106261,                    -0.004227970681371879,            2.223450460378867,                  0.5663512100590131,              2.8293308015926817, 5622.015146037321,0.46636836373338164,5622.4815144010545, 8.207200011425586e-05
             0.00042393682893720656,              0.0007297253881859243,                     -0.05332656143007896,                    -0.004025331540410501,            2.251689030556186,                  0.5628780263140767,               2.806732550728416, 5621.949236381057,  0.460003490542322, 5622.409239871599, 7.683707383585062e-05
              0.0008667855284299306,              0.0006369738171887776,                     -0.05274332779642713,                    -0.003366879438439088,           2.2276442417564235,                  0.5661669114024618,              2.8183654778487934, 5622.286491706765,0.46442888876023464, 5622.750920595526,0.00010765617474552145
              0.0004982802684429446,              0.0005966460499044851,                     -0.05330466158267921,                    -0.003440690686870591,           2.2319198966873555,                  0.5659849382369347,              2.8166000145432593, 5622.285749390283,0.46389936223986583, 5622.749648752523,0.00010757628944632025
              0.0003568903670874965,              0.0005461663280131465,                    -0.054798290310280294,                   -0.0033681675996091814,            2.239040920647749,                  0.5650193954584062,               2.809260215983284, 5621.938631696379,0.46336770102988917, 5622.401999397409, 7.602654618727011e-05
               0.001032712708249944,              0.0004734757857834009,                     -0.05189808370783052,                    -0.003748656493601219,            2.239433052394154,                  0.5645434007491982,              2.8177150686058816, 5621.940441967094,0.46159022622933654, 5622.402032193323, 7.616429946509977e-05
              0.0008456030170217779,               0.000516399860476323,                     -0.05387146544483549,                    -0.002920107646201566,           2.2174144278079435,                  0.5676852859851867,              2.8311893037331153,    5622.407857716, 0.4671514866750519, 5622.875009202675, 0.0001215479203087694
              0.0002536063231036805,             0.00039963314378206746,                      -0.0525502276339517,                   -0.0031133386917033368,           2.2235076999835983,                   0.567170681893427,              2.8191579355225507, 5621.949173988178,0.46513674860719817, 5622.414310736785, 7.683227989915195e-05
              0.0007400386585105532,             0.00011747452711259009,                    -0.054286652940360516,                   -0.0014601037422001806,           2.2369465183740758,                   0.565360925587702,              2.8128312353334053, 5621.947208068708,0.46342536771006865, 5622.410633436419, 7.668138219917395e-05
              0.0006629973747208637,              0.0006531923964286939,                     -0.05340973270247484,                    -0.004266235215595759,           2.2285328283519794,                  0.5658025727607113,              2.8222204512290157, 5622.188264926878,0.46467942390001626, 5622.652944350778,   9.7584220167398e-05
             0.00036688431854610463,              7.440247051547658e-05,                        -0.05369240870622,                   -0.0022042831418345164,            2.243283177433192,                  0.5641138646138776,              2.8130826114097873, 5622.083728180732,0.46181893993793033,  5622.54554712067, 8.789817617278921e-05
              0.0005717053757651117,              0.0006301262256369258,                    -0.053334436827925304,                     -0.00344199404009459,           2.1955448212897077,                  0.5705650757736898,              2.8452516456614036,  5622.01903924486, 0.4713407770938574,5622.4903800219545, 8.239214623715747e-05
              0.0005947031804164147,              0.0005333320032830051,                     -0.05414254633454268,                   -0.0013982214373969182,           2.2257461201592195,                  0.5668393704443367,               2.821407147542634, 5622.020711210304, 0.4655875874626884, 5622.486298797767, 8.253001828506099e-05
               0.000701560648460574,              0.0004985686462089837,                     -0.05378895280955589,                    -0.001957875693763523,            2.238397676931508,                  0.5647217624916495,              2.8136614698100386,5622.3715416256255, 0.4628471710010005, 5622.834388796627,0.00011721296577250694
             0.00032491278133408745,              0.0006380347567483592,                     -0.05275259905114572,                   -0.0037293889336835937,           2.2132074625627647,                   0.568089790920203,              2.8348531634972973, 5622.008659408474, 0.4673732449327433, 5622.476032653407, 8.154135242874353e-05
              0.0010151873148160106,             0.00034359196609794613,                    -0.054694912462635435,                    -0.002591287705476669,           2.2482653406916593,                  0.5635824267186506,              2.8100363191161293,  5622.06062743628, 0.4614506735799687,  5622.52207810986, 8.589093649456486e-05
              0.0008878102445914592,              0.0006579683938972557,                     -0.05384537888441056,                       -0.003729363813173,           2.2293034947771413,                  0.5662226312807611,              2.8111653477342315, 5621.993077565883, 0.4647620089317885, 5622.457839574815, 8.028063556415992e-05
              0.0010054909397773826,              0.0005668258757754307,                    -0.054318539973228414,                    -0.003211666275846882,            2.211669858223664,                  0.5683927399189221,               2.835662857076832, 5622.143837734946, 0.4686034429354624, 5622.612441177881, 9.334372147287018e-05
              0.0007460076891739639,              0.0006923560930725911,                     -0.05404341554919796,                   -0.0030866821313015507,           2.2124725841869237,                  0.5682019055627417,              2.8384211477126318, 5622.156207092354, 0.4682677476619601, 5622.624474840016, 9.450549370084474e-05
              0.0005237207490128099,              0.0005010154895877176,                     -0.05295103719072356,                   -0.0022100231787608145,           2.2070541666993266,                  0.5688525106167266,               2.838233727597939, 5622.240933831562, 0.4686994284582262,  5622.70963326002,0.00010286163199710202
             0.00038248651444393957,              7.683117683639984e-05,                     -0.05339301533549285,                    -0.003982357488519468,            2.212614541414557,                  0.5680901063343066,                2.83738949992504, 5621.977762172639,0.46788081150507155, 5622.445642984144, 7.906047354133446e-05
              0.0009325698171042689,              0.0004944684610439485,                    -0.053928142630979746,                   -0.0034525698019146843,           2.2606585851426537,                  0.5621725623695532,              2.7990604787971547, 5621.984234875723,0.45857829920759074,  5622.44281317493, 7.957386824556479e-05
               0.000511287004364172,            -3.3428683131692015e-05,                     -0.05344877416576792,                    -0.002147115034805631,           2.2117113581020673,                   0.568494439938414,               2.832883148942196, 5622.046075596365, 0.4680365879080315, 5622.514112184273, 8.465011534776911e-05
              0.0008699561029089421,             0.00019339415204721035,                    -0.054660657033242244,                   -0.0024941141627560595,            2.235066590440731,                  0.5653374993308553,              2.8128839467581095, 5622.232388782503,0.46405175296342366,5622.6964405354665,0.00010198641899993243
              0.0006689015242830517,            -5.5577559272869424e-05,                     -0.05231539597424135,                   -0.0031357595971884156,            2.238486262245811,                  0.5647393479937527,              2.8107121511677873, 5622.050831007443,0.46199259529077563, 5622.512823602734, 8.505362009911901e-05
             0.00039115700820565685,              0.0005552650705596306,                    -0.051721107891307884,                    -0.002748157324613485,           2.2300469082460417,                   0.565803051597206,                2.81845303754751, 5621.965157404331, 0.4633270978820474, 5622.428484502213, 7.807018885588926e-05
              0.0006190896427918357,              0.0002530275353140447,                     -0.05398902496207347,                   -0.0023313666241069194,           2.2359339853380327,                  0.5652024912458123,              2.8111816522995294, 5622.354796262145, 0.4634664921027558, 5622.818262754248,0.00011526653438910503
               0.000580860126018877,              0.0006689976092009996,                     -0.05387293780701419,                    -0.002711888677191886,           2.2401695203158387,                  0.5640384284953079,               2.818488454347058,  5622.15712821044,0.46256385953706713, 5622.619692069977, 9.459258452461803e-05
              0.0006196004118207051,             0.00020267139370111324,                     -0.05448567904101287,                    -0.002335748069381003,            2.223570002992058,                  0.5667066763757338,              2.8280088260215814, 5622.317289107911,0.46625262826778935, 5622.783541736179,0.00011102328818419387
              0.0006535918289583717,            -5.1447427779953906e-05,                     -0.05364135035817797,                   -0.0020990262012188397,            2.217310000063241,                  0.5675210438394788,              2.8321671624019666, 5622.147268161838, 0.4670093187444908, 5622.614277480582, 9.366448014023747e-05
             0.00042960063714566455,             0.00037664803463971936,                     -0.05398587731856871,                    -0.004498198145727102,           2.2308133201963036,                  0.5655255539349244,              2.8219990098292778,  5622.09134855269, 0.4645727532901153,  5622.55592130598, 8.857055159132672e-05
              0.0010360902372285627,             0.00044953900214832773,                     -0.05467429397021369,                   -0.0021261179157346937,           2.2323362385970733,                  0.5651664768699196,              2.8253609987198685,  5621.95990565158, 0.4646004929687607, 5622.424506144549, 7.766125826784887e-05
              0.0007695247107668335,              0.0005363920350279081,                    -0.053448803983247195,                   -0.0011461091818811358,           2.2422207692469964,                  0.5642776407532767,               2.807858158604618, 5621.958039667777,0.46186956997940687, 5622.419909237756, 7.751647873791294e-05
              0.0006484976685917605,              0.0004287732728603621,                     -0.05352772085375538,                   -0.0028399158301648506,           2.2390305504298946,                  0.5642406842416967,              2.8240746586254897, 5622.226031193826, 0.4625879005521078, 5622.688619094379,0.00010134008802752384
              0.0008440955335125026,              0.0004574509439452336,                      -0.0546694460604394,                    -0.004360909130571927,           2.2395888557789574,                  0.5643156455951386,               2.817584974914488, 5622.009994345912, 0.4632254581053635, 5622.473219804017, 8.165027772086285e-05
             0.00033205342653099944,              0.0004359303936749269,                     -0.05272808305928598,                    -0.002614731864504296,            2.224356187614416,                  0.5667291481781562,                2.82301655723335, 5622.263179052513,0.46505377469029446, 5622.728232827203,0.00010517545203186961
              0.0006525446372401471,             0.00039255612228405215,                     -0.05420653529189776,                   -0.0014842418100499315,           2.2345441884275825,                  0.5650213148724531,              2.8177140473435314,5622.1461557445955, 0.4638581797855635, 5622.610013924381, 9.356034408963331e-05
             0.00043369487550546574,             0.00010887759152970472,                    -0.054270997257066536,                   -0.0036999729558029135,            2.239050932243735,                  0.5649494073719815,              2.8167770287419893, 5622.007181378254, 0.4630579709579309,5622.4702393492125, 8.142092086834832e-05
              0.0005598270407785111,             0.00037218518148551924,                     -0.05306020770909443,                    -0.003983322136492299,            2.233860765529857,                  0.5647114606893789,              2.8208607348860903, 5622.066534964789,0.46338716532293966, 5622.529922130112, 8.639984135553633e-05
             0.00030205449608767865,             0.00044709290987187983,                     -0.05201763054647101,                   -0.0032624318315776463,           2.2234701939105173,                   0.567022786963266,               2.823100064736219,  5621.95502429671,0.46484058578631826, 5622.419864882496, 7.728308984462486e-05
              0.0006516608828515957,             -9.283063252894333e-05,                     -0.05404199979445772,                    -0.003294994368398019,           2.2234489252950547,                  0.5671154117289646,               2.822809097817818, 5622.063573964595,0.46603966306095107, 5622.529613627656, 8.614438979123825e-05
              0.0007344222954312001,             0.00021825687939531138,                     -0.05469905824092424,                    -0.003480557249215112,           2.2225250390067095,                  0.5673889828536686,              2.8232134669780296, 5622.062940697624, 0.4666314005303308, 5622.529572098154, 8.608985466392437e-05
              0.0007134516981931967,              0.0003218703042952458,                      -0.0533720946042329,                   -0.0008917581978229563,            2.226968469780363,                  0.5660310094716742,               2.827054751391489, 5621.941868334961,0.46487420174930355,  5622.40674253671, 7.627301529046904e-05
              0.0005808339971618026,              0.0004918388669259102,                       -0.052495163749094,                    -0.003815811012812217,           2.2214197382266434,                  0.5675357214346294,              2.8191171524999605, 5622.007844345273,0.46555635007043794, 5622.473400695343, 8.147491815075508e-05
              0.0010737707403671666,             0.00020358718480311368,                     -0.05295807637884833,                   -0.0032001758361322576,           2.2388449382083504,                  0.5644021333308054,              2.8088201791781984, 5621.979220540321,0.46230330007718906, 5622.441523840398, 7.917585689610336e-05
              0.0009292026770800655,             0.00043060978574659754,                     -0.05519322752018879,                   -0.0021318525656365823,           2.2125728663792468,                  0.5685118258790121,              2.8271550765533755, 5621.844902244207,  0.468917438448548, 5622.313819682656, 6.922438043950809e-05
              0.0008425047695696778,              8.216753031438896e-05,                     -0.05346949071740124,                    -0.004292360393967627,            2.230700991143548,                  0.5652475103169919,               2.830883000512266, 5621.840759487734, 0.4642791717771008, 5622.305038659511,  6.89381938992354e-05
              0.0006327277770270387,             0.00033913501840965706,                     -0.05454715467158229,                    -0.003183004880950211,            2.248227661928159,                   0.563960545485943,              2.7999239937973948, 5622.004825222512,0.46138391723434163, 5622.466209139747, 8.122930632363884e-05
              0.0006291367147249287,              0.0004676999489338266,                     -0.05430802313529371,                    -0.002454321837456647,            2.250329469113231,                  0.5635234766883017,              2.7964731598359767, 5621.938581678496, 0.4608015938141077,  5622.39938327231, 7.602274359547453e-05
               0.001063308425043932,              0.0003170188673773389,                     -0.05462720766921233,                   -0.0038461186185691355,            2.215094371139981,                   0.568330187429906,              2.8271496363141955, 5621.862448276797, 0.4681155654176385, 5622.330563842215, 7.044971209322936e-05
              0.0008081347976557682,              0.0005553148705465601,                     -0.05339637533574045,                    -0.004191482237999917,           2.2174221815846358,                  0.5668153328035799,              2.8343756195418663, 5621.875757934747, 0.4669169061006864, 5622.342674840847, 7.139364141755686e-05
              0.0007529237746022068,              0.0008778272175417279,                     -0.05367004461161664,                   -0.0032386611769403776,            2.231594788601556,                  0.5657606897626548,              2.8122571087111146, 5621.986226588889,0.46417836039533206, 5622.450404949284, 7.973251450307886e-05
              0.0006407418704483982,              0.0005673223427554563,                     -0.05427229257600264,                   -0.0018704240138206806,            2.198167546605744,                  0.5700640137373952,              2.8446749269207183, 5621.969730322915, 0.4713116686364525, 5622.441041991551, 7.842801500472995e-05
              0.0002190622395666638,              0.0006362731995524625,                     -0.05263354950150626,                    -0.002697499929492917,           2.2464219503635054,                  0.5638410393956078,               2.810789620044482, 5621.874433410544,0.46058578914368137, 5622.335019199688, 7.129914140917922e-05
              0.0009563069138778096,             0.00010081116416732067,                     -0.05341663030393772,                    -0.001801791395605544,           2.2242500706914496,                  0.5669043290129812,              2.8259021201006407, 5622.106241220429,0.46546477690403687, 5622.571705997333, 8.989947442890387e-05
             0.00046427077003136926,              0.0002868022889799462,                    -0.054520104028172624,                    -0.003328161044426677,           2.2395933000713852,                  0.5641746054464598,              2.8173582059017885, 5622.143341837402, 0.4630863974992327, 5622.606428234901, 9.329744402601261e-05
              0.0005314679908769328,              6.844250101835119e-05,                    -0.054837422850530386,                   -0.0028781554471080002,           2.2324399324708013,                   0.565413468540835,              2.8203863982233637, 5622.137028202095, 0.4646943496513997, 5622.601722551747, 9.271025359307815e-05
              0.0006336084262778791,              0.0003326430583092268,                    -0.054355614131452616,                   -0.0038778877772824563,            2.230847683222652,                  0.5653956073930023,              2.8258275233702914, 5622.240743577162,0.46476055812859657,5622.7055041352905,0.00010284206398053637
              0.0006575450833695467,             0.00035840556408206617,                    -0.051967592757179486,                   -0.0034177639598110205,            2.246142923496883,                  0.5637868440304185,                 2.8064006615181, 5622.150465384184, 0.4602791590171667, 5622.610744543201, 9.396442554974095e-05
             0.00039590287390122407,              0.0002709612727980483,                    -0.053695079341472086,                    -0.002192282413678392,            2.211414448079595,                  0.5679000600491945,               2.837102142064257, 5622.092316586841, 0.4682448137828507, 5622.560561400624, 8.865633242271971e-05
              0.0009140175819795144,             -8.737520543278993e-05,                    -0.054136426951277884,                    -0.003982250120753547,           2.2122876976025725,                  0.5680210252675986,               2.836605118128796, 5621.904299083792, 0.4683955201929678, 5622.372694603984, 7.346065513806163e-05
               0.000658775725853418,              0.0003963809284964544,                    -0.054399407050440544,                    -0.004215759941691973,           2.2613092954459617,                  0.5619830345684169,              2.7989308505848856, 5621.870146003968, 0.4587642331685381, 5622.328910237137, 7.099410737118642e-05
              0.0011373320329882079,              0.0004544779566721381,                     -0.05390627821469547,                    -0.001622153295056765,            2.226762058255772,                  0.5661660270766922,               2.820896157855726,  5621.98874039693, 0.4652493257297069,  5622.45398972266, 7.993319887447266e-05
              0.0008693335357913573,              0.0006951332831534621,                     -0.05303838564650214,                    -0.003450402771782733,           2.2469511386803984,                  0.5636535251293728,              2.8081735369836034, 5622.214650528286,  0.460748697957923, 5622.675399226244,0.00010019330831557458
             0.00041003033949260566,              0.0005810817838682267,                    -0.053349355210214076,                    -0.004024000129918473,            2.227132501405542,                  0.5657809051009753,              2.8275872518013596, 5622.076199240017, 0.4649125943845914, 5622.541111834401, 8.723888102679955e-05
              0.0007336609472851185,              0.0002530423048188853,                    -0.053460089669657096,                   -0.0015022685932709879,           2.2177995027970443,                  0.5678088656642766,               2.829054911787984, 5622.140072740998, 0.4667909438350359, 5622.606863684833, 9.299294367896617e-05
                0.00112467540267534,             0.00037743641971925814,                     -0.05279107952977724,                    -0.004187433296639356,           2.2223481440154216,                  0.5666035101248041,               2.827934963581611, 5622.015570784421, 0.4655625024402859, 5622.481133286861, 8.210686736262925e-05
              0.0006204279597784694,             0.00042164106520543783,                    -0.054721852998133404,                    -0.002091186097156954,             2.23692282916571,                  0.5648661894107847,              2.8108345663007697, 5622.099185749956,0.46370611809777046, 5622.562891868053, 8.926742367115795e-05
              0.0006165154792265978,             0.00010570498092421324,                     -0.05436664699054653,                   -0.0028684616948640752,            2.207514403112151,                  0.5687720400062367,              2.8355610894283627, 5622.206900325875,0.46946679709447786, 5622.676367122969, 9.941979122468079e-05
             0.00041341385283188915,              0.0005648864478254107,                     -0.05350062971034756,                    -0.002319456202449326,            2.201448898746693,                  0.5698034707164569,              2.8455292685900506, 5621.932884707005,0.47018066601557046, 5622.403065373021, 7.559087553057324e-05
              0.0006717310208549555,              0.0005791742415987151,                    -0.053427403084759933,                   -0.0021961697836255603,           2.2258570102774056,                  0.5672426084750767,               2.813237576008645, 5621.823348885644, 0.4651545864090558, 5622.288503472053, 6.774832664586174e-05
              0.0007592976621441653,              0.0002811679273226508,                    -0.052197826094101375,                    -0.002988602106675163,            2.211244631047868,                  0.5686846547644809,              2.8367874733225777, 5622.017788566224, 0.4674240000854629,  5622.48521256631, 8.228916455199686e-05
              0.0006793608639909325,              0.0005971744935911107,                     -0.05306423527595457,                   -0.0024530446486361133,            2.239854310059397,                  0.5646022509398974,              2.8125761567702785, 5622.403822321497,  0.462138990443961, 5622.865961311941,0.00012105841483739213
              0.0006622238585017066,              0.0004408689803029066,                     -0.05401033063813613,                   -0.0034337152019941696,           2.2197505412767513,                  0.5670072900051621,              2.8218587753604814,5622.2139835540565,0.46677629005516763, 5622.680759844112,0.00010012650424171243
              0.0008106293085491416,              0.0006948793928188205,                     -0.05382885247135919,                   -0.0031885528763520997,           2.2442675186692407,                  0.5634852858089946,              2.8195403827000387, 5621.995781727936, 0.4617399687792198, 5622.457521696716, 8.049802120299628e-05
               0.000701684704289274,              0.0001710017758939909,                     -0.05333028400862444,                    -0.003177026178042604,           2.2444942006970483,                  0.5638411203222073,              2.8063300356513494, 5622.327793972994,0.46139431251211976,5622.7891882855065,0.00011219572018595753
              0.0009604303993000481,             0.00017335982404972013,                      -0.0521944713667961,                    -0.003305753206535356,            2.236363591791957,                  0.5649255986868393,               2.819620631886562, 5622.181465047268,0.46235527671059634, 5622.643820323979,  9.69229101806978e-05
              0.0007952750633726536,              0.0003344049965856952,                     -0.05389189509173454,                     -0.00303799674336949,            2.247198530233018,                  0.5631944003416764,              2.8084138967150842, 5622.259000994489,0.46118912255514083, 5622.720190117044,0.00010473693959367245
             0.00048534387696830034,             0.00025312146992855904,                    -0.052479232956660446,                    -0.002412116771947782,           2.2211498439448665,                  0.5669825517571008,              2.8218256873517555, 5622.186356034872,0.46555163826839335,  5622.65190767314, 9.739812010855561e-05
              0.0010153404897321465,             0.00039166630647523987,                     -0.05471617860070793,                    -0.002415261390069649,            2.244169334707681,                  0.5642587589414321,              2.8107652033078594, 5622.055345853565,0.46227071765397715, 5622.517616571219, 8.543849227155789e-05
              0.0006590710865807483,              0.0002223897480432427,                    -0.053811868250624985,                   -0.0032795764349747027,           2.2422508955311264,                   0.564766394070464,                2.81690253588029, 5621.903850332727,0.46213018071351997, 5622.365980513441, 7.342769698645182e-05
              0.0007259996001504976,              0.0006158710367850815,                     -0.05406819879630024,                   -0.0015828409067622248,           2.2427069110337103,                  0.5646554685046473,              2.8098419952747378, 5621.945225496222,0.46214963867791525,   5622.4073751349, 7.652950640272077e-05
              0.0006152948806243257,              0.0005874567759481024,                    -0.051802586967272024,                    -0.002447616160371276,           2.2153791849423947,                  0.5679914789668798,              2.8313348810934142, 5621.995947582266, 0.4663356761025902, 5622.462283258369, 8.051137325556071e-05
              0.0012547189855934998,              0.0005222920142499163,                     -0.05349247313632304,                    -0.002213136995955499,            2.229661308965461,                  0.5657117043148436,              2.8267622356531943,5621.8939126696305,0.46443299855842135, 5622.358345668189, 7.270161104604911e-05
              0.0009280758206649851,              0.0007203442451970294,                    -0.052683145813980384,                    -0.003752367248607397,            2.241277857010683,                  0.5641469649578787,              2.8096726168689203,  5621.97478285227, 0.4616794546475633, 5622.436462306918, 7.882527759817751e-05
             0.00033079786953421706,              0.0006736957542032048,                     -0.05435026717738823,                   -0.0025004576475222743,           2.2467004989653216,                  0.5635257449099029,               2.812935552298482, 5621.951227439286,0.46154586114305574,  5622.41277330043, 7.699021332828045e-05
              0.0006576230084252849,              0.0006886527089089159,                    -0.053724781542078694,                   -0.0020688493872072777,           2.2440008173640984,                  0.5644838143039086,              2.8042545029435564, 5622.020512419063, 0.4616967418109923, 5622.482209160874, 8.251361367090564e-05
              0.0006362987798999276,              0.0006303869392099577,                     -0.05231039073766203,                    -0.002546584282314311,           2.2354091821106947,                  0.5650454905527202,              2.8237197528858635, 5622.096819059907, 0.4625879730442863, 5622.559407032952, 8.905640515408221e-05
              0.0006654871048154869,              0.0006442575866045121,                     -0.05379831349344911,                   -0.0026310255719109677,           2.2139077197997494,                  0.5680343189712496,               2.836505889930028, 5622.271429690631, 0.4678124475748084, 5622.739242138206,0.00010604680629683657
              0.0008344332265383108,              0.0004046256201053915,                      -0.0547603791989897,                    -0.002938571191189966,           2.2524351905185274,                  0.5633524517419055,              2.8053453985253336, 5621.944658187726,  0.460676129940767, 5622.405334317667, 7.648610287636431e-05
              0.0008740994967302583,              0.0004621390277978476,                     -0.05282444701639782,                   -0.0036168797634925968,           2.2158879257870328,                  0.5675631632599191,              2.8412202228230345, 5621.960201758937, 0.4668668152955383, 5622.427068574232,  7.76842577427582e-05
              0.0005906302583544955,             0.00022939178506211093,                     -0.05310128957690393,                   -0.0022647235119658323,            2.234781860097825,                  0.5658393136050285,              2.8168954470372816, 5622.048774238155, 0.4631669525236758, 5622.511941190678, 8.487886420333661e-05
              0.0011026743721699887,              0.0001231922633064861,                     -0.05330981313575232,                   -0.0023851588145005157,           2.2256379159932984,                  0.5665329564927799,              2.8264434663302564, 5622.179971717887, 0.4651363625665118, 5622.645108080454, 9.677828036812944e-05
              0.0008025173832410743,              0.0003775040515295482,                     -0.05433551996456192,                    -0.002835230818881727,            2.236627217345959,                  0.5643607595038528,              2.8251418162272195, 5622.067609081554,0.46355274109173006, 5622.531161822646, 8.649269473240982e-05
              0.0011962779339049245,             0.00028348880909454655,                     -0.05493706820375399,                    -0.003038657612006852,           2.2159752848526306,                  0.5679733432523972,               2.831276640273524, 5621.823809592497, 0.4680953839786719, 5622.291904976476, 6.777954595515748e-05
              0.0006575559802264372,               0.000407037925788002,                    -0.052749844183799674,                     -0.00431471890638279,            2.210100374414187,                  0.5683899068593071,              2.8374961159411924, 5622.119959483988, 0.4680334759017438,  5622.58799295989, 9.114123705244815e-05
              0.0003533334945793709,              0.0004324357361459699,                      -0.0543186896351671,                    -0.002146897734962613,            2.244045459093707,                  0.5640469283137345,               2.811534985167138, 5622.117259109802, 0.4620428880927587, 5622.579301997895, 9.089545361160377e-05
              0.0008830574754266285,               0.000324483974988418,                    -0.053372348105507714,                   -0.0026350107124843538,           2.2245953173646407,                  0.5671901675273995,              2.8099755796647887,  5621.83691444869, 0.4653890492201448,  5622.30230349791, 6.867363280183647e-05
              0.0008128462042692055,              0.0002550242497775189,                    -0.053626402134169145,                    -0.004357579981827497,            2.220001027986761,                  0.5666952940868766,               2.830151654407665,  5622.09199926244,0.46653638223000915,  5622.55853564467, 8.862820406833599e-05
              0.0007581212068036959,              4.250879760781046e-05,                     -0.05297973030298901,                   -0.0030932362091906423,            2.226004387041739,                  0.5662726015626178,              2.8320567611954974, 5622.136559373905, 0.4648853934202959, 5622.601444767325, 9.266679859989438e-05
              0.0004595957955865122,              0.0003239957616519075,                     -0.05311855455229913,                    -0.002771529916248365,            2.218914778310533,                  0.5667004860415971,              2.8272834574597416,  5621.97036773116,0.46639063580761414, 5622.436758366967, 7.847802160374785e-05
              0.0009196040281312927,             -3.394552705057722e-05,                      -0.0540882375021596,                   -0.0028210894183452284,           2.2469629920122878,                  0.5637084819863037,              2.8058371328553786, 5622.107451963555,0.46134706256369096,5622.5687990261185, 9.000838551794802e-05
              0.0007418059845498751,             0.00043620648624675344,                    -0.053743372719951284,                   -0.0021517736879729044,            2.213015393528563,                  0.5673725193921006,                2.83755334377397, 5621.952184515254, 0.4679483658505174, 5622.420132881104, 7.706393408374883e-05
             0.00046388851346122544,             0.00025090982419770456,                     -0.05437826435584635,                   -0.0017568165862172943,           2.2236999491848004,                  0.5668098273107944,               2.818991311008592, 5622.047049171088,0.46614740462965654, 5622.513196575717, 8.473256869106894e-05
              0.0007109324915337324,              0.0002859125675250227,                    -0.052725743494400644,                   -0.0030125395363551004,            2.236593177072827,                  0.5652100057457844,               2.806273655351961, 5622.181163149941,0.46260672798705976, 5622.643769877928, 9.689365382965647e-05
