galaxies.source.pixelization.regularization.inner_coefficient,galaxies.source.pixelization.regularization.outer_coefficient,galaxies.source.pixelization.regularization.signal_scale,    log_likelihood,         log_prior,     log_posterior,                weight
                                         0.020305538828729368,                                           221.56562495807907,                                    0.011040523942494192, 31098.62591367755,139.82757148909076,31238.453485166643, 7.717687115713277e-07
                                            0.647706393421808,                                             775.328209081717,                                    0.002777850972173052, 31097.88591776414,361.53571344929395,31459.421631213434, 3.682230966271708e-07
                                          0.18947176745894395,                                            545.2772387958612,                                    0.005633770850804153, 31091.11729483529,182.78067223635554,31273.897967071647,4.2319004006440737e-10
                                           0.5229364564159299,                                            17.73317568249756,                                      0.2174259849007208, 31091.61420523741, 6.567935982877695,31098.182141220288, 6.955700655578935e-10
                                           0.2018302453421865,                                            5.395424564076815,                                      1.7250049146501822,31095.240080118787,5.7197095135958165,31100.959789632383, 2.612391948390487e-08
                                           0.8971895005478231,                                            81.21695964076258,                                     0.03049022385103334,31094.037198815877, 33.92430221057142, 31127.96150102645, 7.845734803910666e-09
                                            0.000313477009479,                                            105.5267661886985,                                    0.029541789944920297, 31092.74746039666,3223.8864327259057, 34316.63389312256,2.1602665737048194e-09
                                           0.5103963507607759,                                            855.8669848945356,                                   0.0025191287212495634,31098.571411252502, 398.9230749508003,  31497.4944862033, 7.308311759887262e-07
                                       0.00048266485992031166,                                            824.4756354274182,                                    0.003832932294137612,31091.192282992088,2332.7290326772168, 33423.92131566931, 4.561444347546156e-10
                                         0.016358442905808523,                                           144.60250480788594,                                    0.016422030145330457,31099.302608961214,122.03123910486363, 31221.33384806608,1.5183510544563441e-06
                                          0.23403833645655742,                                            4.024646192283885,                                       3.757920351412126,31097.161509811827, 4.787377930446411,31101.948887742274,1.7844510929967113e-07
                                         0.025877627254078224,                                            7.537459638168804,                                     0.15904708301720943,31108.201652218046, 45.06353631571255, 31153.26518853376,  0.004058392172112912
                                        0.0014760115065036077,                                           14.032270807705268,                                    0.008440367476498638,31107.760682388594, 796.0510115438842, 31903.81169393248, 0.0026112187046631323
                                          0.05782758965675411,                                            6.801424505224056,                                       0.762882124200205,31099.555109602145,18.750630223950413,31118.305739826093, 7.131949609256792e-07
                                          0.01732016747639676,                                           10.281667205745357,                                    0.007027685256341883, 31108.17032451094,200.12778620207538,31308.298110713014,  0.003933222920499605
                                        0.0001391122530038211,                                            17.81518424643306,                                    0.008321430228046534,31107.018180064326, 7308.667178083073,  38415.6853581474, 0.0012427351600938679
                                       0.00011494227859646167,                                           163.06995370930207,                                   0.0018449348431444647,31104.147276140462, 9242.049627264096, 40346.19690340456, 7.039808632112065e-05
                                          0.05692687760453199,                                            437.8327831909049,                                   0.0010494688546702833, 31104.14599882101, 970.4316393362658,32074.577638157276, 7.030822288057636e-05
                                           0.2478088194658987,                                           319.40643614470184,                                    0.002399103748867542,31104.131603122765, 420.8608236442539,31524.992426767018, 6.930333728860587e-05
                                         0.002213048481780314,                                            346.0916218645707,                                     0.00445704349978373, 31103.47228493648, 676.2322483076955,31779.704533244178, 3.584395293157545e-05
                                          0.18562769364975706,                                            72.75902696395596,                                   0.0071204987880217905,31104.174662906193, 145.8404709890339,31250.015133895227, 7.235270539860952e-05
                                       0.00011983687709925105,                                           134.69230607538276,                                    0.003019810145536724, 31104.14858757927, 8675.830802201217, 39779.97938978049, 7.049046966793888e-05
                                           0.1006276962326978,                                           25.266771109439816,                                     0.00931498603441178,31105.547707925823,117.33109108770752, 31222.87879901353,0.00028560160928967987
                                          0.27725324820291386,                                           165.50007967303972,                                     0.00555134640025426, 31104.08499174917,183.74933309284557,31287.834324842013, 6.614714224953534e-05
                                        0.0011829852297468258,                                             1.39719632896207,                                       9.752103289025538, 31108.06099091214, 846.1373527921523,31954.198343704295,  0.003525864211338339
                                        0.0005710329942536155,                                           15.706825867373599,                                    0.015069883243574238,31107.456293385294,1817.6334756839833, 32925.08976906928, 0.0019259667427542503
                                          0.07256338318767205,                                           2.7151238113318334,                                      1.1417586731233316,31107.989619446183,15.025204503165027, 31123.01482394935, 0.0032829884047131863
                                       0.00046574214711585655,                                           329.61600770000365,                                    0.002194742838009804, 31104.14323018719,2602.7480933658608, 33706.89132355305, 7.011383437623129e-05
                                          0.09828267829080102,                                           16.009541622548316,                                   0.0032190077972603626, 31107.39651459155,320.89192622936736,31428.288440820917, 0.0018142084410621622
                                        0.0020834377052492328,                                            3.339321221230333,                                      2.1707294782696263, 31104.85838380424, 480.7360906020369,31585.594474406276,0.00014334778544654005
                                       0.00028763553344418483,                                            28.95629603217278,                                    0.001851738029644878,31105.081200387518,4016.6896455118076, 35121.77084589933,0.00017912615370548716
                                           0.1909784508713618,                                           7.6108955095427735,                                     0.39456441477809884, 31104.86766356073, 7.902023855899586, 31112.76968741663,0.00014468420924222892
                                       0.00033424663206753916,                                           22.798762228920587,                                     0.06787723676915078,  31105.5301712645,3006.5791124907287, 34112.10928375523, 0.0002806367711743927
                                         0.024688719976227486,                                            39.39380300829354,                                   0.0036952851982147237,31104.465453118533, 311.1448194112362,31415.610272529768, 9.677058343141128e-05
                                       0.00020118518696337771,                                           1.7771732862245797,                                      1.4465492992047229, 31108.24003075796,  4971.79886672044,  36080.0388974784,  0.004217174771310028
                                         0.030994522046814726,                                           20.411632539255173,                                     0.04344461938954283,  31106.4400751301, 55.33056758232633,31161.770642712425, 0.0006971252333864382
                                          0.45863140025119703,                                            32.45252733724881,                                    0.008386857163365992, 31104.78636777708,121.44539007789145, 31226.23175785497,0.00013338740536578112
                                         0.001431209377396051,                                           2.1608029752579725,                                      3.8781435370479804,31107.386543035216, 699.4304337922678,31806.816976827486, 0.0017962078554700604
                                           0.4316068989738852,                                           27.592470246174816,                                    0.025699159543272763, 31105.21390638316, 41.26494323727966, 31146.47884962044,0.00020454670230799675
                                       0.00011307900765098718,                                            10.62937248886621,                                      0.2830379731380117,31103.681475543013, 8847.001561044319, 39950.68303658733,4.4184121497691996e-05
                                        0.0013515943436146734,                                           35.658159949877536,                                     0.03676939525544187, 31104.41480037768, 767.0915364873917, 31871.50633686507, 9.199096052631253e-05
                                        0.0005862121859734832,                                           20.275592797173328,                                     0.12377156750154668, 31102.62610601002, 1713.995681042633, 32816.62178705265,1.5378892454333424e-05
                                        0.0016693705441080395,                                            8.662805505258088,                                   0.0072764710654417974, 31108.23593661801, 736.5728721098475,31844.808808727856,  0.004199944363524023
                                       0.00013415973668555982,                                           153.35217375117858,                                   0.0027307753492326987, 31104.14756355494, 7820.004036602221, 38924.15160015716, 7.041832265828631e-05
                                          0.03694565464608633,                                            19.09242215102648,                                     0.13834108429509093, 31102.15315135203, 34.34766998004452,31136.500821332076, 9.583484874342787e-06
                                        0.0031205119838532986,                                             9.67504559136064,                                     0.04305782302832632,31108.200886531507, 343.7881758661376,31451.989062397646,  0.004055285905225054
                                       0.00026158380906127763,                                            81.20243063550005,                                    0.022891227027638614,31102.593399474503,3866.5637469615413,34969.157146436046,1.4884038749238813e-05
                                          0.18253130953958444,                                            25.76882884142278,                                    0.017935994618866413,31105.472842439645,61.271126726470854,31166.743969166117,0.00026500067655989534
                                           0.1151410492330194,                                           10.075251676312746,                                    0.012850058026010112, 31108.18169844851, 86.60491325726956, 31194.78661170578,  0.003978214533311836
                                        0.0075795237165215135,                                           19.079111216957465,                                    0.004236164950925512,31106.741488527965,368.04939819212876,31474.790886720093, 0.0009423516132067567
                                           0.2535696901343317,                                            80.75159208723048,                                     0.00778222964664026,  31104.1616108716,132.45395121806482,31236.615562089664, 7.141449150415579e-05
                                        0.0055103813874923515,                                           18.943888401150904,                                    0.003482680718076154, 31106.77118446384, 468.6635650125363,31575.434749476375, 0.0009707552756734687
                                          0.04613594665044556,                                           4.1907237936137545,                                      2.1938654114760334,31100.425692688987,22.369511488992043, 31122.79520417798,1.7033256902092731e-06
                                          0.07798258025105226,                                            5.484663126551622,                                      0.9679990803419798, 31101.87169782779,14.038762103047096,31115.910459930838, 7.232521764920477e-06
                                         0.013534288342710093,                                           19.869812472171752,                                    0.007560253128083203, 31106.56813159714,  206.207442774817,31312.775574371957, 0.0007923645184781479
                                          0.12590639198739517,                                            81.25616932893323,                                     0.02656749337680333, 31100.60308151287, 45.59469830988477,31146.197779822753,2.0339331936273725e-06
                                        0.0074744022425381725,                                            251.7090499602582,                                    0.007207372180571397,31102.607099793066, 272.5407599885973,31375.147859781664,1.5089358080220015e-05
                                         0.009100270121091263,                                            3.092834321687644,                                      5.2487358441138525, 31101.63762232529,110.40069813629034, 31212.03832046158, 5.723109431989377e-06
                                       0.00014688913282241285,                                            2.720359107967892,                                       6.700889366196973, 31103.30218545551, 6808.372395248949,37911.674580704464,3.0237273793186296e-05
                                          0.01393598737100169,                                            4.660835386244369,                                     0.49759285626822014, 31107.79585870745, 73.98089560030971, 31181.77675430776, 0.0027047064032329534
                                        0.0011422337796627446,                                            4.968785543256532,                                       0.565771733796384,31107.188536869777, 877.4462766080802,31984.634813477856,  0.001473545689512278
                                           0.8171751393421558,                                            41.89901213632773,                                     0.03281443334377955,31102.936721331356,31.721989685896833, 31134.65871101725,2.0980874208278144e-05
                                          0.03818151767357427,                                           15.902319039676353,                                     0.01142891385608371,31107.417834366803,113.75094460099147,31221.168778967793,  0.001853302211717116
                                         0.006516908558427453,                                           16.223714185478244,                                     0.03198495443757322,31107.353028038244,  184.773327642624,31292.126355680866,  0.001737005578204747
                                           0.0685920755191429,                                           25.581945404643125,                                    0.009632953527778454,31105.500438193427,118.42835488106756,31223.928793074494, 0.0002724154069834372
                                          0.39225955206703134,                                            28.36335922061546,                                    0.022364582682310927, 31105.13634888754,  47.2981442898279,31152.434493177367,0.00018928216285875283
                                        0.0011677443816603874,                                            16.70710462917464,                                     0.13305848363291092,31105.029324922565, 863.9271442878897,31968.956469210454,0.00017007080697635502
                                         0.004229284804960889,                                            84.28994463584196,                                    0.003965562275192644,31104.162414032216,488.62951014049986,31592.791924172718, 7.147187185085924e-05
                                          0.11580144270134911,                                            6.431161828126574,                                      0.7761377184376674,31100.639214501083, 10.07939503084301,31110.718609531927, 2.108769159343928e-06
                                       0.00016208859602813552,                                            367.1890062404487,                                    0.004259555633402152,31103.418105488847, 6404.234489203961, 37507.65259469281,3.3953618388119694e-05
                                        0.0012103238515400005,                                           121.50641531935953,                                   0.0030699927785377374, 31104.14988198318,1151.9670404722053,32256.116922455385, 7.058177188558695e-05
                                            0.518055178660752,                                           149.52279377786033,                                   0.0024299325045122155, 31104.14472729041,413.47104873649175,  31517.6157760269,  7.02188806364735e-05
                                          0.29935715280647973,                                           1.4823472146259247,                                       2.122549503730992,31108.228111634562, 4.486228731414843,31112.714340365976,  0.004167208115733891
                                          0.07301868462332721,                                            12.09763985915619,                                    0.007760812901497851,31108.023768760766,142.63026696479292,31250.654035725558,   0.00339703645679701
                                        0.0008556194872937367,                                            850.9501169623662,                                   0.0017766692745821108,31103.539096293494, 1731.595965300061, 32835.13506159355,3.8320547205289645e-05
                                          0.09847143182347867,                                            4.847552699455467,                                      0.9794845247319068,31104.160855140617,11.382464443909951,31115.543319584525, 7.136054174856271e-05
                                           0.4118994680578812,                                            3.410840553970907,                                      0.9444626556872723,  31107.4143223341,  3.77976284319052,31111.194085177292, 0.0018468047700368414
                                          0.09258750174592036,                                           10.101829940596016,                                   0.0015614721463385994, 31108.18029250993, 651.3208717871435, 31759.50116429707,  0.003972625337975623
                                       0.00018880356451912792,                                            56.36558747734599,                                    0.001384013718769094,31104.226541208904, 6019.064103928075, 37123.29064513698, 7.620531022811496e-05
                                           0.4344652609994065,                                            337.9428625903171,                                   0.0027412974851580567,31104.033351913014, 367.0954016303101,31471.128753543326, 6.281801229971742e-05
                                           0.8143211930963453,                                            8.827617712445194,                                     0.33400346339929765,31102.192842551456, 4.335278445963603, 31106.52812099742, 9.971514626594196e-06
                                         0.003404653354231088,                                           12.196792224190427,                                    0.008483590358317243, 31108.01322186199,411.67226792339034, 31519.68548978538, 0.0033613965328603067
                                         0.021222607666662233,                                            595.8069043587785,                                   0.0028214462483352287,31103.024302296908, 401.5494006164194,31504.573702913327,2.2901266994532145e-05
                                           0.2054114554523343,                                            52.51220336450695,                                    0.017273831049050396,31104.213442369117, 62.77835829449349, 31166.99180066361, 7.521361826507069e-05
                                         0.044856756702036545,                                            9.006674689574456,                                    0.018485973693559924,  31108.2261549546, 76.49928209490945,31184.725437049507,  0.004159062195187693
                                         0.032087453676988995,                                            62.90151604044504,                                     0.00482064559791882, 31104.19828914684,238.62182135477676,31342.820110501616, 7.408248141750439e-05
                                          0.07561032835586062,                                           19.874380097019625,                                    0.008316292783875086, 31106.56713636812,133.52190910417093,31240.089045472294, 0.0007915763265955639
                                         0.007334223807985814,                                             8.10596503168665,                                     0.03089650517966775,31108.247385594757,168.83656608850941,31277.083951683268,  0.004248305744784939
                                        0.0020989813020577627,                                            335.8007481000765,                                   0.0010229187124889422,31104.146167207033,1454.0193496877507,32558.165516894784, 7.032006279927838e-05
                                           0.9247607142572711,                                           3.4252598639416005,                                     0.18456114717815772,31108.161387255073,6.7915679431635825,31114.952955198238, 0.0038982273161578575
                                        0.0004036772784494229,                                            5.797808476066231,                                     0.38218004947137596,31107.633337988686,  2480.01541885333, 33587.64875684201, 0.0022989963292268665
                                          0.04657524182094025,                                            60.31594486807922,                                   0.0014020871262219695, 31104.20770532452, 734.7096530989276, 31838.91735842345, 7.478334979758209e-05
                                          0.07632454582431882,                                            7.774752803001151,                                     0.09410396243714679, 31108.24960650924, 23.85711152268119, 31132.10671803192,  0.004257751353594832
                                           0.4565582632472845,                                            5.751097587129297,                                      0.1417518851245093, 31108.24394344311, 9.418760710380859,31117.662704153492,  0.004233707571147755
                                          0.03538316414542948,                                           2.1449765720131206,                                       7.473322827267694,31106.480155863115,28.862043529041944, 31135.34219939216, 0.0007256340341287841
                                           0.3240286499336024,                                           2.0533421170491986,                                      1.3624754492264242, 31108.16176622583,  4.30711594127056,  31112.4688821671,  0.003899704910272848
                                        0.0003906277695161976,                                            10.63544179072274,                                      0.3914643203971455,31098.379151706966,2562.6303862938066, 33661.00953800077,2.2003726653366587e-07
                                          0.00381663569926268,                                            9.630729984781897,                                    0.008874095389997524, 31108.20299564624, 374.8022361400285, 31483.00523178627,  0.004063847994510074
                                        0.0003041356653948236,                                           28.362940304581517,                                     0.02675640254383717, 31105.14101133881, 3325.415842445152, 34430.55685378396, 0.0001901667422708904
                                          0.30599656149750115,                                            964.3291806346065,                                    0.001279459620999729,31103.790692450086, 784.8490080358581,31888.639700485943, 4.928315748328414e-05
                                          0.20119763881475922,                                           31.403242659108656,                                    0.044409090697809434, 31104.45545493849, 27.51999318255573,31131.975448121044,  9.58078744039467e-05
                                        0.0025819731677677875,                                           17.633351582313683,                                   0.0011898859898150141,31107.057535099368,1227.7740569566063,32334.831592055973, 0.0012926181817525142
                                         0.017006034761156662,                                           1.0511146289132525,                                      7.0368761777509725,31108.241370094238,59.896134830089345, 31168.13750492433,  0.004222826770594074
                                          0.02708561270972029,                                            2.481003168057276,                                       9.300780811047046,31104.250073482464, 37.43055030070852,31141.680623783173, 7.801986095129618e-05
                                         0.009357233202995347,                                            37.41835377220163,                                     0.06707586554484135,31099.702712067312,121.80441393571549,31221.507126003027, 8.266300752393998e-07
                                          0.01487373497818092,                                            1.435461133337576,                                      5.9928976140827945, 31108.11221628012, 68.09611288857069, 31176.20832916869, 0.0037111839159715203
                                       0.00017621598101343235,                                           1.4916110499381288,                                      2.4702089304533286,31108.231583472072, 5675.929440334739, 36784.16102380681,   0.00418170112931838
                                         0.006111651481538644,                                           286.77675190198227,                                   0.0028734722755445856,31104.138307256835, 511.6363964167062, 31615.77470367354, 6.976951707311435e-05
                                       0.00021128765151228406,                                            12.86586141474111,                                   0.0024957391753552393, 31107.93491410838, 5133.644880066963, 36241.57979417534,  0.003108215504649939
                                        0.0001813256205538054,                                           2.9706266135605044,                                        7.21670263990475,  31101.3924946614, 5515.415649987251, 36616.80814464865, 4.478931890906699e-06
                                          0.03358750127925833,                                             5.79871066961619,                                     0.21363257226919746, 31108.21850890739, 34.62636615022584,31142.844875057617,  0.004127383073665907
                                           0.3784778732755024,                                           163.23350352607355,                                   0.0021094584271930932,31104.146711749316,476.70361344615407,31580.850325195468,  7.03583654745841e-05
                                          0.01829939016615355,                                              41.948825429753,                                   0.0010385555839451395, 31104.39836349414,1017.5462310734514, 32121.94459456759,  9.04912746665408e-05
                                         0.007362058378597214,                                            54.84335413061327,                                   0.0010792789019204425,31104.235669528123, 1062.394375170954, 32166.63004469908, 7.690412125875375e-05
                                        0.0015001245206243759,                                           1.7492074276061922,                                       7.023187389342971,  31107.6859381527, 667.3254017417535,31775.011339894452, 0.0024231608229400665
                                       0.00010011517155047498,                                            323.1764152898944,                                   0.0023300693222695124,31104.142206162855, 10417.67096908164,  41521.8131752445, 7.004207285261949e-05
                                          0.20689990811793435,                                            834.8833501079679,                                   0.0010628263600366724, 31104.10704478469, 945.7219180456879, 32049.82896283038, 6.762209130286744e-05
                                        0.0010231223350410548,                                            46.95012723249961,                                     0.02431408166017098, 31104.22009510159,1018.5499535065375, 32122.77004860813, 7.571566247707346e-05
                                           0.5712134224367268,                                           17.903071852947697,                                      0.1387420538101981, 31101.47299998298,  9.01413546456221,31110.487135447544, 4.854421418637967e-06
                                         0.000499022515255918,                                            169.8558547046503,                                   0.0018578028912881678, 31104.14709901515,   2542.1937207096, 33646.34081972475, 7.038561814237196e-05
                                          0.07098133751394015,                                            3.770681418523966,                                      1.8149297329104421, 31103.91196047308, 14.90439972821837,31118.816360201297, 5.563710932220629e-05
                                         0.018939087457989178,                                             26.6160669391837,                                    0.007261980425101299, 31105.35546737787,190.54190899952908,  31295.8973763774,0.00023565227730784223
                                           0.6892695375224024,                                            50.79568779220655,                                   0.0042073113385370925,31104.258596982083,239.15198134505036,31343.410578327133, 7.868770534885312e-05
                                        0.0001506451465521167,                                            179.0957938460818,                                    0.001911311490151298,31104.146905632417, 7161.322821324558, 38265.46972695697, 7.037200809515902e-05
                                       0.00010891237686581627,                                           110.28313964270387,                                    0.018652461495262115,  31101.5233619314, 9235.314218535443, 40336.83758046684, 5.105160397412038e-06
                                         0.008303881094278284,                                           252.70850966329522,                                    0.005018151626531632,31103.943262933193,319.70613487044045,31423.649397803634, 5.740623221391822e-05
                                       0.00028053092160152494,                                           31.784171891391818,                                    0.004938536569017757, 31104.83437440816,3767.1900261650812,34872.024400573246,0.00013994707949700156
                                          0.06080242793159559,                                           3.7152941097752494,                                      0.9134712810529239, 31107.37121571585,17.810594514657833,31125.181810230508, 0.0017688867187877458
                                        0.0008433600790909339,                                           19.807864279928786,                                     0.02819647429893082,31106.581239565734,1221.2490582139026,32327.830297779637, 0.0008028191776805667
                                           0.1389494858747902,                                            2.327528615135886,                                        7.02741270889341, 31105.56672521693,7.7688001645989395,31113.335525381528, 0.0002910849521409291
                                         0.027646599288044114,                                            209.6326231160582,                                   0.0020774633156767594, 31104.14646837902, 517.5318577447374,31621.678326123754, 7.034124442170653e-05
                                          0.04103107062058484,                                            3.314335882334736,                                     0.38670058130025653, 31108.24976755596,27.259474134349027, 31135.50924169031,  0.004258437105713116
                                        0.0028889492672402356,                                             9.28157182733679,                                     0.06264402585302577, 31108.21606926235,362.21756614422196,31470.433635406574,  0.004117325996863248
                                       0.00024127734151928337,                                             74.0438226898034,                                     0.03140968681773915,31100.012495827097, 4176.458818045376, 35276.47131387248,1.1268045178808977e-06
                                         0.001169586137419776,                                           30.880196477983137,                                     0.01894541424012619,31104.904144986573, 907.8188988172017,32012.723043803773, 0.0001500599567600546
                                       0.00046166572383168333,                                           3.9168720277593128,                                        1.53646376665357,31104.532231787773,2166.9755565056835, 33271.50778829346,0.00010345344731919231
                                        0.0032488497903919804,                                            242.6471288626229,                                    0.001302017798071066,31104.146344768098,1075.8440192565224, 32179.99036402462, 7.033255001313366e-05
                                        0.0030477850146483207,                                            53.21317764457116,                                     0.03983067092194203, 31101.52205092591, 353.2322048855241,31454.754255811433, 5.098471889398591e-06
                                           0.2436862229363361,                                            25.20411659337719,                                     0.00760342797768915, 31105.55727078616,135.66293935697706, 31241.22021014314, 0.0002883458782085186
                                       0.00023449264441071678,                                           28.009472836019683,                                     0.01605602729434389,31105.183627427974, 4326.843699274776, 35432.02732670275,0.00019844606837508477
                                          0.06611023873786609,                                           10.078944712367328,                                   0.0013268803201002578,31108.181507882007, 768.8729395923278,31877.054447474336, 0.0039774564911179795
                                        0.0002983040885989139,                                           159.15966114899294,                                    0.008448064661417865,31103.865186745632, 3470.660510849839, 34574.52569759547,  5.30946773516909e-05
                                        0.0003045386055677971,                                           26.042956244704886,                                    0.015256917490953027, 31105.43390650598,3349.2383737060413, 34454.67228021202, 0.0002548809173686801
                                         0.004937933010324931,                                            22.30595664539333,                                    0.006922213286991482,31106.062536223835,347.02118228817756,31453.083718512014,0.00047791178403379744
                                          0.01330364484798453,                                           29.911078115327765,                                    0.007380326880568786, 31104.98856959274, 210.6961563826472, 31315.68472597539,0.00016327885926994767
                                          0.01411828301208333,                                             9.42629781815126,                                   0.0017513942685603169, 31108.21140360195, 641.9098913568496,31750.121294958797,  0.004098160696153536
                                        0.0007982465132887266,                                            42.67579704870794,                                     0.05534119453104564,31100.386899917896,1270.8389959618037,  32371.2258958797,1.6385142027973283e-06
                                         0.049635859263401055,                                             17.3837476183834,                                    0.012050888890895627, 31107.11121024167,103.18568044598814, 31210.29689068766, 0.0013638954433964835
                                          0.06710209893983368,                                             38.4947310186153,                                   0.0018647775160843985, 31104.49401072728, 551.1856429791161,31655.679653706396, 9.957395821272309e-05
                                          0.08966670672145642,                                           12.217466741893963,                                      0.2645799539954522,  31101.5717105028,15.013837236359736, 31116.58554773916, 5.358051817859782e-06
                                           0.8125910459765076,                                           1.7369934302687968,                                       1.570280680818173, 31108.09635577306, 2.443167571233911,31110.539523344294,  0.003652786983925699
                                          0.10649393787081674,                                           11.651295893675197,                                     0.05125148032680558,31108.066299277485,28.987664767678833,31137.053964045164,  0.003544630551953219
                                        0.0016165284613663556,                                            156.1441184604164,                                    0.010326406703531837,31103.314012446455, 715.4550955950477,31818.769108041502, 3.059701287866768e-05
                                          0.06332369763062896,                                           11.861890024259598,                                   0.0038767443010485187,31108.047765232885, 273.8245825658222,31381.872347798708, 0.0034795392767950815
                                         0.016333431094157903,                                           25.692742151897402,                                    0.026800569415898357,31105.482602693814,  98.5756849045405,31204.058287598353,  0.000267599814005571
                                           0.5531899823817259,                                            4.957774816836795,                                      1.4211070383694462,31099.059745975545, 2.713077387232919, 31101.77282336278,4.3458484406653604e-07
                                        0.0004931966694446321,                                           61.235101749578234,                                    0.004608396822750275,31104.204133791158,2244.6002451050917, 33348.80437889625, 7.451673496418679e-05
                                       0.00017659207488618275,                                           114.21607892558296,                                    0.010184692404599098,31104.039340783584, 5760.963603054744, 36865.00294383833, 6.319535003038828e-05
                                         0.001043909665690903,                                            6.031835254135577,                                      0.3363873523276818,31107.800696974286, 961.0758440755168,  32068.8765410498,  0.002717824202641258
                                        0.0004937124352546358,                                           30.443949055870533,                                    0.013336334852490804,31104.941176430257,2100.4865220069473,33205.427698437205,0.00015572106620421742
                                          0.18690104403719682,                                            25.99064099395239,                                   0.0030173960711438207,31105.441301670653,336.80048047995587, 31442.24178215061,0.00025677279045935585
                                         0.005232726766680573,                                           20.743161236089545,                                   0.0039020908048727327, 31106.38051253479,447.42602867162066, 31553.80654120641, 0.0006568150514311571
                                          0.15317669815051463,                                            70.63190901366407,                                    0.002087271464856706, 31104.17906977419,485.63693244601836,31589.816002220206, 7.267225781598152e-05
                                        0.0020077156925111944,                                           14.075923939735631,                                    0.007921001154733986,31107.753372366333, 624.3962006771599, 31732.14957304349,  0.002592200235209362
                                       0.00027682880604320496,                                            87.11685369737434,                                    0.001750765660123266,31104.160410743323, 4183.530981780463, 35287.69139252379,  7.13288363623338e-05
                                          0.29903635765673886,                                           3.6249478737249126,                                      1.5847907866982864,31104.952687929424,  4.25093912555604, 31109.20362705498,0.00015752400649140827
                                         0.028343803108626834,                                            1.730030240502182,                                      2.4465111005644022, 31108.17103357809, 36.26785044336199,31144.438884021452,  0.003936012828678631
                                       0.00020481809937053196,                                           2.6320129577123383,                                      0.8420143237148517,31108.185134514857,  4883.94858110423,35992.133715619086,  0.003991907453816415
                                         0.015875158059293206,                                           13.022078236662862,                                    0.020637210513018336, 31107.91479381086,111.52445270004908,31219.439246510912,  0.003046302229367141
                                          0.03493227388272501,                                            1.479765134874725,                                       2.129608118768375, 31108.24234784431,29.772175264436402,31138.014523108744,  0.004226957658927458
                                          0.10901923151501093,                                            42.97650275919089,                                   0.0015202465603375828,31104.376249291654, 666.9839986153887,31771.360247907043, 8.851209692118063e-05
                                         0.000999061471837832,                                             95.7075712464142,                                    0.002744122277448961,31104.155935972707,1365.3651062172814, 32469.52104218999, 7.101036924635144e-05
                                         0.058277575930338485,                                           1.0950863753744264,                                       5.662518671467233,31108.240800222204,18.249028505142494,31126.489828727346,  0.004220420985272034
                                          0.04706945217145384,                                           279.09065625480594,                                    0.002187597792775351, 31104.14519959613,478.37120601489283,31582.516405611022, 7.025205324844868e-05
                                           0.7956713596659908,                                           1.7424714834872879,                                       1.394002354845202, 31108.12569640677, 2.548056682346422,31110.673753089115,  0.003761549852100773
                                           0.1162045904695433,                                            5.947291906138164,                                     0.21873931729744392,31108.188589697675,13.345307604602354,31121.533897302277,  0.004005724079598566
                                       0.00012870706369305014,                                            8.219657399510346,                                     0.23570436928731375,31107.607284879865,7773.9455992247285,38881.552884104596, 0.0022398738342308505
                                       0.00020446645800193774,                                            7.849509385520629,                                     0.06863959762345012,31108.250984008282,4905.4739797576885, 36013.72496376597, 0.0042636204434182605
                                           0.2738574196006848,                                           1.8975709518692683,                                       5.349973995752188,31107.528761627444, 4.365441486481237,31111.894203113923,  0.002070719823923687
                                          0.05503341475982538,                                            13.19417004161639,                                     0.03194832676505551,31107.891668212513, 49.54711349805772, 31157.43878171057,  0.002976662995558309
                                        0.0025872697489015017,                                            141.5996372495795,                                   0.0020566285465316455,31104.148162854304, 872.7475610401281, 31976.89572389443, 7.046053696255764e-05
                                        0.0019230532837281474,                                            855.4466105952262,                                   0.0010350608986039443, 31104.13170690433,1486.1342898641008, 32590.26599676843,  6.93105300705496e-05
                                         0.007568992471315549,                                           18.232335358224613,                                    0.007387687519600074, 31106.92728802728, 267.5331824296429,31374.460470456925, 0.0011347617167371423
                                          0.01203685709339559,                                           25.519170167091335,                                   0.0040128791388726924, 31105.50973378394,332.31498850899595,31437.824722292935, 0.0002749594750446725
                                        0.0001447810268689353,                                            84.31145297535724,                                    0.019829356400105202, 31103.20583993962,6957.4245103620315, 38060.63035030165,2.7459985684370062e-05
                                        0.0010809265643125865,                                           16.202740053441115,                                     0.11250528145142423,31106.451971948336, 934.0824168737845, 32040.53438882212, 0.0007054683353569051
                                          0.10895660642458516,                                            561.4335611229315,                                   0.0026702481412924314,31103.442900095266, 383.6767775315326,31487.119677626797,3.4806008664878594e-05
                                        0.0015656673200880695,                                           38.070164553932685,                                   0.0044073636010748506,31104.508547471472, 865.6245689165369, 31970.13311638801,0.00010103201136836327
                                         0.006678845983797079,                                           24.659755438263335,                                    0.018238493045942265, 31105.64284497744,204.59610826600579,31310.238953243446,0.00031410738466846716
                                         0.011043822479432553,                                            23.39406460743755,                                    0.012193551788064468, 31105.85878466452, 172.6016637863567,31278.460448450878,0.00038981591072929006
                                        0.0002363963137584561,                                            8.969570054055685,                                     0.28441116284384865,31106.008365657493, 4233.811930050094,35339.820295707585,0.00045271174429734886
                                         0.005121467436815459,                                           213.33224699834204,                                    0.007617535986855042,31103.255315909257,  326.537270684955,31429.792586594212,2.8852765569389564e-05
                                         0.006814718277896152,                                           1.4213875217822083,                                       4.332022208253565,31108.179236634016,147.67558611375804,31255.854822747773,  0.003968432952278311
                                         0.005155046010469171,                                            104.9243272047311,                                      0.0108451269810111, 31104.05441699706, 286.2015315710688, 31390.25594856813, 6.415531475205127e-05
                                           0.3205836966131465,                                           223.59302954914045,                                   0.0023407234198447543,31104.144291042627, 430.3421338099145, 31534.48642485254, 7.018825448612422e-05
                                           0.0395676278072092,                                           131.65075114427677,                                    0.009261599967659314,31103.988186242488,133.25348629876487, 31237.24167254125, 6.004391324153105e-05
                                          0.02902461723503987,                                            27.23194519074745,                                    0.005702797128851997,31105.276302170652,209.84278036490176,31315.119082535555,0.00021771614126946367
                                        0.0028546030865116948,                                           45.462146327009805,                                     0.02207310544395582,  31104.2951288778, 395.6373964354954,31499.932525313296, 8.161546917222883e-05
                                          0.09863572958832599,                                           28.444461574205476,                                     0.04703974562464007,31104.885919356835,31.432088607527785,31136.318007964364, 0.0001473497918012608
                                       0.00023473251292742444,                                            9.672965790015496,                                    0.007309150395007656,31108.201153407077, 4397.086442867121,  35505.2875962742,  0.004056368306387896
                                        0.0012928753106535638,                                            2.735267088936145,                                      0.5945939038473441,31108.239995774275, 775.5172089922295,31883.757204766505,  0.004217027241578508
                                           0.8910098389275214,                                            9.742421785901096,                                      0.0887538257641497,31107.928472511285,12.492085884943988, 31120.42055839623, 0.0030882579808565397
                                           0.3310281511138967,                                           131.66984074126654,                                    0.006751493202477404, 31104.08749635804,151.14386864388186, 31255.23136500192, 6.631302261476522e-05
                                          0.00407698890679645,                                           13.322981464489366,                                    0.002155326600173028, 31107.87423720402, 709.3209232976027,31817.195160501626, 0.0029252263562249674
                                           0.4442459321553599,                                           2.1575365046776867,                                      3.4398835873235694,31107.348015617434,3.0052045081526755,31110.353220125588, 0.0017283207594637764
                                        0.0007839717194231393,                                            32.24661506248919,                                     0.05927104076218402,  31103.3216720485, 1292.458872861782, 32395.78054491028,  3.08322736728787e-05
                                           0.3322686882488975,                                            22.77416024615688,                                    0.009025491638316785,31105.972840348266,113.85081031987325, 31219.82365066814, 0.0004369113384458834
                                          0.05369721508373554,                                           15.024748095726297,                                   0.0011886217800654306,31107.585990005675, 860.0000099618175,31967.585999967494, 0.0021926802765641334
                                       0.00018264645759858873,                                            8.461771124028488,                                   0.0020287231226447395, 31108.24056333093,5968.0973450973615, 37076.33790842829,  0.004219421322787108
                                           0.0518602174526021,                                           113.29986425307861,                                   0.0019021594447076753,31104.151118852038, 545.0097138706273,31649.160832722664, 7.066912629304946e-05
                                          0.16644222685341573,                                            2.403014798748645,                                       2.620114509987691,31107.385007581786, 6.805897357652183,31114.190904939438, 0.0017934519782597015
                                           0.0460471185990466,                                            5.601614014042941,                                      0.4578294249179957,31107.209879660102,24.079625020551163, 31131.28950468065, 0.0015053332774772942
                                         0.013969909663913083,                                            10.66146509178865,                                    0.001052922629345882,31108.146760803655,1021.4136195918427,  32129.5603803955, 0.0038416250380226046
                                         0.032719265729637965,                                            19.34662299236782,                                    0.011505835232245068,31106.682698906843,117.52714303852446, 31224.20984194537, 0.0008885481567986793
                                         0.000847701580368921,                                            16.79031615220966,                                     0.15349678520023055, 31103.38053081929,1186.2347698101319,32289.615300629423, 3.270149379563135e-05
                                         0.004643592066154287,                                            4.813562102202177,                                      1.2727108139517538,31102.166509631526,216.34399810283037,31318.510507734358, 9.712362619859092e-06
                                         0.008047938982954639,                                            32.30311424610849,                                    0.005541558399437374,31104.797372858036,304.74102534048745,31409.538398198525,0.00013486345166770854
                                         0.021801670162876385,                                           284.71069395582225,                                    0.006660787845560338,31102.195562739198, 196.0039481025457,31298.199510841743,  9.99867594364274e-06
                                        0.0003429335167792967,                                            68.12414204799568,                                    0.008343957477969172,31104.183729128876, 3035.878988845449,34140.062717974324, 7.301165370994498e-05
                                           0.7647349460977367,                                            1.164167841806578,                                      1.3594902236340696, 31108.23725758732, 2.902195113307991,31111.139452700627,  0.004205496027112199
                                         0.011224740284479957,                                            37.07976515485351,                                   0.0012095712666514446,31104.545345217673, 915.8551052786274,  32020.4004504963,0.00010481901089099741
                                        0.0007488692303717858,                                            658.6904251036736,                                    0.001704853644287963,31104.050336981745,1921.9087578215801, 33025.95909480332, 6.389409334139146e-05
                                         0.017945720805670234,                                           47.107900952464306,                                   0.0012540804532247265, 31104.30800995877, 853.1418255552662, 31957.44983551404, 8.267356471637399e-05
                                          0.05843585471906859,                                            4.989897817935547,                                      1.4532257230044403,31099.857161127555, 18.00131051893333,31117.858471646487,  9.64689555977212e-07
                                        0.0062075557423169996,                                            559.0296799115578,                                   0.0033660964487437794,  31102.2776090365,  458.175811176519, 31560.45342021302,1.0853623375482086e-05
                                             0.34702031560968,                                           2.8942371972474388,                                       1.585636494109145,31107.230137629573,3.8578514208610324,31111.087989050433, 0.0015361392527896427
                                         0.007110918740852806,                                           330.53729317782427,                                    0.006224604903968091, 31101.32321137102, 301.2845964676152,31402.607807838634, 4.179122559105866e-06
                                        0.0009721186740126998,                                            83.45527308674814,                                    0.006596958623110895,31104.162738636598, 1180.277976596348,32284.440715232948, 7.149507569945515e-05
                                          0.03083376081744632,                                           45.490568251412924,                                   0.0018525165126411047,31104.331317531185, 572.2602198152482,31676.591537346434, 8.462311621316173e-05
                                          0.43209003264041684,                                           31.527805321589238,                                    0.014228992095597881,31104.851239528372,   72.625097222688, 31177.47633675106,0.00014232731891002448
                                        0.0002134975919656704,                                             56.8106087621837,                                   0.0028563281301989454, 31104.22409251574, 5034.011013208872, 36138.23510572461, 7.601893508670138e-05
                                       0.00012642098489276142,                                            25.22198225492845,                                    0.007602122996577178,31105.554542480328, 8041.661026030018, 39147.21556851034,0.00028756025466492713
                                         0.002837809836336767,                                            99.74694533144711,                                    0.013392743145207862,31103.891685910392, 427.0617570183529,31530.953442928745, 5.452044940789465e-05
                                           0.0947300219281374,                                           31.052095036313066,                                    0.013618331892779502, 31104.89055957595, 84.01895189911198,31188.909511475063,0.00014803511591907566
                                        0.0005918366017139381,                                           137.01381889409632,                                     0.01082453057219051,31103.642428890074,1782.0456096763537,32885.688038566426,4.2492127754534035e-05
                                         0.013839043557947598,                                           15.807638910993981,                                    0.004407990975754523,31107.436538512517,299.18330796841525, 31406.61984648093,  0.001888292861338555
                                           0.3907050014603087,                                           36.625153434873155,                                   0.0026319710865499815, 31104.56361752566, 382.5301629884327,31487.093780514093,0.00010675190154868105
                                          0.01196301392490572,                                            144.4154232732347,                                    0.012498120473084079,31102.675477904842,163.60993042314257,31266.285408327985,1.6157233501707202e-05
                                         0.009514370159451651,                                           315.13357343907774,                                   0.0019886475434468314,31104.145159233743, 607.9616613850351,31712.106820618777, 7.024921776522875e-05
                                         0.014813464153182708,                                           24.887627844043898,                                     0.11766552169897916,31098.732402123307, 76.04500138698225, 31174.77740351029, 3.132643308596445e-07
                                          0.01654431005999128,                                           466.50180061219515,                                    0.001009242421156466,31104.146009187578,1051.2881039936783,32155.434113181254, 7.030895173919621e-05
                                         0.006686338866598744,                                             81.7733897519273,                                    0.002330040872469612, 31104.16451458213, 578.7479274902845,31682.912442072415, 7.162215987367012e-05
                                           0.8071595457046052,                                           21.783160733734793,                                     0.01870080031274528,31106.123727364975, 54.75846674933549, 31160.88219411431, 0.0005080690199377708
                                           0.4856494401717515,                                           26.133692545635995,                                     0.04194583486994831,31105.204910919878,25.937632526976092,31131.142543446855,0.00020271496099054915
                                       0.00016132037460076353,                                           12.008250624953291,                                   0.0013594089528404575, 31108.03304722492, 6934.542102250383,38042.575149475306, 0.0034287024163464444
                                        0.0002360298533845154,                                           2.8661402231634847,                                      0.6168249979532374,31108.219496584803, 4238.722304143805, 35346.94180072861,  0.004131461610510052
                                        0.0003704694802024532,                                            71.52712780971332,                                   0.0018209143669733194,31104.177461836876, 3248.466307742309, 34352.64376957918, 7.255549927640668e-05
                                         0.005474289113477198,                                            16.26792280687338,                                     0.05043435116208839,31107.338036325076,202.56134687970308,31309.899383204778,  0.001711159114276745
                                        0.0007012468114226052,                                           31.682413154805605,                                     0.06350023503414617,31102.961340432925,1441.8109760487503,32544.772316481674,2.1503815237950183e-05
                                          0.23860470752283422,                                            107.8429691101808,                                    0.005480010173850051, 31104.14974268249,186.68171793059525,31290.831460613084, 7.057194048086495e-05
                                        0.0009887197224969487,                                           155.89981684668973,                                    0.013360358835893142,31101.286205638222,1086.2636773232732,32187.549882961495, 4.027297589165936e-06
                                       0.00010349800618003742,                                           14.297144066249118,                                    0.008684468530934833,31107.715785165212, 9777.239915788738, 40884.95570095395, 0.0024965750825303177
                                          0.02445742216274879,                                            17.80330103434011,                                     0.04207499805167326, 31107.01712564553, 64.71063657472132, 31171.72776222025, 0.0012414254873743071
                                         0.001479046759681749,                                           192.41379352780515,                                    0.004059177528031753,31104.141532301823, 922.4716685608214,32026.613200862645, 6.999489012822076e-05
                                         0.002817509065015349,                                            853.9242543708154,                                   0.0015697810992649664,31103.853420513653, 991.9561023510498,32095.809522864703,5.2473614013976643e-05
                                        0.0003291816850724093,                                            44.27228772841748,                                    0.040833775796410836,31103.093089882084, 3062.348198690739, 34165.44128857282,2.4532035171907597e-05
                                        0.0026957742657847446,                                           3.3932346324032054,                                      6.1309682885987575, 31098.99523585321,371.40875119755583,31470.403987050766,4.0743486181050046e-07
                                        0.0007900418401264728,                                            887.2810298742262,                                   0.0018262565026806671,31103.242771766458,1813.3250823727806, 32916.56785413924, 2.849309296654615e-05
                                          0.12987610932936103,                                            9.235181853236874,                                    0.004880076484786593,31108.218526423592,212.72274819917592,31320.941274622768,  0.004127455370375587
                                        0.0006253384688454582,                                            83.46986960035444,                                    0.002751763820078746, 31104.16306849865,1962.5492498411925, 33066.71231833984, 7.151866310180096e-05
                                         0.006929327921677317,                                             11.2941978628099,                                    0.004529668390076505,31108.099392090335,365.16939374571626, 31473.26878583605, 0.0036638948591248125
                                        0.0018269442412441716,                                            38.97140413540035,                                     0.00690340131068731,31104.478509181015, 692.2438702103893,31796.722379391405, 9.804231002111907e-05
                                            0.737694434477399,                                            9.429692331762247,                                   0.0033196169745517154,31108.203250090744, 302.7011958371953, 31410.90444592794,  0.004064882149863903
                                         0.014778006105494557,                                            49.90017415688536,                                   0.0012730414212821053,31104.275635514332, 853.2085623432798, 31957.48419785761, 8.003991547862684e-05
                                          0.00104739661252889,                                            47.52588529368339,                                    0.013540909288248507,31104.301534023816,1028.6194963015444, 32132.92103032536, 8.213990592360402e-05
                                        0.0005829594895206962,                                           2.3055351616146202,                                       5.259760062797239,31106.335130730135,1716.0089233888323, 32822.34405411897, 0.0006276738406485367
                                           0.4162660512957679,                                           20.273828959350126,                                     0.05868338834495025, 31106.23438091889, 19.49223192680594,31125.726612845694, 0.0005675170870738475
                                        0.0017921932643245014,                                            67.95629385818869,                                    0.029855718987742117,  31101.8497727332, 591.4846731552975,31693.334445888497, 7.075673777710277e-06
                                          0.37492704243089325,                                            5.089389737301839,                                      0.2377780289666554, 31108.18407576095, 7.069275822779777, 31115.25335158373,  0.003987683242796774
                                           0.3793846340077212,                                            21.06220902478098,                                     0.06942895095374615,31105.661554638955,17.086539244856244,31122.748093883813,0.00032003954886129885
                                          0.48970540428075743,                                           1.1219054418964256,                                    0.028363262846600637, 31108.26336296914, 38.19025930129774,31146.453622270437, 0.0020774673864467803
                                           0.9701976648274618,                                            4.943433406967096,                                    0.005725239700786717,31108.205984328277,   175.89818235561,31284.104166683886,  0.001961620482230242
                                       0.00014787617812592416,                                           1.2075251740033184,                                      1.9295069850671385,31108.260364691232, 6763.760831699123, 37872.02119639036, 0.0020712478904238323
                                          0.08097653247433864,                                           3.5339108692528005,                                     0.02376378197806876,31108.263675969807, 54.71307338995731,31162.976749359765,  0.002078117736897521
                                        0.0003128998660823409,                                           3.5000759740635465,                                    0.017571422898996422,31108.263677581268,3253.1068995527926, 34361.37057713406,  0.002078121085705703
                                          0.00523315085745704,                                            5.412053642601066,                                     0.02832429850735158,31108.263063534545, 226.5796138906853, 31334.84267742523,  0.002076845413964017
                                          0.23106371752997756,                                           4.1368259384726045,                                     0.03673145867554483, 31108.26361776743,31.794161676442485,31140.057779443872,   0.00207799678902205
                                           0.4002518844223474,                                             1.47847723511724,                                   0.0020847603488632896, 31108.26363347288,482.84623897857267,31591.109872451452,  0.002078029425158871
                                        0.0009297503544909885,                                             6.80839704760769,                                   0.0037344646267903603,31108.259791475448, 1343.480413076792, 32451.74020455224,  0.002070060958656473
                                        0.0007766445352237332,                                           1.1942580107511678,                                      1.5124993002395901, 31108.26232365684, 1289.088835824663,32397.351159481503, 0.0020753093706572475
                                         0.024378951158183722,                                            7.478680069607302,                                    0.008386477539358188, 31108.25567598937,160.39227823972936,31268.647954229098, 0.0020615591581224545
                                          0.06763934492582455,                                            2.358673571998102,                                       0.526209690029764, 31108.25897347488,17.108644770094834,31125.367618244974, 0.0020683683399924744
                                          0.07101090806150573,                                           3.5539948375536707,                                    0.017600302997533165, 31108.26367498732, 71.18092068184843,31179.444595669167, 0.0020781156951746376
                                            0.983296844222809,                                            4.499836907905648,                                   0.0018947191497278074,31108.202231820764, 529.0219231915145,31637.224155012278,  0.001954273280469192
                                           0.3090535343050673,                                            1.235169260236781,                                     0.06313264653215162, 31108.26368603606, 19.88495646140543, 31128.14864249747, 0.0020781386558650734
                                         0.011859851786344602,                                            6.728396309000948,                                    0.017824834910193408,31108.260133697568,140.56821094628293, 31248.82834464385, 0.0020707695005382923
                                         0.010645974547640652,                                             4.99338994247276,                                    0.011245250482005448,31108.263361581594, 183.0589143559785, 31291.32227593757,  0.002077464503865255
                                         0.036920938124442526,                                            7.999209170447004,                                    0.006907150622134587,31108.249148437244,171.98741472218651, 31280.23656315943,  0.002048146048269316
                                           0.1384018098074126,                                             4.03682581969616,                                     0.03376088108226741,31108.263634936426, 37.09313846912392, 31145.35677340555, 0.0020780324664492634
                                       0.00010648752962499635,                                            4.246505128273505,                                    0.044838652446160775, 31108.26360416271,  9413.30862694866,40521.572231111364, 0.0020779685186495638
                                         0.021509325226392612,                                           1.2015883263256346,                                      0.6282335943203184,31108.263647588006,48.915459490172765, 31157.17910707818, 0.0020780587570108492
                                           0.5941755849599338,                                            6.032404149113405,                                     0.02029073447354183,31108.260153445888, 51.13235381937622,31159.392507265264,  0.002070810395161834
                                         0.008655847574335351,                                            3.462357531779796,                                    0.014196356469643328,31108.263679234722,186.25826647319818,31294.521945707922, 0.0020781245217863565
                                           0.4053232203736198,                                           1.2265946490040711,                                    0.022314685597283394,31108.263621755366,48.095969582197924,31156.359591337565,  0.002078005075960551
                                        0.0036196537583697086,                                             6.92772445046946,                                   0.0017149898756379052,31108.259229422416, 859.5076870323118,31967.766916454726, 0.0020688978015270597
                                          0.24388965942486154,                                           3.6702006267401517,                                     0.04266178206064829, 31108.26366278741, 27.81286300705584,31136.076525794466, 0.0020780903425027634
                                          0.40968008263376643,                                           1.6389972426106916,                                     0.04608256558332447, 31108.26359935756,24.751238860949634, 31133.01483821851, 0.0020779585337274693
                                            0.644843502197562,                                            4.848530840030327,                                     0.00629715893545186,31108.260522997352,160.55878430036915,31268.819307297723,  0.002071575807596474
                                          0.12155955148561365,                                           1.8202857410385118,                                      0.2689803279225189,31108.263661092173,12.493528910608127, 31120.75719000278,  0.002078086819651611
                                         0.014710328959248196,                                           5.1113098258986485,                                    0.004085410065387738, 31108.26329362176, 312.9485601455382,31421.211853767298,   0.00207732332451919
                                        0.0006104892290835094,                                           3.3462808527363843,                                      0.2240879598979794,31108.263064776696,1642.7919100192275,32751.054974795923, 0.0020768479937222323
                                           0.4267495540722566,                                           1.9641198608960935,                                    0.014583268375514958,31108.263581693383, 71.42416267895328,31179.687744372335,  0.002077921828624327
                                          0.02936474565272568,                                           3.3431387410402276,                                   0.0013901464591313958,31108.263683700614, 753.7022264967901,31861.965910197403, 0.0020781338024864118
                                       0.00013375792983484625,                                            4.313398131692415,                                   0.0015999939363781546,31108.263592203144, 8101.426466293723, 39209.69005849687,  0.002077943667200079
                                       0.00038567249349952097,                                           3.3624029043407764,                                    0.003961146327121985, 31108.26368305114, 2845.623110822519, 33953.88679387366,  0.002078132452793383
                                          0.12159953028041219,                                           6.2982408229965605,                                    0.012495822607727684,31108.261575174773, 88.40923471958455,31196.670809894356, 0.0020737566199850546
                                           0.1189331899303235,                                            3.867976552176969,                                      0.0394722053837424,31108.263652890757,  34.0008974419969,31142.264550332755, 0.0020780697764674924
                                          0.21498706518747152,                                           1.3171850576505568,                                      0.3222251150592373, 31108.26366994857, 8.514057809247255,31116.777727757817, 0.0020781052240959642
                                          0.09021833003269879,                                            6.104759789746925,                                     0.05563064449301404, 31108.26201375615,29.223732647794275,31137.485746403945,  0.002074666330495968
                                         0.006234241322606542,                                             2.70754607714869,                                      0.2730992152923944, 31108.26330679287,164.43545294045416,31272.698759733325,  0.002077350685352263
                                         0.060036651001097355,                                           1.1932640988267016,                                      1.5553455775033076, 31108.26191380359,18.137473427267686, 31126.39938723086,  0.002074458972651907
                                           0.5209180988927068,                                           1.2415114025511398,                                    0.023010825902293145,31108.263157150384, 46.18296307252835,31154.446120222914,   0.00207703984869176
                                         0.007789802606888488,                                           1.7692568151896964,                                      0.5612559749150472,31108.263111286415,130.71988492656132,31238.982996212977, 0.0020769445895835355
                                          0.25475096188615365,                                           1.1998351599904056,                                      1.7408672572061215,31108.258899688444, 5.333276411291414,31113.592176099737, 0.0020682157280954103
                                       0.00028801653808435473,                                            3.688493209963909,                                     0.11697670241864168,31108.263645705883,3480.8426693391184,   34589.106315045,  0.002078054845852581
                                           0.3982078008556087,                                            4.072370088750425,                                   0.0019462237194570876,31108.263568083843, 516.5723533400383, 31624.83592142388, 0.0020778935492555333
                                        0.0009912434208838156,                                             2.18715051609874,                                      0.4777211557247581, 31108.26230264358,1011.3844213954418,32119.646724039023,   0.00207526576209949
                                            0.518159413672482,                                           1.3371169835977483,                                     0.13030438847368353,31108.262981999316,10.352124337313308, 31118.61510633663, 0.0020766760848015095
                                       0.00029747017705940407,                                           7.3775888486973855,                                    0.002290746655170244, 31108.25646279735, 3798.355964894672, 34906.61242769202,  0.002063181847610295
                                          0.08725345313482469,                                           1.5587161043817739,                                      0.4136137703462634, 31108.26362066994,14.520132581486987,31122.783753251428,  0.002078002820438218
                                        0.0014752934151027956,                                           3.8945864559873717,                                   0.0027892254423681805,31108.263650789937,1036.6105022456154, 32144.87415303555, 0.0020780654108215643
                                           0.9202199872527381,                                            1.333798765771303,                                    0.006616396303537008,31108.225193780065,152.97611192682123,31261.201305706887, 0.0019996663868813605
                                          0.01109256747837373,                                            5.806504980516091,                                   0.0039513493091691805,31108.262592103616, 343.4007813369981,31451.663373440613,   0.00207586655555156
                                         0.000302857744533741,                                             3.57540961078264,                                    0.015084607087116925, 31108.26367388743,3368.4526652143977,34476.716339101826, 0.0020781134094807084
                                           0.8077893683684213,                                            4.466111512554672,                                    0.004569216090649636,31108.248094148585,220.31777682620375,31328.565870974788, 0.0020459878490003244
                                        0.0004229723340374891,                                            2.128225755093121,                                     0.42815284141074256,31108.263041064158, 2367.026313246188, 33475.28935431034,  0.002076798746967739
                                        0.0009564549278089298,                                           2.5815077737944563,                                      0.5343762282226303,31108.255447055475,1047.7862849180808,32156.041731973557,  0.002061087251373545
                                           0.2665555043110679,                                            4.731127532457895,                                     0.13202512660414573,31108.262009780257, 11.53724575935282, 31119.79925553961, 0.0020746580818621274
                                         0.000998666540261549,                                             5.01933570539582,                                    0.007884481902316666,31108.263347551285,1128.3658852591004,32236.629232810385, 0.0020774353566005883
                                         0.009650813282442421,                                            1.282181453190228,                                       2.667873090344657, 31108.25005045003,104.77296150772935, 31213.02301195776,  0.002049994335659152
                                          0.02398541642258171,                                           2.6965201521105375,                                      0.3065416131873814,31108.262919750883, 45.32504893860831, 31153.58796868949, 0.0020765468189925212
                                           0.2966110115600057,                                           4.9542934104901635,                                   0.0027316184511676526, 31108.26337555858,369.65660185752233,31477.919977416102, 0.0020774935407630564
                                          0.05525245260530413,                                            3.480594001972771,                                     0.08438563166861535,31108.263675494378,30.236410018290357,31138.500085512667, 0.0020781167488997773
                                       0.00011239952968331428,                                            4.000231084829964,                                    0.004856499125605708,  31108.2636396889, 9102.994008471493, 40211.25764816039, 0.0020780423422671977
                                        0.0002774594738888568,                                            5.570263793279313,                                   0.0017339176370028085, 31108.26290300266, 4181.038138285909, 35289.30104128856,  0.002076512040810661
                                       0.00020776443094845984,                                           2.7060889143500297,                                      0.4837945947799729,31108.256248267073, 4815.579931972061, 35923.83618023913, 0.0020627392801071693
                                           0.7565108972593526,                                            4.987930536988113,                                     0.07505727551624386, 31108.24179994616,14.845500760363663,31123.087300706524, 0.0020331504303604726
                                          0.38031074029314166,                                            2.555573731633921,                                   0.0017125087909708092,31108.263652987276, 586.9593385703232,  31695.2229915576, 0.0020780699770411673
                                        0.0003719618311035353,                                            5.057832261046323,                                     0.06079953988737137,31108.263320193215, 2705.093096074608, 33813.35641626782, 0.0020773785227562657
                                         0.010005157850342594,                                           1.7362912936650845,                                      0.3069033890586863,31108.263674190388,103.78274268579706,31212.046416876186, 0.0020781140390584013
                                        0.0003752576052128898,                                           5.9863132650039725,                                   0.0031033848410400343,  31108.2622826228,2987.2319212391085,34095.494203861905, 0.0020752242140769073
                                          0.10389586818374073,                                             2.72576244349851,                                      0.2501586895581437,31108.263294636956,13.989354242744252,  31122.2526488797,  0.002077325433410956
                                        0.0018323060392944864,                                            3.394186012985535,                                     0.05043889040548388,31108.263681822904, 565.8809508917049,31674.144632714608, 0.0020781299003574125
                                          0.07298711099866059,                                           5.2890202264714645,                                     0.01006411136591886,31108.263168740876,113.25309057654658, 31221.51625931742, 0.0020770639227436537
                                          0.00597938944247666,                                            5.194231273992254,                                     0.06787458775694392, 31108.26322627008, 182.1667313372509, 31290.42995760733, 0.0020771834180135997
                                        0.0008761697316747387,                                            3.407046142556021,                                    0.016084091045259444,31108.263681441793, 1203.798115866971,32312.061797308765, 0.0020781291083593538
                                           0.9033431508200899,                                            1.573494159188788,                                    0.025119085108271638, 31108.22908027094, 41.55289442074859,31149.781974691687, 0.0020074531939221945
                                         0.020164728778626996,                                           3.6719364561828702,                                   0.0056055322747661914,31108.263668291824, 228.2590690127206,31336.522737304545,  0.002078101781205337
                                          0.02522674098801648,                                           3.1857961458734385,                                      0.1539299582667586,31108.263641197376, 46.45082965009834,31154.714470847473,  0.002078045476948637
                                        0.0005221271941494485,                                            3.758297634265033,                                     0.06823352443464745, 31108.26366136981,1930.1637614673632, 33038.42742283717,  0.002078087396603384
                                         0.020986479147094703,                                            5.269782945040199,                                     0.06271444214107816,31108.263173353436, 63.78477856282001,31172.047951916255, 0.0020770735033489376
                                       0.00020715367925504946,                                            1.087347588318347,                                       0.588976862127677, 31108.26368244921,4829.9515330655295, 35938.21521551474, 0.0020781312019054468
                                         0.008722116787615138,                                            8.060363915413518,                                    0.015020372123359459,31108.248162929187,181.35137801244537,31289.599540941632,  0.002046128578116549
                                           0.5352569631142081,                                           2.8368895664242113,                                   0.0011131377369951784, 31108.26305451385, 900.5821820246808, 32008.84523653853, 0.0020768266794576676
                                       0.00010238082021682142,                                            5.438031985283257,                                     0.01820970322427419,31108.263039534424, 9822.554136297917,40930.817175832344, 0.0020767955700211195
                                          0.08778582964380467,                                            4.594368717998484,                                    0.010299792936220364, 31108.26352372466,108.69834834637662, 31216.96187207104, 0.0020778013776425195
                                          0.04012426781449011,                                           2.1050878740387087,                                       0.327790675809078, 31108.26351948328, 28.44834012099832, 31136.71185960428, 0.0020777925649134083
                                          0.09321832043953894,                                            6.729440261165369,                                    0.006122283179542994,31108.260129716866,174.21386241425833,31282.473992131123, 0.0020707612574386624
                                          0.03532954452574384,                                           4.8129009582637305,                                    0.003498852532762038, 31108.26344641963,314.32068406652644,31422.584130486157,  0.002077640759351878
                                          0.25058095856315066,                                             4.26167279898242,                                   0.0026617660153275455, 31108.26360020499, 379.9157987718371,31488.179398976827, 0.0020779602946542435
                                        0.0012084532806941493,                                           2.2408111264507555,                                     0.37375580773432804,31108.263208314336, 830.6258739140833, 31938.88908222842,  0.002077146120977235
                                          0.05327167775537317,                                            6.965200613917622,                                     0.01084369872283267, 31108.25903937451,111.13472801273844,31219.393767387246,  0.002068504649189367
                                          0.21647084923912935,                                            2.874483202775116,                                      0.2365090102344993,31108.262875294473, 9.195616993270741,31117.458492287744, 0.0020764545052272157
                                          0.06435952466382469,                                           2.2959476703780504,                                      0.3026945463847117,31108.263442741943, 19.27692619172994,31127.540368933674,  0.002077633118452799
                                          0.16273284154916495,                                            7.707053996913684,                                    0.014352781273952692, 31108.25329049806, 75.94769972242698,31184.200990220488, 0.0020566471877288134
                                            0.737183556535781,                                           1.1907905561228493,                                      0.4549832867917945, 31108.25176045842,4.3941754242533975,31112.645935882676, 0.0020535028421046213
                                           0.2059915061324876,                                            4.764649721962579,                                     0.04356170567372294, 31108.26345883465, 28.02039036997971, 31136.28384920463, 0.0020776665534581913
                                          0.24281750624922843,                                            6.106547173127035,                                     0.00774025054725981,  31108.2620360983,133.47686218614635,31241.738898284446, 0.0020747126835168996
                                           0.8668900609900789,                                           3.4682085295356173,                                     0.03888490729057536,31108.233248333258,27.158800823186656,31135.392049156446,  0.002015837845671854
                                         0.023124340111914134,                                           3.8649399202458397,                                     0.03730905571506131, 31108.26365345519, 70.30635768086944, 31178.57001113606, 0.0020780709493977596
                                         0.004861852539624531,                                           3.8672321678730506,                                    0.015477362136923013, 31108.26365333904, 270.5519904555687, 31378.81564379461, 0.0020780707080303535
                                        0.0015799127124533087,                                           3.5556270575752578,                                     0.10719739031479404,31108.263665652827, 642.5561893546088,31750.819855007434,  0.002078096297107994
                                           0.3425579867020725,                                            2.052836686782182,                                     0.02071352912569569,31108.263675172886,  51.6839700124972,31159.947645185384,  0.002078116080802338
                                        0.0031938203140670363,                                            4.681226965339264,                                     0.03972748383460936, 31108.26349547949, 338.4897627939263,31446.753258273413, 0.0020777426906122332
                                         0.059702490137030585,                                           3.5085512898756126,                                    0.011072447917170417,31108.263677192714,107.34900345455935,31215.612680647275,  0.002078120278242921
                                       0.00043221962251678255,                                           1.5684349367603794,                                      0.5752432231719725,31108.263449378337,2316.0145679517673, 33424.27801733011, 0.0020776469064898136
                                          0.02284456295115729,                                           1.9557767622851479,                                     0.24417657549430277,31108.263680017324, 48.38079472436836,31156.644474741694, 0.0020781261481314017
                                           0.0280993587245063,                                            3.933151756008052,                                   0.0030153108824376574,31108.263646974563, 367.4830122229064, 31475.74665919747, 0.0020780574822400967
                                           0.6316988244196606,                                            2.467382782887797,                                     0.06534942272215782, 31108.26042140293, 17.29067460567394,31125.551096008603, 0.0020713653577406955
                                       0.00016169818940895325,                                            4.871864698015388,                                    0.017590283914209665, 31108.26342100577, 6241.415972107379, 37349.67939311315, 0.0020775879591487315
                                           0.4650642034943758,                                           7.0962784767881315,                                     0.02971120604919407,31108.257764181486,35.948494167205794, 31144.20625834869,  0.002065868587594408
                                          0.16268348701411267,                                            5.128718278249382,                                     0.01693748999543292,31108.263282281194, 65.38251113956453,31173.645793420757, 0.0020772997666308503
                                          0.03715049201868748,                                            5.366365005287404,                                     0.02712318924930287,31108.263104377154,63.972710437229054,31172.235814814383, 0.0020769302394823856
                                         0.010461715438835596,                                            7.302638446966998,                                   0.0017350037529688153,31108.257003611558, 672.0911844115526,31780.348188023112, 0.0020642979474372303
                                       0.00012726827481611755,                                           2.7469088998436773,                                     0.15354214445016356,31108.263682650468,  7864.29465319763,38972.558335848094,  0.002078131620143162
                                       0.00043832088516806056,                                           1.3054592431418062,                                      0.6337313006788249,31108.263607274384,2283.7775811833912, 33392.04118845778,  0.002077974984624498
                                          0.06028282081723505,                                            7.861795584939075,                                    0.010238480797693758,31108.251208912065,114.38641170160228,31222.637620613667, 0.0020523705523782646
                                       0.00010846053043930727,                                           1.9245685280126672,                                     0.30896389063291885, 31108.26364581304, 9223.700065710524, 40331.96371152357, 0.0020780550685300216
                                          0.01720221915229667,                                             3.46965787579097,                                    0.007721521548108527, 31108.26367892526, 187.9284012861088, 31296.19208021137, 0.0020781238786879022
                                         0.027646318235219583,                                            5.019210027273709,                                     0.00116027566258585, 31108.26334762178, 898.2345682138562,32006.497915835636, 0.0020774355030530414
                                         0.019281179179664824,                                            4.020583871632329,                                   0.0016186859730477048,31108.263637304783, 669.8978211826854, 31778.16145848747, 0.0020780373879777155
                                           0.5111532445891794,                                           1.4140575806372533,                                      0.3906335967691694,31108.261911635043, 5.223488908537616, 31113.48540054358, 0.0020744544740924405
                                          0.15549556984587382,                                            8.178454311576687,                                    0.010765786593008704,31108.246136893846, 99.44017347105822,31207.686310364905, 0.0020419872459637926
                                          0.03511933127978062,                                           1.7361475592823268,                                      0.2752031769774727, 31108.26368254885,32.684013170259114, 31140.94769571911, 0.0020781314089717002
                                        0.0003382843476155954,                                            3.568578774927989,                                     0.26986853068285016,31108.260674076373,2960.0787552652005, 34068.33942934158,  0.002071888802883758
                                         0.018400300186220204,                                           1.3049907471940747,                                      2.5029940242771267,31108.250451819007, 55.51274993276438, 31163.76320175177, 0.0020508173049323185
                                        0.0051145679839802675,                                           3.6628492208077694,                                    0.004204338549790264,31108.263668863925,433.64248891514404, 31541.90615777907,  0.002078102970090348
                                           0.5583925270011088,                                           1.9030794824208284,                                    0.001695601828700852, 31108.26280702203, 592.0774192424681,  31700.3402262645,   0.00207631274544633
                                           0.0345540412340736,                                             3.45069711734782,                                     0.00792565758740549,31108.263679721407, 155.4024674766365,31263.666147198044,  0.002078125533178982
                                          0.00484485514589209,                                            5.909404625344904,                                     0.06835002923186197,31108.262385698647,221.20431325884132,31329.466698957487,  0.002075438130594509
                                          0.05652436417988496,                                           3.8625683413659404,                                    0.006240189695173795,31108.263653763715,178.20191976984532,31286.465573533562, 0.0020780715905369188
                                          0.20786320722052648,                                            7.099773806140653,                                     0.04515751798443931, 31108.25822939712,27.096412659309625, 31135.35464205643,  0.002066829885549095
                                          0.06516625745659392,                                             5.12166914319614,                                     0.09164664982512627, 31108.26319424883,26.452087349424996,31134.715281598255,  0.002077116905070338
                                          0.18284084423494906,                                           3.7903574030261993,                                    0.030331420629875868,31108.263659207652,38.702176726000594,31146.965835933654, 0.0020780829034584714
                                        0.0013263537690322309,                                            5.845851951901297,                                    0.004028371262652856,31108.262529700994,1002.3570103976599,32110.619540098654, 0.0020757370200782206
                                         0.011740224794921266,                                            7.456710922859746,                                    0.031012142508812037,31108.255846347092,117.55678624690123,31225.812632593992, 0.0020619103905607167
                                          0.10510047914789808,                                            4.071887192996625,                                     0.01388210804267256,  31108.2636308914,  81.7954599302632,31190.059090821665,  0.002078024060773028
                                        0.0007042337030763517,                                           1.2623903381328423,                                      1.7002492549222585, 31108.26058432272,1421.3634583905057,32529.624042713225, 0.0020717028516422055
                                          0.06483478433057066,                                           2.8061796758168045,                                     0.14598020041743043, 31108.26367682894,22.630419756460554,  31130.8940965854, 0.0020781195222802267
                                          0.03257033275206142,                                            4.070271092895197,                                     0.08882174290091074, 31108.26362044672, 42.20697580725012, 31150.47059625397,  0.002078002356588343
                                        0.0006947485527448924,                                            7.401032914835075,                                   0.0016544382351436973, 31108.25628633445,2043.9395668748753, 33152.19585320933, 0.0020628178046762564
                                       0.00011118518030136268,                                           1.3381092274332864,                                      1.3695273899622205,31108.261370293236, 8995.481894443385, 40103.74326473662, 0.0020733317890633484
                                        0.0010078729160859898,                                            5.539016466000017,                                     0.11419600482403802,31108.262476428765,1001.1259937909643, 32109.38847021973,  0.002075626443884223
                                           0.3484160956619845,                                            6.098942194923633,                                    0.011077453126113903,31108.262023859792, 93.30755236948241,31201.569576229274, 0.0020746872922879963
                                         0.017075128910583097,                                           1.4297515387037383,                                      1.6374021370424552,31108.256427567336,  59.8748573346763, 31168.13128490201,  0.002063109162961589
                                           0.2638446346166326,                                           1.4477030509872795,                                      1.1972960608979393, 31108.25767459702, 5.316073986934128,31113.573748583953,   0.00206568352614591
                                          0.06554668749206399,                                            4.637106563139741,                                   0.0011220845773395748,31108.263510504006,  906.670370644391,32014.933881148398,  0.002077773907928741
                                           0.2352544553164906,                                           6.5531110956645655,                                    0.055058298043536354,31108.260670060394,22.565882303692014,31130.826552364088, 0.0020718804822378034
                                           0.3349062628381585,                                            3.834909234574412,                                     0.05599768779593565,31108.263592668798,21.104552683760684, 31129.36814535256,  0.002077944634803108
                                       0.00010306315486439516,                                           1.6565207214993702,                                      1.2025555593885686,31108.256320105207, 9704.223797557437, 40812.48011766264,  0.002062887468771371
                                          0.08954889208797563,                                           1.3060682909754653,                                     0.45909443286714446, 31108.26366314922,14.110941850034175,31122.374604999255, 0.0020780910943799754
                                          0.29166166536503174,                                             5.35754545684544,                                   0.0020010251829839618,31108.263107005943,503.35911842146965,31611.622225427414, 0.0020769356993007924
                                          0.04258390288041228,                                           1.2095070784485695,                                      0.5705346414358854,31108.263659205877, 26.06257690635878,31134.326236112236,  0.002078082899769181
                                       0.00011666670275165884,                                            5.494681271821456,                                   0.0014306448651086763, 31108.26298379335,  9270.59340302915,  40378.8563868225, 0.0020766798104300058
                                           0.7219506851093793,                                           4.9663426189056565,                                   0.0017031751492840475,  31108.2568215502,  588.725166319224,31696.981987869425, 0.0020639221527596545
                                          0.23651879367351442,                                            7.711691817130324,                                    0.004784732293730564,31108.253232612733,213.35577575499806, 31321.60900836773, 0.0020565281414758494
                                            0.263885176861863,                                            3.664020771365369,                                     0.10278439364622007,31108.263559133306,13.791554668440348,31122.055113801747, 0.0020778749510747376
                                        0.0029571845884434097,                                            5.778980614752203,                                     0.07078445449670764,31108.262596867793,352.45991571558295,31460.722512583376, 0.0020758764453708022
                                          0.39462004972911413,                                           2.0288114470619165,                                   0.0021738837979410983, 31108.26363974299, 463.0331709687275,31571.296810711716, 0.0020780424546674075
                                        0.0016911194957737387,                                            4.848881590493267,                                   0.0011749690657182287, 31108.26343117941,1442.6167387188057,32550.880169898217, 0.0020776090958892035
                                           0.5712779948771589,                                            5.158625332127983,                                    0.001433746994098945,31108.262185632917, 699.4174388426653,31807.679624475582, 0.0020750229480839804
                                         0.030325913245510393,                                           1.1511430528787143,                                      1.3575068120613434, 31108.26291957728,34.580445596440406,31142.843365173718,  0.002076546458494995
                                         0.007673846208804807,                                            5.257861361951017,                                    0.046321113281493444,31108.263190573885, 152.0913686563529, 31260.35455923024, 0.0020771092717954127
                                          0.02196570569314172,                                            3.086922871992004,                                     0.13370260371056886, 31108.26367554345, 53.32874518824385,31161.592420731693, 0.0020781168508785717
                                         0.004214504089333091,                                            4.759648556561492,                                    0.039582418496147374, 31108.26346707388, 262.7496818072896, 31371.01314888117,  0.002077683671906622
                                         0.006383911642710553,                                            3.535415113035896,                                   0.0026415460915704993,31108.263675918006, 535.4927992536112,31643.756475171616, 0.0020781176292485725
                                           0.1303774701395419,                                           7.7068002611759905,                                    0.021271514806499196, 31108.25328986662,54.811018856620294,31163.064308723242, 0.0020566458890792167
                                           0.2695274537897662,                                           3.6047019416928068,                                     0.23322760408643628,31108.259326784006, 8.275269762471693,31116.534596546477, 0.0020690992425121406
                                       0.00011511228824002778,                                            3.389331336200519,                                     0.02875057583175038, 31108.26368208948, 8722.246807554457, 39830.51048964394,  0.002078130454338155
                                         0.010895284920091374,                                            3.780622007045829,                                      0.2348318473138101,31108.261479813402, 96.30569525884097,31204.567175072243, 0.0020735588731399888
                                         0.000477430550515439,                                            3.444330808725749,                                     0.10860481913118991, 31108.26367223838, 2104.043503354837, 33212.30717559322,  0.002078109982566174
                                          0.03668166248632811,                                            7.494955964043687,                                   0.0033096134181212922,31108.255542954736, 329.5450933542477,31437.800636308984, 0.0020612849175946205
                                        0.0015505888319975352,                                            2.498731828288469,                                     0.17412959921124002, 31108.26368335623, 651.0593440741261,31759.323027430353,  0.002078133086807125
                                          0.08871332272717276,                                            7.598158683162469,                                     0.07503033194848013,31108.253892187055,24.731818067238294,31132.985710254292,  0.002057885022062254
                                        0.0005679913290937032,                                            4.529025800298159,                                    0.054865371963621956, 31108.26354097922,1779.0374874489798,  32887.3010284282, 0.0020778372294978057
                                           0.6178155185032014,                                           3.9672072110679344,                                    0.006782758832145981,31108.261571183128,149.30330658389045,31257.564877767018, 0.0020737483423015047
                                         0.004593594299289138,                                           3.2713267198299594,                                      0.2444051006619606,31108.262802714788,222.09170738203932,31330.354510096826,  0.002076303802281602
                                        0.0007313772047564374,                                            5.625205405253337,                                    0.025196723062892563,31108.262839130708,1407.1489932578747, 32515.41183238858,  0.002076379414172481
                                       0.00016429818591858237,                                            4.356245315723378,                                     0.03736090878721777, 31108.26358340662,   6113.4899695383, 37221.75355294492, 0.0020779253885999313
                                         0.004857157678933522,                                           2.7635990783921587,                                     0.33762160406446473, 31108.26222248305,209.20546743809427, 31317.46768992114, 0.0020750994143612397
                                       0.00015336645145274362,                                            3.530185264647524,                                     0.03670733884572684, 31108.26367613775, 6547.856598958313,37656.120275096066,  0.002078118085904236
                                          0.03401869609175311,                                            5.945488972754629,                                     0.06692241211126942,  31108.2623174446, 44.50647242503389,31152.768789869635,  0.002075296478381399
                                         0.004592726201858018,                                           4.3203658723712035,                                    0.008725004973623803, 31108.26359084331, 332.5801781054522,31440.843768948762, 0.0020779408415459986
                                       0.00028803888746241487,                                           2.6171462077481813,                                       0.210338267277081,31108.263635157655, 3476.889787768381,34585.153422926036, 0.0020780329261706272
                                        0.0009887172783033134,                                            4.319342923302636,                                     0.14798031490334376, 31108.26324683712,1018.4006464544982,32126.663893291618,  0.002077226139968077
                                        0.0001690640839699094,                                            7.465742765871578,                                    0.005512133538577866,31108.255780535088, 6096.468757082095,37204.724537617185, 0.0020617746965703758
                                          0.42922106688297335,                                            1.358887860328661,                                      0.5924653919772068,31108.262138333448, 4.753559964600087,31113.015698298048, 0.0020749248029217878
                                           0.3084387812292947,                                            4.204233416695378,                                    0.009868484666468204,31108.263601585353,104.81267006792244,31213.076271653277, 0.0020779631629935197
                                           0.1827691718223757,                                           1.9825681940122908,                                     0.21205257253310128,31108.263661383928,10.691590192860918, 31118.95525157679, 0.0020780874259438914
                                           0.4294018396404132,                                           3.4681273084398665,                                     0.17910048585124422,31108.260499329095, 8.200618772976776,31116.461118102074,  0.002071526777587681
                                        0.0004744783376721403,                                            4.278369610998657,                                    0.005006125592621819,31108.263598810005, 2307.566786700349, 33415.83038551035,  0.002077957395929475
                                          0.42437481875100025,                                           1.5113259464536362,                                    0.011555767172434101, 31108.26359125678, 89.55495491111726,31197.818546167895,  0.002077941700706569
                                          0.07704273025305745,                                            6.108126398527181,                                     0.13432297212627275, 31108.25837036856,20.588269268359202, 31128.84663963692, 0.0020671212700695083
                                        0.0001873686635868606,                                            4.989596786251209,                                     0.13200570486363192,31108.262852221138,  5344.84759042223, 36453.11044264337, 0.0020764065950497645
                                        0.0004886103579157362,                                           2.0050047708423673,                                      0.8678522092073231, 31108.25443020264, 2048.271572974514,33156.526003177154, 0.0020589924941688625
                                         0.015955256104414412,                                            7.871905811246871,                                    0.003949244434561804, 31108.25106461305,316.01529717478724, 31424.26636178784,  0.002052074418697177
                                           0.4976380230221246,                                            5.436568669408331,                                     0.12452398089760307,31108.252618257862,10.224013984498379, 31118.47663224236, 0.0020552650914154487
                                          0.02236946844410064,                                            2.727897117145427,                                     0.03445797312826286,31108.263694811983, 74.09123145040002,31182.354926262382, 0.0010439416456770822
                                         0.005898304799936968,                                            2.208994443567409,                                    0.010132022826290164,31108.263697040118, 268.6899073828369,31376.953604422954, 0.0010439439717222685
                                         0.012070068640274831,                                           2.5960363126735393,                                     0.05532712545236506,31108.263695688318,101.30908982155908,31209.572785509878,  0.001043942560519589
                                        0.0006619818322997705,                                           2.7041515112429937,                                     0.06244856565938462,31108.263694956593,1526.9984547386657, 32635.26214969526, 0.0010439417966411368
                                          0.06441409619002064,                                           2.6141275494908425,                                   0.0038669705153529946,31108.263695603968, 274.5074574602884,31382.771153064255, 0.0010439424724628533
                                         0.049380017482207564,                                            2.432697585615762,                                     0.16642584085998197, 31108.26368495672,26.670855218045226,31134.934540174767,  0.001043931357408554
                                         0.001516968817359046,                                            2.657234154600513,                                    0.004019081835856026,31108.263695332957, 908.3987102240155,32016.662405556974, 0.0010439421895427569
                                          0.09468261456723077,                                           3.2109892523152843,                                    0.004096743515871546, 31108.26368750976,254.96934758218813,31363.233035091947, 0.0010439340226093617
                                           0.1918081185368676,                                           2.0321873374772697,                                    0.005650602774367455, 31108.26369709012,182.67789430268596,31290.941591392806, 0.0010439440239198659
                                           0.0123824527874646,                                           2.0463841797548206,                                   0.0011753469015027376,31108.263697271213, 932.0607504401157, 32040.32444771133, 0.0010439442129728707
                                           0.1470793700099266,                                           2.4141618459887693,                                    0.003959598340481339,31108.263696493912,  259.764141049735,31368.027837543646,  0.001043943401513819
                                        0.0054881807425319305,                                           2.5902464183371143,                                    0.001154866699227566,31108.263695741327,1048.4966072536272,32156.760302994953, 0.0010439426158579304
                                          0.03436214246490864,                                           3.2743470931884686,                                   0.0027583382801847594,31108.263685817208, 391.9443128160234,31500.207998633232, 0.0010439322556988133
                                         0.004958401167877937,                                           3.2161043327683396,                                   0.0034306699354237974, 31108.26368738246,493.47710536931055, 31601.74079275177,  0.001043933889716408
                                          0.00012274320491279,                                           3.0691837177896555,                                   0.0045639332244607235, 31108.26369054866,  8366.52558334614,  39474.7892738948,  0.001043937195027291
                                         0.001414909098212834,                                            1.139335517543927,                                      0.2933143610715175,31108.263696950493, 711.0462002165865, 31819.30989716708, 0.0010439438781585375
                                        0.0030564167676776655,                                             1.18594862918841,                                      0.3969570994166622, 31108.26369315853,330.54288179670823,31438.806574955237, 0.0010439399195689234
                                          0.00591585932444213,                                            2.693380618211048,                                    0.006897902227624517,  31108.2636950807, 314.3800418330002,  31422.6437369137,  0.001043941926200595
                                          0.12590135830315327,                                           2.7653762685091414,                                     0.12195699373972015,31108.263684459016,16.503952265982768,   31124.767636725, 0.0010439308378392398
                                          0.02429491352406375,                                            2.964876683370629,                                    0.002861696982472652,31108.263692236844,390.94116878753067,31499.204861024373, 0.0010439389573850082
                                        0.0002392281533235546,                                           2.1311788017492668,                                     0.02980923893920302, 31108.26369716581, 4214.125887113659, 35322.38958427947, 0.0010439441029378577
                                        0.0021432810469246832,                                            1.101371121823151,                                     0.26686653457668824,31108.263697280843,471.22951866331766, 31579.49321594416, 0.0010439442230257717
                                         0.000235193378963826,                                            2.264619829182491,                                   0.0022049056375389392,31108.263696928985, 4705.796095176305, 35814.05979210529, 0.0010439438557056742
                                         0.006504774873527485,                                             2.88274937721484,                                   0.0035777295968561916,31108.263693303797, 433.5869827418294,31541.850676045626,  0.001043940071220136
                                           0.2290025023238063,                                            1.440316332190914,                                   0.0010815890620928038, 31108.26369678618, 929.6266193176502, 32037.89031610383, 0.0010439437066250526
                                         0.019214011726265263,                                           2.2504950229183844,                                    0.008433402729017091, 31108.26369695905,171.06579786220595,31279.329494821257, 0.0010439438870910708
                                        0.0012823076273420374,                                           2.5136941846867957,                                     0.02414931042276004,31108.263696125494, 821.6509414557374, 31929.91463758123,  0.001043943016906231
                                          0.13218911809178335,                                            2.971447691492631,                                     0.01444629152181526,31108.263692121775, 77.12337302172811,31185.387065143503, 0.0010439388372597217
                                          0.10646779683695846,                                            3.020176541044068,                                     0.04975807313698723, 31108.26369122302,29.820859164884595,31138.084550387903, 0.0010439378990144883
                                          0.14396694218254677,                                            2.223586363030197,                                   0.0036505430894293654,31108.263696993115, 281.3276069405793,31389.591303933696, 0.0010439439226540988
                                        0.0004457049583564971,                                           2.4524380050448875,                                    0.010294237847550214,31108.263696379963, 2341.186176006076, 33449.44987238604,  0.001043943282557757
                                          0.25341431796750763,                                            2.381296193636011,                                     0.00796318299079382, 31108.26369476511, 129.9439717595229,31238.207666524635, 0.0010439415967457438
                                           0.1071994607035858,                                            2.961831197771574,                                     0.01636897481918878, 31108.26369227284, 70.75721489063051, 31179.02090716347,  0.001043938994964515
                                        0.0033178645199624683,                                           1.8642681364461697,                                     0.13778914382055438,31108.263697135713,309.19255333099466, 31417.45625046671,  0.001043944071518274
                                          0.21558931660966346,                                           2.2040725077195416,                                     0.03725924644683747,31108.263696107246, 31.93112978190946,31140.194825889153, 0.0010439429978562529
                                         0.017549109052321973,                                            3.095445034065193,                                     0.00504176309267721,31108.263690056094,255.64931907465797,31363.913009130752, 0.0010439366808175925
                                          0.04708447390362495,                                           2.8912423047735993,                                    0.003988935465610391,31108.263693202913,272.27774722547974, 31380.54144042839, 0.0010439399659024663
                                         0.011500033951402975,                                            2.869155787919125,                                    0.001306503157934495, 31108.26369346097, 852.7067000252345,31960.970393486205, 0.0010439402352978788
                                          0.03142887816649759,                                           2.3911745149331205,                                    0.052361673644819494, 31108.26369658206, 51.33401386508013,31159.597710447142, 0.0010439434935355825
                                        0.0005500002780742367,                                           2.2301262304666394,                                     0.05735612041150165,31108.263696993952,1836.0642350082237,32944.327932002176, 0.0010439439235276034
                                          0.23133212235119094,                                           2.7127821185896157,                                     0.05035685338698736,31108.263692032902,24.549684634956964, 31132.81337666786, 0.0010439387444826011
                                        0.0026383665250079196,                                           3.1969703942545125,                                   0.0011769719016586357, 31108.26368785519,1228.9731467697295, 32337.23683462492,  0.001043934383215267
                                        0.0016955376499763397,                                            2.975071178613798,                                     0.06211937742164844,31108.263691995937, 606.2175864028269,31714.481278398765, 0.0010439387058928814
                                          0.03557938783092824,                                            2.596268512190737,                                     0.00792555563288238,31108.263695707486, 154.6654481534751, 31262.92914386096,  0.001043942580530413
                                         0.005512519229591453,                                           2.4323754732318665,                                   0.0017686387687835794, 31108.26369645404, 747.2229650286401, 31855.48666148268, 0.0010439433598894501
                                          0.03821809346105613,                                           2.9349797249642062,                                    0.002482424665926839,31108.263692649627, 429.3382974883322, 31537.60199013796, 0.0010439393883056288
                                         0.031837548824074864,                                           2.1666602120962284,                                      0.0755448138410711,31108.263697078095, 45.10816908666118,31153.371866164754, 0.0010439440113679842
                                        0.0002000797297326877,                                           2.8693779222352385,                                     0.10821327048849003, 31108.26369170084, 5007.597069353463,36115.860761054304,  0.001043938397828401
                                       0.00011751830941819618,                                           1.4076060182075452,                                     0.19187623482156654,31108.263697290753, 8515.234454581596, 39623.49815187235, 0.0010439442333711067
                                         0.005524207509897599,                                           2.0622097310922824,                                    0.027094889823593846,31108.263697253635,218.41368556044105,31326.677382814076, 0.0010439441946216747
                                           0.3179767454412347,                                            2.678433381058766,                                    0.006979488640176135,31108.263684103058, 146.7952088595842,31255.058892962643, 0.0010439304662437348
                                         0.000903298753268938,                                           2.8414494536077575,                                     0.07777656074608982,31108.263693549125,1120.2627257885556, 32228.52641933768, 0.0010439403273269587
                                         0.010747995723218082,                                           3.2303094984576517,                                    0.006735484126505658, 31108.26368701856,241.81759788673543,31350.081284905296, 0.0010439335098292018
                                         0.001858317357979332,                                           3.0142012571383425,                                    0.008055240024335358,31108.263691489123, 662.5957744252429,31770.859465914367,  0.001043938176810156
                                        0.0006989427196249497,                                           2.3644042962022525,                                     0.01274340244470732,31108.263696675265,1509.6273253701468,32617.891022045413, 0.0010439435908363582
                                          0.00760029617461151,                                            2.444975458906868,                                    0.010223452308844798,31108.263696408005,229.79713846541142,31338.060834873417, 0.0010439433118315355
                                           0.2624954494748688,                                            2.314080536169455,                                    0.027525280538948465,31108.263693484918,40.571965181964835, 31148.83565866688,   0.00104394026029901
                                        0.0005729112549397801,                                            2.252552526164857,                                    0.002778089905123447, 31108.26369695476, 2105.874526694007, 33214.13822364877, 0.0010439438826134106
                                          0.05838944619491428,                                            3.047407392843751,                                    0.029259149672122665,31108.263690924956,51.631873666601535,31159.895564591556, 0.0010439375878550205
                                        0.0054167166089801036,                                           2.0836931657929916,                                   0.0033295252578298714,31108.263697228605, 485.4367183460871, 31593.70041557469, 0.0010439441684924886
                                          0.06773203559452315,                                            2.093213089562128,                                     0.01339264871224251,31108.263697216647, 89.90962555669097, 31198.17332277334, 0.0010439441560089664
                                          0.15759383150892645,                                            3.010965640265425,                                   0.0014132137023804671, 31108.26369150236, 714.2846102795385,  31822.5483017819, 0.0010439381906304412
                                          0.11497815925585642,                                            2.170924833647813,                                    0.006440164569400973,31108.263697101953, 164.4334722922045,31272.697169394156, 0.0010439440362742598
                                       0.00026759645231319833,                                            2.540760717585114,                                    0.022238200360512085,31108.263695998736,3782.3315703102585, 34890.59526630899, 0.0010439428845780108
                                         0.005356111017165775,                                            2.809322375302276,                                    0.003753444031486641,31108.263694093857, 453.4805676892665,31561.744261783122,  0.001043940895995606
                                          0.02961081751414442,                                           2.3227632357370362,                                     0.00925339949993126, 31108.26369679048,142.27035501344812,31250.534051803927, 0.0010439437111141054
                                          0.04473312736318017,                                            2.227071532685271,                                    0.008045190916120949, 31108.26369700608, 147.1016758083983,31255.365372814478, 0.0010439439361896216
                                       0.00014663742483837073,                                           1.0398461305296534,                                      0.5561697748671722,31108.263689455798, 6822.301164648786, 37930.56485410458,  0.001043936054147177
                                         0.001989720225672791,                                            2.136563187485896,                                    0.001612677783945918, 31108.26369715834,1123.1379344002562,32231.401631558598, 0.0010439440951408789
                                          0.04144465271490528,                                           2.8583448953614994,                                     0.06136643678585449,31108.263693476987, 40.77397051036221, 31149.03766398735,  0.001043940252019735
                                        0.0003492262132316784,                                            2.230858754003786,                                     0.02179772237724033, 31108.26369699862,  2909.79809026633, 34018.06178726495, 0.0010439439284002396
                                        0.0011844143557592623,                                           2.8963877440158092,                                     0.08024786587799956, 31108.26369283755, 857.1057696717951,31965.369462509345, 0.0010439395844863213
                                          0.00486019601358296,                                            1.328003386032097,                                      0.2948244910379406, 31108.26369540351,209.89787704116404,31318.161572444675,   0.00104394226319806
                                       0.00047720727771853724,                                           2.2084929382573812,                                    0.011088997202247236,31108.263697041035,2186.1577370072437, 33294.42143404828, 0.0010439439726793258
                                        0.0018510390187949598,                                           1.5818614700137401,                                      0.1596805659944729,31108.263697317518, 547.1317956615859,31655.395492979103, 0.0010439442613118675
                                         0.009630839791602624,                                           2.2027297348808905,                                    0.001467318861457958, 31108.26369705147,  785.802214082091, 31894.06591113356, 0.0010439439835715483
                                         0.036819674697096565,                                           2.4204983987706377,                                     0.00875667456832695, 31108.26369649588,141.77113334092022,  31250.0348298368, 0.0010439434035684526
                                         0.009234685449786926,                                           2.1622032560015896,                                     0.02320788554106507,31108.263697119473, 151.8386855027126,31260.102382622186, 0.0010439440545646876
                                          0.15861489750491817,                                            2.752696603258275,                                    0.003032945525207161,31108.263694569563,336.38034120610956,31444.644035775673, 0.0010439413926044076
                                         0.003464948691207354,                                            2.050866801225327,                                   0.0018219768770340796,31108.263697266375, 837.9465468034249,  31946.2102440698, 0.0010439442079217343
                                          0.20010167263620823,                                           1.4909554075971108,                                    0.007332834145982399,31108.263697252114,142.04108975152974,31250.304787003643, 0.0010439441930341746
                                          0.07003052981097359,                                           3.2745678323094936,                                   0.0021450209918648265,31108.263685810813,   480.78077405091, 31589.04445986172, 0.0010439322490222748
                                        0.0005556785142880419,                                           2.6936157201336735,                                    0.002532291492230971,31108.263695078986, 2194.872195696048, 33303.13589077503,  0.001043941924411813
                                        0.0014140532522704298,                                            2.301475575336939,                                   0.0016013672331444632, 31108.26369684407,1332.0878297176178,32440.351526561688,  0.001043943767060163
                                         0.036287210293002026,                                            2.042782628746786,                                    0.055799728403657455,31108.263697269875, 45.96868147216726,31154.232378742043, 0.0010439442115752632
                                         0.004744824014754157,                                           2.1193681910796993,                                   0.0014520000316668442,31108.263697182556,  899.933030462204, 32008.19672764476, 0.0010439441204193453
                                        0.0060554465767218265,                                           2.3021745570363814,                                     0.08974536466842745,31108.263696741218,176.71759532658186,  31284.9812920678, 0.0010439436596874864
                                        0.0017710922261725116,                                           2.3864201880914613,                                     0.03211130608223548, 31108.26369660747,   596.18405249188,31704.447749099352, 0.0010439435200635253
                                       0.00010720049311013866,                                            2.244694788361979,                                    0.002878973062865083,31108.263696971033, 9676.106871713808, 40784.37056868484, 0.0010439438996011747
                                        0.0055876833682346454,                                           3.0731894958844883,                                      0.0434943614548826,31108.263690451025, 202.2819248079332,31310.545615258958, 0.0010439370931013654
                                          0.01982520562837485,                                           2.0118791029295946,                                     0.07600315367426648, 31108.26369728949, 64.09523525806516,31172.358932547555,  0.001043944232053254
                                       0.00023557970930893803,                                           2.6995572881951277,                                   0.0013803179076767589,31108.263695035177, 4969.688971688633, 36077.95266672381, 0.0010439418786782415
                                          0.10323587546580232,                                           3.1346977815720307,                                   0.0017276001010928183,31108.263689262036, 588.8432251973165,31697.106914459353, 0.0010439358518716526
                                          0.13394949398437506,                                            1.963695281321385,                                   0.0035761862440690274,31108.263697337243,287.60223907015035,31395.865936407394, 0.0010439442819037948
                                        0.0014727507074982244,                                           2.2140508152740943,                                    0.004535239501288383,31108.263697030805,  899.948723613198,32008.212420644002, 0.0010439439619997827
                                         0.028721611070981964,                                            2.730169704346321,                                    0.002933677788291708,31108.263694798494, 376.0523294110903,31484.316024209584, 0.0010439416315947004
                                        0.0008885725083720325,                                            2.071735553931051,                                     0.11552963244860336,31108.263697042625,1134.5390366963968,32242.802733739023, 0.0010439439743389846
                                        0.0019123303229198773,                                            1.029116991063861,                                      0.4448770032043018,31108.263695015376, 526.1417297955462, 31634.40542481092, 0.0010439418580066072
                                        0.0020440127978985094,                                            3.088015046535131,                                    0.006699766826416357, 31108.26369019843, 638.8164858905753,31747.080176089006, 0.0010439368294072918
                                          0.10656865919242732,                                           1.6522665144661353,                                      0.1827796405000934,31108.263695233625,15.459919959352119,31123.723615192976, 0.0010439420858465507
                                        0.0006825465629578878,                                           1.6034628817142749,                                      0.2134555981235263,31108.263696167807,1470.4099752385616, 32578.67367140637, 0.0010439430610789389
                                           0.0993451629970955,                                            2.396822145649018,                                    0.015443888071353684,31108.263696572667,  75.2336684695495,31183.497365042218, 0.0010439434837295487
                                          0.03734541966860724,                                           2.0150461989589665,                                     0.08891141361145218,  31108.2636972475,38.520461929422886,31146.784159176925, 0.0010439441882185048
                                         0.058237587977393736,                                            3.149319599724799,                                    0.005510767742859335,31108.263688949773,198.95148861669247,31307.215177566464, 0.0010439355258899216
                                         0.005533271185561045,                                            2.492646053863412,                                   0.0011408758713709717,  31108.2636962182,1057.6456467698804, 32165.90934298808, 0.0010439431136866578
                                        0.0010877721098899783,                                           1.4408099116858848,                                     0.19585235536618906,31108.263697194685, 925.1101448777637,32033.373842072448,  0.001043944133081366
                                        0.0014985963342267312,                                           2.2750631161879076,                                     0.00437162941939227, 31108.26369690589, 896.4783106824906,32004.742007588382, 0.0010439438315969502
                                        0.0003786558521426056,                                           2.1053338903060834,                                     0.17436187025607364, 31108.26369392891,2647.1306766495954,33755.394370578506, 0.0010439407238017877
                                         0.022286597718520606,                                            2.061711389954234,                                     0.15385626256319562,31108.263695706042,  51.8546230452459,31160.118318751287,   0.00104394257902267
                                       0.00015701414767198914,                                            2.000531764126545,                                     0.03923682311535856,31108.263697316164, 6394.838968223608, 37503.10266553977, 0.0010439442598990684
                                         0.006792848183579177,                                            2.003115636798061,                                     0.04208932707420371,31108.263697313534,171.47186833322078,31279.735565646755,  0.001043944257153225
                                         0.005153896276075028,                                           2.3797639401325497,                                    0.009326110459685446,31108.263696629056, 301.6740105301222,31409.937707159177, 0.0010439435425961365
                                          0.04682095941479109,                                            2.897762463894126,                                     0.01924985729339016,31108.263693122568, 73.65148709819944,31181.915180220767, 0.0010439398820273615
                                       0.00025975146990665104,                                            2.790019137327149,                                   0.0024828294038242967,31108.263694278852, 4252.958559921953,  35361.2222542008,  0.001043941089119324
                                        0.0064422716869154874,                                           2.3925735755263844,                                    0.014937320343888939, 31108.26369658883,222.58911998211835, 31330.85281657095,  0.001043943500603371
                                        0.0015244457313581628,                                            1.259274460651591,                                     0.26319683657056603, 31108.26369684006, 660.5696684433345,31768.833365283394, 0.0010439437628711398
                                         0.003558276733946565,                                            2.698008247874089,                                    0.001320949511892185,31108.263695046662,1038.4367633836464,32146.700458430307, 0.0010439418906680177
                                         0.024251493637166017,                                           3.0672242602231634,                                   0.0022975079794282202,31108.263690584252,476.81480235954746,31585.078492943798, 0.0010439372321813783
                                       0.00023739046564720786,                                            2.334470029977216,                                     0.00716372174864848,31108.263696759546, 4352.489702603697,35460.753399363246, 0.0010439436788210292
                                         0.007375990891308678,                                            2.295574702481968,                                     0.12615735679842047, 31108.26369599517,143.93723417895163,31252.200930174124, 0.0010439428808561254
                                          0.03800473364867947,                                            2.783522919180484,                                    0.026923775565015816,31108.263694336227, 63.81366202554254, 31172.07735636177, 0.0010439411490149903
                                        0.0038844912888609264,                                           2.4637745320371987,                                    0.025609352315515834, 31108.26369633571, 296.8880824224814, 31405.15177875819, 0.0010439432363607893
                                         0.004270704431729177,                                            3.003773960713639,                                    0.008338369426960401, 31108.26369165442, 354.4138472263634,31462.677538880784, 0.0010439383493719432
                                        0.0006959251728466651,                                            2.681450431846339,                                    0.001427786996881534,31108.263695166606,2137.6936097924213,33245.957304959025, 0.0010439420158827597
                                        0.0008493058154788299,                                           2.5361021197046854,                                   0.0011707115666828173, 31108.26369602159,2032.0078500122365, 33140.27154603383,  0.001043942908436055
                                          0.05466192408784335,                                             2.51639188719102,                                   0.0025999064710400385,  31108.2636961137,  403.320885177426,31511.584581291125, 0.0010439430045936255
                                          0.01703835161317599,                                            2.416884503960058,                                    0.018814883000090928,31108.263696508187,112.25429306478517,31220.517989572974, 0.0010439434164165589
                                          0.03560582343961539,                                           3.1397086938314556,                                    0.008752208162240246, 31108.26368915693,142.66067460009617,31250.924363757025, 0.0010439357421489417
                                       0.00018049982122599523,                                           2.7762676676371636,                                      0.0557993118722563,31108.263694374138, 5558.453255958187,36666.716950332324, 0.0010439411885922376
                                         0.002800604774844634,                                           2.5312740075119753,                                    0.003638868437012348, 31108.26369604462, 632.2714969749338,31740.535193019554, 0.0010439429324801941
                                          0.09292964080599118,                                           3.1445545646886894,                                    0.010350274494371477,31108.263689050924, 107.6946344685979, 31215.95832351952,  0.001043935631484384
                                           0.0819511107992143,                                           1.6436164617018167,                                      0.1848226129419067,31108.263695815174,18.221404933401498,31126.485100748574,   0.00104394269295031
                                         0.000457509606326023,                                           2.1682391288752476,                                    0.016083196602747568, 31108.26369710999, 2248.384352793141, 33356.64804990313, 0.0010439440446637022
                                           0.0232925741886648,                                            2.544162644933324,                                     0.03387290031863641,31108.263695979804, 72.84731930554351,31181.111015285347, 0.0010439428648140407
                                         0.005149930102256582,                                           1.7482475810375688,                                     0.23316973336490288,31108.263692703862,199.03811538528566, 31307.30180808915, 0.0010439394449236706
                                         0.001181123798223164,                                           2.3719807928918137,                                    0.019176150688675987,31108.263696652633, 899.2209984210484,32007.484695073683, 0.0010439435672099668
                                       0.00012063168044492637,                                            2.533425498174893,                                   0.0010674394144609843,  31108.2636960344, 9226.912382345105,  40335.1760783795, 0.0010439429218082575
                                        0.0002926520454265872,                                           2.7955081080615045,                                     0.00988521421740926, 31108.26369422712,3518.5461055130627,34626.809799740186, 0.0010439410351141037
                                          0.18467324305789323,                                           2.1739871497658343,                                     0.05628625842092407, 31108.26369651315,23.641279643554874,31131.904976156704, 0.0010439434215968183
                                        0.0029158127665029365,                                           2.8296923009282526,                                     0.03712985011445924,31108.263693882418,370.24345279985226, 31478.50714668227, 0.0010439406752654674
                                        0.0003077426589799507,                                            3.002835033502307,                                    0.006577979980410565,31108.263691669137, 3401.823623987063,  34510.0873156562,  0.001043938364734148
                                         0.023272896458194196,                                            2.013868669571588,                                     0.00746807762152067,31108.263697304163, 177.3682624496175, 31285.63195975378, 0.0010439442473699709
                                          0.23098325963058905,                                            2.722631188440718,                                    0.028333948858670965,31108.263693362474, 39.98996074989637, 31148.25365411237, 0.0010439401324753678
                                        0.0002637677573373268,                                           2.4320951674258633,                                    0.038717563122148774,31108.263696452872,3817.4531854506604, 34925.71688190353, 0.0010439433586703422
                                        0.0010850849650599194,                                            1.638301593788776,                                     0.16392801467340598, 31108.26369719976, 928.2974446143987, 32036.56114181416,  0.001043944138379362
                                          0.01742043283023031,                                           1.0825224062330283,                                     0.38622430429740956,31108.263695479593, 60.91679240635788, 31169.18048788595, 0.0010439423426222873
                                         0.003938912682175918,                                           3.2368804564755407,                                    0.004690340883884313, 31108.26368684646,467.39022811580537,31575.653914962266, 0.0010439333301701127
                                         0.003752865741236444,                                           1.3487237470581563,                                     0.12021050012832163, 31108.26369752665,275.52321878293714, 31383.78691630959, 0.0004474340333913841
                                         0.005377777942934106,                                           1.4806020665535282,                                    0.010086186774502008,31108.263697524715, 285.7713053750777,31394.035002899793,0.00044743403252541815
                                         0.041021922253952944,                                           1.4487739191056366,                                     0.00950382496404181,31108.263697527997,130.28824157232515, 31238.55193910032, 0.0004474340339936536
                                        0.0004375263861928477,                                           1.0317090692543232,                                     0.18044422827305842,31108.263697530503, 2292.087583686342, 33400.35128121685, 0.0004474340351151772
                                         0.002774074452242679,                                           1.8887934266913708,                                   0.0010565111320518746,31108.263697400907,1307.5215904659217,32415.785287866827,0.00044743397712964544
                                          0.05036693643345554,                                           1.8040387403232403,                                    0.004777990921103761,31108.263697445276, 229.7015952689866,31337.965292714263, 0.0004474339969817498
                                        0.0005644389319197793,                                            1.062848505319773,                                      0.2565272361297207,31108.263697390412,1776.5099353585188, 32884.77363274893,0.00044743397243357134
                                          0.03411104341425504,                                            1.387952081353438,                                     0.01374772516399435,31108.263697533024,102.77581197007166,31211.039509503094, 0.0004474340362432118
                                        0.0005838398420732393,                                           1.6643726131213448,                                   0.0023145896195454216,31108.263697492803,2145.4413480914063, 33253.70504558421,0.00044743401824674686
                                          0.00198904565751715,                                            1.534757797776103,                                     0.07959701101006057,31108.263697516002, 515.9685223615713,31624.232219877573,0.00044743402862694367
                                         0.027192353932716677,                                            1.762267701392642,                                   0.0013542816545424334,31108.263697462375, 775.7413321944179,31884.005029656793, 0.0004474340046322003
                                         0.001852943531535847,                                           1.7664944223153154,                                      0.0534542725106813, 31108.26369746006, 558.9555251975225,31667.219222657583,0.00044743400359694785
                                       0.00012343103213075183,                                            1.590635943189882,                                     0.08117325105336047,31108.263697506107, 8114.638343116511, 39222.90204062262, 0.0004474340241994487
                                       0.00010876006194358151,                                           1.6806404276059055,                                    0.005869370211624638,31108.263697488557, 9365.522627742443,   40473.786325231,0.00044743401634715624
                                        0.0011598424668123899,                                           1.4874351565681982,                                     0.10338324377999214,31108.263697516933, 872.5310998297524,31980.794797346687, 0.0004474340290436491
                                       0.00013629374973658505,                                           1.7435517820366275,                                    0.005780525874848683,31108.263697469163, 7510.661791137163, 38618.92548860633,0.00044743400766959193
                                        0.0003622621026590054,                                           1.3960901740264247,                                   0.0021476453214563434, 31108.26369753244, 3226.774793191842,34335.038490724284,0.00044743403598114317
                                        0.0002422026700075085,                                           1.5249387069694182,                                     0.07119680759988718,31108.263697518327, 4143.474979854685, 35251.73867737301, 0.0004474340296670795
                                           0.0724788698947348,                                            1.401580770249049,                                     0.01808637105044143,31108.263697531864, 69.80085599821135,31178.064553530076, 0.0004474340357239578
                                          0.09891497289904641,                                           1.8100354880490521,                                   0.0011865560964807991,31108.263697441675, 853.4373248413674,31961.701022283043,  0.000447433995370272
                                         0.015711284341075785,                                           1.8230713662783233,                                     0.10956022189366323, 31108.26369737212, 73.32444543827562,31181.588142810397,0.00044743396424921775
                                       0.00010286998157026605,                                           1.6363186085446306,                                     0.12434202226050081,31108.263697451042, 9729.662299246487, 40837.92599669753,0.00044743399956174214
                                          0.05700207596720948,                                           1.3967201392718402,                                    0.003270401084861148, 31108.26369753238,  324.032076456634,31432.295773989015,0.00044743403595509906
                                           0.1357388138764469,                                           1.5484598711239455,                                    0.001358852393995522,31108.263697504353, 743.9279959269162, 31852.19169343127,0.00044743402341487055
                                         0.023781477591496264,                                           1.6353839346895407,                                     0.06661034383412882, 31108.26369749785, 57.67369243352749,31165.937389931376,0.00044743402050444376
                                       0.00030378687649695955,                                           1.6709223586784394,                                    0.004604737603705365, 31108.26369749113,  3509.54754641957,  34617.8112439107, 0.0004474340174979794
                                       0.00011577326022553561,                                           1.6282452271360537,                                   0.0012559829995080437,31108.263697501257, 9434.376394154688, 40542.64009165594,0.00044743402202965065
                                         0.005211508129257664,                                           1.6349933365384788,                                   0.0024673307342909664,31108.263697499777, 597.7909518213662,31706.054649321144,0.00044743402136715417
                                           0.1411252065667955,                                           1.0165859296586657,                                   0.0016630160108685055, 31108.26369752871, 609.3867121447095, 31717.65040967342, 0.0004474340343126937
                                         0.000641538017417605,                                           1.5419754777367682,                                     0.00443139529086978, 31108.26369751681,1785.0651541434424,32893.328851660255, 0.0004474340289883054
                                         0.035762288306771396,                                            1.592352861083351,                                   0.0033605802607181044, 31108.26369750845, 326.1580766752431, 31434.42177418369,0.00044743402524772326
                                         0.005599266064832147,                                           1.9397437155982236,                                    0.004608071660201611,31108.263697366652, 396.1208813082309,31504.384578674883,0.00044743396180270157
                                       0.00013873824575874602,                                            1.478806675337813,                                    0.024906614692003323,31108.263697524904, 7248.644016942739, 38356.90771446764,0.00044743403261006143
                                         0.005183892324977049,                                           1.4991520126520548,                                     0.11085556565725119, 31108.26369751001, 202.5930319950162,31310.856729505027,0.00044743402594603034
                                         0.028194091555187418,                                            1.740180942235575,                                    0.012588358200041502,31108.263697470327,115.48155384809351, 31223.74525131842,0.00044743400819047366
                                        0.0033891096563497865,                                           1.3834945292403564,                                    0.002131129684488852,31108.263697533337, 765.0202537010035, 31873.28395123434, 0.0004474340363831988
                                          0.17083619555457627,                                           1.7365444375759906,                                     0.03125026717448679,31108.263697344562, 38.42914314752485,31146.692840492087,0.00044743395191897166
                                        0.0002738047130843552,                                           1.3697758323141151,                                    0.002310695731461373,31108.263697534258,4085.7382180297645, 35194.00191556402,0.00044743403679502094
                                        0.0002689926016418212,                                           1.5079405562144756,                                     0.01043598405904172, 31108.26369752147,3814.0598206788272,  34922.3235182003,0.00044743403107346024
                                         0.007426349795802147,                                           1.2517278374338665,                                     0.18801876113404306, 31108.26369744818, 140.7731694212513,31249.036866869432, 0.0004474339982806987
                                         0.004578413084419013,                                           1.6064829348490521,                                   0.0025699199957786513,31108.263697505754, 608.1559394277031,31716.419636933457, 0.0004474340240415564
                                        0.0009132824043162017,                                           1.8605095670668836,                                     0.05437564333771112, 31108.26369741618, 1113.879641474778,32222.143338890957, 0.0004474339839629624
                                       0.00022604003909022284,                                           1.5795611174982818,                                      0.0318395331910097,31108.263697510723, 4456.035570791894, 35564.29926830262,0.00044743402626507044
                                        0.0001258764571311119,                                            1.707596979774996,                                    0.020882053110510942, 31108.26369748084, 7992.770941555818, 39101.03463903666, 0.0004474340128946869
                                         0.016027820983836333,                                           1.5601058995721429,                                    0.003882625292635209,31108.263697514016,320.59018466078413,  31428.8538821748,0.00044743402773818916
                                          0.01134055070415162,                                           1.9788538379735638,                                    0.028840447516814183, 31108.26369733556,123.35800807144892,31231.621705407008,0.00044743394789027746
                                           0.0414450220321867,                                            1.529957478012572,                                    0.003122112771865085,31108.263697518538, 345.0778885709802, 31453.34158608952,0.00044743402976148925
                                        0.0003949910702752441,                                           1.0483016223347599,                                     0.18771665567270815,31108.263697524064,  2537.98390529014,33646.247602814205,0.00044743403223404993
                                          0.07555885666852652,                                            1.577212396519558,                                    0.017018573697231587, 31108.26369751092, 72.62807659720094, 31180.89177410812, 0.0004474340263529692
                                        0.0001738273659296172,                                             1.45656570075533,                                    0.014597298641866497, 31108.26369752724, 5822.026482550372, 36930.29018007761, 0.0004474340336550805
                                        0.0019475819279232587,                                           1.4876597911281806,                                   0.0035549870064886793,31108.263697523915, 795.4243957609305,31903.688093284843, 0.0004474340321673119
                                         0.007234591685289393,                                           1.5774117298099357,                                    0.005551721327613774,31108.263697511127, 318.9830662279979,31427.246763739124,0.00044743402644575127
                                        0.0002412432800589043,                                            1.366919820193499,                                    0.002383996199363333, 31108.26369753444, 4565.388511002675, 35673.65220853711, 0.0004474340368764087
                                          0.05145288765672579,                                           1.4106926356223144,                                     0.15601533938082915,  31108.2636973877,26.553752947906677, 31134.81745033561,0.00044743397122089365
                                         0.016610460837316852,                                            1.939103347958438,                                    0.039081823554361475, 31108.26369736661,  86.3060703069903,31194.569767673598,0.00044743396178316847
                                        0.0004921607494941065,                                           1.5980192591572862,                                    0.017356854499086763,31108.263697507384,2090.0963641871126,  33198.3600616945,0.00044743402477079086
                                        0.0013485216910312351,                                            1.747978284593313,                                    0.018882175394038796,31108.263697467595, 795.0848624363463, 31903.34855990394, 0.0004474340069680293
                                        0.0012060349439302353,                                           1.4963056714143976,                                    0.005992238102659648,  31108.2636975229, 996.7142381410098, 32104.97793566391,0.00044743403171316814
                                        0.0012447530086735553,                                           1.3101765223885786,                                     0.17443917284965318,31108.263697462447, 809.8681429403698,31918.131840402817, 0.0004474340046647554
                                         0.022828929132297414,                                           1.1821006712297246,                                      0.1338402161984169,31108.263697532617,52.121617033047016,31160.385314565665,0.00044743403606090315
                                          0.00913021251189564,                                           1.6656868599364345,                                    0.030416633581253256, 31108.26369749242,143.00357685726212,31251.267274349684, 0.0004474340180758326
                                       0.00039860500566863983,                                           1.5347492596009806,                                     0.05974083410674477,31108.263697517476, 2526.139769108783, 33634.40346662626,0.00044743402928618467
                                       0.00019719103993947836,                                           1.5573335871957028,                                       0.002648697984619,31108.263697514456, 5449.410444184837,36557.674141699295, 0.0004474340279351476
                                        0.0005250503302885737,                                            1.790584274745608,                                     0.06413999726043819,31108.263697449216,1920.7286905528526,33028.992388002065,0.00044743399874460894
                                          0.06686821456669925,                                           1.5423096824631684,                                     0.10308799454975269,31108.263697480877,25.303617236481042, 31133.56731471736, 0.0004474340129109645
                                          0.14929405261181736,                                             1.49993637820493,                                    0.027843980034574268, 31108.26369748266,43.279291281401015, 31151.54298876406,0.00044743401370856464
                                          0.01063494121163071,                                           1.9512984277619483,                                    0.007657244174326874,31108.263697357957, 225.1374350133573,31333.401132371313,0.00044743395791236646
                                        0.0007785150931045249,                                           1.5252657089419788,                                    0.008819858129639695,31108.263697519185,1398.5327446766225, 32506.79644219581,0.00044743403005122976
                                         0.017732269837514313,                                             1.53943177992494,                                    0.008392664536847793, 31108.26369751718,176.19562039136144,31284.459317908542,0.00044743402915433647
                                         0.005740078255724981,                                           1.6821072665558665,                                    0.017847922049505756,31108.263697488153,230.83707655014447,  31339.1007740383, 0.0004474340161664754
                                       0.00020777101230408496,                                           1.9014448104461839,                                   0.0012524005693148623,31108.263697392988, 5611.983437265711,  36720.2471346587,0.00044743397358602214
                                          0.04179301230367788,                                           1.6380121283026965,                                     0.01649694628866855, 31108.26369749908,  85.1552202645675,31193.418917763647, 0.0004474340210546251
                                        0.0005028969790830431,                                            1.626118461321727,                                    0.010743902762079259,31108.263697501716, 2082.169845297371, 33190.43354279909, 0.0004474340222347478
                                          0.06678380372686127,                                           1.9432939921930685,                                   0.0022775202597587743,31108.263697363975, 454.5623110672329,31562.826008431206,0.00044743396060467367
                                         0.013946527918460473,                                           1.3808676562153612,                                    0.016634810142044494, 31108.26369753352,132.54151964673056, 31240.80521718025,0.00044743403646458653
                                       0.00029693188500842137,                                           1.3639299115954757,                                   0.0037980794088905766, 31108.26369753463,3631.7998865853674,    34740.06358412,  0.000447434036961052
                                          0.03466727018720849,                                           1.8587717119794145,                                    0.021583890260617696,31108.263697418202,  75.7144921760883, 31183.97818959429,0.00044743398486799435
                                       0.00010000593380309106,                                            1.385993877795843,                                   0.0010495789635930188,31108.263697533166,10952.891156816271,42061.154854349435, 0.0004474340363066943
                                       0.00023143057537655394,                                           1.9772869403352549,                                    0.017113265860782968, 31108.26369733703, 4379.890182557083, 35488.15387989412,0.00044743394854951835
                                            0.169824945748392,                                            1.278065000116171,                                    0.007677878350696021, 31108.26369746551,136.91516340502605,31245.178860870536, 0.0004474340060353255
                                          0.02410779117885018,                                           1.7281369181399797,                                    0.012595883281546807, 31108.26369747438,121.45004208069375,31229.713739555074,0.00044743401000379323
                                        0.0027341839727918903,                                            1.093397098235521,                                     0.17994921785361703,31108.263697521303,372.21154095825545,31480.475238479557,0.00044743403099858345
                                          0.15542385560658167,                                           1.6467607139866487,                                     0.05545570950504404, 31108.26369738075,25.073679874994966,31133.337377255746,0.00044743396811025327
                                            0.052674701791579,                                           1.7235522561491523,                                     0.08240972489953886,31108.263697459606,31.699132695608412,31139.962830155215, 0.0004474340033934784
                                       0.00013611719022283743,                                           1.2077160099379025,                                     0.14414120877569875, 31108.26369753007, 7354.376305360932,   38462.640002891,0.00044743403492147427
                                        0.0001107839604328847,                                           1.8459110120138895,                                    0.011701478892107882,31108.263697425136, 9112.578479690806, 40220.84217711594,0.00044743398797049606
                                         0.007152603860590593,                                           1.4917494570236227,                                    0.014545882695087192,31108.263697523438, 209.2275548922056,31317.491252415643,0.00044743403195407597
                                          0.10327373004503132,                                           1.8555844884478074,                                    0.003159792668200722, 31108.26369741862, 326.6983789664361,31434.962076385058, 0.0004474339850551862
                                          0.16151081101733486,                                            1.202642954374843,                                   0.0048934356345066805, 31108.26369749384, 211.3784386994889,31319.642136193328, 0.0004474340187106572
                                          0.17225286380314156,                                             1.08941129452101,                                     0.05286427775635419, 31108.26369741092,  25.6397111827609, 31133.90340859368,0.00044743398160922816
                                          0.06409751947053498,                                           1.3353538453741318,                                     0.10412536464716864,31108.263697522147,25.953900843881748,31134.217598366027,0.00044743403137622277
                                          0.05221078827233091,                                           1.5153691021728746,                                    0.015364324089047823,31108.263697520488, 84.89887888820235, 31193.16257640869, 0.0004474340306339662
                                         0.018883212322331654,                                           1.8777103493779694,                                    0.004754627609874992,31108.263697407547,  263.811068445129,31372.074765852674,0.00044743398010029894
                                       0.00030287996264141996,                                           1.4991481623233858,                                    0.004802357840575994,31108.263697522558, 3510.536111718525,34618.799809241085,0.00044743403156015913
                                        0.0017192762902905924,                                           1.4914468613990584,                                     0.11415390954538965,31108.263697509836, 591.0706733799888,31699.334370889825, 0.0004474340258678981
                                        0.0012193048735577707,                                           1.9480400390353931,                                   0.0012277438064879007,31108.263697360446, 1635.154937602037,32743.418634962483, 0.0004474339590257511
                                       0.00024560870048003007,                                           1.6894937349739199,                                    0.001389439687568636, 31108.26369748612, 4791.823475079026,35900.087172565145, 0.0004474340152565601
                                        0.0006350273702382414,                                            1.846408517958786,                                   0.0016313184190442603,31108.263697424878, 2188.277975157041,33296.541672581916, 0.0004474339878549254
                                         0.010360862781610835,                                           1.8735328166316816,                                    0.005494078962121822,31108.263697409977,279.06493912475145,31387.328636534727, 0.0004474339811876395
                                          0.08794269740811729,                                           1.2037598651472967,                                     0.10757616619404496,31108.263697522343,21.497510606649666, 31129.76120812899,0.00044743403146412154
                                        0.0037821698635449263,                                           1.3460902231512513,                                      0.1262009439182756,31108.263697523704, 273.0652530331498,31381.328950556854, 0.0004474340320729021
                                          0.13874283814160476,                                           1.1503623299406804,                                    0.016627990025059422,31108.263697525897, 68.21643034298425,31176.480127868883, 0.0004474340330544387
                                       0.00011762187004270734,                                           1.4100588864275707,                                   0.0012402982118393986,31108.263697531373, 9308.787182613825,40417.050880145194,0.00044743403550421076
                                       0.00020140000801402108,                                           1.3606167218432108,                                     0.06462724953593517,31108.263697534618, 4981.451409381757,36089.715106916374,0.00044743403695616873
                                         0.033212066518371545,                                           1.8787318509081874,                                    0.002639939714882728,31108.263697406946, 409.4383412826495,31517.702038689597, 0.0004474339798317193
                                         0.014340821593776783,                                           1.7046575563095323,                                   0.0010635426771434177,31108.263697481736, 1010.571398863223, 32118.83509634496,0.00044743401329511476
                                        0.0025544455646581013,                                           1.7275792578854334,                                    0.004476274624282233, 31108.26369747457, 615.4532827345803, 31723.71698020915, 0.0004474340100884365
                                         0.040504327376101414,                                           1.6090867762492536,                                    0.010957113000423426, 31108.26369750523,116.57510680781942, 31224.83880431305, 0.0004474340238071596
                                        0.0009482871176627655,                                            1.860943675723663,                                    0.004289346391215557,31108.263697417082,1288.2060523212065,32396.469749738288, 0.0004474339843666457
                                         0.007209814138873483,                                           1.1789667255698226,                                      0.2033390827911621,31108.263697449205,144.46592472645926,31252.729622175666, 0.0004474339987397257
                                         0.013392045509607356,                                           1.6501213350092088,                                    0.019107234216880615,31108.263697496284,127.61340628381181,31235.877103780094,0.00044743401980450886
                                         0.017067739886414166,                                           1.9071655735114263,                                    0.008051827853561339, 31108.26369738928,183.30980630707504,31291.573503696356,0.00044743397192733946
                                         0.014378467294201428,                                           1.9060845886465692,                                     0.01803435379730428,31108.263697389964, 125.5228050763391,31233.786502466304,0.00044743397223335747
                                        0.0030062471571165057,                                           1.9434249040009293,                                     0.02063786510003154,31108.263697363887,381.60982702916914,31489.873524393057,0.00044743396056560753
                                         0.003236377915916246,                                           1.7479379417840064,                                     0.06604971446392645,31108.263697465714,324.69961428631376,31432.963311752028, 0.0004474340061264798
                                         0.039642096877880964,                                           1.7274385558972198,                                    0.012668013857020027,31108.263697474602,104.74357348975222,31213.007270964354, 0.0004474340101030863
                                        0.0014793129353735403,                                           1.7536033939044406,                                    0.056188571120633336, 31108.26369746474, 694.3569601412637,31802.620657606003,0.00044743400569024133
                                          0.07635648954206119,                                           1.3972232165269256,                                   0.0017028845391098776, 31108.26369753224, 601.0510434523186, 31709.31474098456, 0.0004474340358916166
                                          0.04115603300116273,                                           1.7482506265760391,                                    0.002866184925359494,31108.263697467504,373.76561564582477, 31482.02931311333,0.00044743400692733547
                                         0.002516729292417178,                                           1.4557928574092671,                                      0.0983105753020502,  31108.2636975229, 408.1998623662843,31516.463559889184,0.00044743403171316814
                                         0.003568097738417606,                                           1.6953553845022769,                                     0.03326277431799493,31108.263697484388, 310.9148657316372,31419.178563216024, 0.0004474340144817485
                                          0.01066415922686298,                                           1.7371605908874919,                                     0.10652745129950374,31108.263697437174,103.73494696094237,31211.998644398118, 0.0004474339933567386
                                           0.0215584798747062,                                           1.4022456671376882,                                    0.005714154451625079,31108.263697531977,222.10262153880043,31330.366319070778, 0.0004474340357744182
                                         0.001873681575752197,                                           1.3636274771305064,                                    0.011465082829536483,31108.263697534647, 621.6633035851522,  31729.9270011198,0.00044743403696919076
                                        0.0018913419023733862,                                            1.404896479625188,                                    0.015865046793678353,31108.263697531773, 592.4685749725098,31700.732272504283, 0.0004474340356832639
                                         0.002172172700807176,                                           1.8936439280101296,                                    0.002369328533981041,31108.263697397917, 882.9571399685707,31991.220837366487,0.00044743397579163056
                                        0.0012548734437221843,                                           1.3928602708257665,                                   0.0010143761528801224,31108.263697532675,1783.4386479565578, 32891.70234548923,0.00044743403608694726
                                        0.0003722944154190003,                                           1.6512522954901911,                                    0.018135305781660484, 31108.26369749602,2741.7928623351827,  33850.0565598312,0.00044743401968568274
                                        0.0004187420143435062,                                           1.8438422919794293,                                   0.0012665189039762512, 31108.26369742621, 3178.213379743779, 34286.47707716999, 0.0004474339884506839
                                         0.000266076131137345,                                            1.388716730550663,                                    0.002698816545717646,31108.263697532973, 4129.575707095152,35237.839404628125, 0.0004474340362204232
                                         0.003967127402764553,                                           1.5162121083038502,                                    0.013277109994284532,  31108.2636975204, 328.0486955627341,31436.312393083135, 0.0004474340305949001
                                          0.04329918653922967,                                           1.5124385896299675,                                     0.06084880131137475,31108.263697519757, 40.19048344794373,  31148.4541809677, 0.0004474340303067874
                                          0.02669924395287968,                                            1.503062740481389,                                    0.050209588562606676,31108.263697521805,58.036066838237225,31166.299764360043, 0.0004474340312232137
                                         0.023367665556111264,                                            1.246033143128682,                                      0.1433334705694333, 31108.26369751886, 50.57346069715995, 31158.83715821602,0.00044743402990635953
                                         0.004651156344890539,                                           1.3677499825197086,                                      0.0296219167925523,31108.263697534378,249.49021342276055,31357.753910957137,0.00044743403684873687
                                         0.024922946038742302,                                           1.6242499987826304,                                       0.067025875257925,31108.263697500257,55.658947483623756,31163.922644983882, 0.0004474340215820179
                                       0.00047141880885891136,                                           1.4831508720915216,                                     0.09189854684042456,31108.263697521197,2132.8118543248875, 33241.07555184609,0.00044743403095137853
                                          0.06529838021617398,                                           1.3073392136930295,                                     0.16658910814539973, 31108.26369738389,22.082021382505854,31130.345718766395, 0.0004474339695150061
                                       0.00015794399461297907,                                           1.4845026679850961,                                   0.0013295974942653793,31108.263697524275, 7084.139105785977, 38192.40280331025, 0.0004474340323284597
                                        0.0018749774939043726,                                           1.5490816283326905,                                     0.01470532095119225, 31108.26369751574, 601.9878749384546,31710.251572454195,0.00044743402850974526
                                          0.05548776844973677,                                           1.5061098280757774,                                    0.008544079150771839, 31108.26369752168,135.72606631080916, 31243.98976383249,   0.00044743403116787
                                         0.022210778829179687,                                            1.413795961499504,                                     0.04087307414906775, 31108.26369753101, 70.19648498757974, 31178.46018251859, 0.0004474340353414352
                                         0.008867471636368866,                                            1.811533907481055,                                     0.05308917026220395, 31108.26369744095,132.15996852160302,31240.423665962553, 0.0004474339950463487
                                         0.008667899145677276,                                            1.463585917249419,                                    0.005513319252796988,31108.263697526534,297.43040198213436, 31405.69409950867, 0.0004474340333392959
                                          0.00545585524366573,                                           1.7885467482592503,                                   0.0014659732634505244,31108.263697451952,  865.989114404917, 31974.25281185687,  0.000447433999968681
                                         0.007884285591224376,                                           1.9387259772737144,                                   0.0014717469417122936,31108.263697367398, 806.8150120881827, 31915.07870945558, 0.0004474339621363914
                                         0.010897683292656052,                                           1.7150711574267348,                                     0.03541764955263627,31108.263697478444,120.58019941185918,31228.843896890303,0.00044743401182199604
                                          0.10067841126517975,                                           1.5494783438004667,                                     0.07379039976863441, 31108.26369749308, 24.12989290044093, 31132.39359039352, 0.0004474340183704563
                                          0.13658040429777168,                                           1.7308561281859443,                                    0.002331002703205906, 31108.26369746115, 436.8993748067487,31545.163072267896, 0.0004474340040836467
                                       0.00047259587189354057,                                           1.2041680795713998,                                     0.18249671087770727,31108.263697490835,2122.2827778283086, 33230.54647531914, 0.0004474340173661312
                                        0.0017712522490968333,                                           1.7348381141562499,                                    0.006624707915499279,31108.263697472154, 716.0987987611554, 31824.36249623331, 0.0004474340090076069
                                          0.03608810349495425,                                           1.5646703501010835,                                     0.01302383513984284, 31108.26369751327,105.13137361456184, 31213.39507112783,0.00044743402740449927
                                           0.1486483493258691,                                           1.4986429875781593,                                   0.0012001003669254802,31108.263697498995, 840.6581965115515,31948.921894010546, 0.0004474340210171867
                                          0.15399932806919717,                                           1.2910032510422398,                                    0.024618171982384602,31108.263697494927,47.888526490399755,31156.152223985326, 0.0004474340191973561
                                         0.028154404454735115,                                           1.9360500554929245,                                    0.007507106070708667,31108.263697369348,169.24205967994516,31277.505757049294,0.00044743396300886824
                                          0.00998779330078544,                                           1.8146069327273175,                                    0.046641974498254746,31108.263697439943,122.11321538264747, 31230.37691282259, 0.0004474339945954604
                                         0.007251715996015828,                                           1.7291660492210883,                                    0.007594804220495563,31108.263697474045, 270.1456724341436, 31378.40936990819, 0.0004474340098540397
                                        0.0006539334561978243,                                            1.438111185666998,                                     0.07076406874143361, 31108.26369752844,1544.0344050905094,32652.298102618948,0.00044743403419223983
                                        0.0011756739189133561,                                            1.498715539588866,                                    0.016346294563002763, 31108.26369752261, 912.4191656019718, 32020.68286312458, 0.0004474340315829477
                                         0.006624516692774257,                                           1.4074361730773097,                                    0.001184028414721178,31108.263697531576, 996.2392461743751,32104.502943705953,0.00044743403559536506
                                         0.024482107030253043,                                           1.8825525202264517,                                     0.04682910419973613,31108.263697403665, 62.73159268552581, 31170.99529008919,  0.000447433978363484
                                          0.12210287205470369,                                           1.3428731696795217,                                     0.10651846043611533, 31108.26369744306,18.322531573515924,31126.586229016575, 0.0004474339959904468
                                       0.00028110072759259913,                                             1.92423682041519,                                    0.003918080493710349, 31108.26369737776, 3813.190360122214, 34921.45405749997,0.00044743396677223845
                                        0.0018640766704165787,                                            1.519937202103534,                                     0.09672833152822223,31108.263697514354,  547.454775591477, 31655.71847310583,0.00044743402788957045
                                          0.20429320739962334,                                           1.0418838971293678,                                    0.046170927248051934, 31108.26369712209, 27.51337620185729,31135.777073323945,0.00044743385237686685
                                         0.007689662341397865,                                           1.6700203296369904,                                   0.0013701214700043817,31108.263697491362, 860.5058115317938,31968.769509023157, 0.0004474340176021557
                                        0.0004724494477796009,                                           1.4417381964687348,                                   0.0018926754894560652,31108.263697528662,2645.6747708596163, 33753.93846838828, 0.0004474340342915329
                                       0.00045658580233775317,                                           1.8127531970704318,                                   0.0016983349878922954,31108.263697441354,2779.5324811996115,33887.796178640965,0.00044743399522702954
                                         0.009185422339031813,                                           1.9180768721222228,                                    0.016264509832342806,31108.263697381986,170.87307447620765,31279.136771858193,0.00044743396866369007
                                       0.00025521267872693907,                                           1.8279697294643205,                                    0.028283080756150488,31108.263697434104, 3954.204512874749,35062.468210308856,0.00044743399198291303
                                         0.018151018663091406,                                           1.9393196172531995,                                   0.0018706035381292096, 31108.26369736696, 590.1957930393085, 31698.45949040627, 0.0004474339619410608
                                        0.0001631625886219097,                                            1.515347745926172,                                   0.0025326573406614012,31108.263697520517, 6524.358053193924, 37632.62175071444, 0.0004474340306469883
                                         0.012317998319439976,                                           1.6613226082992507,                                   0.0031434696189515583, 31108.26369749357, 399.9037745778837,31508.167472071455, 0.0004474340185902033
                                          0.12426077912195517,                                           1.2430550113876442,                                     0.02677440427447932,31108.263697531285, 46.20116484215188,31154.464862373436,0.00044743403546514463
                                         0.018503875732351547,                                            1.796874044075579,                                     0.02893027248067346, 31108.26369744832, 89.16512288765249,31197.428820335972, 0.0004474339983441811
                                          0.01796099539735108,                                           1.6939108004735222,                                     0.06676518433624443, 31108.26369748274, 71.24441765270588,31179.508115135446,0.00044743401374437524
                                        0.0011572217512471567,                                           1.4015531401459407,                                    0.015601939809528743,31108.263697532027, 928.9467021367351,32037.210399668762,0.00044743403579720675
                                         0.002244547633969104,                                           1.4438020652331247,                                    0.002657582755713363, 31108.26369752847, 822.4984783222422,31930.762175850712,0.00044743403420526186
                                          0.06007659664069994,                                            1.401433323056237,                                     0.06102423661744092, 31108.26369753071, 33.74590386563847, 31142.00960139635,0.00044743403520795924
                                          0.05911697997920334,                                           1.3228908983754766,                                     0.10412714417467869,31108.263697525315, 27.27517777152996,31135.538875296847, 0.0004474340327939978
                                          0.07545667190482795,                                           1.6680176138865634,                                    0.011485567257353349,31108.263697491693,100.91794376101278,31209.181641252704,0.00044743401775028147
                                         0.012686494947905238,                                           1.7076839705684534,                                   0.0055857533958567455,31108.263697480827,258.43644602835656,31366.700143509184, 0.0004474340128881759
                                        0.0013037712287480869,                                            1.875466319196546,                                     0.06670889298455174,31108.263697405466, 782.5294334706977, 31890.79313087616, 0.0004474339791692229
                                         0.002020738710853812,                                            1.750748004667026,                                   0.0032325320658203698,31108.263697466613, 804.7947299619929,31913.058427428605, 0.0004474340065285354
                                         0.060877083339399764,                                           1.6300116977864711,                                   0.0011526314521551437,31108.263697500854, 884.6200391947968, 31992.88373669565,0.00044743402184896976
                                         0.020679945074717952,                                           1.6758883594377154,                                     0.13396657885295019,31108.263697361588,  56.4172746212513,31164.680971982838, 0.0004474339595368662
                                          0.02027830070614866,                                           1.7184114137597002,                                   0.0015887296294652207,31108.263697477516, 679.3294491256088,31787.593146603125, 0.0004474340114069184
                                         0.037087590369724456,                                           1.7910862437484714,                                    0.013018575700689382, 31108.26369745087,104.33483562961774, 31212.59853308049,0.00044743399948523764
                                          0.05990683701591548,                                             1.48407563286363,                                   0.0020084252243583295,31108.263697524308, 515.2689353629988,31623.532632887305,0.00044743403234310955
                                          0.19629015009486872,                                            1.065919999026727,                                    0.005466444937038842,31108.263697320363,188.96690498213977,  31297.2306023025,  0.000447433941091144
                                          0.16036096995177931,                                           1.0398970664745217,                                     0.07755020118203979, 31108.26369743711,20.092438049538742,31128.356135486647,  0.000447433993327439
                                        0.0004991618283353291,                                           1.3862137307654385,                                     0.16819111255729008,31108.263697440874, 2010.025323196374, 33118.28902063725, 0.0004474339950121658
                                          0.00636888169635901,                                           1.7876093671559452,                                     0.00202859993473634, 31108.26369745234,  650.523661917632,31758.787359369973,0.00044743400014285087
                                        0.0006152107511957639,                                           1.4976362406674992,                                     0.04493287528864066,31108.263697522656,1648.3823785041654, 32756.64607602682, 0.0004474340316041085
                                        0.0010783275182938078,                                           1.4551605578780422,                                     0.07085344443198706,31108.263697526763, 942.1628826514897,32050.426580178253,0.00044743403344184453
                                       0.00010658635191709034,                                           1.8220781197675815,                                   0.0012780777074152304,   31108.263697437,10165.038095391217, 41273.30179282822,0.00044743399327860635
                                           0.1583984204055567,                                            1.489989731160878,                                    0.004048276553800063,31108.263697482762,254.00303697893153,31362.266734461693, 0.0004474340137541418
                                           0.1580492053038965,                                           1.1176176501075297,                                    0.010151885297349904, 31108.26369750093,105.72577489912908, 31213.98947240006,0.00044743402188315265
                                       0.00022312145400394182,                                           1.4315789562490442,                                     0.01003631189518857,31108.263697529575,  4582.20066898661,35690.464366516186,0.00044743403470009954
                                        0.0031011998265873192,                                           1.3427962415455343,                                     0.07436888849226529,31108.263697535436, 336.6470392780098,31444.910736813446, 0.0002014971776345631
                                        0.0001315031488450671,                                            1.261137488541368,                                    0.002337711843291253,  31108.2636975396, 8032.942299964388, 39141.20599750399, 0.0002014971784738967
                                        0.0003445513212555665,                                           1.3334344297841423,                                    0.018366962048474537,31108.263697536393, 2957.520779655131,34065.784477191526,0.00020149717782735326
                                          0.08666179108742512,                                            1.001189144316745,                                     0.08165963811382254,31108.263697541268, 24.78387485234254, 31133.04757239361,0.00020149717880963016
                                         0.006083125066754281,                                           1.0637236038906372,                                     0.12594299924557356, 31108.26369754191,173.26938337369745,31281.533080915604,0.00020149717893864564
                                          0.01970724170580743,                                              1.2566517248088,                                    0.004104529540555555, 31108.26369753976,295.17181500602504,31403.435512545788, 0.0002014971785061506
                                         0.018163103724994852,                                           1.2845699676783815,                                      0.0225303124772688,31108.263697538692,100.21978870230248,31208.483486240995, 0.0002014971782906361
                                        0.0001454761426351384,                                           1.2160079651495228,                                     0.02656441747108252,31108.263697541042, 6912.446051728454,38020.709749269496,0.00020149717876418152
                                        0.0031975192518943086,                                            1.274775562923232,                                     0.10228762801200729,31108.263697537084,323.30325372433884,31431.566951261422, 0.0002014971779666313
                                        0.0009766065422955514,                                            1.180251823941354,                                     0.00551597854688777,31108.263697541952,1206.0925927143403, 32314.35629025629,0.00020149717894744215
                                        0.0021582784446137464,                                           1.1962944956338832,                                    0.006801227040165587,31108.263697541566, 611.2004529059604,31719.464150447526,0.00020149717886973963
                                         0.012500601588320307,                                            1.245868840524585,                                     0.07033552955528763,31108.263697539896, 95.01636825144278, 31203.28006579134,0.00020149717853327315
                                           0.0780523626214572,                                           1.2993822659516305,                                    0.011780118012993473,31108.263697537866, 98.47030149017364, 31206.73399902804,0.00020149717812423547
                                         0.006639607475010473,                                           1.2613307759397563,                                     0.00271859804611621,31108.263697539594, 519.2407772476764, 31627.50447478727,0.00020149717847243063
                                          0.02379176394579289,                                            1.183615948535531,                                     0.09380550696146486, 31108.26369754074,53.536575373083465,31161.800272913824,  0.000201497178703339
                                        0.0003924417193412836,                                            1.120552966290125,                                        0.11142343398812, 31108.26369754193,2558.0162537712627, 33666.27995131319, 0.0002014971789430439
                                         0.019351854582433013,                                            1.322619231118853,                                   0.0029140589527390784,31108.263697536957, 395.5946659638616,31503.858363500818,0.00020149717794097483
                                        0.0025855587163222176,                                            1.286376812347122,                                    0.012921730779357037, 31108.26369753862,464.92999198001286,31573.193689518634,0.00020149717827597525
                                         0.004168815180962639,                                           1.1782920515654303,                                    0.017957273721343044,31108.263697541995, 296.4127359350565,31404.676433477052,0.00020149717895623866
                                          0.09734162995669753,                                           1.2080359812824835,                                   0.0012364830163673307, 31108.26369754046, 819.8463259350153,31928.110023475474,0.00020149717864689472
                                        0.0009456998941847168,                                           1.2408178369687575,                                     0.01602416848215568,31108.263697540297,1120.6295584120774,32228.893255952375,0.00020149717861390782
                                        0.0003852215056418414,                                           1.1976489722202686,                                   0.0018637938431797644,31108.263697541533,3133.2840655836917, 34241.54776312523,0.00020149717886314226
                                          0.00207852235519487,                                           1.2249681432019663,                                     0.11797147143953116,31108.263697537244, 490.4039883997893,31598.667685937035, 0.0002014971779988852
                                        0.0018263977680795984,                                           1.2423842626052837,                                    0.014825154147124724,31108.263697540246, 615.7836834742591,31724.047381014505,0.00020149717860364522
                                         0.004911878953075961,                                           1.2342311801151082,                                     0.03238500158255029,  31108.2636975405,235.27679153493813, 31343.54048907544, 0.0002014971786549582
                                          0.02341946760763072,                                             1.20678529694532,                                     0.01455073037247136,31108.263697541297,112.25323924191895,31220.516936783217, 0.0002014971788154945
                                         0.007936046610396324,                                           1.2324503784405167,                                    0.007176544137558317,31108.263697540562,266.16155034832445, 31374.42524788889,0.00020149717866741991
                                        0.0001467383271812505,                                            1.244318479767693,                                   0.0018899046797908555,31108.263697540184, 7344.782987343216,  38453.0466848834, 0.0002014971785911835
                                       0.00012205757092135942,                                             1.23352313919448,                                     0.10728002176275837,31108.263697538583,  8202.98724822598,39311.250945764565,0.00020149717826864483
                                       0.00012822416584972918,                                           1.2751728955224735,                                     0.07951763127967995, 31108.26369753867, 7812.201956374953, 38920.46565391362,0.00020149717828623785
                                          0.07184330656372696,                                            1.299600683735617,                                    0.030474009330046292,31108.263697537783,47.503496816093325,31155.767194353877,0.00020149717810737547
                                        0.0006986743641600409,                                           1.1845552462274254,                                    0.004544810267549457, 31108.26369754185,1652.1573270834149,32760.421024625266,0.00020149717892691696
                                          0.01651976576899417,                                           1.3158436547922319,                                   0.0011337816248767711, 31108.26369753729, 943.2975779085845,32051.561275445874,0.00020149717800841476
                                        0.0009208882354914709,                                           1.3388134982216329,                                   0.0024560048192457423,31108.263697536102,1493.8203612409259, 32602.08405877703,0.00020149717776870985
                                          0.11305641234082835,                                           1.2532902659607124,                                    0.006485521232128507,31108.263697536964, 163.8326532008577,31272.096350737822,0.00020149717794244092
                                          0.07696527175184859,                                           1.3451855511937818,                                   0.0029066865374352234,31108.263697535618, 357.7706101863552,31466.034307721973,0.00020149717767121522
                                         0.010990958692986181,                                            1.201616367406886,                                     0.00928639804064771, 31108.26369754143, 199.5004646247789, 31307.76416216621,0.00020149717884261707
                                          0.04077554857253016,                                           1.2502396462331467,                                     0.05213555036986248, 31108.26369753983, 44.50511809459223,31152.768815634423,0.00020149717852007838
                                        0.0010238828780458368,                                           1.2886281784898073,                                   0.0015847429415874082,31108.263697538525,1608.4673941165572, 32716.73109165508,0.00020149717825691614
                                          0.06859019516803548,                                           1.3502238155623154,                                     0.04411343277296355, 31108.26369753491, 37.98879329960838, 31146.25249083452,0.00020149717752827192
                                        0.0001377567677015963,                                           1.1739098255039402,                                     0.06352871711592874,31108.263697542032, 7275.764252296017, 38384.02794983805, 0.0002014971789635691
                                          0.01114079060467792,                                           1.2439150432355928,                                    0.001333731344102935,31108.263697540195, 840.3403357225109,31948.604033262705,0.00020149717859338262
                                       0.00019806267041726076,                                           1.2309216864952124,                                     0.11852960644502226, 31108.26369753696,   5058.1560943826, 36166.41979191956, 0.0002014971779417079
                                        0.0007292786544531366,                                           1.2937100779423345,                                     0.01006958876240873, 31108.26369753831,1471.2998675330168,32579.563565071327,0.00020149717821366664
                                        0.0023266217397682485,                                              1.3267031280591,                                    0.013151926944482521, 31108.26369753675,506.59596006841895,31614.859657605168,0.00020149717789919142
                                         0.017111356738282655,                                            1.260093115890339,                                     0.07606504421328501, 31108.26369753919, 72.38095492980248,31180.644652468993, 0.0002014971783910629
                                         0.031744619637183086,                                           1.2173856085406713,                                     0.02713080640413006,   31108.263697541, 69.18130312883737,31177.445000669835,  0.000201497178755385
                                       0.00018951262808776677,                                           1.1938947497108083,                                    0.003832478463222039,31108.263697541628, 5538.458570779303, 36646.72226832093,0.00020149717888220137
                                       0.00011620786026880405,                                           1.1759987460196013,                                    0.025219857819364973,31108.263697542043,  8645.77151696416,39754.035214506206, 0.0002014971789657682
                                       0.00026260860808445427,                                           1.1728419781786958,                                    0.005004338076471242,31108.263697542116, 4008.627546783987,  35116.8912443261,0.00020149717898042905
                                         0.007198450849583072,                                           1.3010333030540833,                                    0.008106367241289686,31108.263697537986, 263.0472179943695,31371.310915532355,0.00020149717814842586
                                          0.08860885818456772,                                           1.2384181457349122,                                    0.015625889526598186, 31108.26369753982, 76.08939180631974, 31184.35308934614,0.00020149717851787927
                                       0.00035630809079592634,                                           1.2916813840684689,                                    0.006323754832919771,31108.263697538398, 2965.467983370911, 34073.73168090931,0.00020149717823125967
                                         0.051999262847903994,                                           1.1896581071673678,                                    0.001700915843026745,31108.263697541726, 607.9901835353016,31716.253881077027, 0.0002014971789019935
                                          0.06616772392934508,                                           1.3593758203414643,                                    0.008817593309991852,31108.263697534858,129.25837096924565,31237.522068504102,0.00020149717751800935
                                       0.00010867900608193985,                                           1.2625361190741273,                                     0.02450055770297268, 31108.26369753955, 9243.016595007952,40351.280292547504,0.00020149717846363411
                                       0.00016593563170215212,                                            1.198921642548363,                                   0.0019369116727407372,  31108.2636975415,   6543.5530870277,  37651.8167845692, 0.0002014971788565449
                                         0.020150371286934886,                                           1.3132782674585208,                                    0.002523654436211801, 31108.26369753742,446.63909500293715,31554.902792540357,0.00020149717803407124
                                          0.05762324105929446,                                           1.2352603188899056,                                   0.0034721168631880635, 31108.26369754046, 306.1723940154149,31414.436091555875,0.00020149717864689472
                                        0.0069445966023005245,                                           1.3339820327155016,                                    0.018885662733304005,31108.263697536364,197.69670038926145,31305.960397925624,0.00020149717782148892
                                        0.0011958011689573306,                                           1.2699906882924534,                                    0.004008810962190062,31108.263697539274, 1086.497359262091,32194.761056801366, 0.0002014971784079229
                                        0.0021665937662883254,                                           1.3180404079378165,                                    0.010832129225438743,31108.263697537186, 554.6306465188258, 31662.89434405601, 0.0002014971779871565
                                         0.011675496445224141,                                           1.2023248835403657,                                     0.05694655035523962,31108.263697541355,104.04151108138605, 31212.30520862274,0.00020149717882722318
                                        0.0013872121318114698,                                           1.1851896239495479,                                    0.008308052713094859,31108.263697541835,  842.079177043069,31950.342874584905,0.00020149717892398479
                                         0.034234225745785024,                                           1.2874501832906504,                                    0.025405170804420618,31108.263697538565, 69.34932824993678,  31177.6130257885, 0.0002014971782649796
                                        0.0009667732870596401,                                           1.2962704353843262,                                     0.10396347844731589,31108.263697535785,1044.7588772886088,32153.022574824394,0.00020149717770493516
                                          0.05610461669684766,                                           1.2430558599241543,                                     0.00797719164061353, 31108.26369754021,143.98571380078081, 31252.24941134099, 0.0002014971785963148
                                          0.10506551304389133,                                            1.168956411981414,                                   0.0020080755120107396,31108.263697540704, 508.3625758450716,31616.626273385777,0.00020149717869600856
                                        0.0018153468652577223,                                           1.1990651514828243,                                    0.006069560648408371,31108.263697541497, 716.4494665515589,31824.713164093057,0.00020149717885581183
                                        0.0004029308426898385,                                            1.205811214990314,                                     0.09244732446419363,31108.263697540682, 2493.461761073312,   33601.725458614,0.00020149717869161034
                                        0.0003451441077063157,                                           1.3373679506572884,                                     0.02811507227185542, 31108.26369753618,2933.6563433531064, 34041.92004088929,0.00020149717778410376
                                         0.003963890646905178,                                           1.3336535483176128,                                    0.002052121138064807,31108.263697536382, 740.3278806108441,31848.591578147225,0.00020149717782515412
                                          0.02446990869872829,                                            1.089791591603476,                                     0.12857959279160605,31108.263697539413, 49.56141002273841,31157.825107562152, 0.0002014971784357785
                                            0.072573958535301,                                           1.0292763610904685,                                     0.10780723565815076,31108.263697539234,24.026418807624264, 31132.29011634686,0.00020149717839985942
                                         0.007109249952368064,                                            1.279806704330302,                                      0.0348354829241506,31108.263697538878,170.14954525304267, 31278.41324279192,0.00020149717832802127
                                         0.011368095283716429,                                            1.294626033742482,                                   0.0010412502351975403, 31108.26369753827,1049.1218442270028,32157.385541765274,0.00020149717820560316
                                         0.004589371395152022,                                           1.3122126937144072,                                   0.0016845607583931665, 31108.26369753747, 812.2833914032645,31920.547088940733,0.00020149717804433383
                                         0.004932693777798732,                                           1.1789935890565773,                                    0.004999872523534983,31108.263697541977,403.58226463570566,31511.845962177682,0.00020149717895257343
                                         0.007294405747372585,                                           1.3128933505436502,                                    0.020051292202294648,31108.263697537433,187.72513341567122,31295.988830953105, 0.0002014971780370034
                                          0.03333880026817331,                                            1.017489424546024,                                      0.1333522808894055,31108.263697540406, 38.47682611459216,31146.740523654997, 0.0002014971786358991
                                        0.0012324173079346593,                                            1.346557425466959,                                     0.00565311912332249, 31108.26369753567, 989.0495961053687,32097.313293641037,0.00020149717768147782
                                        0.0015363014399462907,                                           1.2613190637417708,                                   0.0019999897701139164,31108.263697539594,1151.7093031248667, 32259.97300066446,0.00020149717847243063
                                        0.0002281484129676606,                                           1.2569856720501567,                                    0.041474439474700454,31108.263697539736, 4408.018585547385, 35516.28228308712,0.00020149717850101928
                                          0.05840637406837817,                                           1.2581784224875587,                                    0.008198282063249174, 31108.26369753969, 139.8929929798539,31248.156690519543,0.00020149717849148974
                                         0.002506045844811513,                                           1.2406833989758517,                                    0.048104543020832814,31108.263697540275, 420.6290632977485, 31528.89276083802,0.00020149717860950956
                                        0.0008240728925517987,                                           1.2308399333654716,                                   0.0015948496167866595, 31108.26369754061,1841.3157047784412,32949.579402319054,0.00020149717867694948
                                          0.04399094397112111,                                           1.3222022324007416,                                    0.005213588790701667,31108.263697536975,215.29472345891864,31323.558420995894,0.00020149717794464006
                                         0.002934316660984684,                                           1.1982858725453882,                                   0.0019619886694505085,31108.263697541515, 851.3163126087131, 31959.58001015023,0.00020149717885947706
                                        0.0012750174701608194,                                           1.2134023054321548,                                   0.0043289509018659515,31108.263697541115, 1016.129958839778,32124.393656380893,0.00020149717877884237
                                          0.03257798681535921,                                           1.2273463309985706,                                     0.04278635366592798,31108.263697540675, 54.88227767534021,31163.145975216015,0.00020149717869014425
                                         0.012986849006286395,                                           1.2386014002216026,                                    0.012586125781811038,31108.263697540366,157.26090133832295, 31265.52459887869,0.00020149717862783564
                                          0.06943117268016331,                                           1.3245832514034819,                                   0.0017132764378736426,  31108.2636975368, 598.8346769761699, 31707.09837451297,  0.000201497177909454
                                          0.03518877753019989,                                           1.3247495437556736,                                     0.01643715237198407,31108.263697536844,  90.0107993835802,31198.274496920425,0.00020149717791825053
                                         0.024112111740915793,                                           1.3010613724886235,                                     0.01601445638030476,31108.263697537986,104.68511721007773,31212.948814748062,0.00020149717814842586
                                         0.005680681263737572,                                           1.0689396932582822,                                     0.12767242624383818,31108.263697541614,184.80327550708014,31293.066973048695, 0.0002014971788792692
                                        0.0002361552544761363,                                           1.1277900405407504,                                      0.1277317250470247,31108.263697540024, 4243.218032964013,35351.481730504034,0.00020149717855892963
                                        0.0006607942606411533,                                            1.222181533999701,                                   0.0020061874615564033,31108.263697540868,2012.6064497621126, 33120.87014730298, 0.0002014971787289955
                                         0.006654775687709751,                                           1.3444835743756136,                                      0.0630683650756797, 31108.26369753558,166.86761487743672,31275.131312413017, 0.0002014971776638848
                                         0.009825694850091075,                                           1.3325717463117537,                                    0.007422762380743091, 31108.26369753644,237.24513590174666,31345.508833438187, 0.0002014971778368828
                                        0.0017703083109392682,                                           1.1945451355851424,                                    0.008957097897006628, 31108.26369754161, 677.3538001771705, 31785.61749771878,0.00020149717887853614
                                          0.02351258608267024,                                           1.1908851494182207,                                     0.03785586584227725,31108.263697541686, 69.78611009002573,31178.049807631713,0.00020149717889393005
                                          0.01201858085070068,                                             1.20922297946981,                                    0.002400746841925806, 31108.26369754123, 500.5685234185277, 31608.83222095976,0.00020149717880229973
                                         0.017595319004791467,                                           1.2188192023921063,                                   0.0037602176511403024,31108.263697540966, 323.5958162580006,31431.859513798965,0.00020149717874878763
                                       0.00019637285108647888,                                           1.2296058065474909,                                   0.0020674840341057435, 31108.26369754065, 5576.846565602626, 36685.11026314327,0.00020149717868501294
                                        0.0003116853689159815,                                           1.3355963944403282,                                    0.002314631176148075, 31108.26369753628, 3641.146628046852, 34749.41032558313,0.00020149717780462893
                                         0.000713433277922353,                                           1.1774237809796844,                                     0.03374639242118989, 31108.26369754201,1432.1548805673888,  32540.4185781094,0.00020149717895917083
                                         0.010592921002620123,                                           1.1952884812152083,                                   0.0010360448427857696, 31108.26369754159, 1060.448472300935,32168.712169842525,0.00020149717887487094
                                       0.00039326250163015903,                                             1.27549143981733,                                    0.015442813419112857, 31108.26369753906, 2608.369847345163, 33716.63354488422,0.00020149717836467337
                                        0.0009023075871412932,                                            1.179852659682922,                                     0.02214669524834477, 31108.26369754196,1154.2705510453743,32262.534248587333,0.00020149717894890823
                                        0.0003357632274688104,                                           1.3224287414016083,                                   0.0026326747510745244,31108.263697536968, 3358.887233708756, 34467.15093124572,0.00020149717794317397
                                        0.0017684221069122414,                                           1.2943542705778863,                                   0.0020240291762727534, 31108.26369753828, 1060.312463600804,32168.576161139084, 0.0002014971782078023
                                         0.004749782785332983,                                           1.2567977402957993,                                   0.0025080191634640364,31108.263697539755, 610.0526527832303,31718.316350322984, 0.0002014971785046845
                                       0.00019312640274401192,                                           1.3299044568921603,                                    0.007309724456489362,31108.263697536582, 5315.511913969976, 36423.77561150656,0.00020149717786547145
                                          0.00886966983504687,                                           1.2209497527930002,                                    0.030709377026333532,  31108.2636975409, 146.1261464715027,31254.389844012403,0.00020149717873559287
                                       0.00027950561102907254,                                           1.2161045861990345,                                    0.002806996399518386,31108.263697541042,3934.8206884396845, 35043.08438598073,0.00020149717876418152
                                         0.012228303129131538,                                           1.3020652074877048,                                    0.009944552101942944, 31108.26369753794, 183.1030764469844,31291.366773984922, 0.0002014971781388963
                                         0.004650406295018564,                                            1.122540853251822,                                      0.1096232984995034,31108.263697541883,225.04795930356465,31333.311656845446,0.00020149717893351433
                                         0.023878337832266058,                                           1.3346285856495164,                                    0.031215161127330818,31108.263697536313, 74.66394883662188,31182.927646372937,0.00020149717781122633
                                        0.0014581887853914195,                                            1.273808651030601,                                    0.002527569606779679,31108.263697539125,1082.2042843904842, 32190.46798192961,0.00020149717837786814
                                          0.08143290443533878,                                            1.036910003428315,                                     0.07157840698092054, 31108.26369754229, 27.21514586204017, 31135.47884340433, 0.0002014971790156151
                                        0.0012336560373878186,                                           1.2681856315290232,                                     0.03196760762992013,31108.263697539336, 842.6689094096629,31950.932606948998, 0.0002014971784203846
                                          0.04686696022490379,                                           1.2315853302352977,                                   0.0035368154267129237,31108.263697540584, 304.8891825154724,31413.152880056055,0.00020149717867181817
                                          0.01899725568171648,                                           1.2860664083312656,                                     0.03343402804152063, 31108.26369753862, 83.32639456147778,31191.590092100098,0.00020149717827597525
                                       0.00020050621732153905,                                           1.3157717655900862,                                    0.031829976113365265,31108.263697537288, 5019.553454185947, 36127.81715172323, 0.0002014971780076817
                                        0.0007758841296745982,                                           1.2213568412244291,                                    0.012442289686534847,31108.263697540893,1370.0420625728946,32478.305760113788,0.00020149717873412678
                                       0.00011433939349582471,                                           1.1801201610350016,                                   0.0020920802787953914,31108.263697541952, 9224.732615937733,40332.996313479685,0.00020149717894744215
                                        0.0019265554818673274,                                           1.1795829858422213,                                   0.0016737053550770788,31108.263697541966,1117.3855817515425, 32225.64927929351,0.00020149717895037432
                                          0.04760771272024182,                                            1.342129716013049,                                     0.03704430477183026, 31108.26369753583, 48.74478720524133, 31157.00848474107,0.00020149717771373167
                                          0.00179946771398252,                                            1.312937232152532,                                    0.014480628392163668,31108.263697537433, 625.5393175562855, 31733.80301509372, 0.0002014971780370034
                                        0.0019721230180943386,                                            1.032221785785655,                                     0.15725843101290748, 31108.26369753832, 514.3955029636188, 31622.65920050194,0.00020149717821586576
                                        0.0032170325121681762,                                           1.2862400861786556,                                    0.001733386553684044,31108.263697538627,  888.528298630401,31996.791996169028,0.00020149717827744134
                                          0.07248205440992699,                                           1.3443567034944923,                                    0.034839777303593195,31108.263697535403, 43.24319274536318,31151.506890280765,0.00020149717762796572
                                          0.02179797417294081,                                           1.2862045843332561,                                     0.01052920661684909,31108.263697538627,141.62722151085035,31249.890919049478,0.00020149717827744134
                                       0.00015003032746697153,                                            1.214326474789635,                                     0.04732685112093095, 31108.26369754107, 6687.272207710011, 37795.53590525108,0.00020149717877004586
                                         0.040854604433558546,                                           1.1776297394232567,                                      0.0065210434935884, 31108.26369754201, 178.6758988267865,31286.939596368797,0.00020149717895917083
                                         0.002043129186320731,                                            1.229675987302262,                                     0.02341908981436961,31108.263697540642, 532.9587410806761,31641.222438621317,0.00020149717868354685
                                         0.003773083302392313,                                           1.3138352980912478,                                    0.009840011324095765, 31108.26369753739, 367.4222594898577,31475.685957027246, 0.0002014971780282069
                                        0.0063621314120451055,                                           1.2359476100006743,                                   0.0037782727734470486,31108.263697540453, 422.6603277519567, 31530.92402529241,0.00020149717864542864
                                        0.0001108110679908222,                                            1.222533273231183,                                    0.005826696434957179,31108.263697540857, 9196.811110092798, 40305.07480763365,0.00020149717872679636
                                       0.00015354196837697302,                                           1.2176441781970517,                                   0.0017659463102647087,   31108.263697541, 7079.967186382168, 38188.23088392317,  0.000201497178755385
                                       0.00025363285060924943,                                           1.2391382294149649,                                    0.011453157897817435, 31108.26369754035, 4030.826115188416,35139.089812728766,0.00020149717862490347
                                          0.01502411733433088,                                            1.231142085971427,                                   0.0022114598094539768,31108.263697540602, 519.5618994275362,31627.825596968138, 0.0002014971786754834
                                        0.0015944854412144537,                                           1.2630031104159005,                                    0.002053493267570519,31108.263697539533,1114.9283947956887,32223.192092335223,0.00020149717845996892
                                          0.02433332980967652,                                            1.222684396643326,                                    0.008817343636024667,31108.263697540853, 155.3266108336437,31263.590308374496,0.00020149717872606333
                                        0.0005188666025951977,                                           1.2997111343787644,                                    0.013786894967755939,31108.263697538045,2000.5796872020537,33108.843384740096,0.00020149717816015454
                                          0.05262075937768792,                                           1.2131779866070893,                                     0.01600317157621179,31108.263697541108, 82.31580151288095,31190.579499053987,0.00020149717877737628
                                       0.00018818334900569413,                                           1.3386145452996143,                                     0.02266071880240956,31108.263697536113, 5358.842701574508, 36467.10639911062,  0.000201497177770909
                                          0.03234342797301374,                                           1.3029047886363543,                                     0.02056239680928994,31108.263697537895, 80.31816092284234,31188.581858460737, 0.0002014971781300998
                                         0.056024694073065893,                                            1.323376350110219,                                     0.04852510535771407,31108.263697536586,39.212804196143985, 31147.47650173273, 0.0002014971778662045
                                          0.04420203709532277,                                           1.3530241309373308,                                    0.002611944568085719, 31108.26369753529, 406.2189938628525, 31514.48269139814,0.00020149717760524138
                                        0.0023820281415121328,                                           1.1989395120403865,                                   0.0011670715674575278,  31108.2636975415,1277.4898741894763,32385.753571730977, 0.0002014971788565449
                                         0.027404230911978546,                                           1.2957451663239754,                                    0.012926309377853632, 31108.26369753822,114.62407430947108, 31222.88777184769,0.00020149717819534056
                                        0.0002900375543463257,                                           1.1221526562770254,                                    0.008877141443438439,31108.263697543065,3561.3693956451352,  34669.6330931882, 8.422992867825963e-05
                                          0.10387522435143541,                                           1.0239199062939854,                                    0.015338008668025522,31108.263697542534, 75.80108529899988,31184.064782841535, 8.422992863352133e-05
                                         0.003131906605900325,                                           1.1264991961170037,                                     0.03559226760676021,31108.263697542992,348.27801924457737, 31456.54171678757,  8.42299286721311e-05
                                         0.002421561007778091,                                           1.1202545745625039,                                     0.05228030703477456, 31108.26369754308, 432.9770804270138,31541.240777970095, 8.422992867948533e-05
                                        0.0001748390583970385,                                           1.1505143334849206,                                    0.005293203183199472, 31108.26369754257, 5909.336485987349, 37017.60018352992,  8.42299286365856e-05
                                         0.030997482522932936,                                           1.0845226621707191,                                   0.0011821705493486742,  31108.2636975436, 879.0843835545847,31987.348081098186, 8.422992872330435e-05
                                          0.03934827244566326,                                           1.1028405209957552,                                    0.027622933868171537, 31108.26369754335,62.522628394606436,31170.786325937956,  8.42299287021609e-05
                                         0.002265138813283056,                                            1.081202473703558,                                   0.0010060237167926983,31108.263697543644, 1436.411294731761,32544.674992275406, 8.422992872698146e-05
                                       0.00011091923004037375,                                           1.1397224360864415,                                   0.0032592301334475556, 31108.26369754277, 9323.267584017085, 40431.53128155986, 8.422992865343906e-05
                                        0.0001273470564000626,                                           1.0984295085075493,                                    0.020578981422595066,31108.263697543418, 7902.060510178752, 39010.32420772217, 8.422992870798302e-05
                                         0.012342262585577937,                                           1.1098045391775964,                                    0.018819957771890824,31108.263697543254,135.05856297937297,31243.322260522626, 8.422992869419381e-05
                                          0.02665618106303334,                                            1.086850632166662,                                       0.037905646260865,31108.263697543563,  64.8161348597847, 31173.07983240335, 8.422992872024009e-05
                                        0.0003989662701901018,                                           1.1576677333958547,                                    0.017785317250579764,31108.263697542432,2563.5675118677127, 33671.83120941014, 8.422992862494137e-05
                                         0.021547617370770555,                                           1.1067971788485944,                                    0.004900577532552201,31108.263697543298,  251.369932949171, 31359.63363049247, 8.422992869787093e-05
                                       0.00039312375840442113,                                           1.1591299087680529,                                    0.011472385748632484,31108.263697542403, 2631.756768380324,33740.020465922724, 8.422992862248996e-05
                                        0.0005222566403808126,                                           1.0868072863143188,                                     0.07508618895284631, 31108.26369754349,1929.0055750012893, 33037.26927254478, 8.422992871411155e-05
                                        0.0003201307724457376,                                           1.1632503756869526,                                   0.0011847495447319366, 31108.26369754232, 3968.643359777114, 35076.90705731943, 8.422992861544215e-05
                                        0.0006814051759262788,                                           1.1131220207740755,                                    0.009356969779549229,31108.263697543207,1575.3262066217983,32683.589904165005, 8.422992869021026e-05
                                        0.0007501258652307988,                                           1.1087828698400457,                                     0.02155815993545133, 31108.26369754327,  1380.39764842552,32488.661345968787, 8.422992869541951e-05
                                        0.0017034248582800517,                                           1.0952130718514677,                                    0.005725725483654944, 31108.26369754346, 762.6160260947314,31870.879723638194, 8.422992871166013e-05
                                         0.007651028272131416,                                           1.1370467121005803,                                     0.05969371730326311,31108.263697542774,148.33303913346515,31256.596736676238, 8.422992865374549e-05
                                       0.00033459673221484436,                                           1.1278864269239721,                                    0.009332744403355547, 31108.26369754297,3096.7085764467383, 34204.97227398971, 8.422992867029253e-05
                                        0.0033342419601542113,                                           1.1211754466665291,                                     0.00839664842246137, 31108.26369754308,419.90530462680806, 31528.16900216989, 8.422992867948533e-05
                                           0.0162932712627249,                                           1.1177803242553712,                                    0.002114364486054886,31108.263697543134, 535.2250115127935,31643.488709055928, 8.422992868408173e-05
                                        0.0012973684063952514,                                           1.0791287996259125,                                     0.05914569777944326,31108.263697543647, 788.6251576982266,31896.888855241872, 8.422992872728789e-05
                                         0.006473003957481032,                                           1.1032202130269808,                                    0.014427018592070129,31108.263697543352,224.70860606444825,  31332.9723036078, 8.422992870246733e-05
                                        0.0001392345445896496,                                           1.0159986550045004,                                     0.11241038042308756,31108.263697543738, 7192.005921496218, 38300.26961903996, 8.422992873494856e-05
                                         0.002200980367103626,                                           1.1235825815444653,                                    0.008125455623099185,31108.263697543043, 578.3030215363282,31686.566719079372, 8.422992867642107e-05
                                        0.0016469559612646693,                                           1.1292532355421578,                                    0.060627095062452195,31108.263697542912,  624.560593172111,31732.824290715023,  8.42299286653897e-05
                                         0.006647038703090151,                                            1.157971419664819,                                    0.022767588370617674,31108.263697542425,195.22859955756542, 31303.49229709999, 8.422992862432853e-05
                                        0.0001925806509462561,                                           1.1355671607446003,                                   0.0026504480111542426,31108.263697542843, 5570.804981802887, 36679.06867934573, 8.422992865956759e-05
                                       0.00012810813466856115,                                           1.1243033973964542,                                     0.01693241347430217, 31108.26369754303, 7865.853320540898,38974.117018083925, 8.422992867519536e-05
                                         0.009669553305209024,                                             1.10918793039105,                                   0.0011889990785698495,31108.263697543265, 945.3624990314873, 32053.62619657475, 8.422992869511309e-05
                                          0.05231336867962747,                                            1.072882944325961,                                    0.006116544595720986,31108.263697543734,183.53864201506988,31291.802339558806, 8.422992873464214e-05
                                       0.00022525306826136997,                                           1.1149746032534285,                                     0.05501302105085782, 31108.26369754316, 4458.525577505462, 35566.78927504862, 8.422992868622671e-05
                                        0.0013074248000353415,                                           1.1480445031619178,                                     0.07529968928243613,31108.263697542483, 779.0136598287329,31887.277357371215, 8.422992862923136e-05
                                        0.0004266442551696027,                                           1.1048591277470519,                                     0.00763414365113187,31108.263697543327,   2475.7686707571,33584.032368300424, 8.422992870032234e-05
                                         0.005232676351920497,                                           1.0843304124861546,                                    0.015939595993143377,31108.263697543603, 254.7658691154425,31363.029566659046, 8.422992872361077e-05
                                        0.0038160707617346883,                                           1.1436107981027992,                                     0.03017240377093416,31108.263697542698, 296.0669395524897,31404.330637095187, 8.422992864731052e-05
                                        0.0030971768419798505,                                           1.1522335250654996,                                     0.07487640563437989,  31108.2636975424,337.09790744881735,31445.361604991216, 8.422992862218354e-05
                                          0.00441316581442117,                                           1.1444886687391729,                                     0.03981050314753983,31108.263697542676, 252.5874556040825, 31360.85115314676, 8.422992864547197e-05
                                        0.0014727584389500462,                                           1.0832913635233088,                                     0.03015427474727328,31108.263697543614, 713.0838831846252, 31821.34758072824, 8.422992872453006e-05
                                       0.00012351429175744272,                                           1.1658733567262396,                                    0.010774920989872374,31108.263697542265,  8189.89490537691,39298.158602919175, 8.422992861084575e-05
                                           0.0541589682008437,                                           1.1000154333470276,                                   0.0010219815703040695, 31108.26369754339, 997.8644671615551,32106.128164704944,  8.42299287055316e-05
                                         0.014953643370601729,                                            1.135914165591667,                                    0.023132847937684657,31108.263697542836,110.98225578498655,31219.245953327823, 8.422992865895474e-05
                                       0.00015364251672339636,                                           1.0944311782571212,                                   0.0031497430076445963,31108.263697543473,6827.0150078942315,37935.278705437704, 8.422992871257941e-05
                                          0.06596882662956373,                                           1.0812789558508489,                                    0.008343668844831415,31108.263697543596, 135.9348586743388,31244.198556217936, 8.422992872299792e-05
                                       0.00016904192404614143,                                           1.1496416808449728,                                    0.020365046951560082,31108.263697542585, 5965.665827657709, 37073.92952520029,  8.42299286378113e-05
                                       0.00035255929955002764,                                           1.1060535619919274,                                    0.004035251108907523,31108.263697543312,3085.1224446243054, 34193.38614216762, 8.422992869909664e-05
                                       0.00040536016710667475,                                           1.0841994144044198,                                   0.0017053005533757028,31108.263697543603,3054.2711803565458, 34162.53487790015, 8.422992872361077e-05
                                       0.00016881196361243498,                                           1.1189669749836422,                                    0.001356466543449137,31108.263697543116, 6661.853938362579,  37770.1176359057,  8.42299286825496e-05
                                        0.0032411043391655935,                                           1.1431740757135196,                                   0.0029037913239681346, 31108.26369754271, 653.7889327603734,31762.052630303082,  8.42299286482298e-05
                                         0.006153229768582594,                                           1.1241069200651317,                                     0.08904114067329261,31108.263697542694,174.63663672903087,31282.900334271726,  8.42299286470041e-05
                                       0.00024869334984559376,                                           1.1194520425635428,                                     0.02763605748048608, 31108.26369754311,4058.0941515595455, 35166.35784910266, 8.422992868193674e-05
                                          0.05182506570186234,                                           1.1203533819039166,                                     0.01967419582400746, 31108.26369754308, 71.01625647259823,31179.279954015678, 8.422992867948533e-05
                                          0.01869510211415143,                                           1.1288887772292424,                                     0.04427571587388835, 31108.26369754294, 76.96151708095945,  31185.2252146239, 8.422992866784111e-05
                                         0.000719918489145434,                                           1.1665703243551495,                                     0.00650019209602431, 31108.26369754225,1543.7449631103684, 32652.00866065262, 8.422992860962005e-05
                                          0.02884425212723167,                                           1.1424041675938477,                                     0.07009096048661467,31108.263697542512, 49.81147421927732, 31158.07517176179, 8.422992863168276e-05
                                          0.04109990584123502,                                           1.0734100004099791,                                    0.002785732604574426,31108.263697543734, 384.2345648335226,31492.498262377256, 8.422992873464214e-05
                                        0.0031365482043495476,                                             1.16132114241349,                                     0.01166852496002099, 31108.26369754236,405.38354113868866, 31513.64723868105, 8.422992861881284e-05
                                         0.001653482366898218,                                           1.1249649979419334,                                    0.007947513298084472, 31108.26369754302,  731.498631033995,31839.762328577017,  8.42299286745825e-05
                                        0.0033944102965651935,                                           1.1057819710766006,                                   0.0021324649868838005,31108.263697543312, 764.4471955599748, 31872.71089310329, 8.422992869909664e-05
                                           0.0133109887370711,                                           1.0790021390464355,                                    0.016964232222879475, 31108.26369754367, 135.0002358569138,31243.263933400583, 8.422992872912645e-05
                                        0.0005311368202611583,                                            1.127414042194479,                                     0.03781016149745785,31108.263697542978, 1910.088953270729, 33018.35265081371, 8.422992867090538e-05
                                       0.00020802735934269197,                                           1.1637699772698875,                                    0.027007511509631828, 31108.26369754231,  4844.94602198807, 35953.20971953038, 8.422992861452287e-05
                                          0.10104976979981474,                                           1.0795515486138032,                                   0.0011183099949059615,31108.263697542585, 905.0288647197664, 32013.29256226235,  8.42299286378113e-05
                                         0.012984081447502693,                                           1.1415640840937524,                                   0.0021647185320312636,31108.263697542738, 539.8471984066751,31648.110895949412, 8.422992865068122e-05
                                         0.002479578299369717,                                           1.1325999269715636,                                     0.02465383458729761, 31108.26369754289,  444.738948657811,  31553.0026462007, 8.422992866355114e-05
                                         0.000916782963540695,                                           1.0811575721622533,                                    0.001522805432960585,31108.263697543644,1748.3783511038503,32856.642048647496, 8.422992872698146e-05
                                          0.04486947795409101,                                           1.0772454801641305,                                    0.002298628052071916,31108.263697543687, 458.2572694935407,31566.520967037228, 8.422992873065859e-05
                                          0.07400684740477871,                                            1.108775760006648,                                    0.002205868415088778,31108.263697543178, 467.7503565436614,31576.014054086838, 8.422992868775885e-05
                                           0.0704440910489065,                                           1.1586936256972702,                                    0.017499868963171905,31108.263697542305, 72.20198074137026,31180.465678283676, 8.422992861421644e-05
                                          0.01348177930247979,                                           1.1108168792530997,                                   0.0025357747557382604, 31108.26369754324, 469.4312168012525, 31577.69491434449,  8.42299286929681e-05
                                        0.0002258832165323676,                                           1.1454864264028124,                                   0.0024852991619697326,31108.263697542665, 4830.305446627695, 35938.56914417036, 8.422992864455269e-05
                                          0.06228547615428432,                                            1.084369366179713,                                     0.07946881024019124,31108.263697542454,29.560855428979735,31137.824552971433, 8.422992862677993e-05
                                        0.0002025246975047913,                                           1.1680421607172995,                                    0.047267836936400964,31108.263697542203, 4959.681560245812,36067.945257788015,  8.42299286056365e-05
                                       0.00045780791478603047,                                           1.1189305517234638,                                   0.0010109754632979073,31108.263697543116, 3174.359618594381,  34282.6233161375,  8.42299286825496e-05
                                          0.10371214982797196,                                           1.0507775221503475,                                    0.009675763294042409,31108.263697542458,    113.9447674943,31222.208465036758, 8.422992862708637e-05
                                          0.07771350743128479,                                           1.1042966930703644,                                   0.0011015372634625832,31108.263697543203, 921.5955460978008,32029.859243641004, 8.422992868990384e-05
                                         0.007562635381911333,                                            1.156602712638993,                                    0.009250691153158993,31108.263697542454, 241.1936699018773, 31349.45736744433, 8.422992862677993e-05
                                         0.010190842859440014,                                           1.1186371373880741,                                    0.017646658614656214,31108.263697543123,155.68920709358403,31263.952904636706, 8.422992868316244e-05
                                        0.0008300156786245311,                                           1.1389742373701683,                                   0.0034431952357888264, 31108.26369754278,1496.1024127426526,32604.366110285435, 8.422992865435834e-05
                                        0.0007553140465735826,                                           1.1339320658914485,                                     0.02733053628030029, 31108.26369754287,1361.4236026977874,32469.687300240657, 8.422992866171258e-05
                                          0.02342957182139458,                                           1.0840256732603133,                                   0.0019786365322645607,31108.263697543607, 549.0021243588651, 31657.26582190247,  8.42299287239172e-05
                                        0.0008956036511971392,                                            1.119022390135964,                                   0.0015354406404414773,31108.263697543116,1768.7378229354085, 32877.00152047852,  8.42299286825496e-05
                                        0.0004747628917058976,                                           1.1297230884678697,                                    0.004077575270496476, 31108.26369754294,2352.4435376186693, 33460.70723516161, 8.422992866784111e-05
                                        0.0005849702799013198,                                           1.1014546406590893,                                   0.0063765778086644085,31108.263697543378,1867.2203791370023, 32975.48407668038, 8.422992870461231e-05
                                         0.005817185890907709,                                           1.1125058442242068,                                    0.010109965211099888,31108.263697543214,271.71560613186796, 31379.97930367508, 8.422992869082312e-05
                                          0.05367141301932175,                                           1.0709895730732268,                                    0.009355961792039253,31108.263697543756,126.44932839468095,31234.713025938436, 8.422992873648069e-05
                                       0.00047084541171122914,                                           1.0853961772763447,                                    0.013452825999231692, 31108.26369754359,2199.0944686163516, 33307.35816615994, 8.422992872238507e-05
                                         0.004153861957971844,                                           1.1366582835027603,                                   0.0013894049083958936,31108.263697542825, 961.3521915207633, 32069.61588906359, 8.422992865803546e-05
                                          0.08187064441298147,                                           1.0690480395597843,                                     0.06735774970488384,31108.263697542036,27.995903562383635, 31136.25960110442, 8.422992859154087e-05
                                         0.010128990656288512,                                           1.1045709848831209,                                    0.029598702550401552, 31108.26369754333,133.41711369108046, 31241.68081123441, 8.422992870062877e-05
                                          0.06938486710213396,                                           1.0967103057588707,                                    0.025707463922966474,31108.263697543316,54.223390918509786,31162.487088461825, 8.422992869940306e-05
                                         0.006007110403792291,                                           1.1444881764619457,                                     0.02030054526142126,31108.263697542683,216.60290287514468,31324.866600417827, 8.422992864608482e-05
                                        0.0006193256746035857,                                            1.137691350597156,                                    0.013048743398669477,31108.263697542807,1692.1740690810038,32800.437766623814, 8.422992865650332e-05
                                         0.004329299148789344,                                           1.1611316004427235,                                    0.002352477450285195,31108.263697542363, 656.9292750677195,31765.192972610083, 8.422992861911927e-05
                                        0.0005860998578345154,                                           1.1028219478515007,                                    0.010492731660872839,31108.263697543356, 1802.404727770535, 32910.66842531389, 8.422992870277375e-05
                                          0.01417165836561315,                                            1.123001098580658,                                    0.041500648966935554,31108.263697543043, 95.54985173535107,31203.813549278395, 8.422992867642107e-05
                                       0.00018803560509458216,                                           1.1485830973079696,                                     0.06773238287447565,31108.263697542534, 5333.776364305017,36442.040061847554, 8.422992863352133e-05
                                        0.0005769329851932544,                                           1.0854898160413502,                                    0.016424485274634984, 31108.26369754359,1795.1095167034587, 32903.37321424705, 8.422992872238507e-05
                                         0.022699807954103687,                                           1.1254746302385097,                                    0.006205467483598313, 31108.26369754301,206.08996383959027,  31314.3536613826, 8.422992867366322e-05
                                          0.06482731214845015,                                           1.1105420753209017,                                     0.02366768693779783, 31108.26369754317,58.577757935695516,31166.841455478865, 8.422992868714599e-05
                                        0.0015006820375387555,                                           1.1380930902412896,                                   0.0013838577201428907,  31108.2636975428,1389.8599795109656,32498.123677053765, 8.422992865589048e-05
                                         0.002274582755941135,                                           1.1066614136584578,                                   0.0029162436395016272,  31108.2636975433, 783.4515675760364, 31891.71526511934, 8.422992869817736e-05
                                         0.014862199237363496,                                           1.1485001185141377,                                    0.002969032731475574,31108.263697542607,  404.965522746056,31513.229220288664, 8.422992863964986e-05
                                        0.0001265746642276541,                                            1.083455849869472,                                    0.003931283357333563,31108.263697543614, 8155.768067386579,39264.031764930194, 8.422992872453006e-05
                                         0.008603526565010651,                                           1.1431150113133395,                                    0.012183607616021769, 31108.26369754271, 199.1837054274679,31307.447402970178,  8.42299286482298e-05
                                        0.0010791735271528866,                                           1.1111298339193854,                                     0.00611115639033587,31108.263697543236, 1091.170171874593, 32199.43386941783, 8.422992869266168e-05
                                        0.0001983050291687719,                                           1.1263683999106273,                                    0.015184104126063224,31108.263697542996, 5109.482612114273, 36217.74630965727, 8.422992867243752e-05
                                        0.0002351781783680498,                                           1.0767108327204062,                                    0.008145515944447509,31108.263697543698, 4375.790871831522, 35484.05456937522, 8.422992873157787e-05
                                        0.0002166887326366752,                                            1.121674806642506,                                    0.046389191089151134,31108.263697543065, 4637.362888705892, 35745.62658624896, 8.422992867825963e-05
                                         0.004474865682735934,                                           1.0915061535404216,                                   0.0018247896261714429,31108.263697543513, 772.3949360945563,31880.658633638068,  8.42299287159501e-05
                                        0.0018980908459542557,                                           1.1242480296815198,                                    0.021101502931207813,31108.263697543032, 575.1246457684907,31683.388343311522, 8.422992867550178e-05
                                       0.00025362721010000546,                                           1.1536342886063782,                                     0.07187622258628149,31108.263697542407,3957.5742547510067, 35065.83795229341, 8.422992862279639e-05
                                        0.0024886515533117225,                                           1.1451249784820352,                                    0.004238417499432516,31108.263697542672, 638.6344142786786,31746.898111821352, 8.422992864516554e-05
                                         0.010784616074792693,                                           1.1621852318767545,                                     0.03635652833424845,31108.263697542334,  121.090497629875,31229.354195172207, 8.422992861666785e-05
                                         0.041656150890345946,                                           1.1302660754826892,                                     0.04095748558241023,31108.263697542898, 49.30636734304006, 31157.57006488594,   8.4229928664164e-05
                                         0.007729823723643745,                                           1.1238054930409758,                                     0.04102178290468872,31108.263697543032,154.63618241822718, 31262.89987996126, 8.422992867550178e-05
                                          0.04827892921404359,                                            1.113948996126181,                                    0.002007379856347957, 31108.26369754319, 519.7724955816143,31628.036193124804, 8.422992868867813e-05
                                        0.0005442228387315207,                                           1.1381423999480367,                                    0.001390478993277157,31108.263697542796,2557.5378632951692,33665.801560837965, 8.422992865558404e-05
                                        0.0001974852333069149,                                           1.1575742600078132,                                   0.0066132330294664055,31108.263697542432, 5215.745586336789, 36324.00928387922, 8.422992862494137e-05
                                            0.064732041733922,                                           1.0452825474107255,                                      0.0655222263267305,  31108.2636975435,31.666975796794382,31139.930673340295, 8.422992871503082e-05
                                          0.09118243696349937,                                           1.0647711014083956,                                   0.0016509472683951115,31108.263697543356, 617.6190583275694,31725.882755870927, 8.422992870277375e-05
                                       0.00014533178737997948,                                           1.1664891742646504,                                   0.0034653026949928328, 31108.26369754225, 7170.239490698499, 38278.50318824075, 8.422992860962005e-05
                                       0.00010021751016194899,                                           1.0757115195731441,                                     0.08625134967664964, 31108.26369754354, 9990.819830528155,  41099.0835280717, 8.422992871840152e-05
                                         0.006717025143898634,                                           1.1302062887250237,                                    0.033366421173813623, 31108.26369754293, 179.7304737159989,31287.994171258928, 8.422992866692183e-05
                                       0.00010828029919881432,                                           1.1151362284788966,                                    0.018075924428131836,31108.263697543174, 9291.509285490354, 40399.77298303353, 8.422992868745243e-05
                                        0.0018909004847077321,                                           1.0721518618894381,                                    0.017563712866055164, 31108.26369754375, 586.7168343260512,  31694.9805318698, 8.422992873586784e-05
                                       0.00020823316005543516,                                           1.1320043723937798,                                    0.003362757716904364,31108.263697542905, 5100.567468806952, 36208.83116634986, 8.422992866477684e-05
                                        0.0017119499611728223,                                           1.1081637659940422,                                   0.0021863969888512146, 31108.26369754328,1042.4050965787712, 32150.66879412205,  8.42299286963388e-05
                                         0.016210422466498425,                                             1.14274080571369,                                    0.003363615961925358,31108.263697542716,359.86289649098853,31468.126594033703, 8.422992864884266e-05
                                         0.028720047588235556,                                            1.109692421462645,                                     0.06490876930446164, 31108.26369754314,  51.1262732161702,31159.389970759312, 8.422992868469458e-05
                                        0.0009889219926142558,                                           1.1423252456010096,                                    0.009696907434282847,31108.263697542723,1115.2031739575998,32223.466871500324, 8.422992864945551e-05
                                        0.0030087012635765203,                                           1.1012311475038559,                                     0.06866044277368992, 31108.26369754332,347.84182378099615,31456.105521324316,  8.42299286997095e-05
                                         0.008349563753241572,                                           1.0819297993202448,                                   0.0015542509942710998,31108.263697543633, 764.0877359492911,31872.351433492924, 8.422992872606218e-05
                                          0.01452508514303561,                                           1.1032243428602653,                                    0.013635029104109193, 31108.26369754335,143.09335707374083, 31251.35705461709,  8.42299287021609e-05
                                         0.005989791528555172,                                           1.1137607282633781,                                    0.008692710946218308,31108.263697543196,282.88748842065155, 31391.15118596385, 8.422992868929098e-05
                                       0.00017731653865179803,                                           1.1404880248684406,                                    0.026672747327840026,31108.263697542756, 5678.000124776919, 36786.26382231968, 8.422992865221335e-05
                                        0.0054134212220169255,                                           1.1538848721161428,                                    0.005449597116474295,31108.263697542505, 369.0925059828985,31477.356203525404,  8.42299286310699e-05
                                        0.0002521764279968689,                                           1.1173542253488224,                                   0.0028374093634832807, 31108.26369754314, 4318.806829718534,35427.070527261676, 8.422992868469458e-05
                                         0.003410217251506208,                                           1.0727040641854364,                                    0.013283907417784001,31108.263697543745,369.44772861115626,31477.711426154903, 8.422992873556142e-05
                                        0.0013197986085097784,                                            1.146757443253085,                                   0.0015929558512301327, 31108.26369754264,1386.3271704618157,32494.590868004456,  8.42299286424077e-05
                                       0.00023020163257275844,                                           1.0851223165020276,                                   0.0024531282600592564,31108.263697543593, 4752.582171140879, 35860.84586868447,  8.42299287226915e-05
                                        0.0022890116716642052,                                            1.156094546299246,                                    0.003739359392987468, 31108.26369754246, 705.1602352525914,31813.423932795053, 8.422992862739279e-05
                                          0.05703462299963177,                                           1.1297130891765983,                                    0.004813546754085524, 31108.26369754293,226.16541140084252,31334.429108943772, 8.422992866692183e-05
                                          0.00803458400194122,                                           1.1154633140377026,                                   0.0015589913961898147, 31108.26369754317, 766.7987978808835,31875.062495424056, 8.422992868714599e-05
                                         0.009776519090828998,                                            1.085183847208974,                                     0.00774420496656718,31108.263697543593, 232.3362109623946, 31340.59990850599,  8.42299287226915e-05
                                        0.0005523926684666636,                                           1.0919189099258442,                                    0.005801066614294934,31108.263697543505,1983.6043418350803, 33091.86803937858, 8.422992871533726e-05
                                          0.03624755884564641,                                           1.1311197068490113,                                    0.002822562169339285, 31108.26369754292, 382.7601778186851,31491.023875361603, 8.422992866600256e-05
                                         0.024185100142161083,                                           1.1348933962830186,                                    0.015764062057486917,31108.263697542854,105.66433826185202,31213.928035804707, 8.422992866048687e-05
                                         0.000332476677135528,                                           1.1639745216714363,                                   0.0036435547509461957,  31108.2636975423, 3283.046141671146, 34391.30983921345, 8.422992861391002e-05
                                         0.038996757584162864,                                           1.0785268924419238,                                    0.026556814294738926, 31108.26369754367, 64.22546709209566,31172.489164635765, 8.422992872912645e-05
                                        0.0009237318974027704,                                           1.1108948957682045,                                    0.011546900588143425, 31108.26369754324,1170.0686947465397, 32278.33239228978,  8.42299286929681e-05
                                        0.0002807821654158722,                                           1.0932809804257355,                                    0.011704761450940793,31108.263697543487, 3647.829757733777, 34756.09345527727, 8.422992871380511e-05
                                        0.0016592266040630819,                                           1.0740734804130447,                                      0.0654131763912382, 31108.26369754369, 618.9089075853876, 31727.17260512908, 8.422992873096501e-05
                                        0.0023949022362015904,                                           1.1005026608841477,                                    0.001262665321158588, 31108.26369754339, 1210.437755389413,  32318.7014529328,  8.42299287055316e-05
                                        0.0001621735288291342,                                           1.0882460332754924,                                     0.08894591107846546,31108.263697543334, 6178.396145483635,37286.659843026966,  8.42299287009352e-05
                                         0.005887199940193878,                                           1.0757866390412543,                                   0.0013241917537472878, 31108.26369754371, 925.9672267630214,32034.230924306732, 8.422992873249715e-05
                                        0.0031654720826760326,                                             1.07563215206581,                                     0.05147806314770307,31108.263697543698,336.26408227533676,31444.527779819036, 8.422992873157787e-05
                                          0.08617915532271414,                                            1.071798743084354,                                   0.0013334239356282075, 31108.26369754345, 762.4857847174259,31870.749482260875, 8.422992871074085e-05
                                         0.007069411679555456,                                           1.1620822599551848,                                    0.004482621521603315, 31108.26369754234,  365.398756713438, 31473.66245425578, 8.422992861728071e-05
                                         0.005112742357337142,                                           1.0913868557907993,                                      0.0843912716216074,31108.263697543323, 208.3555821642919,31316.619279707615, 8.422992870001592e-05
                                         0.018992607263827496,                                           1.1675264327799009,                                   0.0027856600545713424, 31108.26369754223,412.48992454539734,31520.753622087625, 8.422992860778149e-05
                                        0.0019014420352211864,                                           1.1193411158703241,                                    0.012002277190926546, 31108.26369754311, 610.1275418953546,31718.391239438464, 8.422992868193674e-05
                                        0.0024349247979746783,                                           1.1029183211807492,                                      0.0897759978867163, 31108.26369754308, 422.7358218919757,31530.999519435056, 8.422992867948533e-05
                                         0.044142193305665864,                                           1.0729001755853178,                                   0.0037879304563264264, 31108.26369754374, 287.5825144892213,31395.846212032964, 8.422992873525498e-05
                                       0.00014803254519714438,                                           1.1151611727118227,                                      0.0363475907518031, 31108.26369754317, 6783.680143949395, 37891.94384149257, 8.422992868714599e-05
                                       0.00025035716001476304,                                            1.104949428383375,                                    0.001593341482527498,31108.263697543327, 4622.810463766331, 35731.07416130966, 8.422992870032234e-05
                                          0.03648361006858215,                                           1.1054914527343074,                                   0.0056964642425781425, 31108.26369754332,203.86163336737988,31312.125330910698,  8.42299286997095e-05
                                         0.021730102537120724,                                           1.0872643786529281,                                    0.001013476689829941,31108.263697543567,1033.6413667058946,32141.905064249462, 8.422992872054651e-05
                                          0.04200610870706814,                                           1.0929979416046118,                                     0.02045260656266142,31108.263697543487, 73.61449965271164,31181.878197196198, 8.422992871380511e-05
                                         0.013660116782678406,                                             1.09397798756291,                                    0.008727501826843497, 31108.26369754348, 188.7002369735777,31296.963934517058, 8.422992871319227e-05
                                        0.0006549771540731617,                                           1.1162355189388788,                                    0.015521642882476426, 31108.26369754316,1592.0928480049006, 32700.35654554806, 8.422992868622671e-05
                                       0.00013397088686979006,                                             1.09621002812527,                                    0.002451176702814889,31108.263697543447, 7873.187836852823, 38981.45153439627, 8.422992871043443e-05
                                         0.030685382726773916,                                           1.1193203467002901,                                   0.0023377726913951873,31108.263697543112,461.23979046441616, 31569.50348800753, 8.422992868224316e-05
                                          0.06810429914656316,                                           1.1205442532716698,                                    0.009423783626552065,31108.263697543032,121.69027503122625,31229.953972574258, 8.422992867550178e-05
                                          0.10734752923912025,                                           1.0307333029687702,                                    0.021073757194874986,31108.263697541744,57.738104294150574,31166.001801835893, 8.422992856702673e-05
                                        0.0003915160580939222,                                           1.0768048728518456,                                     0.10735156618730468,31108.263697543032,2564.4175133722215, 33672.68121091525, 8.422992867550178e-05
                                           0.0211598287041407,                                           1.1326232713399682,                                   0.0036492889973156225,31108.263697542894, 322.1682495883808,31430.431947131274, 8.422992866385756e-05
                                         0.002413125132852457,                                           1.1124044663313275,                                     0.00315247017380979,31108.263697543218, 732.5109109951512, 31840.77460853837, 8.422992869112954e-05
                                        0.0024547962165046952,                                           1.1312045513474474,                                    0.024184736375652757,31108.263697542916,449.59819705670566, 31557.86189459962, 8.422992866569612e-05
                                          0.00432847454650119,                                            1.129561233165218,                                      0.0161871964180358,31108.263697542945,293.69079304081174,31401.954490583757, 8.422992866814755e-05
                                        0.0041277511978210476,                                           1.1086417471331411,                                     0.07875781559572824,31108.263697543134,255.86182083449503, 31364.12551837763, 8.422992868408173e-05
                                         0.010006645920065437,                                            1.076878473193905,                                    0.006630946896767375,31108.263697543694, 251.6702190162138, 31359.93391655991, 8.422992873127144e-05
                                        0.0005606051446258151,                                           1.1050187353154322,                                   0.0026876549198792806,31108.263697543327,2156.7632357002317, 33265.02693324356, 8.422992870032234e-05
                                         0.004993524651544399,                                           1.1141340644678843,                                    0.002490701352286218,31108.263697543192, 602.6502459097562, 31710.91394345295, 8.422992868898456e-05
                                       0.00018017170018746884,                                           1.0810860602084367,                                     0.04326329927977859, 31108.26369754364, 5574.300492702285,36682.564190245925, 8.422992872667504e-05
                                         0.038606357918014984,                                           1.1551799322534266,                                   0.0046604043858588734, 31108.26369754248,241.34178967608656,31349.605487218567, 8.422992862892492e-05
                                          0.06272126298560764,                                           1.1131005684521524,                                    0.010996378793941143,31108.263697543174,107.78097600437317, 31216.04467354755, 8.422992868745243e-05
                                       0.00041720532885742705,                                           1.0823418230046522,                                     0.07271178857517407,31108.263697543563, 2411.578162362262, 33519.84185990583, 8.422992872024009e-05
                                         0.005167914018671529,                                           1.1050637544296882,                                   0.0011534320079261502,31108.263697543323, 1061.384444473553,32169.648142016875, 8.422992870001592e-05
                                          0.00548152397571598,                                           1.1312217921704395,                                     0.05120248917447763,31108.263697542898,202.84531861223599,31311.109016155133,   8.4229928664164e-05
                                        0.0004963284092166886,                                           1.1580549573646775,                                   0.0020187957521061125,31108.263697542425,2511.0033332860653, 33619.26703082849, 8.422992862432853e-05
                                          0.04860893217990411,                                            1.104088657007026,                                     0.01513892577260671, 31108.26369754333, 87.53296000625879, 31195.79665754959, 8.422992870062877e-05
                                        0.0009565182889384388,                                            1.170249815966769,                                     0.04282480446977616,31108.263697542163,1069.6637879260445,32177.927485468208,  8.42299286022658e-05
                                        0.0002616906373789933,                                           1.1467196767729693,                                    0.003310550476774298,31108.263697542643, 4124.242610279123,35232.506307821764, 8.422992864271413e-05
                                       0.00019495984589501398,                                           1.0449212263816228,                                     0.11369658040791149, 31108.26369754329, 5139.013687162621,36247.277384705914, 8.422992869725808e-05
                                        0.0002268354412477881,                                           1.1519176636108275,                                    0.001008027746650161,31108.263697542545, 5401.386480091362, 36509.65017763391, 8.422992863444061e-05
                                         0.015671188943343115,                                           1.0308663889352332,                                     0.09150906767287904,31108.263697543895, 75.70930431377252,31183.973001857667, 6.205892403801057e-05
                                        0.0016302102308656504,                                            1.060586339767532,                                     0.07343644373103406,31108.263697543818, 627.9779081553198, 31736.24160569914, 6.205892403326942e-05
                                        0.0002496655302565116,                                           1.0699442108225719,                                    0.006542036499293505,31108.263697543778, 4159.150913583678, 35267.41461112745, 6.205892403078596e-05
                                          0.00264257255479287,                                            1.039939543382625,                                    0.014522502787294552,31108.263697544087, 448.2393760247036, 31556.50307356879, 6.205892404997633e-05
                                         0.002257199837204779,                                           1.0335063057882534,                                   0.0034265650495065845,31108.263697544146, 735.8318188975003,31844.095516441645, 6.205892405358863e-05
                                        0.0007478186151072256,                                           1.0628975592255117,                                     0.00676218048403638,31108.263697543855,1486.0447814908823, 32594.30847903474, 6.205892403552711e-05
                                         0.011680667612954138,                                           1.0677736995544793,                                     0.00831932285370686,  31108.2636975438,206.75016362012335,31315.013861163923, 6.205892403214058e-05
                                        0.0050244596548710465,                                           1.0338930821213463,                                    0.004376211898574611,31108.263697544142,428.50172529193236,31536.765422836073, 6.205892405336286e-05
                                          0.01678411162996364,                                           1.0508969413806577,                                    0.006437769669117004,31108.263697543982,215.86502359513233,31324.128721139114, 6.205892404342903e-05
                                         0.016991807626232324,                                           1.0527144514982107,                                      0.0037054330805539,31108.263697543964,  329.675802873497,31437.939500417462, 6.205892404230018e-05
                                        0.0009339050309428997,                                           1.0463021853859122,                                   0.0029922705860103184,31108.263697544025, 1405.922810051475,  32514.1865075955, 6.205892404613825e-05
                                        0.0014304492428057947,                                           1.0522876259453169,                                    0.005434013718020787,31108.263697543967, 884.0574246844163,31992.321122228383, 6.205892404252595e-05
                                       0.00040417223641075014,                                           1.0696545715226171,                                     0.00132824931301807,31108.263697543778,3227.9982964698333,34336.261994013614, 6.205892403078596e-05
                                         0.025700853674344833,                                            1.022231105586864,                                   0.0017996103179493063,31108.263697544244, 595.5633195982149, 31703.82701714246,  6.20589240596844e-05
                                          0.00142651920034328,                                           1.0140529778541152,                                    0.012811348514164341, 31108.26369754431, 780.0489757976572,31888.312673341967, 6.205892406374824e-05
                                        0.0005632430254222022,                                            1.037674551229868,                                    0.035558638229630804, 31108.26369754411,1804.5188034667815, 32912.78250101089, 6.205892405133094e-05
                                          0.00812834059708383,                                           1.0263834009000639,                                     0.04183815888213195,31108.263697544207,147.90226091187427, 31256.16595845608, 6.205892405742671e-05
                                         0.008868293388903617,                                           1.0092715079455707,                                     0.03132996963757478,31108.263697544346,145.67040092656885,31253.934098470916, 6.205892406600593e-05
                                        0.0030450560286415305,                                           1.0448456320879422,                                   0.0031818893790008505, 31108.26369754404, 643.6369433922838,31751.900640936325, 6.205892404704134e-05
                                         0.014283205649258647,                                           1.0279806305134882,                                    0.004273470784871042,31108.263697544196, 304.9869091705386,31413.250606714733, 6.205892405674941e-05
                                       0.00031515884649998367,                                           1.0476838479808919,                                    0.003612113608893866,31108.263697544015, 3450.803816457334, 34559.06751400135, 6.205892404546095e-05
                                         0.029764777191729975,                                            1.001214213900766,                                    0.003964229624648113,31108.263697544407, 286.8513660668305, 31395.11506361124, 6.205892406984401e-05
                                         0.007026941933660225,                                            1.054061981149951,                                    0.002463398934948457, 31108.26369754395, 549.2013075206189, 31657.46500506457,  6.20589240413971e-05
                                        0.0005217716667307723,                                           1.0100865424965357,                                     0.04693160820379406, 31108.26369754434,1938.8447639871908, 33047.10846153153, 6.205892406555439e-05
                                        0.0017924459499520204,                                           1.0380403010168233,                                     0.06813095680334788, 31108.26369754407, 573.5378477160405, 31681.80154526011, 6.205892404884748e-05
                                         0.002083424004269384,                                           1.0089579644641848,                                     0.03260105747991071, 31108.26369754435, 511.6440835200304, 31619.90778106438,  6.20589240662317e-05
                                       0.00016531685993529315,                                           1.0312539607248812,                                     0.07652252776060194, 31108.26369754411, 6063.027543308752,37171.291240852865, 6.205892405133094e-05
                                        0.0003589075438812242,                                           1.0623991240910393,                                    0.053683184228924256,31108.263697543847, 2805.801953927852,  33914.0656514717, 6.205892403507557e-05
                                          0.01060529244236379,                                           1.0287780774420843,                                   0.0031368157940137513, 31108.26369754419, 414.0591908312991, 31522.32288837549, 6.205892405629786e-05
                                         0.003383985536456916,                                           1.0618264473056829,                                   0.0027797497049897742,31108.263697543865, 656.1959302852342,  31764.4596278291, 6.205892403620441e-05
                                        0.0005225985969849867,                                           1.0265771898288272,                                     0.06718876454541531, 31108.26369754418,1929.3720650520213,  33037.6357625962, 6.205892405562056e-05
                                        0.0008155709584633998,                                           1.0469047239776805,                                     0.05430935227191966, 31108.26369754401,1245.5031125563492, 32353.76681010036, 6.205892404523518e-05
                                          0.00950747773730863,                                           1.0355425274018237,                                     0.04623240252953731, 31108.26369754412,127.77589610578357,31236.039593649904, 6.205892405200826e-05
                                         0.004867992301303334,                                           1.0391553734493257,                                    0.017327886470751494,31108.263697544095, 264.0962593515147, 31372.35995689561, 6.205892405042787e-05
                                         0.005868427313568902,                                            1.029500259389246,                                    0.023421097484124274,31108.263697544182,214.07129815878307,31322.334995702964, 6.205892405584632e-05
                                         0.001300048409499516,                                           1.0593137412942515,                                    0.014292817419660592,31108.263697543895, 840.1113449539882,31948.375042497883, 6.205892403801057e-05
                                        0.0001740135755614448,                                           1.0175596235274036,                                    0.011263710332318173,31108.263697544284, 5836.441513860156, 36944.70521140444, 6.205892406216786e-05
                                         0.009438243399232783,                                           1.0367301175218442,                                    0.005383083410755163,31108.263697544116, 292.6836283894581,31400.947325933575, 6.205892405178249e-05
                                         0.001253228615219208,                                           1.0543709511708628,                                   0.0026656245893973613,31108.263697543945,1174.0340417859134,32282.297739329857, 6.205892404117133e-05
                                        0.0020096158682111147,                                            1.012033830562146,                                    0.003242998628203963,31108.263697544327, 806.9522355215751,  31915.2159330659, 6.205892406487709e-05
                                         0.004375586469205383,                                           1.0032883041645537,                                      0.0568815108507169,31108.263697544382, 247.1179201669733,31355.381617711355, 6.205892406826362e-05
                                         0.007956472423362622,                                           1.0486490191593296,                                    0.006227551955031658,31108.263697544004, 287.2141884538839,31395.477885997887, 6.205892404478364e-05
                                        0.0006443320733963223,                                           1.0126908850982106,                                    0.043825522382577184,31108.263697544317,1575.7999799138458, 32684.06367745816, 6.205892406419979e-05
                                        0.0021914133641617486,                                            1.065351177207984,                                     0.00594409547310409, 31108.26369754383, 625.4993372749376,31733.763034818767, 6.205892403394672e-05
                                         0.010261793539829403,                                            1.030899043595793,                                    0.023870652584500943, 31108.26369754417, 140.3113240773091, 31248.57502162148, 6.205892405516902e-05
                                        0.0019187957184231717,                                           1.0145907312684446,                                    0.004304676448448982,31108.263697544306, 754.4513363351039, 31862.71503387941, 6.205892406352247e-05
                                        0.0017339598630986917,                                           1.0141076610641675,                                    0.003812865719014537, 31108.26369754431, 839.9706299376089,31948.234327481918, 6.205892406374824e-05
                                        0.0063492485187867575,                                           1.0342692195734968,                                     0.04694351180298235,31108.263697544135,179.76801854300675,31288.031716087142, 6.205892405291133e-05
                                       0.00035752463070834315,                                           1.0334056425811227,                                     0.07808576044624421, 31108.26369754408,  2810.78419781725, 33919.04789536133,  6.20589240495248e-05
                                       0.00011603115486091145,                                           1.0093622610967758,                                    0.005811558202256183,31108.263697544346, 8791.436579090305, 39899.70027663465, 6.205892406600593e-05
                                         0.000663098437257012,                                           1.0348321650072017,                                     0.04471442188282412, 31108.26369754413,1531.4022082111153,32639.665905755246, 6.205892405268556e-05
                                         0.006808855203616886,                                           1.0163317597324093,                                     0.00416951982516508,31108.263697544295, 387.6872685300412,31495.950966074335, 6.205892406284517e-05
                                       0.00019030550898248888,                                           1.0447507899895108,                                   0.0034481299925925336,31108.263697544044, 5545.678062171824, 36653.94175971587,  6.20589240472671e-05
                                          0.06984596869088272,                                           1.0149999998902655,                                    0.025210281929660124,31108.263697544186,54.968795535934746, 31163.23249308012, 6.205892405607209e-05
                                        0.0020507805381518663,                                            1.045535683762544,                                     0.07108241041346758, 31108.26369754399,502.64384235232643,31610.907539896314, 6.205892404388056e-05
                                         0.004972865218233605,                                            1.015804735575155,                                    0.004409491873708278,  31108.2636975443, 428.8592548732187,31537.122952417518, 6.205892406307094e-05
                                         0.014897784294617623,                                           1.0566801072521257,                                     0.05896919325858752, 31108.26369754389, 85.02844298620164, 31193.29214053009,  6.20589240377848e-05
                                       0.00013765649148327514,                                           1.0361905125622293,                                     0.02525805407627243,31108.263697544124, 7305.015852338152,38413.279549882274, 6.205892405223402e-05
                                       0.00015600301608674984,                                           1.0046870270712345,                                    0.024423001857126043,31108.263697544382, 6452.072820039544, 37560.33651758393, 6.205892406826362e-05
                                         0.005296579807195779,                                           1.0662659325624735,                                     0.05275839240703442,31108.263697543804,208.69326500366253,31316.956962547465, 6.205892403236635e-05
                                           0.0622249664263444,                                            1.021035134290836,                                    0.011142892429117235,31108.263697544222,106.79342357880004,31215.057121123024, 6.205892405832978e-05
                                        0.0003194437582577675,                                           1.0034486200252661,                                   0.0027793608223917075,31108.263697544393, 3491.233024498015, 34599.49672204241, 6.205892406894094e-05
                                          0.06740979057097725,                                           1.0102611143226479,                                    0.010130928189322036,31108.263697544287,114.53212222725683,31222.795819771545, 6.205892406239363e-05
                                          0.06094468489755262,                                           1.0262974673902068,                                     0.03781453851602788, 31108.26369754412, 43.82755345839851, 31152.09125100252, 6.205892405200826e-05
                                       0.00017340840283376556,                                           1.0649579940398124,                                    0.014046142282941498,31108.263697543833, 5838.866165022591, 36947.12986256642,  6.20589240341725e-05
                                          0.00200128062277867,                                           1.0208213120530611,                                     0.08857090098449752, 31108.26369754412, 511.9500423792658,31620.213739923387, 6.205892405200826e-05
                                         0.026283099724696356,                                           1.0449171047667811,                                    0.003621834444750655, 31108.26369754404,315.10745431603783, 31423.37115186008, 6.205892404704134e-05
                                          0.03517374266499231,                                           1.0665057915929486,                                    0.016440721496972115,31108.263697543814, 90.19252104033701,31198.456218584153, 6.205892403304365e-05
                                          0.01583992948571523,                                           1.0687245131270366,                                   0.0073335167116987746, 31108.26369754379,200.42751552076504,31308.691213064554, 6.205892403146326e-05
                                         0.003679684605741256,                                           1.0079602609564684,                                    0.045376487109932924,31108.263697544353,294.79236965687113,31403.056067201225, 6.205892406645748e-05
                                       0.00013513695367037545,                                           1.0301281190335243,                                    0.009335867843362227, 31108.26369754418, 7507.984941288272, 38616.24863883245, 6.205892405562056e-05
                                         0.004103671486048087,                                            1.013299856468983,                                     0.05318549673982435, 31108.26369754431, 263.4732165821008, 31371.73691412641, 6.205892406374824e-05
                                         0.013286325302003837,                                           1.0052083628982105,                                     0.10235778040650476,31108.263697543964, 86.02982737350929,31194.293524917473, 6.205892404230018e-05
                                        0.0004530242621187831,                                           1.0064040667176375,                                   0.0037674046822406336,31108.263697544367, 2473.815648672737,33582.079346217106, 6.205892406736055e-05
                                        0.0015265344837002875,                                            1.006439102959781,                                    0.004799450692253604,31108.263697544367, 864.4293321878789,31972.693029732247, 6.205892406736055e-05
                                       0.00010207292366743627,                                           1.0264109693882197,                                    0.027860129119190717,31108.263697544207, 9833.785237688042, 40942.04893523225, 6.205892405742671e-05
                                        0.0003823835164403835,                                           1.0482455197041303,                                   0.0031157339994181536,31108.263697544007, 2937.081125293467, 34045.34482283748, 6.205892404500941e-05
                                        0.0009230078989450293,                                           1.0346585979659346,                                     0.00787402934886615, 31108.26369754414, 1211.380629894348,32319.644327438487,  6.20589240531371e-05
                                          0.07946513872804735,                                            1.050783821499272,                                   0.0028697998827635937,31108.263697543818,361.99215776718887,31470.255855311007, 6.205892403326942e-05
                                        0.0025116211353800634,                                            1.006983086144222,                                     0.00171533645394171,31108.263697544367, 982.1182959304275,32090.381993474795, 6.205892406736055e-05
                                          0.00129916703735986,                                           1.0577260130043074,                                    0.046269193505707205,31108.263697543905, 792.2820394443161, 31900.54573698822, 6.205892403868787e-05
                                          0.05976862972458571,                                           1.0230307583682534,                                    0.018145512069856522,31108.263697544207, 72.81871842985737,31181.082415974066, 6.205892405742671e-05
                                        0.0043401945065865465,                                            1.017337891299271,                                     0.02607441451549253,31108.263697544284, 269.7391500338425,31378.002847578126, 6.205892406216786e-05
                                        0.0008131193295829372,                                           1.0553844711865588,                                     0.03453650118300064,31108.263697543935,1259.7341841137381,32367.997881657673, 6.205892404049403e-05
                                        0.0009731567495356285,                                           1.0700609188070744,                                    0.004201992303037447,31108.263697543774,1266.5005617927752, 32374.76425933655, 6.205892403056019e-05
                                        0.0010389758663270905,                                           1.0375119861253204,                                   0.0033508472570640993, 31108.26369754411,1261.8820938081385,32370.145791352246, 6.205892405133094e-05
                                         0.003984009338472518,                                           1.0521850176436969,                                     0.06072731523630003,31108.263697543945, 268.4208852476688,31376.684582791615, 6.205892404117133e-05
                                        0.0005293002985308039,                                           1.0071940570100413,                                     0.10549920834418358,31108.263697544015,1899.7582743854957, 33008.02197192951, 6.205892404546095e-05
                                        0.0007355256023785614,                                            1.013038333221094,                                     0.03021678797322511,31108.263697544317,1393.6532960163815,  32501.9169935607, 6.205892406419979e-05
                                         0.004723068494522109,                                           1.0404445388565253,                                     0.07014312905431729,31108.263697544036, 226.9444537157414,31335.208151259776, 6.205892404681557e-05
                                        0.0020351490360214952,                                           1.0297928674484516,                                     0.01711579881437479, 31108.26369754418, 550.7611270846182,31659.024824628796, 6.205892405562056e-05
                                       0.00039094215947978536,                                           1.0315268124437476,                                     0.06431762709895072,31108.263697544142,2574.4404239102637, 33682.70412145441, 6.205892405336286e-05
                                         0.006112701976789906,                                           1.0582134599958781,                                    0.004213481038122713,31108.263697543905, 401.8722173289118, 31510.13591487282, 6.205892403868787e-05
                                       0.00022097236631679441,                                           1.0493253234430568,                                      0.0286595476366846,31108.263697543996, 4561.298116569483, 35669.56181411348, 6.205892404433211e-05
                                       0.00011936550795195934,                                           1.0644863749876718,                                     0.01473535333763983,31108.263697543836,   8446.4329130427,39554.696610586536, 6.205892403439827e-05
                                        0.0003403378302424859,                                           1.0316902075822354,                                   0.0011771183773828064,31108.263697544164, 3788.758477639752, 34897.02217518391, 6.205892405471748e-05
                                         0.003910709947888855,                                           1.0260814563099123,                                   0.0012437728560695683, 31108.26369754421,1060.6879531939587, 32168.95165073817, 6.205892405765248e-05
                                       0.00044812455945226386,                                           1.0294332648425735,                                      0.0584064880033695, 31108.26369754417,2249.6152107794496, 33357.87890832362, 6.205892405516902e-05
                                       0.00021916366957196873,                                           1.0091368709070232,                                    0.006436557789938365, 31108.26369754435,4719.1535296457705, 35827.41722719012,  6.20589240662317e-05
                                        0.0006560198711015926,                                           1.0709992827342163,                                     0.04365943359884497, 31108.26369754376, 1548.182334293078,32656.446031836836, 6.205892402965712e-05
                                          0.07049698893153623,                                           1.0592684763732265,                                    0.024986909822222906,31108.263697543764,55.150005993524594,31163.413703537288, 6.205892402988289e-05
                                        0.0001445418106781534,                                            1.001566605901996,                                    0.005387224726696983,31108.263697544404, 7105.036170469249, 38213.29986801365, 6.205892406961824e-05
                                        0.0010169183695796222,                                           1.0264896101968641,                                   0.0010628208776265254,31108.263697544207,1925.2296124124096, 33033.49330995662, 6.205892405742671e-05
                                        0.0033372319426690543,                                           1.0644207203029128,                                    0.024850732529489626,31108.263697543836,340.82927568674376, 31449.09297323058, 6.205892403439827e-05
                                        0.0010364153628169483,                                           1.0223152497091095,                                      0.0775058814002386,31108.263697544182, 978.7445414139839,32087.008238958166, 6.205892405584632e-05
                                         0.003900318488601587,                                           1.0597995547008692,                                     0.04691897069203569, 31108.26369754388,278.64623389122534,31386.909931435104,  6.20589240371075e-05
                                        0.0008698843538416274,                                           1.0242835775308623,                                     0.01611982161999433, 31108.26369754423, 1212.589814943128,32320.853512487356, 6.205892405878132e-05
                                       0.00014935584550472049,                                             1.00420002609348,                                     0.09602008820224163,  31108.2636975442, 6706.829534249126,37815.093231793326, 6.205892405697517e-05
                                       0.00023840619622189982,                                           1.0282432641877384,                                    0.013775830838744061,31108.263697544193, 4268.085288733427, 35376.34898627762, 6.205892405652364e-05
                                        0.0015208885817280875,                                           1.0122706373193304,                                     0.08910376739023726,31108.263697544193, 669.7211088578379, 31777.98480640203, 6.205892405652364e-05
                                        0.0001198999780978834,                                            1.035148492520439,                                    0.033170378458583165, 31108.26369754413, 8371.398518010861, 39479.66221555499, 6.205892405268556e-05
                                       0.00031151806526676687,                                           1.0200611472307541,                                    0.019153747832498378,31108.263697544262,3263.2761427576393,  34371.5398403019, 6.205892406081324e-05
                                       0.00019251521627708075,                                           1.0238790329504996,                                    0.040482597516447484, 31108.26369754423, 5220.073250907598,36328.336948451826, 6.205892405878132e-05
                                        0.0005447622772036875,                                           1.0086078298278633,                                    0.008882955411996957,31108.263697544353, 1949.229692022148,  33057.4933895665, 6.205892406645748e-05
                                         0.012439722854143043,                                            1.008181279231907,                                   0.0032352885367171805,31108.263697544357,390.47097040377616,31498.734667948134, 6.205892406668325e-05
                                         0.005560886754884397,                                           1.0663337605308123,                                    0.022630405939192518,31108.263697543818,224.95356424210635,31333.217261785925, 6.205892403326942e-05
                                        0.0010479623666064283,                                           1.0534625130771256,                                   0.0011785010390101896,31108.263697543956,1803.7175170175024,32911.981214561456, 6.205892404184865e-05
                                        0.0006027449967745471,                                            1.035443945197196,                                   0.0012388826172115308, 31108.26369754413, 2467.221144482783, 33575.48484202691, 6.205892405268556e-05
                                         0.004860202923077623,                                           1.0658741904568696,                                    0.029761190439021985, 31108.26369754382,240.29172942225466,31348.555426966075,  6.20589240334952e-05
                                        0.0001418703529103141,                                           1.0134321748223512,                                     0.02843075189163666,31108.263697544317, 7084.848955781584,  38193.1126533259, 6.205892406419979e-05
                                         0.014568067601795366,                                            1.029585610896894,                                   0.0011602863731493243,31108.263697544182,  931.470744570772,32039.734442114954, 6.205892405584632e-05
                                        0.0004187463773737435,                                            1.016083806909996,                                    0.021540120890591572,31108.263697544295,2435.4895264612787, 33543.75322400557, 6.205892406284517e-05
                                         0.014044008656816513,                                           1.0172802003903016,                                    0.006261108048113538,31108.263697544284,231.90389287498698, 31340.16759041927, 6.205892406216786e-05
                                       0.00025114591757494846,                                           1.0630284577312399,                                     0.03329983346401113, 31108.26369754385,4012.7198642817375, 35120.98356182559, 6.205892403530134e-05
                                            0.075893925404912,                                           1.0076190548949562,                                    0.014432409324441425,31108.263697544207, 83.45722412801346,31191.720921672222, 6.205892405742671e-05
                                       0.00027489428206112833,                                           1.0156719673020242,                                    0.006798503923307207,  31108.2636975443, 3785.837852233524, 34894.10154977782, 6.205892406307094e-05
                                        0.0006472105478808114,                                            1.012189432601345,                                     0.09286739250908747, 31108.26369754416,1556.8482469960447,32665.111944540204,  6.20589240544917e-05
                                         0.004788226560536476,                                           1.0408471184567354,                                    0.041179065876752345,31108.263697544076,234.09052935453593,31342.354226898613, 6.205892404929903e-05
                                         0.015414319341351549,                                           1.0602952361030176,                                     0.01267927279594469,31108.263697543884,144.68675264489963,31252.950450188782, 6.205892403733326e-05
                                         0.007738487896022927,                                           1.0027132055952317,                                   0.0024305847503285696,31108.263697544397, 541.6451356671593,31649.908833211557,  6.20589240691667e-05
                                       0.00021239012876506859,                                            1.067888355115109,                                    0.003678322849022382,  31108.2636975438, 4981.116205060539, 36089.37990260434, 6.205892403214058e-05
                                         0.026949064862479596,                                           1.0572224413357425,                                    0.001003127321812528,31108.263697543916,1034.9353415450532, 32143.19903908897, 6.205892403936519e-05
                                         0.000764139831894262,                                           1.0588773106080893,                                    0.009453613397168993,31108.263697543898, 1415.385059839207,32523.648757383104, 6.205892403823634e-05
                                       0.00022886517469329883,                                           1.0398175268196592,                                    0.007001312511786882, 31108.26369754409, 4513.176801159157, 35621.44049870325,  6.20589240502021e-05
                                       0.00011993603641646835,                                           1.0257955593766113,                                     0.01165467083428717,31108.263697544215, 8424.554979984048, 39532.81867752827, 6.205892405787825e-05
                                         0.022787302824422987,                                            1.015746500943482,                                   0.0043207722821622125,  31108.2636975443, 276.3086926614328,31384.572390205733, 6.205892406307094e-05
                                        0.0001358165338478237,                                           1.0250748822896931,                                     0.00944695761125414,31108.263697544222, 7469.703533384315, 38577.96723092854, 6.205892405832978e-05
                                       0.00010641530123348252,                                           1.0692219000351777,                                     0.05799931175333254,31108.263697543767, 9415.321693955115,40523.585391498884, 6.205892403010865e-05
                                        0.0001172896901309392,                                            1.025839598935789,                                    0.002989486437431929,31108.263697544215, 8861.378984884394, 39969.64268242861, 6.205892405787825e-05
                                        0.0006493956735013887,                                           1.0313660426920064,                                     0.08886052886777031,31108.263697544022,1552.1164064536922,32660.380103997715,  6.20589240459125e-05
                                         0.004707494622224475,                                            1.051139680814002,                                   0.0020414116230459277, 31108.26369754398, 703.2356802356317, 31811.49937777961, 6.205892404320326e-05
                                         0.011067794079720044,                                           1.0564007858800006,                                     0.05588764924525231,31108.263697543905,109.19189261783335, 31217.45559016174, 6.205892403868787e-05
                                         0.009298029054171254,                                            1.070940349236904,                                    0.005719046316574132,31108.263697543764,283.33776142442406,31391.601458968187, 6.205892402988289e-05
                                        0.0018999121173722726,                                           1.0294435579657641,                                     0.04451563795473595, 31108.26369754418, 549.7755493145065,31658.039246858683, 6.205892405562056e-05
                                         0.006161684510023321,                                           1.0572037106522425,                                   0.0026344665005595905,31108.263697543916, 542.8226675460533, 31651.08636508997, 6.205892403936519e-05
                                         0.002602602416991319,                                           1.0193066891123521,                                     0.04146613375318024,31108.263697544266,409.32792118939466, 31517.59161873366, 6.205892406103901e-05
                                        0.0011104728162602423,                                           1.0025387393380676,                                   0.0026637972676009604,31108.263697544397,1276.9187275960778,32385.182425140476,  6.20589240691667e-05
                                         0.016153881534158424,                                           1.0036740267970525,                                     0.06986293428832883, 31108.26369754434, 77.21470750292035, 31185.47840504726, 6.205892406555439e-05
                                          0.01123409367250688,                                            1.001127988377885,                                    0.001637813496767818,31108.263697544407, 700.5837499670301,31808.847447511438, 6.205892406984401e-05
                                        0.0005678405892121927,                                           1.0041595795779235,                                   0.0016197627818628423,31108.263697544386, 2379.427837007856, 33487.69153455224, 6.205892406848939e-05
                                        0.0004996434953141812,                                           1.0452411310125331,                                    0.005690063366118964,31108.263697544036,2178.1287205350536, 33286.39241807909, 6.205892404681557e-05
                                        0.0008837054920623026,                                           1.0186015855753014,                                   0.0024760223725275653,31108.263697544273, 1536.454025978563,32644.717723522837, 6.205892406149056e-05
                                        0.0024434424209945796,                                           1.0515350637736005,                                   0.0026541174301237254,31108.263697543975, 786.9827429450417,31895.246440489016, 6.205892404297749e-05
                                         0.001998311231521826,                                             1.00125438256021,                                    0.010624698477133479,31108.263697544407, 595.5416141659514, 31703.80531171036, 6.205892406984401e-05
                                        0.0019815290685405067,                                           1.0666886683828594,                                   0.0014419579882822971,31108.263697543814,1199.0997386901838,32307.363436233998, 6.205892403304365e-05
                                         0.005974047059822689,                                           1.0324972889810455,                                     0.05962455321936099, 31108.26369754414, 185.1308532168037,31293.394550760942,  6.20589240531371e-05
                                        0.0006277470448334093,                                           1.0135847554051431,                                     0.09783605466664932,31108.263697544084,1604.2061175082024,32712.469815052285, 6.205892404975056e-05
                                        0.0012768413006872513,                                            1.009455311574618,                                   0.0022225647208993873,31108.263697544346, 1234.103974376277,32342.367671920623, 6.205892406600593e-05
                                         0.011978136856905304,                                           1.0096924419646731,                                    0.002630220461252039,31108.263697544346,464.67210515208524, 31572.93580269643, 6.205892406600593e-05
                                         0.007124380341653084,                                           1.0313370431111586,                                     0.00587259009127273,31108.263697544167, 311.6153150567925, 31419.87901260096, 6.205892405494325e-05
                                          0.00142805270069183,                                           1.0111422246335835,                                    0.002897311729846643,31108.263697544335,1046.3907839640374,32154.654481508373, 6.205892406532863e-05
                                       0.00010246238942094431,                                           1.0389744147236264,                                     0.06332353785272954,31108.263697544076,  9776.43310783008, 40884.69680537416, 6.205892404929903e-05
                                        0.0006759617572661095,                                            1.058840571758487,                                    0.004286353014985115,31108.263697543898, 1713.616624587351, 32821.88032213125, 6.205892403823634e-05
                                        0.0006262881513314548,                                           1.0169131192579557,                                    0.006690678155076989,31108.263697544287,1747.1541638093897, 32855.41786135368, 6.205892406239363e-05
                                          0.04300010308006972,                                           1.0364022268104751,                                    0.030540743647315478, 31108.26369754411, 56.96377963359936, 31165.22747717771, 6.205892405133094e-05
                                       0.00024344337032544217,                                           1.0288065445987669,                                    0.010216164207128287, 31108.26369754419,4206.5875931441615, 35314.85129068835, 6.205892405629786e-05
                                         0.007149197441273469,                                           1.0118025556230015,                                    0.009093516052539928,31108.263697544327,250.83264028757898,31359.096337831907, 6.205892406487709e-05
                                          0.02253646175231876,                                           1.0267489497299975,                                     0.01759545331951219,31108.263697544207, 102.1793493584633, 31210.44304690267, 6.205892405742671e-05
                                        0.0005126338815612627,                                           1.0296528279335826,                                    0.006223591619892311,31108.263697544182,2112.3600480789532, 33220.62374562313, 6.205892405584632e-05
                                         0.007749970685379244,                                           1.0237377750448864,                                    0.006179058584201793,31108.263697544233,291.84650956299527,31400.110207107227,  6.20589240590071e-05
                                       0.00023331430078049012,                                           1.0072492307036498,                                   0.0031599099585215835,31108.263697544364, 4603.521408266594, 35711.78510581096, 6.205892406713478e-05
                                          0.02353325100194938,                                           1.0625254339803691,                                    0.024347711193067417,31108.263697543858, 84.50584283293003,31192.769540376787, 6.205892403575288e-05
                                       0.00012693236611988418,                                             1.05125092334643,                                    0.013121944617920338, 31108.26369754398, 7955.370755779689, 39063.63445332367, 6.205892404320326e-05
                                          0.00241639157987641,                                            1.066681869629672,                                   0.0019216178547309167,31108.263697543814,  935.172528756364, 32043.43622630018, 6.205892403304365e-05
                                       0.00021750047143900426,                                            1.031378851816879,                                   0.0012973985724781343,31108.263697544167, 5369.433921525455, 36477.69761906962, 6.205892405494325e-05
                                          0.04640699585680065,                                           1.0277371229153038,                                     0.02008809348473306,31108.263697544193, 72.30221876787478, 31180.56591631207, 6.205892405652364e-05
                                       0.00013933150369181932,                                           1.0167279525138708,                                    0.009691137138983376, 31108.26369754429, 7281.298351033185, 38389.56204857748,  6.20589240626194e-05
                                        0.0009100568432056204,                                           1.0202269278134586,                                   0.0013273458203006466,31108.263697544262,1853.1958030094543, 32961.45950055372, 6.205892406081324e-05
                                       0.00028350182423327324,                                           1.0427027546024459,                                   0.0018247997855871992,31108.263697544062,4076.2785348446428,  35184.5422323887, 6.205892404839594e-05
                                       0.00013425068643621688,                                           1.0232145645115245,                                   0.0031748310168604552,31108.263697544236, 7764.706191441443, 38872.96988898568, 6.205892405923287e-05
                                       0.00011808695032283127,                                           1.0035528708990307,                                     0.10776685957520853,31108.263697544004, 8478.611982705834, 39586.87568024984, 6.205892404478364e-05
                                        0.0008242149774718498,                                           1.0173497313339863,                                    0.011192117909350477,31108.263697544284,1303.6072356895127,32411.870933233797, 6.205892406216786e-05
                                         0.027216762159019928,                                           1.0133106618654917,                                    0.014971117153123284,31108.263697544317,104.52421008334973,31212.787907627666, 6.205892406419979e-05
                                         0.030370395492820047,                                           1.0647056134041386,                                    0.017936152697481434,31108.263697543836, 89.61934539172469,31197.883042935562, 6.205892403439827e-05
                                       0.00018469441007183272,                                           1.0228202671598683,                                     0.01904729612667289, 31108.26369754424,  5467.82760884248, 36576.09130638672, 6.205892405945862e-05
                                        0.0070971903263853725,                                            1.060058782860784,                                    0.012272341008942415,31108.263697543887,223.32821889109943,31331.591916434987, 6.205892403755903e-05
                                       0.00012485223385797896,                                           1.0496038449161316,                                    0.013316186075900507,31108.263697543996, 8085.517543693258, 39193.78124123725, 6.205892404433211e-05
                                         0.009950401129713937,                                           1.0063006146121318,                                      0.0386307080159426,31108.263697544367,127.37834202219315, 31235.64203956656, 6.205892406736055e-05
                                        0.0011257699895048283,                                           1.0288850527399522,                                    0.013353129411320361, 31108.26369754419,  964.141656248677,32072.405353792867, 6.205892405629786e-05
                                        0.0007125576734880845,                                           1.0111546693142919,                                   0.0013189256860333348,31108.263697544335,2162.5769733190386, 33270.84067086337, 6.205892406532863e-05
                                          0.05315987592381501,                                           1.0350232340444163,                                    0.012668064657868175,31108.263697544124, 98.71599812536755, 31206.97969566949, 6.205892405223402e-05
                                         0.001172693984205852,                                           1.0588644815807209,                                    0.050966824747522246, 31108.26369754389, 873.3023978874378,31981.566095431328,  6.20589240377848e-05
                                       0.00017312799266265756,                                           1.0049610449397992,                                    0.007066942694536999,31108.263697544382,5918.5724093831395, 37026.83610692752, 6.205892406826362e-05
                                        0.0002526553543322508,                                            1.010068857328282,                                   0.0016781160226215111,31108.263697544342,4554.8572312208025, 35663.12092876514, 6.205892406578016e-05
                                        0.0002218774594086177,                                           1.0318812403155044,                                     0.06168461323396811,31108.263697544142,  4524.17289707843, 35632.43659462257, 6.205892405336286e-05
                                        0.0007553209422219019,                                           1.0126019433491436,                                    0.013161286160777302,31108.263697544324,1400.9084897322432,32509.172187276567, 6.205892406465132e-05
                                         0.003489420498433663,                                           1.0257144596054635,                                    0.006665551687980676,31108.263697544215,437.58055833920594, 31545.84425588342, 6.205892405787825e-05
                                          0.05105881930749558,                                            1.039946912104849,                                   0.0015373863850773174,31108.263697544084, 671.0014126033885,31779.265110147473, 6.205892404975056e-05
