galaxies.lens.bulge.centre.centre_0,galaxies.lens.bulge.centre.centre_1,galaxies.lens.bulge.ell_comps.ell_comps_0,galaxies.lens.bulge.ell_comps.ell_comps_1,galaxies.lens.bulge.intensity,galaxies.lens.bulge.effective_radius,galaxies.lens.bulge.sersic_index,    log_likelihood,         log_prior,     log_posterior,                weight
                0.08723675879824028,               0.007368378495590739,                      0.09534618914585997,                      -0.1001959337711847,         0.011699924539588052,                  1.3767681885771257,               4.792151112055111, 29657.94542649488, 85.61949597782129,29743.564922472702,1.1498322847468499e-10
                0.08066359203930402,               0.009977672338800989,                      0.11645385535544076,                      -0.0665971191969383,          0.01629539614270375,                  1.1072927983827299,               4.598183536241024,29658.026302330007, 61.50370855183073,29719.530010881837,1.2466898608133935e-10
                 0.0799583769779979,                0.00770177076227804,                      0.07681922239536458,                     -0.06965375678222428,         0.009957644213082246,                  1.5667816953611795,               4.880724275852357,29658.361550535992,100.52094561333955, 29758.88249614933,1.7432307308872953e-10
                0.07799375843169672,                0.00399169099998106,                      0.11338790571765736,                     -0.07226494351585895,         0.012134699215573825,                  1.3582778021159032,               4.749221652706105,29657.979004997505,  82.5426277087743, 29740.52163270628,1.1890974750119302e-10
                 0.0832781850589316,                0.01140030928536513,                      0.09663441534990608,                     -0.09769084587417949,         0.012124845804020432,                  1.3396499127900687,               4.872522068973697,29658.020119611185, 82.61942529575435, 29740.63954490694,1.2390057069051762e-10
                0.08148525505574823,                0.00484598588792228,                      0.11984465237762855,                     -0.06719095144062076,         0.013506443160320339,                  1.2433844974386166,               4.660851379215586, 29659.72444906365, 74.18063027196013, 29733.90507933561, 3.004235293410764e-10
                0.08900376251146423,                0.00663946876822052,                      0.10414553547221558,                     -0.06966934927582119,         0.014827186379878399,                  1.1811732937347115,               4.653926129122824,29659.402256827314, 67.57515610625936,29726.977412933575,2.1767453906757127e-10
                0.08701139261445143,               0.011835510645437197,                      0.08659363555610643,                     -0.08119792703037666,         0.020036866929248512,                  0.9969107440576314,               4.104608597254746, 29660.00528896139, 50.02912794297399,29710.034416904364, 3.978333270287275e-10
                0.08657114831378193,               0.006214570767873681,                      0.12222844131547071,                     -0.09553601752969265,         0.021729338553256473,                  0.9380152480976802,              4.1018085847378725,29663.058452344212,46.196285108860415,29709.254737453073, 8.427003440849586e-09
                0.08396018237587588,               0.008504146854213824,                      0.09806759045389772,                     -0.06853026423575413,         0.019256192207058986,                  1.0494214416531833,               4.160956970355058,29660.220592124726, 52.05043193182254, 29712.27102405655, 4.934079440523079e-10
                0.08740987194194227,               0.009965278132330365,                      0.09086898785660119,                     -0.08804604547051129,         0.010510232467963322,                  1.5131287432125766,               4.861507273554871, 29663.29523955079, 95.27731338240655,29758.572552933194,1.0678458113129218e-08
                0.08327271742754389,               0.009582868802170859,                      0.13180912794154756,                       -0.071559906962814,         0.011007983056764157,                  1.4691867849374443,               4.850042149780334,29658.753765870628, 91.00716665340441,29749.760932524034,1.1380768503785778e-10
                0.08570618754013369,                0.00883025016438341,                      0.09258152060701423,                     -0.05761022998758484,         0.014695093040027392,                  1.2265343691023214,               4.548342238640013, 29663.26191082976, 68.15722530402012, 29731.41913613378,1.0328424253051278e-08
                0.08270917284764943,               0.005443326960152791,                       0.1245620336217532,                     -0.09381760431632535,         0.017562082638718998,                  1.0608836563702397,               4.338738884436651, 29663.36930859308,57.114120942396426,29720.483429535474,1.1499430288016402e-08
                0.08266731897400198,               0.011188347913772977,                      0.11254516846473855,                     -0.05918191743213795,         0.013369993798741632,                  1.2617769068022937,               4.773747680989128,29662.521429845485,  74.9228390955495,29737.444268941035,4.9254652953533804e-09
                0.08760200404673969,               0.009752564260771677,                      0.10416364539911457,                     -0.06380316467308962,          0.02237268674985727,                  0.9324086426923217,               3.890825181887097, 29659.01964964324,44.823414779572786,29703.843064422814,1.4847161914555242e-10
                0.08684696851594699,              0.0071920122960920565,                      0.12409449375219221,                     -0.06153143515930869,          0.01391294818677562,                  1.2746605524912396,               4.452658916234563,29659.036242208706, 72.02426829108259, 29731.06051049979, 1.509556958170611e-10
                0.08483025065662404,               0.011109341986399021,                      0.11593804268692956,                     -0.07403541527721892,         0.012743816137194629,                  1.3458083915027044,               4.685004467677314,29660.434480023556,  78.6152223692889,29739.049702392844, 6.110777511875394e-10
                0.07973820139657878,                0.00496404238155465,                      0.11320398656637468,                     -0.06593701636190938,          0.02042694297066132,                  0.9633466881651983,              4.1874082038712634, 29664.81161464588,49.085760576875764,29713.897375222758,4.8647652117168024e-08
                0.08141171994076064,               0.005157660736214029,                       0.0965847441467636,                      -0.1004940306143343,         0.009878271218220061,                  1.5752118842604583,               4.883846324819663,29663.150347742754,101.37718904997864, 29764.52753679273,  9.23810375843792e-09
                0.08460967269104742,               0.011262875256138154,                      0.10819738973083896,                    -0.058118624006184144,         0.015754035748309612,                  1.1318347391371444,               4.620125244828816,  29660.4327301452,  63.6000769071143,29724.032807052314, 6.100093744939364e-10
                0.08426224060362979,               0.012172105073005639,                      0.11100599047761296,                     -0.09002899084295643,          0.01958846153348976,                  1.0192514435297064,               4.153148419206511,29660.190287807043, 51.20421606640907,29711.394503873453, 4.786798426150915e-10
                0.08017511914260171,              0.0034845470266452877,                      0.10462701984917597,                     -0.05883955774707443,          0.01452624351267125,                  1.2022233272613343,               4.613800867548564,29660.134200349123, 68.95675055920783,29729.090950908332, 4.525709421100609e-10
                0.08790065075094063,               0.009789042581779739,                      0.10116343577931067,                     -0.08664870890934313,         0.017098858842752074,                  1.1105858913565125,               4.224194483594847, 29662.78894883305, 58.62545940202573,29721.414408235076, 6.436196331961296e-09
                0.08432645145499444,               0.005731896847968942,                      0.09313903298932341,                     -0.10602450975441555,          0.01957522977821543,                  1.0241412647956873,               4.062641048716504, 29659.96009164989,51.235301346953705,29711.195392996844,    3.802526232103e-10
                0.08141081447113413,               0.005516230879824494,                      0.08549139687565419,                     -0.06638355974815727,         0.012660053525513517,                  1.3452264428168674,                4.50163761724266,29663.366307886856, 79.09068373182802,29742.456991618685,1.1464975596044848e-08
                0.07977718795117207,               0.007691363442741599,                      0.11707623882420068,                      -0.0607288117569485,         0.020666279397574754,                  0.9574608759898002,               4.255757585120432,29661.268889403724, 48.52032790341951,29709.789217307145,1.4075889900055394e-09
                0.08190996023227988,               0.009825476132446805,                       0.0920022155111932,                     -0.09516873007578823,         0.021356017495168887,                  0.9753783808971154,               4.001325762262302, 29660.41426478647, 46.96036134948118, 29707.37462613595, 5.988486926803831e-10
                0.08497243026500016,               0.006422994996650045,                      0.08206068565419693,                     -0.07787726457007832,         0.009067319343773795,                  1.6550411895328239,               4.982340492095304,29665.100941996116,110.39762516615626, 29775.49856716227,  6.49703425301276e-08
                 0.0859618854898719,               0.009532324077118645,                       0.1068481233836521,                      -0.0600419844312427,         0.012384643823192681,                  1.3140408893748698,               4.755974011400411, 29658.68362489545, 80.87016660300833, 29739.55379149846,1.0609862386034206e-10
                0.08382452375368522,                0.00782582539861593,                       0.1355246685776245,                     -0.08027052918408978,         0.011962239485782082,                  1.3615802955858733,               4.809417080710473,29664.145224885742, 83.77359847946823, 29747.91882336521,2.4983454521587257e-08
                0.08144701900684816,              0.0032798115363220294,                      0.08877102025375394,                     -0.07435002725325537,         0.014626501868722783,                  1.2413167164961805,               4.411755730819533,29658.976543695095, 68.48045073381486, 29727.45699442891,1.4220758765289914e-10
                0.08207184712569807,                0.00805206531474486,                      0.07953817935978146,                     -0.06812614019254219,         0.011438759390624715,                  1.4509035027167045,               4.647858141778589, 29662.38557633765, 87.52077964785136,  29749.9063559855,4.2997859334392205e-09
                0.07872552072610084,                0.00767838612037835,                      0.10143548090237592,                     -0.09172263322177693,          0.01330228893866348,                  1.2745110914529005,              4.7118929775263245,29664.278108058825, 75.31369260533778,29739.591800664162, 2.853401714958481e-08
                0.08280082296737912,              0.0060840558679611965,                      0.11665020773869948,                      -0.0590664728790639,         0.009130159241015226,                  1.6325359185622266,                4.98723031411258,29662.697877721257,109.66038771308021,29772.358265434337, 5.875943378173098e-09
                 0.0838749507834574,               0.009900264816534875,                      0.10566842964002002,                     -0.07812515129299537,         0.025832071347925128,                  0.8363808980549015,               3.791258147712476,29660.150741834543,   38.847137291713,29698.997879126255,4.6011939696140116e-10
                0.08072752741455634,               0.007500588132151492,                       0.0855905605141889,                     -0.06769744343798091,         0.011390130201023998,                  1.3957095576183063,              4.8767544995937016,29662.701089544043, 87.89798606513288,29750.599075609178,  5.89484620702509e-09
                0.07909978618196994,              0.0058903772193761505,                      0.09194685486029447,                     -0.08602991473418843,         0.013398773201198184,                  1.2610078062105314,               4.638845390848488,29661.140160888666, 74.75673656419227,29735.896897452858,1.2375700124243515e-09
                0.08430730061303927,               0.008175755944897126,                      0.07740289718862271,                    -0.056619297868762644,         0.018799909203606177,                   1.033580485598698,              4.3338999996986365, 29660.08208846162,53.282699130239756,29713.364787591858,  4.29590591131298e-10
                0.08461894168971794,               0.012522063107123792,                      0.09879701592718867,                     -0.06970071754786368,         0.014009171747077892,                  1.2506627114977442,               4.648295687809195,29659.888235420407, 71.50367525765081, 29731.39191067806, 3.538876890694366e-10
                0.08153117592536742,              0.0068157161940904315,                      0.09587716663110007,                     -0.08006846114923552,         0.010082771719595951,                  1.5640317759929165,               4.889406047802193,29662.136951754073, 99.30295091996543, 29761.43990267404,3.3532856457863543e-09
                0.08162620186709639,               0.010651540978886282,                         0.08910908343017,                     -0.09085587338031603,         0.024134653486650736,                  0.8730726263191797,              3.9793386988555515,29660.558911678345, 41.56181703832867,29702.120728716673, 6.920483742898377e-10
                0.08197762565279564,               0.007518346080611866,                      0.11146704722714622,                    -0.055344766703926566,          0.02097824727684352,                  0.9549730017646838,               4.020866949851208, 29664.61006815724,47.792118015785036,29712.402186173025, 3.976778085255794e-08
                0.07975015259623872,               0.006697113680798128,                      0.09466238035681658,                     -0.10457978036075406,         0.019814925220614156,                   1.005684800345725,               4.096654291629649,29660.506459581404, 50.61313538391415, 29711.11959496532, 6.566845467696258e-10
                0.08800245325761737,               0.008815927956218805,                      0.10121407038718284,                     -0.06528257980161255,         0.015235160097586815,                  1.1646749474818587,               4.640478330102974,29663.079312704343, 65.76168889527527, 29728.84100159962, 8.604640108310207e-09
                0.08030445087571893,               0.007108035543176719,                      0.08908144325415394,                     -0.07326591296542392,         0.010302975356201217,                  1.5559583498402578,              4.7714404645037565,29662.125304221532,  97.1693563015322,29759.294660523065,3.3144547233222777e-09
                0.08492580186512913,               0.008825676879250764,                      0.11127525491541433,                     -0.08078091966994237,         0.012630429499493159,                  1.3595003936573704,               4.484613241876903,29658.846835477136, 79.31941590348886,29738.166251380626, 1.249082736346419e-10
                 0.0866700265536577,               0.009508813311326489,                       0.0993436096316152,                     -0.05941473872968753,          0.01532867819908939,                   1.155294079834781,               4.458126102290854,29659.092172264664,  65.3538713430825,29724.446043607746,1.5963922803960373e-10
                0.08765188332687399,               0.008004395700915148,                       0.1253908424088449,                     -0.07494042853048864,         0.011483000912300945,                  1.3960771950415485,               4.901449628621624,29663.669816494978, 87.24683762616593,29750.916654121145,1.5530493220559368e-08
                0.08510488538887315,               0.011447504377144554,                      0.11982890764437408,                     -0.08417827133968568,         0.019025030693004527,                  1.0139324396525804,               4.232877800806577,29661.945282515837,  52.7224377133013, 29714.66772022914, 2.768405206650581e-09
                0.08685447346395174,               0.012385148441741439,                       0.1015469165066923,                     -0.08303779677978376,         0.014395011759832132,                  1.2181219488021726,               4.643565718210024,29659.016304159642, 69.60686507488239,29728.623169234525,1.4797573971974827e-10
                0.08643487101596627,              0.0077045832524802755,                      0.11098599788943841,                     -0.07501107773422157,         0.024342358712751838,                  0.9054220063237574,                3.84078688337767, 29659.20477921641,41.222180578009265, 29700.42695979442,1.7866693893315968e-10
                0.08761366352312831,               0.006839391352101551,                      0.08426333210855812,                     -0.08458128538595824,         0.021761276669375173,                  0.9593897477340422,               4.036672138621548, 29661.01911883662, 46.07528200404634,29707.094400840666,1.0964829480593214e-09
                0.08110990915776363,               0.004450438714629397,                      0.10426055331671596,                     -0.09334397841936196,         0.013473582470155608,                  1.2784137074137587,               4.505883314460807,29662.472319933542, 74.36476590573365,29736.837085839277, 4.689419657669261e-09
                0.08911371439756975,                0.00602692906316966,                      0.10591684142898874,                      -0.0661462361134737,         0.015987851481158055,                  1.1563149177150713,               4.357306534099494,29663.176989874148,  62.6784427655124, 29725.85543263966, 9.487534461665076e-09
                0.08343543556945873,               0.005148397755286044,                      0.12080939306418395,                     -0.07633027580968778,         0.012693317025177604,                   1.291727461548526,               4.801682442752219,29665.218682461065,  78.9338871464311,29744.152569607497, 7.308852385005745e-08
                0.07959097484184831,               0.008641642099119185,                      0.08649650033530029,                     -0.06947578613105018,          0.01098003876403443,                  1.4710914293440989,                4.80094739139248,29663.985459723386, 91.17834821148101,29755.163807934867,2.1294495759567502e-08
                0.08603737720622431,               0.005002847877722715,                      0.10308480827559072,                     -0.07543606239061594,         0.011488448381187219,                   1.396601431578361,                4.76914326788923, 29663.20513814663, 87.17587048909351,29750.381008635723, 9.758386289070945e-09
                0.08320361998578547,               0.011575403208328908,                      0.09866655791874136,                     -0.05780097056309791,          0.01749131017540142,                    1.07197480967708,               4.427802456323122,29664.328921287728,57.283095478263725, 29721.61201676599,3.0021391831908794e-08
                0.07899227908735316,               0.005125745989095042,                      0.12020069002669337,                     -0.07448145445402109,         0.014102281273915294,                  1.2571140825543419,               4.538983000929536,29661.456247998904, 71.05641161903944,29732.512659617943, 1.697636347560974e-09
                0.07974642023962071,               0.006262152431027068,                      0.09905444571650712,                     -0.10070276518647753,         0.014456339783592188,                  1.2193804484995503,               4.520422588234557,29664.928310947595, 69.32020040333246, 29734.24851135093,5.4669165500429104e-08
                0.08379584559390472,               0.006906879439035628,                      0.11181134000157823,                     -0.06300313032611658,         0.015099984940199113,                  1.2062979341800917,                4.28408629907191, 29662.87004668377, 66.35601282798686,29729.226059511755, 6.979906942459543e-09
                0.08340994730962327,               0.007733828793674107,                      0.12303883319809646,                     -0.04779611843206464,          0.01867872518006845,                  1.0581956111144684,               4.100715068250403,29659.084263370256, 53.67262229202823,29712.756885662286,1.5838163787090107e-10
                0.08651936643415267,                0.00954352152445027,                      0.09968517778677613,                     -0.07130926217162784,         0.009551518362592836,                  1.6035156857805923,               4.905467886929942, 29663.15810883898,104.82094530344838,29767.979054142426, 9.310080518636685e-09
                0.08005357794285166,               0.005213589918100802,                      0.12477334160638612,                     -0.06295550201495935,          0.02130970989833276,                  0.9663124775384149,               4.056089717711543,29662.675958739826, 47.07122860932624,29709.747187349152, 5.748549951838362e-09
                0.08717422242594104,                0.00856387729635795,                      0.10344243656240691,                     -0.10188682637266852,         0.012999281667575196,                   1.307786140604843,                4.68970463432953,29664.575553926206, 77.08707180190022,29741.662625728106,   3.8418642636021e-08
                0.08510784281616016,               0.004886720724850681,                      0.10110779441635669,                     -0.06831600274596822,         0.011993044184194805,                  1.3997619119922673,               4.587578576766222, 29662.85354122848, 83.50476055491959,  29746.3583017834, 6.865645959272691e-09
                0.08631972136557502,               0.006805402703564947,                      0.11257277319526636,                      -0.0464713592427507,         0.018698591534988908,                  1.0253860817508702,              4.3246944343702225, 29663.09869370372, 53.60401735376915, 29716.70271105749, 8.773033174845468e-09
                0.08867838906688645,               0.008620091476478074,                      0.11302855016051504,                     -0.06827102905568352,          0.01541154444546668,                  1.1835033163278899,               4.346041461744704,29660.958227610514, 65.02739323883046,29725.985620849344,1.0317088564398833e-09
                 0.0786203660818477,                0.00853616344170188,                       0.1005303744265808,                     -0.07511257538163375,          0.01056975517501917,                  1.4816134024605832,                4.86850754835787,29660.954332249683, 94.73180565283947, 29755.68613790252,1.0276977955083272e-09
                0.08676796939918065,               0.009241246506435031,                      0.08097778132386496,                     -0.06218935916911615,          0.01044358059256722,                  1.5032408295559783,               4.856037424076849,29659.938524062687, 95.85281713314022, 29755.79134119583, 3.721392985168466e-10
                 0.0833891788893473,               0.003699182639173308,                      0.11041174075965701,                     -0.07805844868681266,          0.01588855820736667,                  1.1690885240609317,              4.4220918448627415,29663.631933579836,   63.078657890585,29726.710591470423,1.4953157487694494e-08
                  0.079819882762967,              0.0063684953291579345,                      0.13000130065168625,                     -0.06451656712964503,          0.01601913734167863,                  1.1393504911974244,               4.349743570533969,29660.437160747224, 62.57797016035504,29723.015130907577, 6.127180794292851e-10
                0.08797968122441294,               0.008980376274321087,                      0.10684930378382597,                     -0.05115661697010608,         0.011981975467165605,                  1.3813525721651492,               4.733686014946511, 29660.81440631749, 83.58010779809918, 29744.39451411559,  8.93503719437869e-10
                0.08538072309531684,               0.009965973881701194,                      0.08343417946027122,                     -0.08001161262578442,          0.01492947261049972,                  1.2100807682426609,               4.565080612830302,29661.078335603645,  67.0968931099957, 29728.17522871364,1.1633741170118601e-09
                 0.0793680536031232,               0.009293663050824463,                      0.08792894897521338,                     -0.07895915128254405,         0.011387269732650702,                   1.432576745205055,               4.806383274331244, 29663.79387024489, 87.93042807015345,29751.724298315043,1.7581709800052723e-08
                0.08341984664598336,               0.010630477595026258,                      0.08789044506787949,                     -0.08638110869435535,         0.018255644242954748,                  1.0381466293529804,                4.24712201422843, 29659.21146252077, 54.90123653476758,29714.112699055535,1.7986502358782944e-10
                 0.0821158375122563,               0.004279690934585834,                      0.11901072968521945,                     -0.05129474010369196,         0.022880086048432877,                  0.9059660893069408,              3.9635237664084073, 29659.34125057264, 43.83699617078487,29703.178246743424, 2.047919841514074e-10
                 0.0871468645892105,              0.0068726710431386865,                       0.0945554691840373,                     -0.09409695095202635,          0.02111392923027603,                  0.9817338390643375,              3.9789115803617925, 29662.38941598674, 47.50341415152534,29709.892830138266, 4.316327338871162e-09
                0.07932119823011327,               0.009876339700907748,                      0.10330723031045179,                     -0.06757879533793454,         0.013172247145864733,                  1.3056333130452442,                4.55921204857431,29662.005017017193, 76.03735010117038,29738.042367118363,2.9388134694891056e-09
                0.07984978939043659,               0.006908441716732838,                      0.10975748878463781,                     -0.08774116744124387,         0.009233094484723928,                   1.617060952612812,               4.984431246406653,29660.725568520775,108.45143373511148,29769.177002255885, 8.175505213246182e-10
                0.08570373519373357,               0.006240666875860331,                      0.10507978230654497,                     -0.05738291304634187,         0.015084540301200608,                  1.2190490845166293,                4.40194878747694,29663.816872037492,  66.4136968607604,29730.230568898252,1.7990807596791542e-08
                0.08501696059236737,               0.009044857916118634,                      0.12760550974231974,                     -0.06877028433113888,         0.012106197299031573,                  1.3814059635221982,               4.635602497635342, 29662.75633508785, 82.75966699888997, 29745.51600208674,6.2296739050590785e-09
                0.08224304904867619,               0.008546015473142755,                        0.124702614167531,                     -0.06291344865774687,           0.0187246058189134,                  1.0585706454486865,               4.133680156559635,29665.223174939696, 53.55202917330729,29718.775204113004,  7.34176111369261e-08
                0.08306710062055672,               0.009601538688691177,                      0.07866531264287939,                     -0.05463481721858168,          0.01698923201868664,                  1.0851261526025242,               4.435658655341913,29661.834104481837, 58.95062096381459, 29720.78472544565,2.4771120427439574e-09
                0.08360171151374741,                0.01062578863546017,                      0.10139241473709104,                     -0.08034075011620227,         0.011984764319941237,                  1.4067907535479216,              4.7395827388217056, 29661.18223443779, 83.57170012247688,29744.753934560267,1.2907498630559668e-09
                0.08640178199232736,               0.005521990139521932,                      0.08546145693662252,                     -0.04996905792886278,         0.015233795594043803,                  1.1888716895402853,               4.425262468237107,29660.711061362286,  65.7396129573846,29726.450674319673, 8.057758017072247e-10
                0.08346724598888051,                0.00752134910310789,                      0.13273732198374516,                      -0.0931272754182944,         0.013791364391102937,                  1.2434302507390302,               4.626338554889052,29663.041252559226, 72.69422672702126,29735.735479286246, 8.283300168933773e-09
                0.08277345881925345,               0.005244338855528235,                      0.08886901819689905,                     -0.06092974296320052,         0.011390049278623934,                  1.3871543727596154,               4.932422650556527,29661.106735596095, 87.89864984377331, 29749.00538543987,1.1968875715605959e-09
                0.08785592421360276,               0.007952681555923024,                       0.1091927372146967,                     -0.08626241450891146,         0.012106431954293449,                  1.3389853785105008,               4.771367327202374,29659.680726532046, 82.75153236236594,29742.432258894412,2.8757126618966364e-10
                0.08466608754358203,              0.0047157174666103965,                      0.09776098651588272,                     -0.07786019823694035,         0.019690897003649403,                    0.99178697900523,               4.366514065175127,29658.869534453082, 50.91161030513747, 29709.78114475822,1.2777598748744638e-10
                0.08107089944530545,               0.011084207522734249,                      0.09922980228694608,                      -0.0531932726222867,         0.013575649395453976,                  1.2723474495367157,               4.627239924053544,29661.607036765217, 73.76892031214324, 29735.37595707736,  1.97392839463939e-09
                0.08654907572205031,               0.006675742122368618,                       0.0985289783164375,                     -0.08118659359606033,         0.009371986845532466,                  1.6179969772194451,                4.92260278475778,29662.934190055486,106.83337474964354, 29769.76756480513, 7.442292673214283e-09
                 0.0813562954986666,                0.00617803839395381,                      0.10604386287587933,                     -0.05225314604215062,         0.013619091958372544,                  1.2746530186742397,               4.464251668425282,29660.354874686353, 73.54096052413914,29733.895835210493, 5.643185326217608e-10
                 0.0875194188850535,              0.0038850817256381783,                      0.11279895460396255,                     -0.07997425975036192,         0.013550234925709578,                  1.2864991482746233,               4.571544933215522,29659.178932606355, 73.94831532254918,29733.127247928904, 1.741081723507237e-10
                0.07937945424952968,               0.007610086416328672,                      0.10287079536327795,                     -0.05407275053564133,         0.016765744522244597,                   1.125425596724714,                4.28997355511035,29665.647964980584, 59.75579017035256,29725.403755150935,1.1227529893269109e-07
                0.07889441346563798,               0.008650753028460608,                      0.10313514627192348,                     -0.09272044088092733,          0.01051865775927119,                  1.4948154959034288,                4.93556168798378,29662.408674646995, 95.21101461007208,29757.619689257066, 4.400259638288889e-09
                0.08406151693512297,               0.009467993351952269,                      0.10706029916971492,                     -0.04297424686119411,          0.01927077231229613,                  1.0108388845275558,               4.307850596813571, 29660.81148449084, 52.00574884726418,29712.817233338104, 8.908968666990342e-10
                0.08603105741115234,               0.005003678723331601,                      0.10029660220213697,                     -0.09046140104776758,         0.016371908919873886,                  1.1138567696945065,               4.558459538359729,29661.058102726754, 61.22283814949583, 29722.28094087625,1.1400722386606439e-09
                0.08549140950628888,               0.006481553945607354,                      0.09742703120859857,                     -0.07031827721190154,         0.017577392340762568,                  1.0954133630099876,               4.120543898513772, 29664.37315737022, 57.01230167161912, 29721.38545904184, 3.137923194644313e-08
                0.07954148408971631,               0.007821828736740876,                      0.10674473721072474,                    -0.052863556379823935,         0.020054005678083534,                  0.9943464856049297,               4.063529367548413,29662.481257533706, 49.97966619525829,29712.460923728962, 4.731519671866645e-09
                0.08496699453849778,               0.008828020360354306,                      0.12677098272518156,                     -0.08209871338857418,         0.011461026092399332,                  1.3920438869422607,               4.956091004635697,29665.036682871618, 87.41949153023891,29752.456174401857,  6.09267164640251e-08
                0.08009523000700154,               0.007677475509396809,                      0.11770845923744992,                     -0.07305845503803514,         0.010186303677918302,                   1.509701101206979,               4.927694091709022, 29664.33533293015, 98.31363195844904,29762.648964888598,   3.0214496659363e-08
                0.08055116821368094,               0.008534009315327067,                      0.11280990098749405,                      -0.0871051562848614,         0.012038980728605077,                  1.3375867447681833,               4.827045269296313, 29661.58655774549, 83.21281422075509,29744.799371966245, 1.933915388092123e-09
                0.08654837059327643,               0.005654472425493003,                      0.12066690223835616,                     -0.07990074774953966,         0.022257379786662066,                  0.9485861223660998,              3.9286272188388383,29662.404807256207,45.087069635640034,29707.491876891847, 4.383274979028129e-09
                0.07957820037999715,               0.004358632959909866,                      0.11330073720902918,                     -0.09349323275706492,         0.017709682708250404,                  1.0809316002770135,               4.284569212840271,29663.682495398658,56.621450667272406, 29720.30394606593, 1.572865643976558e-08
                0.08513627097206618,              0.0049906661917413185,                      0.11865673640034567,                    -0.050681318896467736,          0.01653525410524842,                  1.1118896632322035,               4.449662273636803, 29662.86224703581,  60.6097400742556,29723.471987110064,6.9256778842164395e-09
                0.08051777588056495,              0.0050288202793503205,                      0.11988691243115446,                      -0.0800261647620497,         0.013423525518323992,                  1.2849374745158453,                4.50011251585755,29665.596531482766, 74.64766358779666, 29740.24419507056,1.0664658072137668e-07
                0.08538167740804894,               0.010293868266139565,                      0.09472202367903841,                     -0.07133901069181985,         0.014955526215448822,                  1.1745410121677877,               4.494209427830292,29663.733704229286,  66.9841241169355, 29730.71782834622,1.6555082099378185e-08
                0.08225090332730674,               0.006983561375658243,                      0.10142395781487704,                     -0.09462588895405148,          0.01243715737780014,                  1.3709269611910484,               4.647756004809828,  29668.0410653483, 80.54897420510034,  29748.5900395534, 4.660544037903766e-07
                 0.0877831773616445,               0.008745449599498285,                      0.10232280887198138,                    -0.062495436843969764,         0.011117936400660318,                  1.4571347517815658,              4.8348241563744425,29666.242975852358, 90.06784912706124, 29756.31082497942, 7.718559741923563e-08
                0.08638308461905606,               0.008427219918502362,                       0.0873386025696871,                    -0.052072505038532536,          0.01806913931830846,                   1.049306580121805,               4.308949561632545, 29666.87071867162, 55.44227152293819,29722.312990194558,1.4459774241205326e-07
                0.08123294084185628,               0.006765516830971467,                       0.1196621436190545,                     -0.05341661309607836,         0.023798852642596333,                  0.8900098760841881,              3.9358383357531457,29669.459591701925, 42.15114863484741, 29711.61074033677,1.9252839209839932e-06
                 0.0843660108101875,                0.00685275169711824,                      0.11961065074067968,                     -0.08809252692964262,          0.01145027283388519,                  1.3914955901974446,               4.852069142315149, 29669.61314642378, 87.49656121274165,29757.109707636522, 2.244826353598526e-06
                0.08255501575141785,               0.011200058552283574,                      0.09138754638571439,                      -0.0801634997692358,         0.011865987066410434,                   1.391630340550161,               4.815903727771177,29665.632024883475, 84.39514841846805,29750.027173301944, 4.189899784307873e-08
                0.08458019655560983,               0.004892711143544269,                       0.1168459901662997,                     -0.05886136516666227,         0.025562103448804756,                  0.8518663983651784,              3.8170838859903675,29667.332966916438, 39.25538568722652,29706.588352603663,2.2956906975933758e-07
                0.08174144339879606,               0.008516348796474182,                      0.11659652604022964,                     -0.08734274330817658,         0.012523360521426106,                  1.3416276589742193,               4.760952048364273,29669.011828096878, 80.00620319422477,29749.018031291103,1.2303637326095989e-06
                0.08127897997540308,               0.010194577913549068,                      0.10722300684792539,                     -0.09633518497374702,         0.015986782449712023,                  1.1408053360970063,               4.451010151883214,29666.775413668838,62.704381760365195,29729.479795429204,1.3145317363612357e-07
                 0.0791390913922238,                0.00567470400891372,                      0.11595092349725664,                     -0.06122052836044525,          0.01901605558218742,                  1.0318100267046983,               4.198800135077217,29667.285702854657, 52.71762880062138, 29720.00333165528,2.1897112679327686e-07
                0.08715290610984701,               0.005731745847321728,                      0.09126522707680351,                     -0.08822296493300794,         0.018803482889044446,                  1.0241189179047216,               4.259277597311397, 29667.86842798984,  53.3135320129613,29721.181960002803,3.9215807661763074e-07
                0.08713636035387837,              0.0072572865140830434,                      0.10874374290266459,                     -0.06502374198091425,         0.013157411491294227,                  1.3245545994415482,               4.538532481427091, 29666.31631142971, 76.13445078516158, 29742.45076221487, 8.305877212047994e-08
                0.08274196023099424,                0.00727090794966815,                      0.09989206202866369,                     -0.08031815225370469,         0.011806572296913056,                  1.4310892819838674,               4.675705242859042, 29666.57209799746, 84.82819070578066, 29751.40028870324,1.0726849846576969e-07
                0.08386788394109003,                 0.0065114959097231,                      0.08926789226646005,                     -0.08724924627964775,         0.011949870923146215,                   1.385392939705368,               4.639468696448316,29669.599399480863, 83.80878675668619, 29753.40818623755,2.2141779971148175e-06
                0.08237794678481812,              0.0049877085896670595,                      0.11793157433746199,                      -0.0942827164787596,         0.015076352077002744,                   1.174891368294407,               4.496099011115484, 29667.84421108439, 66.49353204521037,  29734.3377431296,3.8277529111578094e-07
                0.08409661703890756,               0.007194243530052612,                      0.10454227643687596,                     -0.07506937359043218,         0.011982736643728897,                   1.338740895590927,               4.955719265376028,29667.338114062157, 83.58499322625742,29750.923107288414, 2.307537414373951e-07
                 0.0852402341287164,               0.008648230745356426,                       0.1292555053823048,                    -0.060801787541611634,         0.015626410862284116,                  1.1478927493988889,               4.526333531243406,29666.559233867585,  64.1483579212279,29730.707591788814,1.0589742034120556e-07
                0.08749309954413813,               0.005190454436308196,                      0.10839051437724438,                     -0.07045477440478662,          0.02071346393389891,                  0.9637839607387623,               4.138008629753349,29668.143179080686,48.413301586556315, 29716.55648066724, 5.161596444122997e-07
                 0.0869584206267609,               0.008377716181463215,                      0.08819262989605958,                     -0.07676977411580832,          0.01774126903566119,                  1.0468055240515024,               4.428388264476369,29665.526792754703,56.484106384565564, 29722.01089913927, 3.771393972324934e-08
                0.08358513828434574,               0.005446697957405517,                      0.09516698347892749,                     -0.06148910880353416,          0.01413927567462897,                  1.2607250558885716,               4.551817377591333,29666.753496054156, 70.83527968494188,  29737.5887757391,1.2860337806979853e-07
                0.08518892309308748,                0.00992211864660538,                      0.09314735797308461,                     -0.08097669789131919,         0.025767267426209217,                  0.8331732965631619,                 3.9216144855534, 29667.40814508151, 38.93442285127778, 29706.34256793279, 2.474929524989006e-07
                0.08644654151631936,               0.008457969409250388,                      0.11801209761228472,                     -0.08569483098388896,         0.012707262137555337,                  1.3395421558714729,               4.583427078431357,29667.023594267386, 78.85524120822045,29745.878835475607,1.6848239990380044e-07
                0.08453352436726312,               0.007283167424493897,                      0.10088062378318921,                     -0.06042925486940558,          0.01747508914217715,                  1.0580450229642282,               4.342348055622022,29667.027443478466, 57.34113442999292, 29724.36857790846,1.6913217398077175e-07
                0.07962185380589236,               0.008294019492962896,                      0.11148218625187073,                    -0.062261583242873016,         0.011537926132525432,                  1.4094325829913252,              4.7541036955538285,29665.895611117492,  86.7968728632126,29752.692483980703,5.4535296968567915e-08
                 0.0889768498606723,               0.007518667564263031,                      0.10153190848956524,                     -0.07594713605446123,          0.01781448928332705,                  1.0590873744893154,               4.295449853880357,29666.007933243014, 56.26769357596916,29722.275626818984, 6.101808333496191e-08
                0.08512292091681668,               0.005610762245405193,                      0.10841295140476466,                      -0.0676298294772671,         0.016212640098544145,                  1.1122830805847106,                 4.4343767721315,29668.960239528496, 61.81140525927562,29730.771644787772,1.1685004672351067e-06
                0.08542029271403793,               0.006600303481086321,                      0.09097165213620323,                     -0.05833088222581266,          0.01722133067474663,                  1.0985684297572993,               4.401171722721332,29668.065590559592, 58.17318059143977, 29726.23877115103, 4.776258020125406e-07
                0.08635295905196685,               0.008356529547963325,                      0.11715167402515209,                      -0.0780229863701375,         0.023135999762365134,                  0.8979569258194615,               4.110417998675102,29668.984543399794, 43.37456574286062,29712.359109142653,1.1972474689118799e-06
                0.08544408623777612,               0.011062862086863736,                      0.11657441017468573,                      -0.0846858585575156,          0.01724800688903164,                  1.0857840970599542,               4.380430344190795,29669.080360492513, 58.13429320635853,29727.214653698873,1.3176399752608967e-06
                0.08414878058730668,               0.010239118860143715,                      0.11961475426845465,                     -0.08843624040263391,          0.01081293475229486,                  1.4791588289147592,               4.823956115140915,29665.771967304187, 92.64468901134735,29758.416656315534,4.8192544444984736e-08
                0.08495773929980768,               0.008225770133082455,                      0.09341560944520202,                      -0.0648951458151053,         0.013398147951682647,                   1.310623112110108,               4.479931968360806, 29669.91224788682, 74.74953333874689,29744.661781225564, 3.027477102296953e-06
                0.08259145855145687,               0.007663545745664009,                      0.10101878844233991,                     -0.08423362003403236,         0.011605119025132615,                  1.3696671005095769,               4.935590508064426,  29666.8738087283, 86.30320495513884,29753.177013683442,1.4504524868594355e-07
                0.07944593188021846,               0.005384977791071345,                      0.10759584994982334,                     -0.07485189045481956,         0.010265683696108903,                  1.5361621298039378,               4.876880996938284, 29666.51299268305, 97.54259247930146, 29764.05558516235, 1.011120904998391e-07
                0.08294968050896938,               0.006020728850125766,                      0.10769083057426293,                     -0.04830842125079824,         0.014209254745104333,                  1.2487476322956856,              4.4989676665537575,29668.318392696387, 70.49248950030953,29738.810882196696, 6.150045841786983e-07
                0.08738013016954221,                0.00627988744095185,                      0.09180375217824967,                     -0.07562284505258639,           0.0158119403214961,                  1.1605599004783176,                 4.3415961061755,29669.271579137574,63.364575574186155, 29732.63615471176,1.5952985285092237e-06
                0.08613122011872038,               0.007399761115034451,                      0.10713183898757529,                     -0.07071307414889329,         0.022115691695413494,                  0.9449711295879122,               4.097243949663131,  29665.6769369041, 45.34982408298606,29711.026760987086, 4.382366329799366e-08
                0.08239049644281288,               0.008187806110636634,                      0.10659435697538368,                      -0.0885709012408809,         0.016388446787669833,                  1.1422111864054507,               4.442755591763141,29664.855377360265, 61.16338625632006,29726.018763616587, 1.927125072487097e-08
                0.07963127870930349,                0.00968459998547436,                      0.10617697069428421,                     -0.06782862670346482,         0.010549613448256154,                  1.4907763385817934,               4.925381188229807,29666.066298205795, 94.91414298928878,29760.980441195083, 6.468538136875641e-08
                0.08206006571557865,               0.009464666770600637,                      0.10278979594815804,                     -0.05135613444340963,         0.016789675212255578,                  1.0948347633987399,               4.469495019392468,29667.243538341783, 59.67167265882904, 29726.91521100061,2.0993025722913023e-07
                0.08659821827270378,               0.007895049581105665,                      0.12449491056297615,                     -0.07548167477237702,         0.011159164774151407,                   1.442179592887672,               4.799048994658729,29667.610016360377, 89.77220839406452, 29757.38222475444,3.0285477061896565e-07
                0.08163924106429574,               0.006080397956610247,                       0.0812354302216446,                      -0.0883967858455116,         0.013340307814792677,                  1.3119090162620253,              4.4395578640517765,29666.025774931066, 75.07809529578194, 29741.10387022685, 6.211651877637232e-08
                0.08341294419999451,               0.007997856800194948,                      0.09940958789723393,                      -0.0727893760664414,           0.0168250367559132,                  1.1369470193571651,                4.14291871267561,29665.755077668033, 59.55858000159198,29725.313657669623, 4.738542506676766e-08
                 0.0829273898941894,               0.008166233637846443,                      0.10825702822763307,                     -0.06544628327759726,          0.01761635281964774,                  1.0610792633311623,               4.475852727932394,29667.984034738896,56.892919140878995,29724.876953879775, 4.402187507822584e-07
                 0.0838945788810009,               0.008771243364075792,                       0.1316243860387258,                     -0.06808106971822386,          0.01213549895146277,                  1.3522581084632264,               4.756557617013929,  29665.9659909779, 82.56440388477114, 29748.53039486267,5.8511774251452976e-08
                0.08397588837575173,               0.009552647010572804,                       0.1141623060083219,                      -0.0892155308684003,         0.015675228268288405,                   1.149665090464786,              4.4071446797242055, 29667.91537439587,63.951233395665184,29731.866607791537,4.1100748302818365e-07
                0.08724859364400107,               0.007755125567234873,                      0.09895462967624681,                    -0.058111861296594146,         0.011975532215913468,                   1.378127107676862,               4.726021849534314,29669.308604462683, 83.61938158588832,29752.927986048573,1.6554720736679461e-06
                0.08614964280155213,               0.011532136406830746,                      0.10020583868620347,                     -0.08679020296720115,         0.017531857017916024,                  1.0834126767528889,               4.336183826843488,29667.456252018157,57.178626027448765,29724.634878045606,2.5969011206650564e-07
                0.08729578802234068,                0.00620233141863243,                      0.10623202698738342,                     -0.08699774045256375,         0.012326879766193968,                  1.3239012844905655,               4.813268986583689,29666.260550621148, 81.27082370189588,29747.531374323044, 7.855410684173913e-08
                0.08292357357701684,                0.00796180148253433,                      0.10404271506513038,                     -0.09297764343791771,         0.018208755205513644,                   1.083125751444256,               4.089787034024429,29666.328140823447, 55.06535514738821,29721.393495970835, 8.404714141848638e-08
                0.08437560087234157,                0.00859996445446077,                      0.10074673702483153,                     -0.07383202846569198,         0.015764683115405395,                  1.1496120834398618,               4.591062426113848, 29669.42669906551, 63.55956228928774,29732.986261354796,1.8629864378721314e-06
                0.08314440490313339,               0.005745579650480532,                      0.13172248160508127,                     -0.08538337023440114,          0.01355771094951921,                  1.2785413289906742,               4.588186829604814,29667.291018686177, 73.93424791784346,29741.225266604022,2.2013823975070847e-07
                0.08648486400788437,               0.006098834955542712,                      0.10840625434586193,                     -0.05381653276821224,         0.016375932948657648,                  1.1181353459126437,               4.412769830030542,29668.961821788085, 61.18836184376514, 29730.15018363185,1.1703508017726073e-06
                0.08670332130397458,               0.008157488108557502,                      0.11969213307516072,                     -0.07090819942951099,         0.010482609117173941,                  1.5044890483582576,                4.91397099950282, 29669.59810174126,  95.5457539779293, 29765.14385571919,2.2113064343119023e-06
                0.08065596800848321,              0.0056942860581674845,                      0.08844949731200485,                     -0.08661168336805306,         0.013636562453637426,                  1.2619756652428868,               4.518517337663853,29666.415118783138, 73.45372363902558,29739.868842422162, 9.168472673122176e-08
                 0.0797329450326774,               0.005126548702952441,                      0.09102329961404516,                    -0.062028988935799695,         0.012539104100581573,                  1.3417189046848834,               4.679445110280961,29666.355256920084,  79.8533834549785, 29746.20864037506,  8.63573522238559e-08
                0.08403654465434522,               0.008897262048709418,                      0.12068300418891965,                      -0.0801521749090242,         0.009285665159420167,                  1.6176288374570085,               4.998944241177538,29667.681699415556,107.84915555934803,29775.530854974902,  3.25361359779355e-07
                0.08778889418373283,               0.006249361598081029,                      0.09101544246492992,                     -0.08421783097575825,          0.01191367070605382,                   1.387073391958883,               4.743498703442068, 29668.42764115904, 84.06564427213544,29752.493285431174, 6.860003818656391e-07
                0.08520595955515396,                 0.0056957470252475,                      0.10405158340838187,                      -0.0608384000128958,         0.016578761625099307,                  1.1004687898713144,               4.376269226902126, 29667.15407436498,  60.4393613178886,29727.593435682866,1.9196467876137897e-07
                0.08161391357147821,               0.005540697465637929,                       0.1019120016169721,                     -0.10301514762091893,         0.013038008811764734,                  1.3053950706694293,               4.630800311835867, 29666.34878570356, 76.85266006442072,29743.201445767983, 8.580031938328072e-08
                0.08195972430905286,               0.006871712521204038,                        0.095655258205076,                     -0.07559183808886757,         0.015254726383884398,                   1.166073312497998,               4.560817557295297,29669.020654225642, 65.67361300359127, 29734.69426722923, 1.241271145648151e-06
                0.07948887057866243,               0.007757031445293609,                      0.10379588354209869,                     -0.05302520391501916,         0.016282606810396606,                  1.1184044479204749,               4.452779228515641,29665.121579803912,61.526138014439226,29726.647717818352,2.5148967178802304e-08
                0.07907431185065888,               0.008877364071428102,                      0.09710805097850984,                    -0.053750354358600635,          0.01552613092913346,                  1.1766265124564501,               4.468875624715849, 29659.98584048805, 64.51116111699375,29724.497001605043, 1.479438474093676e-10
                  0.078995517095367,               0.007088915554596039,                      0.10374619768229747,                     -0.05650953052017173,         0.013952119298249872,                   1.251046778709836,                4.64082815081268, 29660.99234525858,  71.7861832110318, 29732.77852846961, 4.047775119319877e-10
                0.08041930951126432,               0.005774405611342599,                      0.09632982122833857,                     -0.08934995275087738,         0.011143661960382457,                   1.433477405968574,              4.7472056350658525, 29662.68071126222, 89.86912749126591,29752.549838753486,2.1901023711655985e-09
                0.08308270949316206,               0.004173492714913013,                      0.09113501852545672,                     -0.08341504279754798,         0.021163368168222136,                  0.9498511765204478,               4.042606502381551,29663.189881103477, 47.37470131905298, 29710.56458242253,3.6441317308697895e-09
                0.08181540313255024,               0.009664133052396598,                       0.1253113146887581,                     -0.06185338887391917,         0.015813045597792768,                   1.164584869200705,               4.469719809180149,  29660.0865107351, 63.38512428234956, 29723.47163501745,1.6361286196096088e-10
                 0.0835409664725724,               0.006591267733911533,                      0.07407576598062268,                    -0.061420270466770406,          0.01857156290214352,                  1.0515525104559629,               4.128022499091254,29665.063402347165, 53.93622107282406, 29718.99962341999, 2.372761055815372e-08
                0.08485273909418463,               0.010749943842372267,                      0.09194868472826757,                       -0.070487619240692,         0.014802051932508501,                   1.198687447579593,                4.46133222687157,29668.530951762066, 67.67341554300471,29736.204367305072, 7.606617570763486e-07
                0.07923843837911489,               0.006773608624080661,                      0.11546549530307701,                     -0.08568938818295381,         0.012781593314938415,                  1.3498318233871176,              4.5390843064053445,29661.691768834105, 78.38750485420069,29740.079273688305, 8.146520898079443e-10
                0.08153795209852581,               0.008120807677583499,                      0.11377101539708925,                     -0.06926162195822255,         0.010475156906976668,                   1.470202150731928,               4.949931131751822,29666.820910527462, 95.59982716319614, 29762.42073769066,  1.37572018762414e-07
                0.08697757112016552,               0.005350747234761701,                      0.08695167778925407,                     -0.06790065043104636,         0.013949051582217997,                   1.265831122656063,               4.457322211195565,29662.937025084713, 71.79926632155868,29734.736291406272,2.8299586777718566e-09
                0.08127668598125472,               0.008708615123635367,                      0.10859776963936203,                     -0.09236523568442942,          0.01572510437069346,                  1.1814006282367762,                4.35403760605039,29668.153693975106, 63.74261908983289, 29731.89631306494, 5.216156429323262e-07
                0.08330570182365032,                0.00488184266241131,                      0.12895680610175989,                     -0.06596222015954809,         0.016945192755125377,                  1.1110579373467329,               4.289350660400246,29667.045623051567,59.169034710888894,29726.214657762455,1.7223504366752226e-07
                0.08292167571151363,              0.0074307496899375025,                      0.13359621659655221,                     -0.07644937753720756,         0.015810171431633335,                  1.1448800220772615,               4.395964608653549,  29666.3210630639, 63.42055259238653,29729.741615656287, 8.345437616046607e-08
                0.08173569742432354,               0.009631663501223875,                      0.09710020859932962,                     -0.09211318665786182,         0.011135144443659503,                  1.4318518609784916,               4.836282049254165, 29667.61031556159, 89.94289896229346,29757.553214523883, 3.029453986908328e-07
                0.07891962886301161,                0.00476249326263292,                      0.11159172205062405,                     -0.07394327794289975,         0.015186475353372223,                  1.1832977310158077,               4.460370292296998, 29668.53826456626,  65.9823489891868,29734.520613555447, 7.662447162279701e-07
                0.08616063347002237,               0.006528198056916412,                      0.09296555686487802,                     -0.09280728743617339,          0.02010457236018026,                  0.9940142947494452,               4.065837975907043,29667.928134465663, 49.87727368689232,29717.805408152555,4.1628556996127254e-07
                  0.082098540466625,               0.007989495935698364,                      0.08618211935228558,                     -0.05564965933830393,         0.014754544185422684,                  1.2145909456546033,               4.399172372617732,29667.681685586325, 67.87199782369716,29735.553683410024,3.2535686031314945e-07
                0.08332829331406057,               0.007101796709911358,                      0.09559390792978213,                     -0.04977331226118664,         0.018204687074817368,                  1.0654500365005564,               4.321115797793533,29661.226513598005, 55.03429526693413, 29716.26080886494, 5.115809855237081e-10
                 0.0873010477292762,               0.006863415211319632,                      0.08308722944783754,                     -0.08134944332062197,         0.012265115941465177,                  1.3482301555166718,               4.752859853050103, 29668.67141199933, 81.64976733931577,29750.321179338647, 8.753720751107923e-07
                0.08085008279830747,               0.007987216918800936,                      0.11961220954241014,                     -0.08052904196217754,         0.019708177632187282,                  1.0264698491493227,               4.024748081193405,29665.577174863203, 50.89253935028797, 29716.46971421349, 3.966272733163256e-08
                0.08109010734838384,               0.010701404727693967,                       0.0998585262384592,                     -0.07934894749607174,          0.02063243666522694,                  0.9700590168863215,               4.232174526599885,29665.927460839222, 48.59491785315273,29714.522378692374,5.6300187446550533e-08
                0.08336589121026833,               0.009255950609092099,                       0.1167899435387704,                     -0.07623289316140068,         0.016327158543790327,                  1.1491374079761243,               4.421319063374845, 29665.12667838362,61.394793751441775,29726.521472135064,2.5277518629008882e-08
                0.08616106797530695,              0.0052122639203036015,                      0.11229045148132268,                     -0.09140193939671896,         0.012687261916324917,                  1.3027719177394412,               4.762222743520495,29665.461933720133, 78.97707059051628, 29744.43900431065, 3.534548797118221e-08
                0.08355160801257851,               0.007332492523971362,                      0.07370234553689307,                     -0.09381724665422504,          0.01659012615802695,                  1.1354479741586152,               4.257940634710564, 29662.55925147327,  60.3949745841281,29722.954226057398,1.9396130581350457e-09
                0.08752605239994597,               0.006780382540726948,                      0.08427183825566348,                     -0.06735168711383194,          0.01577562437638553,                  1.1696787435656613,               4.403697140866794,29667.453854574494,63.496404191067924,29730.950258765562,2.5906826537214314e-07
                0.08351361998606431,               0.005888571940498702,                      0.08734982116318984,                     -0.09107002162520077,         0.014178617752251994,                  1.2094347023091327,               4.624869327003772, 29665.50029977389, 70.65614204841579,29736.156441822302, 3.672790422388529e-08
                 0.0852698618916282,               0.010015487964539214,                      0.10229724695674697,                     -0.10015031380714834,         0.015402777812110075,                  1.1981810932385413,               4.387075877364594,29660.855407502244, 65.07816573657936,29725.933573238824, 3.529759084429421e-10
                 0.0862705621125901,                0.00562073273817656,                      0.10365454098981561,                     -0.06259763965289225,         0.014018844723660126,                   1.267234857884821,                4.52105986514821,29668.208045496867, 71.45553707288333,29739.663582569752, 5.507508462423872e-07
                0.08552826952452722,               0.010842493521947036,                      0.08951731585321183,                     -0.08515899013929187,         0.017618194563748163,                  1.0816710884036413,               4.349041435864253,29668.662341077135, 56.88560512858514, 29725.54794620572, 8.674675480007376e-07
                0.08420009961680329,               0.005714930247814766,                      0.09639342022160023,                     -0.06073644826190853,         0.016884479247257368,                  1.1384865024869837,               4.216788457976132,29666.658984905873,59.337672971697025, 29725.99665787757,1.1700561571547169e-07
                 0.0829437479185441,               0.007403322681651173,                      0.09906125103483399,                      -0.0698719860493973,         0.016440364360462673,                  1.1166475201411823,               4.287748922124193, 29669.07406879127, 60.94606752325035, 29730.02013631452,1.3093758033019909e-06
                 0.0836312530960594,              0.0069182007167318356,                      0.11751832136438846,                     -0.06183724548135396,         0.013629196186272282,                  1.2576561046034502,              4.7623547417775765,29660.669833231717, 73.50898993965583,29734.178823171373, 2.931913700864891e-10
                0.08490981070564331,               0.008444682861257475,                       0.0813604610613235,                     -0.05526133287962332,         0.017279957121903725,                  1.0772969810109596,              4.3721396801540635,29667.803044374163,57.964704680594885,29725.767749054758, 3.673376305924884e-07
                0.08624467438547112,               0.009986794585643086,                      0.10814764474379925,                       -0.092418071448268,         0.014541116409832057,                  1.1923647323558848,              4.6619934153588325,29665.686838130045, 68.92481554703596,29734.611653677082,4.4259726507814906e-08
                 0.0857827291282281,               0.005690615542133055,                      0.08827124843166348,                     -0.06831470111122898,         0.012935693072469525,                  1.3153670419055163,               4.725603131910795, 29669.31306379774, 77.41575943771386,29746.728823235455,1.6628708629022504e-06
                0.08101697500029341,               0.007859274758598963,                      0.12705537898607344,                     -0.07408167665315818,         0.014256609838496742,                  1.2226437082938246,               4.549652749999193,29669.207568584607, 70.29988449902437,29739.507453083632,1.4963822041297648e-06
                0.08699553421013222,               0.005739406910084268,                      0.08750372725173644,                     -0.08627095065591085,          0.01202703692638382,                  1.4058458563086955,               4.617741612913328,29660.287139433785, 83.27211421762051,29743.559253651405, 1.999628777577187e-10
                0.08203487358658194,              0.0055481422470981595,                      0.08828347565791787,                     -0.08262782273811796,         0.016454059757684866,                  1.1220006463625263,               4.255199894243529,29665.107123348556, 60.89406254942099,29726.001185897978, 2.478801756968461e-08
                0.08514991453666661,                0.01001120965256066,                      0.10660168529333666,                     -0.06102198451698009,         0.014671996726599211,                  1.2429457173240177,               4.412256493183784,29662.794938227387,  68.2817064241206,29731.076644651508,2.4551190494749618e-09
                0.08176505700465561,               0.009298751156247809,                      0.11818983864149765,                    -0.062115791510217025,         0.014857534127896654,                   1.180989976610469,               4.522194211598307, 29666.52882446348, 67.44258199737216,29733.971406460852,1.0272561368624063e-07
                0.08753268930953179,               0.006810861243557997,                      0.08664236130145332,                     -0.06070232996177096,         0.017585882186793602,                  1.0598207594359166,               4.412338601920268, 29663.42582577325,56.968795197923114,29720.394620971176, 4.613850688026183e-09
                0.08134851904633944,               0.005207202418346127,                      0.11445889593351623,                     -0.05996175160116347,         0.020081349130194666,                  1.0038467944048186,               4.144625540930651, 29667.33370228543,49.927122961522144, 29717.26082524695,2.2973794982143653e-07
                0.08454737872813543,               0.007154919249411217,                      0.12082096422292066,                     -0.06572930650854265,         0.014241255683601652,                  1.2075381903858566,               4.598585489276853,29669.182367559268, 70.36362444746257, 29739.54599200673,1.4591430416612808e-06
                0.08307616436133887,               0.007612971998972692,                      0.10618912702758553,                     -0.04668962127471617,         0.014343343012257969,                  1.2418600701543108,               4.431411303957269,29666.423706121288, 69.83217411165177, 29736.25588023294, 9.247544470508801e-08
                0.07970189897991227,                0.00990147721446177,                      0.11267625553707394,                     -0.08060084398449877,          0.01041086808298857,                  1.4925678338366517,                4.95751736312135, 29664.26692415514,  96.1959298815364, 29760.46285403668,1.0699116633922155e-08
                0.08574255421776296,               0.008598863909408797,                       0.0976853935141793,                     -0.06673741958690269,          0.01823499253823115,                  1.0708884381873227,               4.303477292350837,29666.343499706607,54.958627990413945, 29721.30212769702, 8.534797575311325e-08
                 0.0839737661626462,                0.01034895263571449,                      0.11835092876795969,                     -0.06755308115398265,         0.015215345235089715,                  1.1562129561852976,               4.584762410135273,  29667.7537247796, 65.86606177745038, 29733.61978655705, 3.496601927224186e-07
                0.08370591234271359,              0.0069629319794871115,                      0.11886561348545012,                     -0.10055098383057588,         0.015902923601763614,                  1.1524105179827526,               4.481557259163828, 29665.06947266323, 63.05537888963882,29728.124851552868, 2.387208270583632e-08
                0.07886787710133565,                0.00827744160802801,                      0.10183282680027768,                     -0.07604151756638776,         0.013996474036241944,                   1.234435008558426,              4.6984607158663865,29665.158621904902, 71.57123721085532,29736.729859115756,2.6098006451516463e-08
                 0.0868084951332792,               0.006992447465053764,                      0.08667390938229926,                      -0.0828981137311725,         0.015985226015822467,                  1.1695399811292049,               4.298133523100324,29667.481743487202,62.679814619093015,29730.161558106294, 2.663950913260737e-07
                0.07943163779397147,               0.004795501298557733,                      0.09112709143055985,                     -0.06970275936883595,          0.01704938193049745,                   1.109621118231872,               4.225485264433121,29665.001821544996,  58.7614581681191,29723.763279713115,2.2310525672029377e-08
                0.08651087185414176,               0.007810315385290959,                       0.0838355845676648,                     -0.06201219790131699,         0.019737235285235345,                  0.9842009196563437,               4.245060855601187, 29665.80922095976, 50.76798540511887, 29716.57720636488, 5.002175371451651e-08
                0.08639273483630484,               0.005653396235536855,                      0.11651650298827362,                     -0.06411269469829811,         0.013364710913033949,                  1.2586370603069608,               4.738528633317034,29666.569375454113, 74.96381660049603, 29741.53319205461,1.0697685251835903e-07
                0.08398982590775655,               0.008513541678158458,                      0.10616697634076182,                     -0.06386187149994423,         0.010082596726378562,                  1.5232330172317374,               4.882661940686761,29663.268644872292, 99.30566871632134,29762.574313588615, 3.942763595604136e-09
                0.07897963700571924,               0.006249540221927879,                      0.10119365096982677,                      -0.0663460435542634,           0.0160968089757239,                  1.1639560286824857,               4.284571078890882, 29665.82960987756, 62.24032977099553,29728.069939648558, 5.105211138444005e-08
                0.08372593122276133,               0.009277029657696955,                      0.10675467028380307,                     -0.07764813056934433,          0.01534197051885686,                  1.1564347662670773,               4.449215545855676, 29667.96288266354, 65.31690807843447,29733.279790741977,4.3100499910282176e-07
                0.08516904963162975,               0.007279525962660212,                       0.1072940571902507,                     -0.06795199693775893,         0.012374558676674838,                   1.326191819495917,               4.701934434858625, 29668.52526222639, 80.94116410113645,29749.466426327526, 7.563462331773805e-07
                0.08495642305996096,                0.00686879945123636,                      0.10008804830979413,                     -0.08953480896223254,          0.01985349444277158,                  0.9811885036886318,               4.130350819174839, 29661.16524142078, 50.50951597458362, 29711.67475739536, 4.811762971535722e-10
                0.08326372594321123,               0.002929580285317137,                      0.11359283652926777,                     -0.07884629218621868,         0.015146361237920226,                     1.1791683002841,               4.466102600883007,29664.239320468554, 66.16724420248451,29730.406564671037,1.0407820491494795e-08
                0.08511083669729548,               0.009100059253610267,                      0.10475484833393055,                     -0.10510371154731843,         0.011597813475851563,                  1.3854971093129678,               4.847928124385661,29662.471750962908, 86.38618812947018,29748.857939092377,1.7771091805935273e-09
                 0.0837056369550262,               0.008482035551068239,                      0.10475385185214589,                     -0.05522487635818318,         0.010995959570532144,                  1.4757460532239952,               4.746182061233133, 29667.80675741259,  91.0597270192255,29758.866484431815, 3.687041046456811e-07
                0.08789259185821786,              0.0077766175705561436,                      0.11132096244408982,                     -0.06997026705850547,         0.012629302354266368,                  1.3103209426298685,               4.773465674011002,29669.155791291076, 79.32023623886074,29748.476027529938, 1.420875225080988e-06
                0.08092726180423551,               0.005438476629810046,                      0.08105485306026648,                      -0.0723974182603084,         0.014890782496880802,                  1.1871408078569445,                4.52732660006797, 29665.28003479151,  67.2578051524248,29732.537839943936,2.9467024272667482e-08
                0.08077924353521232,               0.008225637799318742,                      0.10219919961828967,                    -0.061158720777994766,         0.013280420374831299,                  1.2737863430759928,               4.734532038189766,29669.691907435605, 75.41425465995373, 29745.10616209556, 2.428780263031103e-06
                0.08626518481936603,               0.005857589243499763,                      0.09759378512341374,                      -0.1025991569763374,          0.01602480668395155,                  1.1621561241065383,               4.312928733729551,29661.607693372218, 62.55617738083621,29724.163870753055, 7.489600741392129e-10
                0.08426319667062278,               0.005051805849787818,                      0.09046947818756108,                     -0.08194100529292637,         0.014201971435108027,                  1.2699126441831405,               4.436126354678009,  29666.2154357042, 70.53511990816712, 29736.75055561237, 7.508889884560846e-08
                0.08271506411895456,               0.008974187463455317,                      0.12994002129579066,                      -0.0682860924995972,         0.011815781102562917,                  1.3823021401781665,              4.7974760595627925, 29667.10840583576, 84.79074176021537,29751.899147595974,1.8339510351976505e-07
                0.08272538989854554,               0.006247372559270661,                      0.11931634584439912,                     -0.05800108047791862,         0.014132701371202129,                  1.2152517590125778,               4.684834143274642,29663.003669089267, 70.89389773436768,29733.897566823634, 3.024984944990821e-09
                0.08549668638324551,               0.007171041593134707,                      0.09975784765495045,                     -0.10265260997519209,          0.01187411051637253,                   1.387174064215466,               4.732661565629082,29668.253449425127, 84.37155833784526, 29752.62500776297, 5.763334794066627e-07
                0.07965423260107328,               0.006220479070083402,                      0.10448691499793634,                     -0.07732035784779763,         0.011453537885575241,                  1.4075904950770102,               4.772855045908439,29669.573994739003, 87.43859747766237,29757.012592216666,2.1586358804458782e-06
                0.08397463178567105,               0.008693223221891908,                      0.09725352890739224,                     -0.05476706384719783,          0.01629003537442339,                  1.1340914571393919,              4.2997202757199275, 29669.19717417582,  61.4960264060945,29730.693200581914,1.4809087538012482e-06
                0.08118345427169012,                0.00820625816957929,                      0.12134054356952416,                      -0.0613159326859207,         0.023665874615991078,                  0.8742945314323125,               4.020021141390892,29661.908889782993,42.394608975472366,29704.303498758465,1.0122006362051224e-09
                 0.0835369310775204,               0.007964379801587264,                      0.12602063100077246,                       -0.052741236612653,          0.01496978451715019,                  1.1779144859930901,               4.525505745792596,29664.814366654406, 66.94403257922016,29731.758399233626,1.8496909789878378e-08
                0.08627907314788953,               0.007930135758207661,                      0.09508944226904398,                     -0.08972828359992116,          0.01345258256563689,                   1.268499778302334,               4.766104683116197,29667.142475274748, 74.47183651363679,29741.614311788384,1.8975092670587714e-07
                0.08374989203776023,               0.008184284722715185,                      0.10373741451359401,                    -0.040551077008529744,         0.014800741078439445,                  1.1993191674353987,               4.539171016829657,29664.226016236214, 67.67244481260656,29731.898461048822,1.0270269463843984e-08
                0.08448579051064943,               0.006379138364393593,                      0.11389532956293222,                     -0.08246515583590651,         0.015282679962449515,                  1.1676224361287084,              4.4125144456864644,29669.931153490117, 65.58327860839898,29735.514432098516, 3.085257852357225e-06
                0.08682739362112342,               0.005321287721086502,                      0.10877578104478314,                     -0.07863258919997812,         0.017757594736832274,                    1.05698922838333,               4.321706919017889, 29669.05633203615, 56.45605835814838,  29725.5123903943,1.2863564729061437e-06
                0.08381034590522994,               0.005946753624339316,                       0.0948255891933094,                     -0.09773582976241424,          0.01964581019769891,                   1.024674026790025,               3.995600523895563,29661.095955782002, 51.04368142649051,29712.139637208493,4.4896641542012194e-10
                 0.0872069040748234,               0.007803031573396668,                      0.07417722520192616,                     -0.06955071828915091,          0.01637731571097556,                  1.1420345722639813,                4.34093370059234,29663.814480829904,  61.1600978556002,29724.974578685506, 6.805409803598451e-09
                0.08750145841816326,               0.010232595542253815,                      0.10553232739172368,                     -0.06324313850207507,          0.01940364401796214,                  1.0016013392260108,               4.240546770271177, 29668.29011063975, 51.66392229253125, 29719.95403293228, 5.978546505299582e-07
                0.08184640127720995,               0.008013226738242226,                      0.10406167114861718,                     -0.05061591029905765,         0.017612512293228043,                    1.07412906148941,                4.38462090007599,29666.853821771852, 56.88978282252211,29723.743604594376,1.4217501478631115e-07
                0.08697235046695233,               0.005524037190681377,                      0.10092928231956094,                     -0.08746768240079782,          0.01575849806875881,                  1.1434739117873165,              4.5188223552118245,29669.971658352668, 63.59911319470217, 29733.57077154737, 1.185238096517026e-06
                0.08443220461286727,               0.007955753306325954,                      0.08849317732070565,                     -0.06437770536712624,         0.014393616933496695,                   1.206633902917835,               4.541771353310251,29670.786165044003, 69.58172742268385,29740.367892466686,2.6763404859387805e-06
                0.08257528825271591,               0.007288836613166783,                        0.100616100489992,                     -0.08355218549802755,         0.012308218529383389,                  1.3530536632206975,               4.799708424887503,  29670.3641646843, 81.37972833396388, 29751.74389301826,  1.75496692636843e-06
                0.08453470562452194,               0.007006139618039224,                      0.09958064104206601,                     -0.09130329581382524,         0.011920942185361563,                  1.3501083445444602,               4.856700006225362, 29670.79078196939, 84.02736355772797, 29754.81814552712,2.6887255186596458e-06
                0.08256737898433705,               0.006001777817450538,                      0.12431150657143727,                    -0.057965287342570324,         0.016591801446971376,                  1.1278297380166202,              4.3245008847571365, 29670.97593501575, 60.41332377173727,29731.389258787487, 3.235619286358018e-06
                0.08026078601627508,               0.007280875504946114,                      0.10247566576704847,                     -0.08242267060654228,          0.01784108495108712,                  1.0658615861552319,              4.2144946825948635, 29672.69432928236, 56.18256716020638,29728.876896442565, 1.804041663486967e-05
                0.08298074622503067,                0.00745126970004049,                      0.10524779650287529,                     -0.05247643140623539,         0.012684271194494352,                  1.3315346234105097,               4.661250017719546, 29673.25839944209, 78.95319830730823,29752.211597749396, 3.171167054602754e-05
                0.08575828865845665,               0.007791001812107873,                       0.0911082733193136,                     -0.07425722792708071,         0.012698170473112648,                  1.2984968548623421,               4.822315632396331,29672.532539199026, 78.86944685482283, 29751.40198605385,1.5345534598758402e-05
                0.08679898778349172,                0.00976543653351094,                        0.094898935427338,                     -0.08154867315010542,          0.01733882745092998,                   1.097885092579189,               4.341349691191516, 29671.66565323955, 57.80339030867954, 29729.46904354823,  6.44908697559912e-06
                0.08606954007846962,               0.008399817755085227,                      0.09339317958635127,                      -0.0701419272022835,          0.01670242902618428,                  1.1018330965198395,              4.5059649140472615,29672.885302878625, 59.98886838116698, 29732.87417125979,2.1836616259330457e-05
                0.08280469270282383,               0.004977574239202511,                      0.10282308597405475,                     -0.07177745948187524,         0.014448815208882587,                  1.2173786655656307,               4.442883123557814, 29670.60327661476, 69.33541573387096, 29739.93869234863, 2.229019810151083e-06
                0.08009172032201557,               0.006105991361325812,                      0.10425942489529472,                      -0.0747502544771601,         0.011575850398343978,                   1.423978217480177,               4.678041605247283,29671.702582132264, 86.51401737304651, 29758.21659950531,6.6916967000489485e-06
                0.08530989448432871,               0.005130302635775285,                      0.09521119475726014,                     -0.07603583114024419,         0.011414738346044367,                  1.4333514297516068,               4.758073693438886, 29673.40430090732, 87.72909742649699, 29761.13339833382,3.6693008557361785e-05
                0.08523425194500682,               0.010716638714250146,                      0.10136707690283496,                     -0.07857011685914592,         0.016935968030873865,                  1.0979501884064606,               4.454569780185418, 29672.63212805814, 59.17831030025675,29731.810438358396,1.6952467275451727e-05
                0.08439440907026521,               0.007282922996843149,                      0.10738691401048374,                     -0.09179576588041526,          0.01257216792415622,                  1.3360079446801416,               4.774609144858947,29672.642869278094, 79.69152029915602, 29752.33438957725,1.7135538901386485e-05
                0.08523292078218624,               0.006511129454291782,                      0.10665276344222763,                     -0.05908729440987045,         0.012132052970875634,                  1.3697472558149302,               4.777581203706735, 29672.90366816839,  82.5494646545971,29755.453132822986,2.2241357261322037e-05
                0.08601043281520329,               0.007533197129463736,                      0.09960817909404127,                     -0.07907614202378165,          0.01711630108384221,                   1.073331697356743,               4.500141305371205,29671.657036382785, 58.55511217504124,29730.212148557825,6.3937548537178165e-06
                0.08377513314156856,                0.00719297488122324,                      0.11522664354011486,                     -0.05524118749103372,          0.02375135663568602,                  0.8839433655232793,              3.9412700426433718,  29672.2557490863,42.232851401581236,29714.488600487883,1.1635193335899192e-05
                0.08360244698211888,               0.007110650843029002,                      0.11506534444981996,                      -0.0644692885710234,          0.01128700603517968,                   1.456769687519955,               4.722777360550068,29671.255950497718, 88.73321113922896,29759.989161636946,4.2812106202026685e-06
                0.08567589648219745,                0.01079544520737287,                      0.10201810985392994,                     -0.08555921357215072,         0.013701627952202373,                  1.2614085375136586,              4.6506220453562195, 29671.97654804284, 73.12394466378458,29745.100492706624,  8.80071853545266e-06
                0.08265941975341945,               0.010820867958039193,                      0.09537649228830992,                     -0.08077221725149908,         0.013207950530200427,                  1.2851145966037738,               4.716696609328772,29671.964052774016,  75.8373651109456,29747.801417884963, 8.691435374622629e-06
                0.08384184681427606,               0.005285274548654442,                      0.10116188744882681,                     -0.08567021612336242,          0.02067242953385279,                  0.9625379650445911,              4.0881501366617545,29670.723281338738, 48.51044399715115, 29719.23372533589, 2.513224690448399e-06
                0.08310131990453343,               0.008646293497595568,                      0.12547168820195737,                     -0.07688972237230772,          0.01759715374448593,                  1.0854907764623094,               4.240811959635721,   29673.313435479, 56.98645945257692,29730.299894931577, 3.350587531762758e-05
                0.08503891541254376,               0.005814086535996657,                      0.09581625711696844,                     -0.08591117541626085,         0.013776783997082898,                  1.2336045084475276,               4.656260107021834, 29670.72247437982, 72.71825242558039,29743.440726805402,2.5111974394390315e-06
                0.08397558397421319,               0.010229132178578832,                      0.09686650526279608,                     -0.07856694707778232,          0.01357362089205773,                  1.2569314884826759,               4.609896369296726, 29671.72338752045, 73.79848964934584,  29745.5218771698,6.8323784420120486e-06
                0.08283078553928211,               0.004028988707827637,                      0.09361529149953078,                     -0.07746706802747978,         0.018192611190122863,                  1.0608374577311614,               4.192422591794295, 29672.37016191185, 55.08760463710012,29727.457766548952,1.3045552080381534e-05
                0.08416805307038534,               0.007152639371269119,                      0.10292865024281804,                     -0.07198928703340858,         0.012327140997017403,                  1.3161120256656467,               4.891239530949357,29670.720843828643, 81.24910074882287,29751.969944577468, 2.507106139938794e-06
                 0.0850130281260963,               0.005884978162175897,                      0.10375127887635595,                     -0.07688499153569862,         0.013807458342381777,                  1.2475010604173766,               4.538180711815116,29672.499243112485, 72.55761151959585, 29745.05685463208,1.4843000978292037e-05
                0.08560828108176238,               0.004953714909501364,                      0.10911565951519345,                     -0.06691449644090494,          0.01779006291132489,                   1.078469278539854,               4.308919645170876,29672.236555339994,56.343028657220486,29728.579583997216,1.1413999942323019e-05
                 0.0821450874567684,                0.00926725995508671,                       0.1148658856061551,                     -0.08580397305414968,         0.012119333312529137,                  1.3764570462305388,               4.742478795140242,  29672.1832653334,   82.664957351614,29754.848222685014, 1.082167059681003e-05
                0.08347291453609228,               0.006766721074807917,                      0.11092150707014017,                     -0.08412690769604488,         0.012004099508896022,                  1.3766479496135438,               4.835799156273862,29670.168486917984, 83.45150998449328, 29753.61999690248,1.4430692155300364e-06
                0.08700653572462379,               0.007423709722617817,                      0.10718761217738075,                     -0.06577217876165099,         0.015745240789884346,                  1.1421232708254516,               4.561885503902944, 29671.82892957396, 63.64147933294357,29735.470408906902, 7.592909877667124e-06
                0.08733652457444625,               0.007500816352593511,                       0.0909447461332469,                    -0.061865392412337766,         0.016391578542919855,                  1.1342956659602288,               4.361888808266001, 29672.19013187642, 61.11683816614317,29733.306970042566,1.0896233766177638e-05
                0.08122824464964704,               0.008315529199952177,                      0.09355642858452677,                     -0.05688697016970532,          0.02239039862273329,                  0.9154499187203021,               4.075043731332859, 29671.05552909924,44.765645793364605,29715.821174892608,3.5036820377614483e-06
                0.08536244765965831,               0.009129436290960165,                      0.11583480082464467,                      -0.0596861835161095,         0.015931338459597252,                  1.1293558516085116,               4.495682304272729,29671.639713797533, 62.90464416804785, 29734.54435796558, 6.283952268215736e-06
                0.08203809974616322,               0.010470409261523879,                      0.10525227143731884,                     -0.08411826778600748,         0.019934991721368745,                  1.0061685381075145,               4.107908968720053, 29671.60329329964, 50.30190513932097, 29721.90519843896, 6.059205141478589e-06
                0.08118770546318435,               0.008925376434632691,                      0.11342419569212683,                     -0.06471924483347442,         0.014236070403000036,                  1.2506606061019074,               4.486106965211894, 29671.37351724685, 70.37590738337052,29741.749424630223,4.8153203461951574e-06
                0.08582750176399054,               0.007962054059194295,                         0.09115369161479,                    -0.060173542165545275,          0.01646602680115254,                  1.1065814947557673,               4.449836114083002,29672.619735591405,60.838658203796385,  29733.4583937952, 1.674368075069025e-05
                0.08290973471804039,               0.009214570778802738,                      0.09468418375534914,                      -0.0765190345435337,         0.016198051141695875,                   1.120622853536467,               4.403512870798839, 29673.16104318814,61.856817373117984, 29735.01786056126,2.8769865864375823e-05
                0.08464111275091596,               0.006577427864599971,                      0.10597312862357201,                       -0.073390520064228,         0.018360292408418258,                  1.0714213166416162,               4.076402628632536,29670.007200613363, 54.59771823911599,29724.604918852478,1.2281217139778847e-06
                0.08195687573362904,              0.0066805103204238695,                      0.08174545169271553,                     -0.07709410134162699,         0.016751764253731646,                  1.1097843537099308,               4.272527453183522,29671.426317353846, 59.80291258182131,29731.229229935667,5.0764016851571656e-06
                0.08493686445502559,                0.00561994951244807,                      0.11518976514788586,                    -0.056991286957490915,         0.020890131501195047,                  0.9726732644207532,               4.057914332537654,29672.149430142003, 48.00150695542083,29720.150937097424,1.0461642458067401e-05
                0.08256280778160797,               0.006196534636689876,                      0.09596059470860697,                     -0.06872470216453888,         0.013267488611436862,                  1.3212078338471531,               4.457992057232194,29672.714278720516, 75.48769543692099,29748.201974157437,1.8403926665538736e-05
                0.08668752319354171,               0.007061208016799819,                      0.10326820319923924,                     -0.06894986562751919,         0.013929664890106436,                  1.2219510054278095,                 4.7233299595192,29670.556537701726, 71.91691928086405,29742.473456982592,2.1272350306927154e-06
                0.08408385962758666,               0.007663442281867468,                      0.12430007630415052,                     -0.08730072897864977,         0.013426781727430299,                  1.2620548966566998,               4.703420486768982,29671.411914838656, 74.64579315397683,29746.057707992633, 5.003812719391258e-06
                0.08489762788950236,               0.009923115768986532,                      0.09910047683013941,                     -0.09070256148854353,         0.011487500493086236,                   1.411685212812763,               4.800345749840259, 29672.51246606043, 87.19199400200037,29759.704460062432,1.5040572568299886e-05
                0.08523831010147445,               0.009273075914658263,                      0.08881746638099851,                     -0.07442437404841593,         0.012577101128939077,                  1.3562021081028792,              4.6260931275571435,29672.773212524193, 79.62501712818636, 29752.39822965238, 1.952113746890982e-05
                0.08183336258287917,               0.008364249081486246,                      0.10227100136025312,                     -0.08655405969074062,         0.015342801594866295,                  1.1967863822740243,              4.3211471074107495,29671.808440401295, 65.31446484969608, 29737.12290525099, 7.438920381949312e-06
                0.08048007191708488,               0.008240740832167814,                      0.09617063265432106,                     -0.06982898810314778,         0.021775838664460763,                    0.94388016141866,              4.1144382953460195,29672.568322129046, 46.03728871319966,29718.605610842245,1.5904585376555065e-05
                0.08155448709820537,                 0.0079288568759427,                      0.09484588010452939,                     -0.08685420742719537,         0.016579648717324917,                  1.1171862519107532,               4.295114874499434,29672.366618686217, 60.44409431093062,29732.810712997147,1.2999410539065029e-05
                0.08500421329117598,                0.00891313030277651,                      0.08290061301379151,                     -0.06688631298066226,          0.01933662994011059,                  1.0013837123094904,               4.286721075841702,29671.633166727508, 51.81893890797164, 29723.45210563548,6.2429451773094676e-06
                 0.0804339666143576,               0.005742479811166501,                      0.12124056232873393,                     -0.08042978861355095,         0.019722056600429205,                  1.0057178648588203,               4.100497902765839,29673.274382443895, 50.85837795531442, 29724.13276039921, 3.222259037345505e-05
                0.08247478616333256,               0.007884773466821293,                       0.1043561467720892,                     -0.09345563544733752,         0.016253184586897125,                   1.156329138067065,               4.305780980185363,29673.297475727588,61.673561822794575,29734.971037550382, 3.297537446793288e-05
                0.08339661686262802,              0.0076818839589724835,                       0.1195160967512497,                      -0.0792962809389125,         0.012321904576808117,                  1.3480836954217932,               4.637851116811513,29670.413794566673, 81.30954061533198,29751.723335182007,1.8442632841039435e-06
                0.08227715437164464,               0.007894939960332073,                      0.10329854295088549,                     -0.05413665381817197,          0.01948374446486857,                  1.0113331700749955,               4.096009201060952, 29671.99511643682, 51.43835447271609, 29723.43347090954,  8.96566035781332e-06
                0.08219110354013366,               0.008772209606313003,                      0.10491158600239858,                     -0.06607140057057082,         0.019041033667625308,                  1.0385338528619374,               4.234002372838922,29672.703295447463,52.641513897892956,29725.344809345355,1.8202897314744775e-05
                 0.0845694302799835,               0.006314488923621683,                      0.11470166369729176,                     -0.06509050774986883,          0.02113053431309011,                  0.9419392331587523,              4.1397482382479724,29671.643551834648, 47.46146389541617,29719.105015730063,  6.30811665249032e-06
                0.08280059172736876,               0.008882109735292732,                      0.08192264934815134,                      -0.0649178699668487,         0.011571734930175152,                  1.3886941271717617,               4.778300203290889, 29662.66906081709, 86.51669003527556,29749.185750852364, 7.985972108884764e-10
                0.08688639453498413,               0.009462324677258969,                      0.11561716760253304,                     -0.08644255774311499,         0.017719359136468844,                  1.0681129217661676,                4.32506455382042,29671.433217879472, 56.59366310862788,  29728.0268809881,5.1115526657139345e-06
                0.08587035018712233,                0.00897793915541149,                       0.1151342782074947,                     -0.08389870543716403,         0.011392757538845194,                  1.4307394070585435,               4.870125745164272,29667.978413952405, 87.92922436622085,29755.907638318626, 1.614918308570358e-07
                0.08328080276115947,               0.009704488920779039,                      0.09972063707542246,                    -0.061943449434393484,         0.012310424410928044,                   1.355844162552463,               4.831350718997541,  29664.7680085902, 81.34758488368287, 29746.11559347388, 6.514622047615847e-09
                0.08233718343456115,               0.008979912397790264,                      0.08170981241409443,                    -0.058845209481009866,          0.02051910832072961,                  0.9770217677192219,               4.041463662321176,29663.355928007968,48.829501781413825, 29712.18542978938, 1.587195486753937e-09
                0.08243502630708367,               0.008693100151977667,                      0.08974364279285822,                     -0.09325182862412643,         0.017914959883023628,                   1.071399183277872,               4.301411143965338, 29672.76673913964, 55.95049834354548,29728.717237483186,1.9395177771782693e-05
                0.08354109832485407,               0.009043472197290214,                        0.114915100428059,                     -0.08635515244464044,         0.011561662126533754,                  1.3998436226999864,               4.770015621828481, 29672.09542996463, 86.64677411719332,29758.742204081824, 9.911694193444572e-06
                0.08334447396147994,               0.006493066805211921,                      0.11329837378470117,                     -0.08934330858744909,          0.01610289859775699,                   1.171788194780281,              4.2612069438856714, 29669.44004216509,62.255105322319636,29731.695147487408, 6.965104321989645e-07
                0.08640455040692203,               0.009331023471500215,                      0.10318382643926556,                     -0.06539641792445776,          0.01143524506838104,                   1.432584817695063,              4.8413718436167175,29667.598461080717, 87.57380369689724,29755.172264777615,1.1044323590679023e-07
                0.08665446990185698,               0.006906576049033354,                      0.11170164502065273,                      -0.0856712687597393,         0.017706840204495373,                    1.05373318207095,              4.3967316844805655,29670.596773060697, 56.62742523693894,29727.224198297637,2.2145702968380376e-06
                0.08459723365708914,               0.006091711071959848,                       0.1120590981532715,                     -0.10073458443751115,         0.011710791065984834,                  1.4017738642999478,               4.768566398348721,29669.396370860173, 85.55743068139681, 29754.95380154157, 6.667475351367926e-07
                0.08183490828141347,               0.007781705838177894,                      0.11571619837682584,                     -0.08243517025621921,         0.018992690298414494,                  0.9989785374991046,               4.293457134000885,29663.559638615632,52.801520238015485,29716.361158853648,1.9458117100976845e-09
                0.08327091858514131,               0.007349733912252838,                      0.09876577045807684,                     -0.06309743002387441,          0.00995493396465347,                  1.5155575450163428,               4.980587499316939, 29663.14734456605,100.56783398156334,29763.715178547613,1.2883794290841516e-09
                0.08345911117181265,               0.009013634161078933,                      0.08372794629438743,                     -0.06399594206463571,          0.01666327795463181,                   1.115838598441618,               4.297629584626353, 29670.18609701137,60.113049168847645, 29730.29914618022,  1.46870687743865e-06
                0.08216562711802504,               0.006332352825924796,                      0.12168709613341396,                     -0.08455052349977649,         0.013096349546171846,                  1.2919924798095745,               4.653598929500803,29671.181762017586, 76.51686575632102, 29747.69862777391, 3.975089822289599e-06
                0.08679054487275895,                 0.0084844775295897,                      0.10863278131160962,                      -0.0842521195205377,         0.020977685328455946,                  0.9500386353441347,                4.14006828752332,29670.567535213795,47.816946527808874,29718.384481741603, 2.150758435995725e-06
                0.08433128693943519,               0.006940355270557722,                       0.0985916810344823,                     -0.07093749502408746,          0.01655814954835272,                  1.1473650973420637,               4.204232461299206,29672.109332102336, 60.51495736139255, 29732.62428946373,1.0050450198813235e-05
                0.08305835110363632,               0.005132525504157049,                      0.10202154770057217,                      -0.0961192353097456,         0.012786149052901735,                    1.33364193336235,               4.602153387012985, 29672.02481977678, 78.35725514117257, 29750.38207491795, 9.235965017373593e-06
                0.08128071902787001,               0.007382591218558679,                      0.12084745854656508,                      -0.0776054758373353,          0.01177939126821161,                  1.4024384579748095,                 4.7298816996113,29671.353165906654, 85.04562912046093,29756.398795027115, 4.718312590761706e-06
                0.08195794381012929,               0.008267553572198081,                      0.08812065073860625,                     -0.09023920032852824,         0.014884252659585078,                  1.2141921926881798,               4.471215561099896,29672.199649209695, 67.31117654850449,  29739.5108257582, 1.100043191208254e-05
                0.08166435371487801,               0.005168608389191678,                      0.10329605096947127,                      -0.0944273401181625,         0.013323480325375404,                  1.3135705220323572,               4.568926936536103,29665.647495647263,  75.2014773669105,29740.848973014174,1.5698046114634267e-08
                0.08402254005562311,               0.006385559377750147,                      0.09558659211919805,                    -0.050807423132290926,         0.014492755132013506,                  1.2213638036055563,              4.5740127099747285, 29669.94685297546,  69.1045414467304, 29739.05139442219,1.1561994645182268e-06
                0.08105025372254059,               0.008523724741370947,                        0.084268824397613,                     -0.07661170410870828,         0.013732933423857953,                  1.2633863000000687,               4.556166582428045,29672.271899722677, 72.92661210028517, 29745.19851182296,1.1824634794840998e-05
                 0.0848667152864842,              0.0072661608141122574,                      0.10508279226342458,                     -0.06175601823004153,         0.012182326198262134,                  1.3306259501447024,               4.829310029357194, 29671.62212108637, 82.20896987764777,29753.831090964017, 6.174367285865671e-06
                0.08453898421406517,              0.0061696035952452394,                      0.10014991228687987,                     -0.06587200766803027,         0.014247583481758168,                  1.2521909460211909,               4.546651923472375,29672.721636078306,  70.3070855938854, 29743.02872167219, 1.853983027144191e-05
                0.08560736367836692,                0.00847689904654856,                      0.10151989431460791,                     -0.09415721931787907,         0.014033055418427982,                  1.2553791918551174,               4.624363147272159, 29668.07072816145, 71.40794276000503,29739.478670921453,1.7710960310215807e-07
                0.08291170687453214,               0.006550959484675086,                      0.11786005867462454,                    -0.055008651263726845,          0.01326130951389692,                   1.272272683129433,               4.707022289113384,29667.707539359093, 75.53974660261593, 29743.24728596171,  1.23171779842646e-07
                0.08178046264799702,               0.009458889300080757,                      0.11382550876857365,                     -0.07608121735099167,         0.018842226261814726,                  1.0132548471126153,               4.267524468296321,  29669.4857707326, 53.21407439837022, 29722.69984513097, 7.291003221441182e-07
                0.08170543615548247,               0.009516246052508464,                      0.11108920132562497,                     -0.06742890054444042,         0.014316464656059418,                   1.247162447006332,               4.539303401285598, 29669.23597423348, 69.98105684950644,29739.217031082986, 5.679394662455825e-07
                0.08633936967472694,               0.008310303724435074,                      0.10001816609470474,                     -0.10093256994604906,          0.01760411101709142,                  1.0881234302870197,               4.295168480255254, 29667.39971155466,  56.9588831034613, 29724.35859465812, 9.053641638007362e-08
                0.08376780883441097,               0.008323013543375352,                      0.09932173222654674,                     -0.05346119760875009,         0.014991770077435719,                  1.2158983705563604,               4.427553069693191,29670.143930153394, 66.81331542711906,29736.957245580514,1.4080636750367699e-06
                0.08532614307709699,               0.010288133997581418,                      0.11267755871947052,                      -0.0901221440485505,          0.01787847394678129,                    1.04887603482692,                4.37307549471792,29667.615685630848, 56.08987790153879, 29723.70556353239,1.1236204886523146e-07
                0.08215346044713431,               0.007346924604211987,                      0.09095632684940468,                      -0.0928943665909112,         0.013614756437460549,                  1.2600441586229443,              4.5311511756942915, 29666.61924137912, 73.58141415476334,29740.200655533885, 4.148292866643898e-08
                 0.0848165944875654,               0.005732122959023337,                      0.08183442135573409,                     -0.07346614830725741,         0.014025736136864291,                  1.2218356839819482,               4.621587089067288,29667.086594317603, 71.40484365343352,29738.491437971035, 6.619698536761725e-08
                0.08734630723297554,                0.00874459131654154,                      0.11553366292426655,                     -0.07387399926727872,          0.02060726170324566,                  0.9536483484896032,              4.2294781845688725, 29665.13495427676, 48.67386788936412,29713.808822166124, 9.402681201529155e-09
                0.08142906417964196,               0.005185141574995546,                      0.10731886519013256,                     -0.08399980917234218,         0.014127472999695639,                  1.2783433219387104,               4.442339894643584,29664.120928372366,   70.924238912137,  29735.0451672845,3.4108754154268348e-09
                0.08362991287633682,              0.0077625362381337805,                       0.0959473360216457,                      -0.1048505284231332,         0.013090999050419074,                   1.301873284047918,               4.676115907875117,29668.014430328367, 76.53977364347057, 29744.55420397184,1.6741419216438395e-07
                0.08402557469409297,               0.008189976975688686,                      0.12242862372371385,                       -0.069854660128343,          0.01817313063565491,                  1.0363401857038985,               4.354283994965013, 29672.64383752929, 55.17626913656585,29727.820106665855,1.7152138442378202e-05
                0.08361543461579511,               0.008753923141360635,                      0.09447959698097666,                     -0.09574811994392453,         0.013857124832879993,                  1.2710485988257398,               4.583393929766341, 29669.81408494176, 72.30483270231566, 29742.11891764408,1.0124470970725984e-06
                0.08724256646341917,               0.010113046377235065,                      0.10847062968491077,                     -0.06561348154064844,         0.012598166897796236,                   1.323018158104378,               4.710972768907091,29668.811727461332, 79.50876378260693, 29748.32049124394, 3.715814429236344e-07
                0.08625667760636102,                0.00796166521098576,                      0.12045209756486014,                     -0.08007236997979875,         0.010711104553418513,                  1.4605757119522729,               4.955445107609276,29671.349668992047, 93.51896353590512,29764.868632527952, 4.701841869678348e-06
                0.08524847853204276,               0.006496219405654347,                       0.0863584111804722,                     -0.08316339242170544,         0.013992616408913937,                  1.2374556063086026,               4.545677524696907,29671.747485452375,  71.5867261843403,29743.334211636717, 6.999024480690846e-06
                0.08518782488093392,               0.006811959883777685,                      0.10970888778720188,                     -0.08222058522770498,         0.012648430529061366,                  1.3504125617388048,               4.557347675591343,  29672.2452640244, 79.20619039145892, 29751.45145441586,1.1513834950463921e-05
                0.08401039589451564,               0.006927786785218129,                      0.07769479375705766,                     -0.08423399352754658,         0.017104333657373585,                  1.1004044854310757,               4.290243593452663,29672.853797912714, 58.57714647757121,29731.430944390286,2.1159378598986812e-05
                 0.0829466865006356,               0.006640492535523407,                      0.11595220739584836,                     -0.08474603860185564,         0.012366934205033134,                  1.3495579058643434,               4.620201940757931,29673.022694965246, 81.01384577758596,29754.036540742833,2.5052667084772563e-05
                0.08052072020936257,               0.009604051877024927,                      0.09761634136624801,                     -0.07978621099185176,         0.021756234902214188,                  0.9368114306934263,               4.127290906510044,29671.563876139553, 46.08867214454024, 29717.65254828409,5.8250143712743614e-06
                0.08253668287754241,               0.009374226244177282,                      0.11086426808143147,                     -0.08161330221336428,         0.018814131031432375,                  1.0204564842477184,               4.181460071202593, 29665.48881539092,53.295159071269225, 29718.78397446219,1.3394658351117976e-08
                0.08135002509085662,               0.010659002696019082,                      0.10080626166302427,                     -0.06938130025851812,          0.01660503565328633,                  1.1113280350996733,               4.491886940523225,29667.915495189227, 60.34329018901691,29728.258785378242, 1.516440192150821e-07
                0.08128276139969448,               0.009981950537251509,                       0.0855484139576282,                        -0.07974775226284,         0.017893665503251735,                  1.0783821444882853,               4.248606466501729,29669.456280051014, 55.99894743493348, 29725.45522748595, 7.079126122591855e-07
                0.08227251800334588,               0.010967070983828585,                      0.09124225690070505,                     -0.08049520500406068,          0.01472585567801151,                  1.1954033968072062,               4.608973480376527, 29669.16223972304, 68.02828900858378,29737.190528731622, 5.275693516801419e-07
                0.08328540688067117,               0.008328591567375821,                      0.09462149680213765,                     -0.10338016811024128,         0.017878417024153964,                  1.0799307608043076,               4.221744474316738,29667.882862565293,  56.0813997733762,29723.964262338668,1.4677534776797005e-07
                0.08342103439535418,               0.004694154728885775,                      0.11135579584286355,                      -0.0649436942813784,         0.020757229887608142,                  0.9556976394886569,               4.122923027690505,29668.839661052538,  48.3070902110598,29717.146751263597,3.8210737618094406e-07
                0.08149113444829385,               0.005782435567562552,                       0.0914315937139165,                     -0.06574852718786109,          0.01260934144282201,                  1.3385149128774638,              4.5834156238933375, 29671.91145508648, 79.41382096526876, 29751.32527605175,  8.24610043080799e-06
                0.08345847954739408,              0.0071614907647193395,                      0.10718273206542264,                     -0.09472776754033349,         0.019903103289523154,                  0.9943137011489969,               4.075961569688282,29669.786232056635, 50.39607718229851, 29720.18230923893, 9.846366232324682e-07
                 0.0834385017739745,               0.009768844874615868,                       0.0896556713847121,                      -0.0604967246477351,         0.014034617418768153,                  1.2349076554424545,               4.562481300159722,29670.709241951943, 71.35658429566821, 29742.06582624761,2.4781870856628684e-06
                0.08410321411725492,               0.008833188117682111,                      0.09665138215698556,                     -0.06114898629344386,         0.016616446016952873,                  1.1324570913699645,               4.389015296589267,29672.610911816766, 60.29374111777155,29732.904652934536, 1.659658819527774e-05
                0.08118960062828916,               0.006141286501537287,                      0.11586394815387922,                     -0.08149485306489022,         0.016730899930107717,                    1.11555021201077,               4.305916246649552,29664.681521748185, 59.91795542830486, 29724.59947717649, 5.974870083504896e-09
                0.08565822231920171,               0.010390853341570614,                      0.09929214819854665,                     -0.07007566291174507,         0.014225944088865454,                  1.2634377445624332,               4.508038624752161,29664.113540006954, 70.41752019514944,29734.531060202105, 3.385767488968619e-09
                0.08363347298786854,               0.005264836451257549,                      0.10803551196484863,                    -0.059932732753363506,         0.013838584873656287,                  1.2452778776315392,                4.57415750464583, 29673.43475159146, 72.38553439790735,29745.820285989368,3.7827521455132724e-05
                 0.0848476405352459,              0.0076205034190334415,                      0.08722167453911064,                      -0.0650416323077066,         0.014494883081275505,                  1.2422356439318099,               4.431025171168029,29673.120814907954, 69.09594774292385,29742.216762650878,2.7635473937016292e-05
                 0.0828949728350159,               0.006266884408430729,                      0.09257574260477118,                     -0.10179293263340893,         0.012683815999110695,                   1.330532273023777,              4.6840017444902395,29668.827608053867, 78.98419829293259,  29747.8118063468, 3.775294805894403e-07
                0.08507838887519875,               0.008692914068275324,                      0.10044392767861778,                    -0.060981020935234144,         0.013154836150682766,                  1.3005350954551895,               4.551482209195685, 29670.72005537682, 76.13501253748943,29746.855067914308,2.5051301866051445e-06
                0.08321227688394528,                0.00760611536607419,                       0.0926981972151396,                     -0.06640949891429446,         0.018914095099337613,                  1.0328944531168005,               4.319984137441897, 29668.88866672857, 52.98165297406395,29721.870319702633, 4.012992204137794e-07
                0.08230444769063858,               0.006372059888064893,                      0.12595356025021448,                     -0.07284881622164986,          0.01949999527475812,                  0.9854980971615854,               4.225131837489512,29661.998366101834, 51.43754078995634, 29713.43590689179, 4.083652468736379e-10
                0.08345489219827697,               0.006083524689126372,                      0.10409598624358815,                     -0.08964573598609883,          0.02018629766686685,                  0.9712102406985166,               4.232803556313758, 29673.28331138748,49.682298928438286,29722.965610315918,3.2511592386332995e-05
                0.08472802677024693,               0.009428341685207018,                       0.1143637988372857,                     -0.05989226227756175,          0.01627649213923607,                    1.11306776928096,               4.539294400456022,29670.016752879408,61.571265646233826,29731.588018525643,1.2399092686240902e-06
                 0.0817551571841285,               0.010836017329084345,                       0.1083503438206931,                     -0.07508276223165329,         0.017562170722470988,                  1.0725047647456751,               4.355537445666688,29672.634459220953, 57.07489459224604,  29729.7093538132,1.6992032335146746e-05
                0.08163917866546465,               0.009691942206737228,                      0.11103594262653665,                     -0.08972348161106053,         0.019437168068820336,                  0.9886386728450716,               4.262041071142515,29661.701905198184,  51.5985915316164,  29713.3004967298,  3.03596975459056e-10
                0.08673747038447385,               0.008319767237114866,                      0.10076084668328451,                      -0.0766814553331594,         0.018492612631476384,                  1.0459153260235667,              4.1529164011425905,29670.453184183698, 54.20689961950395,29724.660083803203,1.9183578061653914e-06
                0.08655521866766556,              0.0057509524311742935,                      0.10143984389081385,                     -0.06584717118310383,         0.013742284693655304,                  1.2608065662517824,               4.681504385276747, 29669.15505063376, 72.89116371014842,29742.046214343907, 5.237902090829572e-07
                0.08498350297617925,               0.009262113082894378,                      0.11161082622006455,                     -0.08204863259329788,         0.019112180667864947,                  1.0451998443875081,                4.13698477443868,29671.178244356648, 52.46985835512744,29723.648102711777, 3.961131369042633e-06
                0.08045537675888219,              0.0061101540218265445,                       0.0993761549494191,                     -0.08431667633638626,          0.01354553295352185,                  1.2733738835880817,               4.512327509646726, 29671.96736078897, 73.95560559432286,29745.922966383292,  8.72023438033184e-06
                0.08482871330548408,               0.010692619183341957,                      0.09742965655870434,                     -0.09041840381160082,         0.012113021717584122,                  1.3538369802229941,               4.834741053401015, 29669.34741679186, 82.69455178610384,29752.041968577963, 6.348935822944575e-07
                0.08417805359980603,               0.008755588977364984,                       0.0896968352282338,                     -0.05983318088123489,         0.014623044016700257,                  1.1917665757572908,               4.577401713558557,29671.451646411268, 68.48959291998361,29739.941239331252, 5.206624402197421e-06
                0.08146270982917117,               0.008024514623828053,                      0.08346362287013126,                     -0.08020659662256543,          0.01676215942866167,                  1.1170544990094928,               4.397919875332213,29671.074075100554,59.769850291192405,29730.843925391746, 3.569267624765315e-06
                 0.0855566762997736,                0.00957707091660089,                      0.10951283629474518,                     -0.09154041971431823,         0.010892839704927916,                   1.436570747652812,               4.947293393448263, 29668.34335619469, 91.95778329121403,29760.301139485906,2.3261780869032803e-07
                0.08384568323567092,               0.008476361136916624,                      0.11331396788902456,                     -0.09963268526880585,         0.013641997387730266,                  1.2800935313458321,               4.541341440836883, 29669.57637652816, 73.46898586328578,29743.045362391444, 7.982462503200463e-07
                0.08573270052229519,                 0.0076228740119679,                      0.09728526528288718,                     -0.08739986689580796,         0.013150544043055821,                  1.3162581424537008,               4.498495065321004, 29668.36982630217,  76.1786555825237,29744.548481884693,2.3885744468411294e-07
                0.08598597936932088,               0.010014883997700277,                      0.08633111484886728,                     -0.06748021613350695,          0.01510830797183989,                  1.1690111847990656,               4.523917598925834,29667.241388707673, 66.29708498841364,29733.538473696088, 7.727954588997914e-08
                0.08112733021314632,               0.005360345689670642,                      0.11264888470588952,                     -0.07647271457545705,         0.014869044585394647,                  1.2347519550218156,               4.402308239998086,  29663.7927512721, 67.39352912117062, 29731.18628039327, 2.456633405138735e-09
                0.08610502052678468,               0.010222643583510839,                      0.11346216357014936,                     -0.07807905329781033,          0.01891050123419121,                  1.0445127743961167,               4.208800328819292,29669.355222746388,53.027830073535945,29722.383052819925, 6.398689261174659e-07
                0.08317461642981187,               0.008101693713419896,                      0.10577190083245853,                     -0.06007692291886241,         0.015171752887252837,                  1.1585371421869097,               4.605172394262724,29671.676421725388, 66.03296526981241,  29737.7093869952,6.5189091421520135e-06
                0.08516475618270496,               0.007944419160822518,                       0.0996527164277562,                     -0.06471128443392919,         0.023369707422664695,                  0.8933216273183431,               3.906171160996802,29668.157291464835, 42.90951709033994,29711.066808555173,1.9312392298975632e-07
                0.08495436015108458,                0.00832411598549558,                      0.11153580523544093,                     -0.06789576114206396,         0.012950307569771485,                  1.2762336824721656,                4.78650439675966,29671.441504153867, 77.35344660147622,29748.794950755342,5.1540843649905025e-06
                 0.0815031804613952,               0.005836314291898156,                       0.1127926594969329,                     -0.08600455608516112,         0.011617725782017266,                  1.3872587845728706,               4.766834349441657,29665.429462258056, 86.22423165375987,29751.653693911816,1.2622776793694577e-08
                0.08129920562161534,               0.008554649296546708,                      0.09896538710277128,                    -0.055859614939732925,         0.014368660835317817,                  1.2079124053026606,               4.617549168665367, 29669.71140804257, 69.70478143125648,29739.416189473828, 9.136509891816391e-07
                 0.0860202921533022,                0.00825192276764452,                      0.11212687186887522,                    -0.046465320592346475,         0.015102176801738183,                  1.1927375258803965,               4.525594610136393, 29663.13701148452,  66.3389480167016,29729.475959501222,1.2751350448983498e-09
                0.08387831190685098,               0.007494313260414002,                      0.11426459737548329,                     -0.10144476436497737,         0.017016530576012576,                  1.0998111044475234,              4.3819428306882555, 29670.43591244504, 58.93549227682698,29729.371404721864,1.8855089267123278e-06
                0.08281495955010648,               0.006594631900677292,                      0.11387477328355393,                    -0.058375199710794176,         0.014282212148955756,                   1.224289100509008,               4.636950900310189,29668.006358844126, 70.14648098151277,29738.152839825638,1.6606834992952908e-07
                0.08514531114932421,               0.006548318282224741,                      0.11264060530680825,                     -0.08543050454851374,          0.01371919796321516,                  1.2415283467294358,               4.620713570471781, 29672.01059225961, 73.04210771726626,29745.052699976874, 9.105490531396211e-06
                0.08344910677620082,               0.006818862398833897,                      0.11970278192997848,                     -0.08435439973626911,          0.01852554995958014,                    1.03891859982311,               4.126397506015547,29663.339834277405, 54.13758560601722,29717.477419883424, 1.561856040276466e-09
                0.08562059978814979,              0.0070915742032096945,                      0.10604369302170423,                    -0.047795737194098666,          0.02069472621783652,                  0.9656115367102661,               4.108145869255213,29667.996064336265, 48.43766123763437,29716.433725573897,1.6436752758077495e-07
                0.08310376939295572,               0.010025861225451042,                      0.08785964749028649,                     -0.09085648574045646,         0.020652501741588367,                  0.9676294904260608,               4.085928034099058,   29664.392838713, 48.54795608995637,29712.940794802955, 4.476669340053566e-09
                0.08487406331656551,               0.009826480055464342,                      0.10697853854883148,                     -0.05922802617153848,           0.0111173985532234,                  1.4178820984395895,               4.928928827971844, 29669.48505547486, 90.07272570541423,29759.557781180272, 7.285790139512184e-07
                0.08643963470797156,               0.008578490422023455,                      0.09653761211339121,                      -0.0579438293110785,         0.011791468968720496,                  1.3889647238350094,               4.799568018116419, 29672.05893900171, 84.91942223779873,29756.978361239508,  9.55652654353321e-06
                0.08024331070590986,               0.005776391838069069,                      0.08580336352457343,                     -0.08199892805600964,         0.014878844660126737,                  1.2079519068337705,               4.414644931105115, 29671.33317347424, 67.32373279506434,  29738.6569062693,  4.62491874104368e-06
                0.08446521687360062,               0.010270344429847063,                      0.09322609532801503,                     -0.09021769991005202,         0.014112127540906372,                   1.221216137048595,               4.590962107775483,29666.240499234078, 70.99476086298255, 29737.23526009706, 2.840428005935458e-08
                0.08418312524784073,               0.007314102418427442,                       0.0955741165716051,                     -0.07895960634377795,          0.01790166172331121,                  1.0562292599988756,               4.217043432305361,29670.571903123935,55.985787838996295, 29726.55769096293,2.1601733022533124e-06
                0.08127156471870316,               0.007643806196915219,                      0.11831893873830493,                     -0.08379661495163078,         0.013272152126089147,                   1.308422315830788,               4.525468761022213,29671.924279183513, 75.49953481266148,29747.423813996174, 8.352530197111903e-06
                0.08393377576689934,               0.010192322040101991,                      0.10045494466947505,                     -0.08661569628688583,         0.012287674156294552,                  1.3497988631119842,               4.835296834138473,29670.042329157754,  81.5198232397872,29751.562152397542,1.2720305536834104e-06
                0.08571420726744684,                0.00864646841340892,                      0.11490965142188292,                     -0.08758617464384356,         0.012713801278231057,                   1.313489120452418,               4.670955033925114, 29670.48435742283, 78.81188923089019,29749.296246653717,1.9791010963848198e-06
                 0.0862909034450563,                0.01015822890804217,                      0.09808686188307117,                     -0.06860976215697684,         0.013131585412891248,                  1.2701680762386542,               4.796675982831961,29668.405919204455, 76.27380956771059,29744.679728772167,2.4763597138896754e-07
                0.08611890910880013,               0.008772187390755188,                      0.09920215244381601,                     -0.10294288934876386,         0.013349310778936675,                  1.2766320489168403,               4.648159479031773,29665.995040035054, 75.06541067583913, 29741.06045071089,2.2221952265886587e-08
                0.08442246416531697,               0.008978981476595446,                       0.0794189071786771,                     -0.08121935756271888,         0.015227764648131284,                  1.1885648628840202,               4.505946193940196, 29671.36745968697, 65.78125210643776, 29737.14871179341, 4.786239423496682e-06
                0.08134955200393844,                0.00714697892738299,                      0.09802173614044864,                     -0.09221791335242219,         0.013344355973406248,                  1.2811090482046712,               4.599949704157573,29673.049814210863, 75.07572238234833,29748.125536593212,2.5741372899124614e-05
                 0.0835442247074583,               0.007838611472274635,                      0.10302584173588071,                    -0.052404115900935196,            0.014918019250722,                  1.1795685838541954,                4.64563994108986,29666.306449635773,  67.1463700607849, 29733.45281969656,3.0340705956356177e-08
                 0.0829740504353136,               0.008851610219653886,                      0.09776783697650833,                     -0.08088172535660249,         0.016129288269559453,                  1.1105896128460815,               4.498486380790671,29670.048735948105, 62.12714617128284,29732.175882119387,1.2802063490989806e-06
                0.08241385127038024,               0.006037342768242262,                      0.11106746193076174,                     -0.08902451993355155,         0.021419642052089478,                  0.9328426519894407,               4.078742572423452, 29665.88714579788, 46.83662007457427, 29712.72376587245, 1.994914736703091e-08
                0.08627761063219326,               0.008023685456393094,                        0.101719542223719,                     -0.09748323483463828,          0.01362302626249093,                  1.2702902129355904,              4.5436219201102235,29668.313607714306, 73.55711816523277, 29741.87072587954,2.2579969937913503e-07
                0.08248364138679681,               0.004778901861078721,                      0.12490135079579123,                     -0.08698935771960997,         0.013336712660108488,                  1.3092464622497002,               4.541334300540627,29664.399642057782, 75.14762879667637, 29739.54727085446, 4.507229502838414e-09
                0.08462902562132159,               0.008356364158891249,                      0.11274666606147145,                     -0.08274849678740365,         0.015561533046886376,                   1.190619135062365,               4.290050962666811, 29669.37829833979, 64.40985990578224,29733.788158245574, 6.548059589316458e-07
                   0.08607877115957,               0.006245133752158062,                      0.12210426281742713,                      -0.0824016889353507,          0.01785882153259604,                  1.0762176985097955,              4.2122966238553845,29670.050708565122, 56.15666975681802,29726.207378321942,1.2827341983487757e-06
                0.08411321751484586,               0.010218248075801746,                       0.1006238592444005,                     -0.08775759122566897,         0.014485752175196863,                  1.2432089431686486,               4.468522141416313,29669.676622849263, 69.17227223761347,29738.848895086878, 8.824158722010952e-07
                0.08658602288257942,               0.007636799844759129,                      0.11611361666903885,                     -0.07769167341377943,         0.014859566623647602,                  1.2293466153035928,                4.40321169156362,29666.808461494602,  67.4471238041324,29734.255585298735, 5.012410853603546e-08
                0.08113961474435409,               0.007213957010732624,                      0.07741773916532714,                     -0.07936791096767211,         0.015085533861752393,                  1.2088621269053883,               4.391563943986724,29668.205177392767, 66.39382965012096, 29734.59900704289, 2.025968408831817e-07
                0.08120838422632183,               0.008522143449123437,                      0.09520485157220905,                     -0.08079589880475553,         0.015525361716797316,                  1.1790507631122324,               4.315321654355275,29669.645366490346,  64.5344007848219,29734.179767275167, 8.552613514128566e-07
                0.08419413624279264,               0.007318498356078644,                      0.11139640310510403,                     -0.07843713217223584,         0.013451303611047917,                  1.2916436456135016,               4.459393262701145, 29669.05333090705, 74.48503556549329, 29743.53836647254,4.7313062497231615e-07
                0.08355784373555968,               0.006464257574065118,                      0.11943539000969727,                     -0.07041680586981405,          0.01992313298949427,                  0.9743843720750324,               4.165917379241622, 29664.39705157396, 50.33872582523708,29714.735777399197,  4.49556870780004e-09
                0.08035344945246019,               0.004984118784075542,                      0.11449570094319508,                      -0.0666895985577699,         0.018326782267833394,                   1.051707987997457,              4.2153449054186005,29673.668452789727, 54.69849832137153,  29728.3669511111,  1.91353550327593e-05
                0.08626490336224407,                0.00839469397663763,                      0.10440637047679284,                     -0.08715432289597158,          0.01706084184902973,                  1.0811198841259682,              4.4451468971574615, 29673.64656872893,58.758247366538086, 29732.40481609547, 1.872114459382069e-05
                0.08451847804994278,                0.00629339290582535,                      0.08637232117635286,                     -0.06286529645527958,         0.015080094932842847,                   1.202075646082457,               4.407947822970716, 29674.53698999127,  66.4158865760764,29740.952876567346,4.5607623034183034e-05
                0.08281554931769447,               0.008950568504792927,                      0.08629737825199887,                     -0.06396699479625985,         0.012009979369477028,                  1.3767407182571827,               4.750381215727916,29673.685986188564,  83.3667427503693,29757.052728938932,1.9473821406501053e-05
                0.08207899143148382,              0.0044184073713046355,                       0.1069822100943169,                     -0.08478525280582787,          0.01633487779847053,                  1.1287592545621246,               4.404937014660936, 29676.02068156523, 61.35975776419178,29737.380439329423, 0.0002010927910026829
                0.08059656725367241,               0.007273042444576052,                       0.0932006834237067,                     -0.07976054837227664,         0.011903331541026454,                  1.3926524002473337,               4.721263109886859, 29673.50327687537,  84.1300761718933,29757.633353047262,1.6221893142847935e-05
                0.08411803302575407,               0.009383697435999842,                      0.09792098635841252,                     -0.06675466323419471,          0.01966721801383605,                  0.9927122379109299,              4.3114759547652595, 29673.84060157404, 50.96385774491065, 29724.80445931895,2.2730018621726663e-05
                0.08078139405582689,               0.007970984903751224,                      0.11044347474831467,                     -0.08419286008222504,         0.014446928953726944,                  1.2402186733010871,               4.462149077133608,29673.878085992852, 69.36261532573947, 29743.24070131859, 2.359821033594897e-05
                0.08419981802971589,               0.009439328960625689,                      0.10211311710372399,                     -0.05806872456414411,         0.012151391141414922,                   1.367145491997724,               4.720490218991241, 29674.26203496903,  82.4116473856034,29756.673682354634,3.4643837230482215e-05
                0.08112172895961707,               0.006951428957844791,                       0.1132704195591994,                     -0.07037085636374661,         0.017433895183651158,                  1.0879557734947203,               4.324889310270935,29674.688853276573,  57.4951464090833,29732.183999685658, 5.308732290122094e-05
                0.08401429506087159,               0.006353898870789169,                      0.10675721575884295,                     -0.09876149258049195,         0.012579281299940907,                  1.3316702655941592,               4.694974523112449, 29673.67646307801, 79.65274041586181, 29753.32920349387,1.9289250292764577e-05
                0.08292490321324252,               0.007808695280597374,                      0.10720420651464783,                     -0.08657349822303713,         0.010982401146122922,                  1.4680921434609087,               4.864037298885034, 29673.60195709958, 91.19879809554969, 29764.80075519513,1.7904319250741755e-05
                0.08213731243643337,                0.00708188540641036,                      0.11174013427502613,                     -0.07897004858105759,         0.012760016232739663,                   1.325543023116175,               4.574232597498867,29675.685725090487, 78.51157746495866,29754.197302555447,0.00014385559351041263
                0.08234836681289673,               0.008433038668123068,                      0.11178150379882655,                     -0.08417092090331063,         0.011293140705383427,                  1.4417561325740593,               4.829375801058758, 29673.16265195679, 88.69617184382231,29761.858823800612,1.1539048898460633e-05
                0.08478232334917923,               0.008010771924124388,                      0.08904008638681356,                     -0.08295721122703263,         0.011179700074542082,                  1.4441826492889558,               4.790979764345037,29676.106905594257, 89.57040595600925,29765.677311550266, 0.0002192012981642968
                0.08256065075917102,               0.008789695480418106,                      0.11339628366746218,                     -0.06970321402541724,         0.011912586357266728,                  1.3793969050634833,              4.8013150455563745,29676.284083904295,  84.0815534536029,29760.365637357896,  0.000261692143318708
                0.08472649087469536,               0.008166131842296576,                      0.09735865411141677,                     -0.05797910612428897,         0.010824272689331218,                   1.472823599804764,               4.873866268364471,29674.019704665057,  92.4965464315116,29766.516251096567,2.7188376519827186e-05
                 0.0820659808075291,              0.0061618948174982395,                      0.09977006365215653,                     -0.07392847131318236,          0.01438872172290371,                  1.2248232578062561,              4.5568721046944685,29675.785488995396, 69.62216735290146,29745.407656348296, 0.0001589474871985107
                0.08350684868380279,              0.0066617647641132125,                      0.08703802474635532,                     -0.07178884517828668,         0.020428364055024704,                  0.9662741197906609,               4.197744246937821,29675.146023336263, 49.06125158194424,29724.207274918208, 8.385660186056622e-05
                0.08520810711971424,                0.00740287102170473,                      0.11850230405833516,                     -0.06631172353556031,         0.020920899623908286,                   0.980059286853642,              4.0272445310776686, 29674.24282219097,  47.9421765248112, 29722.18499871578, 3.398458617572399e-05
                0.08432103557916258,               0.005336206339690611,                      0.11601888995080026,                     -0.07571742971116431,         0.011983314738283523,                  1.3689528689413464,               4.734201772318397, 29674.21392740929, 83.59565356354574,29757.809580972837,3.3016660324054534e-05
                0.08346193443554037,               0.009422136518036887,                       0.1131059783165839,                     -0.07186207119297118,         0.010736289500987197,                  1.4768171013778397,               4.872920707298212, 29675.42401635008, 93.28100313427557,29768.705019484354,0.00011073071171398949
                0.08392028029993256,                0.00810425915104235,                       0.0947381241839432,                     -0.08370864969954274,           0.0160491022212032,                  1.1661089062859467,              4.3386499224828325,29676.422803622234, 62.43706318115043,29738.859866803385, 0.0003006324749698571
                0.08184850667198348,               0.008232562837128981,                      0.11920060648487546,                     -0.06848086055004493,         0.014656068784123325,                  1.2030365762019108,               4.521055937598503,29675.673410237185, 68.37370618959339,29744.047116426776, 0.0001420948965933433
                 0.0852118138398243,                0.00892109470561134,                      0.09219205154291048,                     -0.09241259645634282,         0.019019732179875348,                  1.0258334122504675,               4.251398164294885,29674.455079815045, 52.71242088489721,29727.167500699943,  4.20207985014448e-05
                0.08251978475015392,               0.006698953059004444,                      0.11581740547970935,                     -0.06481312978068217,         0.013272617409973264,                  1.3098008382359436,               4.566509709838437,29673.562677699774, 75.47902719338275,29749.041704893156,1.7214681285564674e-05
                0.08515903575392969,               0.010408794816437006,                       0.0940481595915365,                     -0.07730417807624454,            0.017693484725238,                  1.0666741925200784,               4.301725802443815, 29673.87453972519, 56.64120908663914, 29730.51574881183,2.3514672976253126e-05
                0.08199867119405985,               0.008800116335992344,                      0.10285075924487726,                     -0.08970246562765918,         0.013698457751909612,                  1.2607606538991776,               4.563154025203728,29674.506235139565, 73.14217440242325,29747.648409541987, 4.422631715511058e-05
                0.08456636895766036,               0.006212864172781951,                      0.10384928183095293,                     -0.08944502619384005,         0.016770071457675804,                  1.1258605673763185,              4.2406407446568215, 29674.04900280856,59.774344527260446, 29733.82334733582,2.7996729272067547e-05
                 0.0837180018925634,               0.010863468022223264,                      0.10150340886595562,                     -0.07540962924249683,         0.014782930191818599,                  1.1964376624487407,              4.5642855732076635,29675.441941194513, 67.77401138775413,29743.215952582268,0.00011273343815260772
                0.08440890648495977,               0.008180529145403754,                      0.10267165310578191,                      -0.0641437546689019,         0.015623678921453379,                   1.135525309651514,               4.555071247223087,29673.846075176476, 64.12678756285865,29737.972862739334,2.2854774828481346e-05
                0.08446075504399493,               0.010280209013513402,                      0.10797124422521262,                     -0.08996819275401656,         0.016510774372445844,                   1.127309854838401,               4.357385934288768,29673.485560705973, 60.71646318209134,29734.202023888065,  1.59370340920954e-05
                0.08149844600544355,               0.008098449152704508,                       0.0895603013793098,                      -0.0645322841468121,         0.015518836825452825,                   1.180365060893893,               4.426831499242199, 29674.39233883935, 64.54278046027416,29738.935119299622, 3.946537567977421e-05
                0.08596141383810885,               0.010635185062754196,                      0.10068137311572142,                      -0.0714428865549077,         0.015203171294491698,                  1.1817277137662905,               4.467867376460426,29674.341151309156, 65.90210202533267,29740.243253334487, 3.749607242798684e-05
                 0.0852707559066809,               0.009465179855188568,                      0.10556930368181237,                      -0.0559258161789472,          0.02106090068933153,                  0.9608160672771798,              4.0884353416092525,29674.647442959573, 47.60153495746877,29722.248977917043, 5.093385563646582e-05
                0.08237036969917046,                0.00793356270848688,                      0.09936046095627393,                     -0.06963687593485321,          0.01658440870879235,                  1.1481541961735453,               4.230836360873474, 29673.95608150019,60.417428627739135,29734.373510127927, 2.551244527919635e-05
                0.08229630270273625,               0.004379126610002515,                       0.1047151921478184,                     -0.08118919661881599,         0.014301096179535178,                   1.240725036836398,               4.452756777192842,29673.839366500582,  70.0599809838266, 29743.89934748441, 2.270196270815533e-05
                0.08421346644107784,              0.0075386350214891335,                      0.10453772028007659,                     -0.07213642608868155,          0.01551602775151756,                  1.1857169507388048,               4.451807259464709,29676.134609152454, 64.57882146133561, 29740.71343061379, 0.0002253588533638555
                0.08326882244365114,               0.006821721133685542,                      0.08928952836534433,                     -0.06075533240365298,         0.017172822493523317,                  1.1123995328556129,               4.280308198282572,29675.201538135538, 58.33512395395051, 29733.53666208949, 8.864352755397488e-05
                0.08390210214878625,               0.008708137532989574,                      0.10519899736518831,                     -0.09065160310284434,         0.011488812425392686,                  1.4063685711490344,               4.875816064324151, 29675.29659231349,  87.1878645665403,29762.484456880033, 9.748292130640507e-05
                 0.0856979929955493,               0.009021944931341825,                      0.11863370799118318,                    -0.060951092636155654,          0.01690997411929999,                  1.0967453224127477,               4.395804862196032,29673.534186264817, 59.27677681102354, 29732.81096307584,1.6731131536670736e-05
                0.08121337601003664,               0.005674858501832527,                      0.12042718610535207,                     -0.07452213520692863,         0.015130141655003137,                   1.189513407011104,               4.433860625646992,29674.035488926267, 66.24147931792513,29740.276968244194, 2.762092974262053e-05
                0.08657731833531941,               0.005316848639919161,                      0.11057420780517237,                     -0.07330274769654817,          0.01645258132661897,                  1.1253095132043753,               4.355479721223084, 29673.45610463644,60.920312810325775,29734.376417446765,1.5474438282405975e-05
                0.08680214216869563,               0.008930776202914924,                      0.09440374957598899,                     -0.08490962677334192,          0.01859815184376108,                  1.0421090248618265,               4.220580439255858,29674.858160448657, 53.90065063013457, 29728.75881107879, 6.288108051516955e-05
                0.08426732604578886,              0.0077706303314335635,                      0.11101773779667189,                      -0.0854082063896545,         0.018855413880536017,                  1.0164239344049972,               4.233559335315926,29674.094903546767, 53.18394830870698,29727.278851855473,2.9311749130139345e-05
                0.08134294053580556,               0.009041038425267522,                      0.09881274627035884,                     -0.08218057928617908,          0.01167761387599585,                  1.4053621749186491,               4.767402166589144,  29675.1457836341, 85.76291052873233, 29760.90869416283, 8.383650366056153e-05
                0.08401755235965776,               0.004716857197343098,                      0.11099932099728138,                     -0.07385086608781694,         0.013937470981693918,                   1.263277517559608,               4.520047582018314, 29675.18045475277, 71.88711718263018,  29747.0675719354, 8.679418582617146e-05
                  0.084760110024359,                0.00721352118087485,                      0.11100523691773077,                     -0.09509475071804885,         0.020660697384401874,                  0.9825339596806814,               4.046736532765017, 29673.48246089821,48.559973900130096, 29722.04243479834, 1.588770883898489e-05
                0.08306077342439103,               0.008695033048333944,                      0.08650190228417144,                     -0.06901511166373332,         0.015584894122578616,                  1.1748190557329148,                4.46188518999657,29674.910366087675, 64.27147619284473, 29739.18184228052, 6.625102727321734e-05
                0.08218906707750752,               0.006662722086688529,                      0.08772114621628264,                     -0.08786635712477425,         0.015325316654216523,                  1.1860100903115185,                4.42713747808051, 29675.50611804612,  65.3749228295023, 29740.88104087562,0.00012020551816011499
                 0.0816828284691277,               0.006466936242541292,                      0.11125366397977943,                     -0.05900553149815653,          0.01948169491852262,                  1.0297481318442594,               4.061822244435616,29675.286061908406,  51.4556413117379,29726.741703220145, 9.646177264690957e-05
                0.08518940053600933,               0.005786011891217523,                      0.08679906900736774,                     -0.05953469591565136,         0.018018297227905076,                  1.0713105855494494,               4.244483656999407,29672.556242517585, 55.60119092315912,29728.157433440745,  6.29230463751466e-06
                0.08186844996618022,               0.008011380088825746,                      0.11288843068293307,                     -0.08216679083002319,         0.020029074345060984,                   1.009861661601457,               4.038464347422234,29675.242270874074, 50.07331856314625, 29725.31558943722, 9.232876660604251e-05
                0.08507442094094919,                0.00835299340488888,                      0.09594550976134039,                     -0.07827569430480612,         0.012826355685710656,                  1.3467161387031372,               4.626266063016906,29671.972577034263,  78.0902462835194, 29750.06282331778, 3.510161042026563e-06
                0.08532626875848211,               0.005886135883608941,                      0.12688574644858017,                     -0.07685642666244573,         0.015715275340429914,                   1.171324629963845,               4.391523560414058,29669.083438337857, 63.79525698793226,29732.878695325788,1.9524955311247938e-07
                0.08277731487544572,               0.005855187421609908,                      0.10000654650632661,                     -0.06038797516935177,         0.016809477799539476,                  1.1099064523249966,               4.263060775076772,   29674.483109533,59.604327729773644,29734.087437262773, 4.321529208589789e-05
                0.08275571412548217,               0.007070698100592396,                      0.10389497657676652,                      -0.0616960794058219,          0.02119556169710373,                  0.9525866493317678,               3.995900143522607,29671.456912065973, 47.29912788061726, 29718.75603994659,  2.09592911991838e-06
                0.08763608691245436,                0.00828879523127346,                      0.09708491454963537,                     -0.07393288924583151,          0.01645706722570658,                  1.1118969851185838,               4.464092105889324, 29673.41045814124,60.889947810363296,29734.300405951602,1.4783963179335045e-05
                0.08487833591191322,               0.006640583598614191,                       0.0856019948471268,                     -0.09141030724182364,          0.01316642160733323,                  1.3038843061777219,               4.623041277619167, 29673.73711761528,  76.0781805536161,29749.815298168898,2.0495441557363792e-05
                0.07959291369843954,               0.005337271203882883,                      0.09814075529656253,                     -0.06514753177059945,         0.016780243145562042,                   1.115328210501662,                4.31076393981224, 29672.45638472607, 59.70633284029171, 29732.16271756636,5.6943224050843074e-06
                 0.0840228290086867,               0.009319933953454774,                      0.10038469677616015,                     -0.07001740446061261,          0.01592565466017569,                  1.1705491210095844,               4.308852211709965, 29674.71442096579,62.914690655757326,29737.629111621547, 5.446214367628672e-05
                0.08279919186066566,               0.006760424589823636,                      0.10067874734575588,                     -0.08614077967246281,         0.016021837169845596,                  1.1754057496564563,               4.301182902697573,  29673.1643543616, 62.55069178245782,29735.715046144058,1.1558709761435995e-05
                0.08403130964711378,                0.00680643127676554,                      0.10892072338198103,                      -0.0949014614633882,         0.013969496258280697,                  1.2667165937612634,                4.56078631508903,29671.243684299003,  71.7399737103288,29742.983658009332, 1.693452225021391e-06
                0.08330876673875699,               0.009436796588991207,                      0.10312503994155514,                       -0.078096989760621,         0.012590222095566997,                   1.340618480142978,               4.620093898264709, 29675.52926557429, 79.55873484617497,29755.088000420463,0.00012302043224261255
                0.08086763896148852,               0.006778455061845818,                       0.0875099753997458,                     -0.07470008778619673,          0.01731197960975697,                  1.1022395325138856,               4.235657086352591,29676.176531209097,57.873600373403036,29734.050131582502,  0.000235007185948061
                0.08491395583174723,               0.005377278674385215,                      0.09216422751123997,                     -0.08527216222944413,         0.011614734381217774,                  1.4004600807356982,               4.745163740514841, 29671.56256399586, 86.22533990563566,29757.787903901495,2.3294888805465927e-06
                0.08426705099147916,               0.008490550932963862,                      0.09245226348502421,                     -0.09422774852079542,           0.0164917780405727,                  1.1357132549337081,               4.305255166737633,29673.565446977704,60.772938557733596,29734.338385535437, 1.726241959232301e-05
                0.08215675474666681,              0.0037688992135074422,                      0.12023961443019253,                     -0.07606194559348341,         0.017250394357053427,                  1.0999591394727974,              4.2518638668322835, 29667.49659105994,58.119727683754626,29725.616318743694, 3.994211264281425e-08
                0.08315339851110065,               0.010382076500383992,                      0.09436284852993536,                     -0.08403989718065043,          0.01291343696362173,                  1.3149303077656527,               4.662741340352026,29673.989470974666,  77.5664362155192,29751.555907190184,2.6378673395247645e-05
                0.08542397466348557,               0.007321440575165418,                      0.10182152224556995,                     -0.07866830957390628,         0.015216332665461537,                  1.1910702094876253,               4.361634859874316,29675.084576477697, 65.85167531429182,29740.936251791987, 7.885899314788722e-05
                0.08465397885850144,               0.010349531585339872,                      0.10335494137706432,                     -0.07400164978408946,         0.020586927367084434,                   0.987349265076521,               4.036550632326214, 29673.79870953835, 48.70469161322603,29722.503401151578,2.1797481191212925e-05
                0.08314664158891484,                0.00935527278905798,                      0.09700460511741273,                     -0.09081757916342952,         0.018782260797888597,                    1.04393450362425,               4.234127718278341, 29674.25027478316, 53.37871918646497,29727.628993969625,3.4238805557354464e-05
                0.08435751246058355,               0.006862705220921845,                      0.11732198111925515,                    -0.057542142657303945,          0.01919362803708238,                  1.0338726899058293,               4.083520341337372, 29670.32657154891, 52.23528430548885,  29722.5618558544, 6.768242993715763e-07
                0.08261676009206963,               0.006202098344054179,                      0.09843741164025548,                     -0.07559165298964246,         0.015082551095833757,                  1.2169948112666753,               4.407725376392932,29674.293659540665, 66.42549222741981,29740.719151768084, 3.575694170102753e-05
                0.08215188401375921,               0.007921700297910828,                      0.09797554891154359,                     -0.07016037044266879,         0.012691215747202049,                  1.3454585193744633,               4.678392944374613,29672.955113130614, 78.91317638150838,29751.868289512124, 9.376419874756328e-06
                0.08394196379611249,              0.0070871173268804806,                      0.08024437951888588,                     -0.07741061358496022,         0.017365978139941497,                  1.1084317605245653,                4.28718109562858,  29669.5846141696,57.692346025655624,29727.276960195253, 3.222908283880521e-07
                0.08207340894290555,               0.009382076109367237,                        0.094808725378447,                     -0.07038068980089622,         0.011232112229315045,                  1.4342514173396086,               4.806829027730043, 29674.52059248301, 89.14581724406092,29763.666409727073,  4.48658697318497e-05
                0.08397280174075802,               0.008406030531938218,                      0.09368110763991726,                     -0.09355298334052559,         0.011302417818992673,                    1.41340645306462,               4.882891656461584,29673.149881902824, 88.61359088815448, 29761.76347279098,1.1392631490140231e-05
                0.08439010743886631,               0.009720762253523361,                      0.10954496682555263,                     -0.05712609727413424,         0.015916115688825328,                   1.147263770242115,               4.471749506890507,29674.231933237184, 62.95428713797506, 29737.18622037516, 3.361653705899765e-05
                 0.0833565353747046,              0.0055705413848557315,                      0.12289273588427088,                     -0.06619512267613391,         0.014372913641675056,                  1.2261821319436144,               4.481976208818234,29672.344028848394, 69.72233630982093,29742.066365158214, 5.089164804179165e-06
                0.08343394205287498,               0.004851378252815091,                       0.1089341421192435,                     -0.08581503610520466,         0.011735229358589639,                  1.4018732419175208,               4.701021528133888,29672.995157999547, 85.35914518478612,29758.354303184333, 9.759516718270567e-06
                0.08474564414591357,               0.009374007378229948,                      0.11026193959820896,                      -0.0662056892345985,          0.01697741830507312,                  1.1217128305282125,               4.346564550638978, 29669.98168592852, 59.03405172190439,29729.015737650425, 4.793955744794064e-07
                 0.0816675388016941,              0.0039024419044323454,                       0.1089827283708413,                     -0.08629741901581324,         0.014428056280729953,                  1.2246877222557775,               4.494718323117995,29671.008925912793, 69.45390135508691, 29740.46282726788,1.3391174745050575e-06
                0.08186918556638072,               0.007916024559196835,                      0.11074310756583075,                       -0.069420578603874,         0.013516458348159895,                  1.2635953906337656,               4.560606717076462,29672.363349908293, 74.11636915215158,29746.479719060444, 5.188448910710051e-06
                0.08453643184914848,               0.010438762549944953,                      0.10893376229669588,                     -0.07496934157850871,         0.015483312682650139,                  1.1562150581302546,               4.557733880418438,29674.982916448895, 64.72311948839247,29739.706035937288,  7.12362153725774e-05
                0.08374340781750743,               0.007915234256463297,                       0.0965268109376929,                     -0.08632663876346003,         0.014277837190822455,                  1.2596267204143847,                4.47433144719055,29673.387243789242, 70.17109307647976, 29743.55833686572,1.4444715991062884e-05
                 0.0832808198754886,               0.005703825599254136,                      0.10076070846508293,                     -0.08446479988996902,         0.010869220633256326,                  1.4499807762813781,              4.8865753350433705,29676.038101088507, 92.13766804911718,29768.175769137622,0.00020462641926283557
                0.08282524126172075,               0.008227820817794393,                      0.10164592688037997,                      -0.0725053128037303,         0.017068224017897336,                   1.128647006397852,               4.185304349281612,29672.645456265047,  58.7134961492826,29731.358952414328, 6.879466794404059e-06
                0.08186929180183146,               0.007761797734951096,                      0.09410468766812242,                     -0.06856043676111029,         0.014519524281059987,                  1.2113803940042052,               4.469243852704236,29674.526191562632, 68.98566351890955,29743.511855081542, 4.511778188873653e-05
                0.08333655572773264,               0.007454588652581805,                      0.08638970167554821,                     -0.09048189947213767,          0.01651399035206761,                  1.1157109587051555,               4.413764121578186,29675.491907427404, 60.68055351622814, 29736.17246094363,0.00011850940333744619
                0.08565743821080637,               0.005626943414195572,                      0.09504552217797521,                     -0.08903654824560531,         0.013660904447165044,                  1.2832590550490255,               4.590982052195749, 29670.51309806321, 73.33676215325194,29743.849860216462, 8.156115706508084e-07
                0.08549114657546099,               0.008739245855085972,                      0.11347530227425447,                     -0.09016110003824966,         0.013260060200156562,                  1.2786198325308245,               4.671931874773827,29674.226931713198, 75.57216546556187, 29749.79909717876, 3.344882290534516e-05
                0.08539873787727609,               0.006085489544260781,                      0.10401913154430564,                      -0.0770967779867139,         0.013734938539511203,                   1.290068972227938,               4.555914794504854, 29669.33170408282, 72.94087884460001, 29742.27258292742,2.5027097850772714e-07
                 0.0851426594843042,              0.0071346714199613335,                      0.10720244415349796,                     -0.07015630688608544,         0.014923634936986781,                  1.2115391135014113,               4.372378355553554,29675.023207527833, 67.13955060683594, 29742.16275813467, 7.416500520183837e-05
                0.08331523188318252,               0.007958286911734065,                      0.09929385928126931,                     -0.06513293279099094,         0.020681803804716545,                  0.9549495255432451,               4.231044369051339, 29674.73714931374, 48.46893936152206,29723.206088675262, 5.571415237639807e-05
                0.08494562515516928,               0.008710029570952859,                      0.11186903145450174,                     -0.06312326044217176,         0.015179061742234016,                  1.1656579803100229,               4.522519427763901, 29674.80620988629, 66.01239620030117,29740.818606086592, 5.969777615512005e-05
                0.08164144350228515,               0.008224086448136159,                      0.10007242345377079,                     -0.06607142488143415,          0.02268014521725606,                  0.9083671437982713,               3.987410295683655,29673.723149241214, 44.20872224646668, 29717.93187148768,2.0211143774466985e-05
                0.08498695024845503,               0.007595027899224147,                      0.12345496657006794,                     -0.07210203703057759,         0.011963596895500453,                  1.3774318284812965,               4.754419044134425, 29674.47413824809, 83.74090355301415,29758.215041801104,4.2829329267923066e-05
                0.08501418725202382,               0.007687879789615005,                      0.12242429438829396,                     -0.05952319029984534,          0.01805169082768248,                   1.068768324477492,               4.236224854636255,29672.776539019833,55.539901879280514,29728.316440899114,  7.84301951877219e-06
                0.08152691459882716,                0.00666184883791796,                      0.12636833652821478,                     -0.07399319427088387,         0.019714488301257084,                  1.0019138319913747,               4.140476615527119,29672.906139797633, 50.88042180643407,29723.786561604065, 8.928288156524732e-06
                0.08243381266260887,               0.009484321434563387,                      0.10676529429950513,                     -0.06808470427328994,         0.022274929462444814,                   0.914530318059906,               4.099571173864676,29674.535799121815, 45.02085172767074,29719.556650849485,4.5553342635884335e-05
                0.08580227041972703,              0.0072099806724890475,                      0.11823376051611155,                     -0.06292360648554914,          0.02041471961900749,                  0.9871216991711133,               4.045147756572894, 29671.43683905296,49.125111115979976, 29720.56195016894, 2.054276948264303e-06
                  0.082180469838621,               0.006842246717391649,                       0.1182999050506742,                      -0.0677653635848707,          0.01768361119867413,                    1.09573150964363,               4.180459089241052,29675.423992689255, 56.69057697587909,29732.114569665133,0.00011072809176501388
                0.08415614840765756,               0.010317716000330893,                      0.10501505746877854,                     -0.07398478975488697,         0.015845560148673526,                  1.1584226772012736,               4.354832408308295, 29674.33694263295, 63.24077516385539,29737.577717796805,3.7338595217816604e-05
                0.08181766857774095,               0.007353888032080758,                      0.10589891067527044,                     -0.08582213259801462,         0.011103131519203092,                   1.443135724579298,               4.737446101254481,29669.645948644742, 90.20539352544824, 29759.85134217019, 3.426771693754795e-07
                0.08334627612783463,               0.006236514689323524,                      0.11105226457132772,                      -0.0941772277999246,         0.011539813356569449,                   1.411053316731428,               4.824937862146114, 29672.98312792783,  86.8131111532186, 29759.79623908105, 9.642812420238408e-06
                0.08742298025733927,               0.007104233111038896,                      0.09686652333851019,                     -0.08493435177331879,         0.017805642988517913,                   1.069492271423374,               4.324658653325887,29674.170283260035, 56.29691634956715,  29730.4671996096, 3.160666901537852e-05
                0.08611364980963594,                0.00911412913380629,                      0.10505651302534456,                     -0.07911572169076221,         0.016418644916834264,                  1.1453587317323315,                4.28841049927623, 29673.84162225989, 61.04411508020527,29734.885737340093,2.2753230674187763e-05
                0.08194725843932019,               0.007077007720227995,                      0.11741745166029437,                     -0.08338882393641871,          0.01695171334277615,                   1.107379658585164,              4.3519172654488845, 29676.23362134833,  59.1438982621613, 29735.37751961049, 0.0002488141497939849
                0.08595560348925954,               0.005003154015829912,                      0.10964516012273971,                     -0.08098882446947228,          0.01799054069693983,                  1.0524514672051097,               4.324331674419374, 29673.22874307388, 55.72918099803825,29728.957924071918,1.2327443513615906e-05
                0.08285184110542616,               0.010614874801393219,                      0.10139123043387464,                     -0.06869618524366018,         0.017992576347175042,                   1.045519293934663,              4.3578581154455645, 29672.15621388837,55.700568910188096, 29727.85678279856, 4.217737182060534e-06
                 0.0827473004658191,              0.0065291102517343646,                      0.11946059785374871,                     -0.07842742629939045,         0.021009363065390686,                  0.9656443331144198,               4.000245332755958,29675.567502954298, 47.74955586612587,29723.317058820423, 0.0001278155024969258
                0.08567092660768817,               0.008135440014320443,                      0.11384538897129955,                     -0.06932714775003172,         0.013384671484345283,                  1.3017131691837813,              4.6108672362474055,29672.308722782513,  74.8521789711479, 29747.16090175366,  4.91262128325643e-06
                0.08527976851561142,               0.008367950700255504,                      0.09850469877014457,                     -0.09250618812375154,         0.009985408679581524,                   1.518594785206297,               4.990155467054673,29665.262177783974,100.28836659991794,29765.550544383892,4.2759997984933456e-09
                0.08445412915704052,               0.010517159714461896,                       0.1060848955369835,                     -0.05618317787299747,         0.014737007863812893,                  1.2040714033088884,              4.5452331076867925,29671.793188159543,  67.9766777548024,29739.769865914346, 2.933725281622458e-06
                  0.083252117598744,               0.009494254018372835,                      0.10552437675267515,                     -0.07839384353653134,         0.010719636910706425,                  1.4684163281751215,               4.883685137873676, 29675.46080508831, 93.42175309632795, 29768.88255818464,0.00011488021437689575
                0.08633037576021746,               0.007437899792378453,                      0.09182892273492889,                     -0.07076899372715656,          0.01425628234790019,                   1.217126078390662,               4.554636986231086,29672.459967463023, 70.26089788229908, 29742.72086534532,5.7147602542490725e-06
                0.08362684898358526,               0.009587765541649093,                      0.09267880859261364,                     -0.07453175244519591,         0.012504699700669846,                  1.3382289926856217,               4.772053789050485,  29675.7269854213, 80.08787610234504,29755.814861523646,0.00014991527547943316
                0.08383329758212091,               0.008012237145236484,                      0.10865039780836218,                     -0.09239215893650435,         0.012837052484221212,                  1.3177389422167494,                4.71898836663479,29675.826651040974,  78.0519103246533,29753.878561365626, 0.0001656266110943919
                0.08498728162100042,                0.00819390990358948,                      0.10160670806691356,                      -0.0914948360818748,         0.018769986922460704,                  1.0521856158057992,               4.234787304503637,29669.658323705386, 53.42090443790195,29723.079228143288,3.4694416785550485e-07
                0.08299775754311488,               0.006211522201085078,                      0.08424502598526154,                    -0.062391307310984426,         0.017772534696520435,                    1.07648879054515,               4.218981419948376,29675.342000645724,56.366133833048586,29731.708134478773,  0.000102011497631102
                0.08461762637708337,               0.004873205006964324,                       0.0946340388051931,                     -0.09447300970476288,         0.015418275369168497,                  1.1836527604966411,              4.4226487033346285,29670.993189047083, 64.99734504397408, 29735.99053409106, 1.318208911758841e-06
                0.08296090631086439,               0.004019299182829361,                      0.09215424129086636,                     -0.07404429651044231,          0.01772538641694078,                  1.0628670040026018,               4.287225312421863,29669.934459474858, 56.53222411356568,29726.466683588424, 4.572817112274455e-07
                0.08481832997423669,               0.007773314956928273,                      0.08823566541435063,                     -0.08890077519528826,         0.011610356645792934,                   1.405872946712978,               4.832155556885982,29674.289932170577, 86.25746209145755,29760.547394262034, 3.562391042853114e-05
                0.08243387554502496,               0.008963716530972499,                      0.09039810143235222,                      -0.0794505109887962,         0.021704759215176454,                  0.9342220477068301,               4.054013046710416, 29672.73631464291,46.191510743050266, 29718.92782538596,7.5337997242348094e-06
                0.08231688241062855,              0.0051358504031968006,                      0.10384306792735626,                      -0.0759963970859731,         0.018532957141694003,                  1.0695507011937624,               4.115358020154922, 29673.23861594659, 54.08771467201325,  29727.3263306186, 1.244975357660613e-05
                0.08521562549309797,               0.007584042158633827,                      0.11396407547290684,                      -0.0722574061564374,         0.016409264010907233,                  1.1440748017094957,               4.258774930605312,29673.688522759658,61.083008509716656,29734.771531269373, 1.952328084112785e-05
                0.08455198928647074,               0.010335013033666667,                      0.11013682149848913,                      -0.0620110786546684,         0.016735961380610984,                  1.1145719639886282,               4.416750294241085,29673.161884945664, 59.88063494116573, 29733.04251988683,  1.15302017129472e-05
                0.08615674902130156,               0.007201701991048682,                      0.09811421284437637,                     -0.06864565723273411,          0.01703763471316613,                   1.085909508910761,              4.4794513503220825,29673.878377745612, 58.81477911639504,29732.693156862006,2.3605096183377996e-05
                 0.0840360708431729,                 0.0078489934787016,                      0.10563737262263424,                     -0.07083574404122493,         0.015552882476789117,                   1.189581320766125,              4.4228095489633725,29673.717383741016, 64.42621100832932,29738.143594749345,  2.00949516956153e-05
                 0.0862888529953308,                0.00709103782532683,                      0.08909800404875882,                     -0.08109675997250644,         0.016813762290380632,                  1.1118083091353754,               4.435108257449857, 29672.16914907671, 59.59737286233629,29731.766521939047,4.2726487872146115e-06
                0.08189814061742098,               0.008943957958377012,                      0.08790621422534557,                     -0.08029836627159113,         0.014065967244807815,                  1.2392949116141945,               4.608452449010523,29675.467882188357, 71.21004135896246, 29746.67792354732,0.00011569611685373282
                0.08182656666149475,               0.009423735810874143,                       0.0946465788492749,                     -0.07364294162183471,         0.010652415630675245,                  1.4703972697881325,                4.84969230437688,  29665.8186622583, 93.99300776560449,29759.811670023904, 7.459604676351583e-09
                0.08326999556236295,               0.007755303090651683,                      0.09363510418734468,                     -0.07000643796836868,         0.014907605893927861,                  1.2013690885698833,               4.387494545583012, 29674.61190858142,  67.1946437040683, 29741.80655228549, 4.915573210446032e-05
                0.08476130589301736,               0.008837743589707472,                       0.1160380762107626,                      -0.0655640428828051,         0.014845412006561219,                  1.1886906042342356,               4.505724889047659,29674.577662795906, 67.49991255974479, 29742.07757535565,4.7500853485139275e-05
                0.08558845850462993,               0.008855660732552841,                      0.09843318427254485,                      -0.0609178054801261,          0.02000603406900028,                  0.9835651794939654,               4.135407712440458,29671.375019518488,50.100496475968264,29721.475515994454,1.9311282190317197e-06
                0.08392152083966524,              0.0049697658187469835,                      0.08822914806547312,                     -0.07691318063531088,         0.014417823205756995,                  1.2225396199952678,               4.566758433890868,29675.881689893427,  69.4739729620814, 29745.35566285551, 0.0001749980404634271
                0.08358666974000246,               0.007968427514174911,                      0.12380981540225719,                     -0.06527227898354958,         0.012191064125076884,                   1.357657325991365,               4.711349585217649,  29672.7037356968, 82.17529150474296,29754.879027201543, 7.292311543241926e-06
                0.08537736664697677,               0.005142497939021517,                        0.108461791950549,                     -0.08231869967336664,          0.01430674004588809,                   1.243379183143905,               4.571721808120992, 29669.68201951369, 70.04077001246058, 29739.72278952615,3.5526346734802693e-07
                0.08596804477315965,               0.005679791254779317,                      0.11911335991554123,                     -0.07581836914535872,         0.017357061022386096,                  1.0934789496997661,                4.28035946328617, 29673.46586565206,57.765435815365045,29731.231301467426,1.5626224102913295e-05
                0.08395429217153538,               0.007275316192532261,                      0.07782893715066277,                     -0.07235275354062308,          0.01217462887168817,                   1.367204212139356,               4.730597445513242,29672.885791243032, 82.24021362253627,29755.126004865568, 8.748446363208846e-06
                0.08494577722599903,               0.007730998863493663,                      0.11150594039466229,                     -0.09251069121312952,         0.011822428045089204,                  1.3730469384070731,               4.825989679576537,29674.570138787243, 84.74203442260855, 29759.31217320985, 4.714479781472317e-05
                0.08562252804409932,               0.008900464697592205,                      0.09647036927534325,                     -0.06717254340060438,         0.018219071951476404,                  1.0638860342724765,              4.1608618284809635,29674.060071413573, 55.00547732327736, 29729.06554873685,2.8308335351027825e-05
                0.08327457827436734,               0.006111289286562743,                      0.11674922237859982,                     -0.08846423624053436,         0.011855235119266708,                  1.3788831519142575,               4.767029947244647,29675.319751158044, 84.50885594643312, 29759.82860710448, 9.976685771351572e-05
                 0.0813373089690284,               0.008135143808373347,                       0.0967921716840557,                     -0.08689736857591003,          0.01781113986773636,                  1.0596482461102017,               4.288056451008301,29674.439855911525,  56.2757591839999,29730.715615095523,4.1385922824170044e-05
                0.08489326009180084,                0.00762730301135195,                      0.08305203359820576,                     -0.06149995190173278,         0.019863236987094697,                  0.9934937534133617,               4.147358287675184,29673.093237120585, 50.44395567708242,29723.537192797667,1.0765235463812468e-05
                0.08334849669734105,               0.006518644596597908,                      0.09897435589349457,                      -0.0804784556328626,         0.015178223562190955,                  1.1661703177589557,               4.605406419591257,29674.357195970246, 66.01309715980439, 29740.37029313005, 3.810253644694589e-05
                0.08350879275761733,              0.0053491834670624456,                      0.11979449446730187,                     -0.07455424611615172,         0.016507068741851972,                  1.1390491443489466,                4.34643037002116,29672.788089387283, 60.72961528244526,29733.517704669728, 7.934134468729336e-06
                0.08302149128178644,               0.006324719028607876,                      0.12712626978491742,                     -0.06622659190026829,         0.019511422420806446,                  1.0272277763221573,               4.106596190029928,29669.632070637024,51.404694183945715, 29721.03676482097,3.3795434050277716e-07
                0.08363566268143117,                0.00892905949379146,                      0.11024560508310242,                      -0.0880550518802856,         0.018221894656553664,                  1.0583587857604078,               4.189574604687713,29675.001759931678, 55.02893772716351, 29730.03069765884, 7.259128075026224e-05
                0.08463802859171157,               0.007276428793483045,                      0.08857096046603957,                     -0.09191964875962114,         0.017119211550006144,                  1.0892316180013633,               4.352766538688966, 29675.04736602909,58.544519494772125,29733.591885523863, 7.597853849422439e-05
                0.08577178957254851,               0.006667531889213342,                       0.0846985848242723,                     -0.08169133714403667,         0.015272808337050844,                   1.192543952584107,                4.42854147966192, 29674.56201767722,  65.5938906151939,29740.155908292414,4.6763480181648146e-05
                0.08522243801060918,              0.0067642485010883475,                      0.11705210997831514,                     -0.07311897430408378,          0.01570222303951742,                  1.1475181862057198,               4.438585544815804, 29676.23343485623,   63.831673343501, 29740.06510819973, 0.0002487677522473018
                0.08457258839036032,               0.009775288660077956,                       0.1144864826909146,                     -0.07040852668422047,          0.01641110850959812,                  1.1376359481270863,               4.300296733153068,29673.481306045174,61.074961520592126,29734.556267565767,  1.58693714607446e-05
                0.08349762242779858,              0.0071351352885673704,                      0.10955792460320776,                     -0.08155202438301301,          0.01430389428242257,                  1.2517203586713759,               4.522145577350616, 29674.44946557471, 70.05367809681691, 29744.50314367153, 4.178554464342128e-05
                0.08527779182142804,              0.0051799219345634055,                      0.11096349831920975,                     -0.09235281695797594,         0.014372683982223092,                  1.2400111255660833,               4.548368739258145, 29667.86025121768, 69.73276644799228,29737.593017665673,5.7460133663200784e-08
                 0.0855139925371825,               0.009570218876128469,                      0.10464388852004654,                     -0.05885375222383901,         0.016483629334125012,                   1.126310347368799,               4.328380128022802,29673.402589859266, 60.78746432669501, 29734.19005418596,1.4668095227001119e-05
                0.08462905140969022,               0.008134219948599702,                      0.08063148623089725,                     -0.07230694985297162,         0.017944104264356536,                  1.0638158857551194,               4.327959137461938,29675.513357925083,55.833932724065924,29731.347290649148,0.00012107894951584804
                0.08181108790239953,                0.00580906753920647,                      0.10466804019084155,                     -0.07033117072829437,         0.014601707355847817,                  1.2026060563507186,               4.534777700573969,29675.793870215355,  68.6108567251761, 29744.40472694053, 6.388014859049019e-05
                0.08302998833505046,               0.005959681879837441,                      0.09608500155748463,                     -0.07608911009799015,         0.017934010350066743,                  1.0595703114304602,               4.364082361310757, 29677.23634100372, 55.88192883569643, 29733.11826983942, 0.0002702856702944896
                0.08313248128778014,               0.007003267606972042,                      0.08279495820802792,                     -0.07069976051435338,         0.018832209526154855,                  1.0380083248484098,               4.209853408528311,29678.305809193942, 53.20503323872646,29731.510842432668, 0.0007875663554341252
                0.08653556471611015,               0.008894804315700819,                      0.10271477568502836,                     -0.07709364456730097,         0.019180458305925865,                  1.0217401427506134,               4.253107070819398,29677.453594701823, 52.27007133911272,29729.723666040936, 0.0003358730079192479
                 0.0851367008072545,                0.00822330814409035,                      0.09323730667615525,                     -0.05843877325020667,          0.01612288416710751,                  1.1468085170969071,                4.38151774495882,29677.058203875742, 62.13155430806375,29739.189758183806,0.00022618252585113023
                0.08443670824631021,              0.0064185620229096465,                      0.10201970077055092,                      -0.0740742585416454,         0.013558888749918238,                  1.2888297335140368,               4.599676107152804,  29677.7363998358,   73.880499904855,29751.616899740657, 0.0004456519516399859
                 0.0835648201844006,               0.007686932292137534,                      0.09318226684319496,                     -0.05715406467051077,         0.018641274634428332,                  1.0436652817631071,               4.250180999369704,29677.511375399932, 53.74990976479602,29731.261285164728,0.00035585161565649526
                0.08478980241543692,               0.009562095760973567,                       0.0993057505724437,                     -0.06438909441132669,         0.019948590569570435,                  0.9921417642804363,               4.219054207647797, 29678.15381683605, 50.24712330390061, 29728.40094013995, 0.0006765154396078073
                0.08345307568558578,                0.00921042249661964,                      0.09929493268333187,                     -0.07243465821993879,          0.01336481299896982,                  1.2927642484056816,              4.6537234043399405, 29677.47199273868, 74.94643013400535,29752.418422872684, 0.0003421096065672507
                0.08334186912671386,               0.004414319316004031,                      0.09990954669263573,                     -0.07207624624950136,         0.016582639677054242,                   1.128510751006633,               4.365138423692514, 29676.15649891271, 60.42704250018509,29736.583541412896, 9.180229954180951e-05
                 0.0848289840046864,               0.006684683077981995,                      0.09222422435691685,                     -0.07571298781682058,          0.01250239579462709,                   1.325785302520046,               4.780108711029962, 29678.30044928179,  80.1039943281591,29758.404443609947, 0.0007833563616318218
                0.08178767950707656,                0.00575549580964839,                       0.0995503178864596,                     -0.08273356190317349,          0.01583417236576066,                  1.1683109486548053,                4.28193490849419,29677.620810412423,63.284978405166754, 29740.90578881759, 0.0003970049886591299
                0.08418797786375387,               0.009351390241792202,                      0.10068058001048293,                     -0.06617715838314442,         0.011916193262074378,                  1.3848260744323144,               4.780557473828138, 29677.46431870875, 84.03992360731075, 29761.50424231606, 0.0003394942950313836
                0.08423886632255118,               0.009015276683181639,                      0.09739812462358087,                     -0.06549027711147574,         0.021926170252804196,                  0.9305189998322223,               4.124067886250529, 29678.39590679117, 45.72400451671069, 29724.11991130788, 0.0008618189598654939
                 0.0827168251718234,                0.00969166005712971,                      0.10432446275066232,                      -0.0839135160927053,         0.019547000679880168,                  1.0129338939760337,               4.179109338630166,29678.028145699063, 51.29686088123318,29729.325006580297,  0.000596622230362241
                0.08370745694856552,                0.00878816525340397,                      0.11627211896280396,                      -0.0858274301627626,         0.021649551546118983,                  0.9415710879173391,               4.064100556374264, 29676.56732261922, 46.34572057438893, 29722.91304319361,0.00013844332738018048
                0.08276893014347385,                0.00922610418996351,                      0.10938987056077004,                      -0.0843682664894827,         0.015728722873180542,                  1.1623226036051615,               4.467720203494157,29677.217832198334, 63.72250813325094,29740.940340331585, 0.0002653290177839328
                0.08265206898327385,               0.005693453454947786,                      0.11464532443946317,                     -0.08761529052529422,         0.018188814480691103,                  1.0547567077056752,               4.262630697162842,29678.453815487585,55.132643055806255,29733.586458543392,  0.000913199093198027
                 0.0855590322462027,                0.00808644032042884,                       0.0975867627713387,                      -0.0552015807130241,          0.01663131597720752,                  1.1154603480790726,               4.395786493430028, 29676.14632957211, 60.23840036977477,29736.384729941885, 9.087346152967477e-05
                0.08380632791803623,               0.009872683609807068,                      0.09528024243882788,                     -0.07927330191640962,          0.01615706615566683,                  1.1508344516905522,               4.335952236949213, 29676.31198739272,62.017333293782634,29738.329320686502,0.00010724606067146593
                0.08468839067739213,               0.005822583495570189,                      0.09814634671839893,                     -0.08375276760755775,         0.011002354135189388,                   1.439986518981213,               4.880693248452907,29676.443987920844, 91.02215750617418,29767.466145427017,0.00012237943667224758
                0.08306287767309581,               0.005755168751544132,                      0.10942114709766089,                     -0.09011025050300851,          0.01451756284781161,                   1.229952701303107,               4.457754933470294,29677.604361705282,  69.0322262897238,29746.636587995006,0.00039052818343282943
                0.08242803287622154,              0.0077250119408245254,                      0.11267365084289967,                     -0.07652670757245607,         0.012588045693266157,                  1.3184858112685343,               4.741705624933878,29677.162130462235, 79.58159187628364,29756.743722338517, 0.0002509538095028115
                   0.08079348588157,               0.008432986731684014,                      0.10188983053403164,                      -0.0851061636696744,         0.019430808920428814,                  1.0156076236233702,               4.151262706352948,29676.595897162115, 51.59923519136629, 29728.19513235348,0.00014245634418730914
                0.08429286554284486,               0.008386952485461709,                      0.10133289465519757,                     -0.08491203670534286,         0.010826239638972338,                  1.4632605029132182,               4.917231904600748, 29678.49074689497,  92.5051421009044,29770.995888995876, 0.0009475553281221392
                0.08392798457829292,              0.0064935482651416595,                      0.10712413747339741,                      -0.0646425595709198,         0.019242753269757565,                   1.005264172219817,               4.199559969572566, 29676.43057042666,52.093950418068204,29728.524520844727, 0.0001207483781214144
                 0.0855258527582799,               0.007622828409930529,                      0.09732512225600838,                      -0.0704476813871204,         0.015383849987398734,                  1.1690192206513241,                4.42916203957418,29678.423770158268, 65.12438859878809,29743.548158757058,  0.000886169810852183
                0.08270977972351047,               0.008363021796246466,                      0.08465375988594619,                     -0.07558433070950857,         0.016905642581256968,                  1.1164887429536203,               4.291879674597656,29677.431704458926, 59.26179297010438, 29736.69349742903, 0.0003286005544800227
                0.08399045114698614,               0.006583594066591909,                      0.10101756086145113,                     -0.08147624483946861,          0.01386964080849549,                   1.265879111621872,               4.600422015229631,29677.894979101948,  72.2329242229646,29750.127903324912, 0.0005222349257782895
                 0.0845797367339239,               0.006979918932402045,                      0.10728726391631319,                     -0.07196187248634288,         0.011607203042650623,                  1.3808002437195568,               4.867987145363522, 29677.36706023035, 86.28613009248073, 29763.65319032283,  0.000308030456993396
                  0.082331214504548,               0.006523001280866988,                       0.1105442308367909,                     -0.07466750884562967,          0.01421217378675724,                  1.2187441123638678,               4.588427880964517,  29676.0935048084, 70.49896995945352,29746.592474767855, 8.619767821758562e-05
                0.08541227585429452,               0.008000945207828911,                      0.09676270766418137,                     -0.05646469541227345,          0.01978039619616392,                  1.0066218330888101,              4.1394774499075195, 29676.79032613566, 50.66571886112221, 29727.45604499678,0.00017302992730439085
                0.08143361641517823,               0.006166418348639126,                      0.10981979956266874,                     -0.07056592597607296,          0.01676232862957362,                   1.122789612097276,               4.217666144882975,29678.134708183155,59.789301185980946,29737.924009369137, 0.0006637108695572516
                0.08129304898309463,               0.005387637694081663,                      0.11458379475114418,                     -0.07386513559402416,         0.017323637081460227,                  1.0889707742299126,               4.251103786094295,29677.212208753957, 57.86472706542735,29735.076935819383,0.00026384114222464185
                0.08413792442817578,                0.00864754606878036,                      0.11373829116844184,                     -0.06945307746233248,         0.019686652124017896,                  1.0125716480031497,               4.091515453479961,  29677.8230584134, 50.93425006599753,  29728.7573084794,0.00048599427669171295
                0.08381390960818473,               0.005721774310397291,                      0.09080295891488155,                     -0.06731029075173704,         0.013939226455762396,                  1.2423377240810607,               4.644097404939827,29676.257291196525, 71.85017774864527, 29748.10746894517,0.00010153764644003265
                0.08347890616603802,               0.005259018512419624,                      0.09266194457896303,                     -0.07969144338958412,         0.020113485799831403,                  0.9897441815952122,               4.107816758517448,29677.933878550124, 49.83973822413127,29727.773616774255, 0.0005429498640116508
                0.08477667247004246,               0.008731651420483613,                      0.11086738286156186,                     -0.08641906690639108,         0.013077530570630228,                  1.3036204125498507,               4.640958198219185,29678.259642163364, 76.61716458201738,29754.876806745382, 0.0007520332944024789
                0.08188013254595708,               0.006513269868388662,                      0.10234747172887329,                     -0.07655008060877612,          0.01985811636612462,                  1.0228580446647264,               4.050505230926664,29677.020234588985,50.485475093414216,  29727.5057096824,0.00021775553251615956
                 0.0825562600909276,               0.006969453806618665,                      0.09068362837238118,                    -0.060488956366752576,         0.019563263272412392,                   1.012215140471423,                4.18587105016006, 29677.19052531686,51.220363919860425, 29728.41088923672,0.00025818173881125573
                0.08487930325571158,               0.009431362067932252,                       0.1030002195015552,                      -0.0675676146141982,          0.01179874211816332,                  1.3889880171486582,               4.796995318178595,29677.829028726523, 84.87961911133291,29762.708647837855, 0.0004889044935078189
                 0.0819286123001687,               0.005606488755923117,                        0.105045410247945,                     -0.06000500144225769,         0.016019519679193753,                  1.1477032222201478,               4.331628722005099,29676.816480910114, 62.54261565419982,29739.359096564312, 0.0001776151878706341
                0.08289319567001745,               0.007826438383425706,                      0.09911000430513232,                     -0.09242835143630738,         0.013427244128694983,                  1.2889130275036755,               4.617968861325913,29676.410960894325, 74.61599263711976,29751.026953531444,0.00011840362380020653
                0.08521445459642449,               0.006630979014965701,                      0.10606663395529349,                     -0.08570537702958725,          0.01733550442804256,                   1.077727615616993,               4.322434253136705,29676.976224893013,57.828976851918625, 29734.80520174493,0.00020837999814658615
                0.08403435085420645,               0.005000335769314329,                      0.09950886385862893,                     -0.08097041000670213,          0.01679449683957052,                  1.1101390822669348,                4.39932980880054, 29678.33775188824,59.674119609594264,29738.011871497834, 0.0008131294502865927
                0.08366705435046481,               0.005242922399851747,                      0.11548507109342165,                     -0.07946785687743756,         0.014366887753964795,                   1.227805004035249,                4.55833428208635,29677.591606940663, 69.75271734245277,29747.344324283116, 0.0003855787200957347
                 0.0847255166951104,                0.00923003087851654,                      0.10479301427533175,                     -0.07925647685541647,         0.023143305455166983,                  0.9062020200479328,              3.9417053820802543,29677.303292058754, 43.34529936075405,29720.648591419507, 0.0002890010995656628
                0.08224914425810621,                0.00677792457378709,                      0.10106328753458699,                     -0.07307510750860326,         0.016875456437460173,                  1.1326460194685477,               4.249220794158484,29677.629605766455, 59.38190434629195, 29737.01151011275,0.00040051218901181266
                0.08480968197104628,               0.005599116151730883,                      0.08877648221338703,                     -0.08024190292241523,          0.01774182348784001,                  1.0840428976503076,               4.247083287447612,29676.703530775514,56.483681378407184, 29733.18721215392,0.00015864503299401557
                 0.0814390137424507,              0.0072527113346437366,                      0.10000093044808457,                     -0.08708372555049547,          0.01732526149648699,                  1.0861641688350556,               4.345590684297613,29677.003778491293, 57.85401250867195,29734.857790999966, 0.0002142014495725729
                 0.0859539191543517,              0.0065372490809626075,                      0.11021379602127933,                      -0.0770939850279664,          0.01515877913349992,                   1.188796424327385,              4.5072144183477985,29678.307336015874, 66.11015867485887,29744.417494690733, 0.0007887697474675641
                0.08223313583037366,               0.007186232010686109,                      0.09353421270873578,                     -0.06016700237117222,          0.01785245605445412,                  1.0738861202373828,                4.20218321560655, 29677.96744729606,56.121271936737664,29734.088719232797, 0.0005614853764618237
                0.08519217630025139,               0.008229789028995719,                      0.09451425370120942,                     -0.06237836507631831,          0.01849347174341688,                  1.0499115404578803,                4.27617831883246, 29677.77126079159, 54.18507665200189, 29731.95633744359,0.00046146177633321086
                0.08367031375187371,              0.0073068913098241145,                      0.10953651297068136,                     -0.08216022082257572,         0.013453987523513492,                  1.2979125886733134,               4.576280494483584, 29678.04820052654, 74.47075464197334,29752.518955168514, 0.0006087081719237166
                0.08182945894666575,               0.008865926169771585,                      0.09792509844601888,                     -0.08478431632572221,         0.015770779448654782,                   1.153790492136746,               4.405990372720534, 29677.26544008927, 63.53925337507801, 29740.80469346435,0.00027826628733754655
                0.08424717232689355,               0.009567400803055163,                      0.10116773198063968,                      -0.0846340404266855,         0.012476821527558008,                  1.3323574926380417,              4.7409877272055265,29677.564573490254, 80.28521198007655, 29757.84978547033, 0.0003752948277221635
                0.08341495259808736,               0.007175337946763554,                      0.08716789397786817,                     -0.07268745030301395,          0.01291685113016733,                  1.3192813427491197,               4.683836696550188,29676.444057089786, 77.52875615276822,29753.972813242555,0.00012238790182116297
                0.08462623815588118,               0.007973513177981766,                      0.10459918192678501,                     -0.07479539511425021,         0.016333865558015446,                   1.136548612504903,               4.288756164886394,29677.361942282474,61.354497722325654,  29738.7164400048, 0.0003064580004778581
                0.08288766331253196,               0.006239642567550058,                      0.09518782821070369,                     -0.09003360764800639,         0.017656453462672514,                  1.0711070498153923,               4.347384982184827,29676.827939845505,56.770271437977705,29733.598211283483,0.00017966217457843908
                 0.0842600511906078,               0.008033033800002903,                       0.1158922507105477,                     -0.07347076161972846,         0.012360429436560667,                  1.3372790537397325,               4.820013748213643,29675.939210230412,  81.0477449150584, 29756.98695514547, 7.387309321942953e-05
                 0.0821214875439177,               0.006975388476139108,                      0.08402682951567156,                     -0.06880190140069582,         0.021131975990209644,                  0.9521806687227928,               4.020053176278078, 29668.89580263685,47.424911367990084, 29716.32071400484, 6.450200766510319e-08
                0.08469442000314184,               0.007270807307053974,                      0.09754423151806736,                     -0.07403783894794144,         0.013115179452500946,                  1.2784989922589067,               4.663443784913847, 29674.93522447277,  76.3709853119669,29751.306209784736,2.7068289317254218e-05
                0.08213092990821443,               0.006990398975247458,                      0.10370977749691086,                     -0.07977006869426785,          0.02313850202389694,                  0.8964268055306271,               4.019941159426988,29678.315767119977,  43.3508613606656, 29721.66662848064, 0.0007954480605381692
                0.08346394361771091,               0.007712010673682405,                      0.10145463716065674,                      -0.0652785447945142,         0.010389784098439967,                   1.476116103543271,               4.935764161135622, 29666.63799801671, 96.36827987081102, 29763.00627788752,  6.74560869700887e-09
                 0.0833419454482728,                 0.0058584330381553,                      0.09826847964002043,                     -0.07724706866467966,          0.01131275621537651,                  1.4036968314499525,               4.807600412140921,29669.036618669437, 88.52136579480508, 29757.55798446424,  7.42555396140358e-08
                0.08283006721340934,               0.005093353832343847,                       0.0972969229528191,                     -0.07725122950741324,          0.02129514463660221,                  0.9677062932214446,               4.013658938777544, 29678.53599241295, 47.08306788791863, 29725.61906030087, 0.0009914126517742562
                0.08338481504795324,               0.008351756777965414,                      0.11128252724504044,                     -0.07018952271539605,          0.01964755401275844,                  1.0159805165500426,               4.217506396778232,29673.553350833896,51.032104936667906,29724.585455770564, 6.797053897760096e-06
                0.08456385829008511,               0.006994115285348347,                       0.1035340980862783,                     -0.06602376166813395,         0.024501391394977343,                  0.8637786820556287,              3.9037331539926328,29673.755055058493,40.937777582847076, 29714.69283264134, 8.316100811935664e-06
                 0.0844042078207487,               0.006936967638893423,                       0.1124874008144539,                     -0.06105305553965039,          0.01678767832452535,                  1.1110451142825197,               4.437804217851158, 29673.95855880016, 59.69834875632356,29733.656907556484,1.0192959473237497e-05
                0.08371448232889982,               0.006512900497827844,                      0.09373892691647186,                     -0.07199700478799022,         0.011693877027048907,                  1.3681642464561679,               4.831783541840192,29671.051766264332, 85.63162185730567,29756.683388121637, 5.570527712671476e-07
                0.08518306120366519,               0.006899492276881992,                      0.10421452212986859,                     -0.07363730306782584,          0.01180562497553648,                  1.3835953646219759,                4.71803343620119, 29675.07148891479,  84.8364224611438,29759.907911375933, 3.101985082883221e-05
                 0.0822235776298891,               0.007200980385201078,                      0.08629251147286467,                     -0.07115910832381454,           0.0231482527179905,                  0.8965871215780165,               3.967440355365772, 29673.01811486264,43.307152554406215,29716.325267417047, 3.979886481751454e-06
                0.08114326962107422,               0.006400736303013357,                      0.09835342909792234,                     -0.07501513191831445,         0.016662301582294446,                  1.1301440580628435,               4.250614319785116, 29676.82991906657, 60.13752879081867, 29736.96744785739,0.00018001811786816054
                0.08514388186442538,               0.008252269892867784,                       0.0976355180139759,                     -0.08863584806457747,         0.013147501938441344,                  1.2934260391229864,                4.71184352918548,29677.251788310754, 76.19733508004987,29753.449123390805, 0.0002744932704078613
                0.08234944956016896,               0.008239736404998534,                      0.09649522650734015,                     -0.08517192527472427,         0.014361704621701145,                  1.2251707404293162,               4.601454412935105,29676.712346094646, 69.75970037498766,29746.472046469633,0.00016004972188245133
                0.08292902595965217,               0.007914603575753795,                       0.0998830366645667,                     -0.07390268434268073,         0.022407339791921367,                  0.9110581679922316,              4.0705761397817986,29677.883694670963, 44.75255657519031,29722.636251246153, 0.0005163749273580867
                0.08314569670090584,              0.0048989655643396105,                      0.10105402020973622,                     -0.07902599186097459,         0.017424674911159923,                  1.0940624383950404,               4.348797355551628,29674.078108450052, 57.51984781392003,29731.597956263973, 1.148735521760004e-05
                0.08457986587231948,               0.010464493704074427,                      0.10241493358091824,                     -0.06833332966191086,         0.011787575834143776,                  1.3884380076748228,               4.820642704466347, 29674.47359928183, 84.95964919436202,29759.433248476194,1.7060020025802017e-05
                 0.0830321809237295,               0.007829654487668173,                      0.10556915919391445,                     -0.07884489320744464,          0.01324372235656853,                   1.305581716818381,               4.659645180824211, 29674.69466617336,   75.642566882653,29750.337233056012, 2.128078616078216e-05
                0.08399021046887208,               0.008367619387390812,                      0.11804946224858168,                     -0.06582612549092648,         0.016032006904919325,                  1.1486031631278255,               4.432115979854874,  29677.3510131781, 62.51629556314137,29739.867308741243, 0.0003031269249970165
                 0.0835528168252189,               0.009088941919635706,                      0.10779838465385276,                     -0.07421546365729002,         0.013887481053838248,                  1.2343588623681534,                4.62596618951736, 29677.38581479709, 72.14169956144652,29749.527514358535,0.00031386194736791824
                0.08260828851245772,               0.007667184677847119,                      0.10962190332465098,                     -0.07265202155425178,         0.023869542703552075,                  0.8850096259925829,              3.8570761349956557,  29672.1273625655, 42.02871617898188,29714.156078744483, 1.633134214583187e-06
                0.08377876084613156,               0.007275581202144105,                      0.09911027962064499,                     -0.05607947590736485,          0.01985159965869348,                  1.0084596509644814,               4.116497743834911,29678.285375172843, 50.48510520910704, 29728.77048038195, 0.0007716365175198384
                0.08291831093016075,                0.00862403001451848,                      0.08804172004322434,                     -0.07863934279478028,         0.017545114659212466,                   1.074462304297418,               4.370657292264018, 29677.86891145806, 57.11195226880039,29734.980863726858, 0.0005087973950067342
                0.08460828319900134,               0.008604715900954619,                      0.08805419238467307,                     -0.07831891943241437,          0.01814485361588085,                  1.0517415496185398,                4.26310523949067,29677.978788799588, 55.22937892118007,29733.208167720768, 0.0005678897135963681
                  0.084677337387416,               0.006278823746260366,                      0.08843006158869021,                      -0.0793677990125417,         0.011506525658685957,                  1.3949058317159508,              4.8775199578425745,  29675.0026406244, 87.02569969264965, 29762.02834031705, 2.895604696798915e-05
                 0.0848250370982568,               0.008107866103011865,                      0.10902826906410022,                       -0.080890104303517,         0.021573450714879122,                   0.948307922367435,               4.001037195005573,29677.430115147763,46.496000639808564, 29723.92611578757,0.00032807872073851893
                0.08587524070879976,               0.008426298497660377,                      0.11011817348947613,                      -0.0718427487732422,         0.010776487785995143,                  1.4529948917696967,               4.939730805623388, 29675.33096191416,  92.9320170276951,29768.262978941853,4.0209381869524474e-05
                0.08514004551621555,                0.00798856543622754,                      0.10739321268577379,                     -0.07810120755897854,         0.011860138033794751,                  1.3486898298422376,              4.8677523926677715,29670.694761173647, 84.45463819347857,29755.149399367125,3.8980822472344664e-07
                0.08431601256585672,                0.00676795097387522,                      0.09457584091466127,                     -0.07549152469764246,          0.01265513107044144,                  1.3112248055649336,               4.664054017947042,29671.493019497975, 79.14043480279885,29750.633454300772, 8.660245102873309e-07
                0.08150458851553738,               0.007413368015977781,                      0.11327424707277904,                     -0.06536346667930316,         0.020120961045456187,                  1.0022887597811891,               4.046520665697946, 29677.57423214516,49.831645303666335, 29727.40587744883, 0.0003789372330031993
                0.08205214260107659,                0.00937617927723854,                      0.10551963284377848,                     -0.07564253171797115,          0.02124616380672922,                  0.9598389636214986,               4.031931057033945, 29677.32691906208, 47.19885739700739, 29724.52577645909, 0.0002959106338759674
                0.08455390208517698,               0.007140635681686855,                      0.11355566736790973,                      -0.0853292887444268,         0.017223866581457914,                  1.1037053968476147,               4.346118603467224,29676.013561509317, 58.21106343274071,29734.224624942057,  7.95749976306889e-05
                0.08467212083218267,               0.008998551996689686,                      0.09280251925104147,                     -0.06404674818425259,          0.01794121779481348,                  1.0647309020508515,               4.344875770735639,29677.145337707887, 55.84849117845761,29732.993828886345,0.00024677479065093324
                0.08450836513491305,               0.008517937698609238,                      0.11954575632755782,                     -0.07677112858445705,         0.016737080901576957,                  1.1119915721074023,               4.330401119748507,29677.451452591107, 59.89979306266825,29737.351245653776, 0.0003351543007997728
                0.08506100626047342,               0.009258740406654658,                         0.09763877971527,                     -0.06696921225156018,          0.01074902250112895,                   1.453864724377007,                 4.9767816279579,29674.489452308728, 93.15026689831429,29767.639719207044, 1.733262810446218e-05
                0.08317218716934138,               0.008005966346062479,                      0.10427530907932772,                     -0.07471834438138522,         0.022210846877392814,                  0.9292706097185703,              3.9313006794210708,29673.582138946735, 45.15325731123387, 29718.73539625797, 6.995572023382081e-06
                0.08507600742370265,               0.005238044233483767,                      0.09489332778460412,                     -0.07656195303181242,         0.011878710161555695,                  1.3661857611063288,               4.833286122813166,29674.411585978265, 84.30717891573863,29758.718764894005,1.6034207557001638e-05
                0.08434208011450335,               0.009264492234894284,                      0.09269971402906228,                      -0.0782569844807396,         0.015538184875830289,                  1.1825200972781706,               4.448746447606329,29675.223760743804, 64.47934158661865,29739.703102330423,3.6121894519545196e-05
                0.08510615142087265,               0.008389486948406428,                      0.09945041562478274,                     -0.08961119487072043,         0.011823178273861187,                   1.382784511357651,               4.742925208787952, 29674.60662394374, 84.71981513708269, 29759.32643908082,1.9487288433771284e-05
                0.08329982530063644,                0.00777414612973415,                      0.09777109050520104,                     -0.07745520506349145,         0.021775811440413743,                  0.9452473512423172,               4.112592218157307,29678.432803822005,46.047834809875575, 29724.48063863188, 0.0008942114389313414
                0.08267347111937728,                0.00633495648385241,                       0.0994593452887559,                     -0.07471155846035052,         0.017631959614740036,                  1.0997754832425515,               4.265985537971269, 29672.77718014326, 56.83935460674038,29729.616534750003,3.1277646414147034e-06
                0.08508783975166397,               0.005546490999495814,                       0.1014026243336186,                     -0.08764735308614506,          0.01918698815707697,                  1.0196715579720195,               4.218372294019203, 29677.69676604269,52.258850012969575, 29729.95561605566, 0.0004283345190064319
                0.08187370455271588,               0.006772594342196329,                      0.11575470908849489,                     -0.07957660149324412,         0.016117006978524792,                   1.142661302641937,               4.389772348313766,29677.563277151836,62.193374995982275, 29739.75665214782,0.00037480863382295497
                0.08146528969256872,              0.0063428482791948355,                      0.10147028519120867,                     -0.07469568249627348,         0.015594398985318796,                  1.1506056744447808,               4.436659455318126,29663.136869734146,  64.2508793203234, 29727.38774905447,2.0347003099237794e-10
                0.08477575865827305,               0.008302525785863756,                        0.103679617736869,                      -0.0819522210650012,         0.013813114339995564,                    1.27886733220169,               4.555340617288042,29675.949083017553, 72.53231174255181,29748.481394760103, 7.460603869811726e-05
                0.08363868282168054,               0.007365349640831816,                      0.10324048522879678,                     -0.08267023831926588,         0.012531162485667794,                  1.3046196105421632,               4.759123906011412, 29669.77795770551, 79.93740407948535,29749.715361784998,1.5584336285720808e-07
                 0.0845858593867128,               0.008509652057959319,                      0.08354437463993114,                     -0.06855377650637245,         0.020490142668769352,                  0.9681559042074976,               4.160910953926583,29674.008382688684, 48.90899087779619, 29722.91737356648,1.0713676713162737e-05
                0.08352115532518763,               0.006552024274797638,                      0.11149068906049732,                     -0.07674950856428782,          0.01092045362885256,                  1.4501657525055056,               4.791411484918704, 29670.99420543766, 91.71206189840822,29762.706267336067, 5.258937261148259e-07
                0.08482690026175783,               0.006977610219666295,                      0.10239625521749798,                     -0.07822990448955681,         0.017898372418238145,                  1.0827109270019994,               4.273624978601092,29677.757536087844, 56.00349749590747,29733.761033583753, 0.0004551716142071891
                0.08382662567070033,               0.008797099658489647,                      0.09022741218405196,                      -0.0672752791075478,         0.019558454536404694,                   1.003217292216076,               4.128308507782751, 29673.61663621993,51.238624363702854, 29724.85526058363, 7.241111045926182e-06
                0.08465818578920188,               0.007817468661184363,                      0.08778469155927905,                     -0.06524065803756299,         0.013857002515445978,                  1.2554248248489646,               4.581658475540448,29678.454157232445, 72.27229386727754,29750.726451099723,  0.000913511227626994
                 0.0835619378777331,               0.006858059916699025,                       0.1094172228058094,                     -0.05602578856003836,         0.015272614875919757,                  1.1647481499735608,               4.490703707375014, 29674.65014582572, 65.59967594006623,29740.249821765785, 2.035413855067876e-05
                 0.0845622914944513,              0.0052943378773803495,                      0.11147745075476286,                     -0.08393454539165136,         0.018155091205727104,                   1.061586014870637,               4.249964590905371, 29677.96697392534,55.229029463904396,29733.196003389246, 0.0005612196486231822
                0.08194320290218515,               0.007548490719732766,                      0.10882380871129092,                     -0.06408310673337782,         0.015075418559059984,                  1.1800904926530504,               4.479273252640834, 29677.82754821593, 66.45937737260891,29744.286925588538,0.00048818120077962624
                0.08188630708473232,               0.007622547781973611,                       0.1017164836269801,                     -0.05750524388156218,         0.017847163596021946,                  1.0778699109631777,               4.180070543674249,29675.485049045223,56.144737831699025, 29731.62978687692,4.6907964476616936e-05
                0.08316041005726023,               0.004720707110334211,                      0.08975327305194954,                     -0.07583237893521882,         0.019558214931230444,                  0.9996799502327318,               4.148763511327763,29670.895592459783, 51.24465572126249,29722.140248181047, 4.765087913859056e-07
                0.08477439267487154,               0.009346093368910584,                      0.09490720323632136,                     -0.06575438118619807,         0.020799021911806395,                  0.9786153660101694,               4.095301045817552,  29677.9117034832, 48.19365649917109, 29726.10535998237, 0.0005310424264901745
                0.08432101236038039,               0.005942280872815628,                      0.10294686735979962,                     -0.07212382408382884,         0.013474214917925859,                  1.2535757666489018,               4.676632121059505,29675.877057437607, 74.34330035063674,29750.220357788243, 6.942144820307169e-05
                0.08395708146145435,               0.006219830049489164,                      0.09460805320712616,                     -0.07801125074970951,         0.011573353706810927,                  1.3988529417344642,               4.751966291554754, 29675.42583944005, 86.52828849634574,29761.954127936395, 4.421118777455278e-05
                0.08100516740190261,               0.007017070822511125,                       0.1048725075290684,                     -0.07211798030149699,         0.023446457242623515,                  0.8888954177265186,              3.8933211999870236,29667.764324973457,42.777090746571815, 29710.54141572003, 2.080552729029619e-08
                0.08392122660368627,               0.009827507438300732,                      0.08694674070418439,                     -0.07364645627844905,         0.018377174961383462,                  1.0558740534804611,              4.2344323886055495,29676.344102840834,54.527121648401476,29730.871224489234,0.00011074621972244538
                0.08324855261399727,               0.010098032086953358,                      0.09933600927937164,                     -0.07664775943633723,         0.020350916973110166,                  0.9852027777755269,               4.066869190607963,29673.944533303642,49.264361725945676,29723.208895029587,1.0050996036651734e-05
                0.08544910430197968,               0.008246813424999158,                      0.09898727112332042,                     -0.07842691709119427,         0.010695303239380635,                   1.468460274414607,              4.9411864499843015,29678.399451538866,  93.6285342694627,29772.027985808327, 0.0008648793115195725
                0.08454547965994924,               0.006321523979636646,                       0.0953425743521321,                     -0.08604333784937475,         0.021882257651076643,                  0.9381912164476129,                4.02127120143695,29678.346269659916, 45.83068796993118,29724.176957629847, 0.0008200850824762656
                0.08461387496333697,                0.00654478600576888,                      0.11439511253649545,                     -0.08805801183319095,          0.01638446154105016,                  1.1363369995796018,               4.399263356478817,29676.378519024478, 61.18923024226189, 29737.56774926674,0.00011462402889861288
                 0.0845411337914208,               0.009789990992449597,                      0.10073524416909642,                     -0.07863213597562003,         0.012316875314397437,                   1.355462958592817,               4.712058211395221,29677.969152313075, 81.32038772414225,29759.289540037218, 0.0005624435351879183
                0.08376777898445313,                 0.0079015173910384,                      0.08909521880549796,                     -0.08657443427926063,         0.015631082667903494,                  1.1605480287015895,               4.495053433799305,29677.626076904322, 64.10016489561836, 29741.72624179994,0.00039910132754612907
                0.08413273105027629,               0.009031776947458643,                      0.11636451512401975,                     -0.07950688694021231,          0.01842295157284983,                  1.0574352048496978,               4.197107477324024,29677.388432846165,54.430240659306826, 29731.81867350547,0.00031468472992148136
                0.08549585090405336,               0.008210030217892777,                       0.1117899768085386,                     -0.08217612307718535,         0.012639321599874019,                   1.345658670890317,               4.668423265310886,29676.003105457545,  79.2660973894914,29755.269202847037, 7.874729214242539e-05
                0.08404160383197098,               0.008483188780894994,                      0.08552212180769563,                     -0.08011354602547202,         0.020960239760670716,                  0.9649409760231737,               4.055360597544458, 29675.85662628441, 47.82530663630923, 29723.68193292072, 6.801747915125884e-05
                0.08372454947581341,                0.00697601459121849,                      0.09155081851859863,                     -0.07709012066911645,         0.014068600577138771,                   1.263553419421489,              4.5180133762665635, 29677.66960179967, 71.19906906144584,29748.868670861117, 0.0004168557479381589
                0.08391275878330262,               0.007066163517625388,                       0.1156848083293394,                    -0.058679669362993396,         0.017466721716918876,                  1.0725019738803876,               4.365019333730276, 29676.61260517275,57.384603289444975,29733.997208462195,0.00014485650139238357
                0.08293051910654506,               0.005343505957816032,                      0.09725631597108057,                       -0.079894989678286,         0.023429451515889658,                  0.8918216257462208,              3.9094249106403716, 29670.21661594553, 42.80770143152768,29713.024317377058,2.4165465429581195e-07
                0.08643632182053852,                0.00996487351074647,                      0.10310911578821476,                     -0.06670768427383708,         0.019988550050862038,                  0.9978066150761234,               4.156597991693941, 29675.64604069451, 50.15448538841994, 29725.80052608293,5.5101620648701466e-05
                0.08465886617771917,               0.009106146062480124,                      0.10383615802585171,                     -0.07368858039617766,         0.023989829064675075,                  0.8655706472365863,               3.968046431315936,29662.917783183562, 41.81467647195162,29704.732459655515, 1.634377486448676e-10
                0.08351708726841338,               0.006080121242205224,                        0.101142846464775,                     -0.09605553864226209,         0.013530667763636107,                  1.2663953628324436,               4.630540286286153, 29675.32146730854,  74.0532302732539,29749.374697581792, 3.982941631242748e-05
                0.08634146906074917,              0.0075445063344595845,                      0.11316318228668018,                     -0.08073152432807618,         0.015003083992918647,                    1.18840374945996,               4.562718841584954,29676.430379231642, 66.80204759175436,29743.232426823397,0.00012072529384011686
                0.08334179644983258,               0.006665816133907848,                      0.10442303816324731,                      -0.0696889901685676,          0.01086772886073734,                  1.4327873082244225,               4.922437982563563, 29671.02331310657, 92.14194007344888,29763.165253180017, 5.414262273763632e-07
                0.08492337224772155,              0.0072132873199047915,                      0.08493277720926785,                     -0.07919461847077038,         0.013128893119050602,                  1.2966712558399256,               4.655671205456933,29677.733975715775, 76.28315768501423, 29754.01713340079, 0.0004445729461670454
                0.08509318964824034,              0.0063445787619771064,                      0.11062849153462297,                     -0.07374429933385411,          0.01992340136736195,                  1.0057955656708948,               4.164856555825963,  29678.2286363517,50.330888316973976,29728.559524668675, 0.0007290736719203662
                0.08313666092158807,              0.0066541935886504115,                      0.08344852211746005,                     -0.06358392936206615,          0.01758509630124582,                   1.090392244007493,              4.2466810538487945,29676.167577229135,56.966128262339794,29733.133705491473, 9.282496873174444e-05
                 0.0828752511329047,               0.007479003403222254,                      0.10263636885636483,                     -0.07512029390799421,         0.014390110501712228,                  1.2016708639803209,               4.582446710159742,29675.750897013684, 69.62051143982437, 29745.37140845351, 6.119316178651582e-05
                0.08340982383680769,                0.00819043892623507,                      0.10748298711833111,                     -0.07183934665568956,         0.025295452672346563,                  0.8422095621475851,               3.843436958954067,29663.584548332496, 39.66467365631424,29703.249221988808, 3.183646183543696e-10
                0.08302957576242544,               0.008155239958807738,                       0.1041272547622423,                     -0.07451915477655334,         0.016797583175008974,                   1.131091613826128,               4.226811098509588,29677.298255791124, 59.66212936958227,29736.960385160706, 0.0002875492716484771
                0.08290254524112824,               0.008827602207526972,                      0.10079815888238393,                    -0.060738533927173544,          0.01867834803839633,                   1.027083215021463,                4.27597502053513,29677.842861338624,53.653481842023126,29731.496343180646, 0.0004957143099127143
                0.08559805666105649,               0.006432047390690056,                       0.0964435056016832,                     -0.08019710836147985,         0.012697388700717188,                  1.3092477175962025,               4.698708636850858,29674.224049894045, 78.88469158951088,29753.108741483557,1.3292345299130181e-05
                0.08440161905434414,               0.009622449690922406,                      0.11184170792161767,                     -0.07439365949464853,         0.013903802633233426,                  1.2483926669832524,                4.64638335214886,29677.520554868843, 72.06309901712041,29749.583653885962,0.00035913318297904026
                0.08399951727296305,               0.006479466400878751,                      0.10140604459690496,                     -0.07926013283447027,         0.011466881499620718,                   1.399867862475061,                4.76244232255298,29671.840684675364, 87.33913099070612, 29759.17981566607, 1.226081252074784e-06
                0.08223455312826916,               0.005614055994347444,                      0.09456742517717638,                     -0.06677176945355814,          0.01677258491697136,                   1.109059992199592,               4.400254213772159,  29676.2686037714,59.733299488307274, 29736.00190325971,0.00010269282034437954
                0.08501731652274609,               0.006610088900508418,                      0.08925244552158422,                      -0.0754161176899742,          0.02055540632516986,                  0.9645519959680606,                4.14880829234899,29675.249511889317,48.765253095775826, 29724.01476498509, 3.706415475286733e-05
                0.08563777781679892,               0.006999518575018845,                       0.1109499330311693,                     -0.08142623052743002,         0.014795721908618064,                  1.2018345992484694,                4.56668032055352,29678.467107805052,  67.7333428719797, 29746.20045067703, 0.0009254186587102145
                0.08433284536794257,               0.007288807414219221,                      0.09257031168964652,                      -0.0744367795793491,          0.01900859085279514,                  1.0239045481264715,               4.307142426181273, 29677.23495878146,52.725988172339015,  29729.9609469538,0.00026991233350086676
                 0.0845545044253712,               0.007215489909335637,                      0.11098620436666698,                     -0.07547254197173107,         0.017140895718298348,                  1.0939320884857724,               4.446625510898278, 29674.39911119901, 58.48009488710777, 29732.87920608612, 1.583542680804292e-05
                0.08288272252609506,               0.009286401979736413,                      0.08684733514065092,                     -0.07207283525043186,         0.019392618886116954,                  1.0183530448146365,               4.139291500412868,29676.152825399007, 51.67541515162485,29727.828240550632, 9.146568120100345e-05
                0.08466039246698419,               0.009473303943554353,                      0.11315164581553053,                     -0.06811645141349697,          0.01793489966715543,                  1.0509155628148843,               4.331935697356129,29676.208115140194,55.894435566301816,29732.102550706495, 9.666521087364766e-05
                0.08238554027623644,               0.006365599563268835,                      0.09832808961339798,                     -0.08314234935373958,         0.012817491740075538,                  1.3089412636019218,              4.6573049464360405,29676.959378353746,  78.1484343720888,29755.107812725833, 0.0002048989207080039
                0.08324530512320452,               0.006831755561175259,                      0.11698133448309846,                      -0.0809381469659222,         0.015663492318176132,                  1.1668029074684407,               4.439911754711904,29679.486912409157,63.993901084606065,29743.480813493763, 0.0009625457450772016
                0.08403228549623594,              0.0070657970555489235,                      0.10298590891652269,                     -0.07524706754117584,          0.01381649609514185,                  1.2365441283138086,               4.693050281742052,29678.713332838815, 72.50713707388039,29751.220469912696,0.00044407879905941915
                0.08388139339782312,                0.00956165006053458,                      0.09662343504493721,                     -0.07274952269675458,         0.022097755045800607,                  0.9316878411028362,               4.028385242466701,29679.198207922745,  45.3743328914658, 29724.57254081421, 0.0007211715958415611
                0.08172040430936307,               0.006907921780313132,                      0.10093520114208586,                     -0.07475150238002008,         0.013780827684167059,                  1.2749336134679103,               4.460389387327194,29678.688298192734, 72.68959110592644, 29751.37788929866,0.00043309944898549114
                0.08359086437523643,               0.008465968487426923,                      0.10574641486303434,                     -0.07867780513249954,         0.017259970313567307,                  1.1043030012957988,              4.2334675635238455,29679.797731037765, 58.07325837544382,29737.870989413208, 0.0013134338168560493
                0.08510098073335094,               0.007792850857615199,                      0.10675030830471895,                     -0.07215854840214829,          0.02193309417089755,                  0.9257266994108478,               4.102737021516582, 29679.26158421557,45.726010039835806,29724.987594255403, 0.0007683561777862166
                0.08464538061454631,              0.0073799236812287635,                      0.10651929037215678,                     -0.06685520148544295,         0.013893181356455548,                  1.2433246328375724,              4.5758543385338175,29679.741929524647, 72.10572850609645,29751.847658030743,  0.001242149602174747
                0.08275804647630301,                0.00807339370881927,                      0.10422393873057778,                      -0.0724032268386978,         0.022466381076884465,                  0.9125147000207491,               4.075949806803347, 29679.77491540144, 44.63883451484432,29724.413749916283, 0.0012838062595538196
                0.08278549824859825,                0.00609792887548821,                      0.10005921276617143,                     -0.08449652082626677,          0.01654758473569954,                  1.1248706293244473,               4.403985684639255,29678.548527859028, 60.56534738061902,29739.113875239647, 0.0003766050562781982
                0.08215340064884076,               0.007004210399846432,                      0.09192937919326401,                     -0.07326389414109821,         0.015638822351648103,                  1.1604033731142216,               4.368892983995648,29678.315377780687, 64.05797173874056, 29742.37334951943, 0.0002982842717702953
                0.08389507216577094,               0.009301042523169052,                       0.0978547694713564,                     -0.06802188054863267,          0.01513908228955202,                  1.1897651316538085,               4.515929653286548,29679.153429771053, 66.17268771580196,29745.326117486857, 0.0006895911972657727
                0.08282146237943787,               0.006430940702175537,                       0.1108935417000589,                     -0.07405341841393175,         0.015496698439828548,                   1.183982082388956,               4.319655190711559,  29678.4585521295,  64.6669965792833,29743.125548708784,0.00034419945924595485
                0.08356889598068923,               0.005711079116460614,                      0.10104125407022395,                     -0.08497694657846691,         0.014835551906630405,                  1.1936792171691677,               4.505134867991586,29679.761739850463, 67.54146421219347,29747.303204062657, 0.0012670023482225532
                0.08422938647015751,                0.00964995586874946,                       0.1038329917636008,                     -0.07007575023140776,         0.016729705825571442,                  1.1094795809914928,               4.435928773789448,29679.012490951303, 59.90102311994794, 29738.91351407125, 0.0005989392263969107
                0.08415939731747658,               0.007897224397001011,                      0.08957257281992054,                     -0.07114648597478558,         0.011898893683985565,                  1.3837339192230007,               4.749731885940104, 29679.05375288508, 84.15381680055069, 29763.20756968563, 0.0006241695637964955
                0.08410859410749591,                0.00882589204502638,                      0.09346697305038036,                     -0.08240801242018465,         0.014271478290799718,                  1.2393915304294498,               4.556391926480957, 29679.15578306735, 70.19582211099451,29749.351605178344, 0.0006912159206533452
                 0.0853137128723783,               0.008603512709454069,                       0.1016642491139516,                      -0.0750355160013786,         0.011882386790184985,                  1.3834235021889618,               4.746388441252264, 29679.38474428877, 84.28772275887468,29763.672467047647, 0.0008690611334625091
                0.08171838553377543,                 0.0057247337914291,                      0.10369370016190416,                     -0.06300623723474845,         0.020700575786908204,                  0.9702205034915873,               4.078366889307843, 29679.31610399943, 48.42690633709915, 29727.74301033653, 0.0008114097627317096
                0.08346545590052686,               0.005333333383161518,                      0.10059167358095725,                     -0.08509601285094105,         0.013899297615037933,                  1.2527155543174027,               4.597503676024778, 29679.17799047818, 72.08138681036411,29751.259377288545,  0.000706737748478323
                 0.0835269820861691,                0.00792653960857636,                      0.10755721563420897,                     -0.06064906448820827,         0.016133113568641406,                  1.1321217883534376,               4.413797598515907, 29680.05630303436, 62.10812902446202, 29742.16443205882, 0.0017010010634509075
                0.08386953326309514,               0.009281108566382597,                      0.10618966671410286,                     -0.08473457023109189,         0.020004248852676577,                  0.9990687610474037,               4.122280936987755,29679.139149728322, 50.13147140384007,29729.270621132164, 0.0006798137826014121
                 0.0844000272672442,               0.007224075905494509,                      0.10520263032721286,                     -0.06507248166313152,         0.014358057910815623,                  1.2077868554341644,               4.615223943535529,29678.664308485197, 69.77217772354648,29748.436486208742, 0.0004228331549207183
                0.08210367887620244,               0.006791739258415954,                      0.10199310068775608,                     -0.07518850429203892,         0.018447746827885126,                  1.0578996955818083,               4.227929563217309, 29679.41327190883, 54.33406776352025, 29733.74733967235, 0.0008942103980499351
                0.08085372437757642,               0.006274309406962501,                        0.098737674791306,                     -0.07720776837875008,         0.021256071766495792,                  0.9553948029697845,               4.030883193019453,29678.691420405612,47.169197130590916,29725.860617536204, 0.0004344537908342456
                0.08354040373654129,               0.005309839363702503,                      0.10091438016215594,                     -0.08100395446747558,         0.014575512854864093,                  1.2187273491509805,               4.554855405500673,29678.626791880026,  68.7401791005647, 29747.36697098059, 0.0004072637717062724
                0.08462277131867706,                0.00676986191599348,                      0.11637524672834836,                     -0.08365970075999424,         0.015136018828262796,                  1.1795843340354866,               4.508957874855127,29679.327812495914, 66.22173213757566, 29745.54954463349, 0.0008209659864207605
                0.08430178343691244,               0.006524184160987732,                      0.10547249618401487,                     -0.08153416174662723,         0.012979088456566626,                  1.2919800936204995,                4.70830496916804,  29679.6844573211, 77.18546668714495,29756.869924008242,  0.001172773229028533
                0.08396092579986554,               0.009886686213216953,                      0.10879751118580037,                     -0.07856476109909016,         0.020613923278015797,                  0.9709315386323226,               4.156052032974049,29678.627433272908, 48.65065977324437,29727.278093046152,0.00040752507157962217
                0.08366322808419871,                0.00686180489377122,                      0.08650979429348128,                     -0.08308535406809728,         0.016535794954963885,                   1.127786409359671,              4.3133431716820265,29678.713166856396, 60.59394329830408,  29739.3071101547,0.00044400509590288554
                0.08482193999180711,               0.006518620207576366,                      0.10306992457506119,                     -0.08422129255139073,          0.01629446436890439,                  1.1301484737191203,               4.466920924580128,29678.667430032547, 61.50916797299241, 29740.17659800554,0.00042415511083551845
                0.08368496799606892,               0.006174244613590783,                      0.09662183012524665,                     -0.07124254700715708,          0.01841958300890132,                  1.0576509204410554,               4.258356001750483,29679.262409662395, 54.40922648445581, 29733.67163614685, 0.0007689906767914667
                0.08376779077083492,               0.005968941198530868,                       0.0941575849364492,                     -0.07678939802820872,         0.013668583909230392,                  1.2563531855285794,               4.653871586272967,29679.672509781914, 73.28166238973164,29752.954172171645, 0.0011588448455565566
                0.08238541366401886,               0.007374259784855603,                      0.11116418974113533,                      -0.0762672032317236,           0.0187702321578863,                  1.0245583911560032,               4.208543869688985,29678.614451786765, 53.41482333495677, 29732.02927512172, 0.0004022689802607024
                0.08523471880642387,               0.008637791865396286,                      0.10422604034922572,                     -0.08587563509036861,         0.014424855062466364,                  1.2190839992739648,               4.531067141965897,29678.995715208384, 69.46688256742746, 29748.46259777581, 0.0005889753850038307
                 0.0849674531182217,                0.00534218737892709,                      0.10446636741693238,                     -0.07322433629375084,          0.01861530287605058,                  1.0336394902423602,               4.269083855280719,29679.203846302968,53.849927656644404, 29733.05377395961, 0.0007252493205825266
                0.08197143001372982,               0.007039850071274298,                      0.10219451343479727,                      -0.0698379285443442,         0.018760242132962374,                  1.0383165466373587,                4.24337246567563,  29679.6915310571, 53.42693789183859, 29733.11846894894, 0.0011810985280073917
                0.08454190246939115,               0.008139185483904873,                      0.08952379175967508,                     -0.07510278354067677,         0.015652673981947987,                  1.1631298381569528,              4.3901385105300985,29679.076636866586, 64.00278398334052, 29743.07942084993, 0.0006386177338710531
                0.08312668413550119,               0.006557165556480144,                      0.09313397716377349,                     -0.08577145105937449,          0.01518661517242808,                  1.2009716852309478,                4.41514498362713,29678.785543674596, 65.97514503060275,  29744.7606887052,0.00047733228271061595
                 0.0854807491761386,               0.007000416647539988,                      0.09203982370292398,                     -0.07610133863602034,           0.0187489929530443,                  1.0372271235170043,               4.194666286562888, 29679.94345729941, 53.45630190521167, 29733.39975920462, 0.0015194846079724417
                0.08284705401536614,                0.00673780688452772,                      0.09612000871531037,                     -0.08258890381999714,          0.01736229075210694,                  1.0835584840776507,               4.257388841197131,29678.915852267175,57.723692141925156,  29736.6395444091, 0.0005437673285017413
                0.08408385542883527,               0.005335534804629778,                      0.10556900884588995,                     -0.08307215195887474,         0.013231390267769191,                  1.2903785012159643,               4.640996517791224,29679.356405211558, 75.71753870507634,29755.073943916635, 0.0008447784425292626
                0.08212994892814027,               0.006044014762802654,                      0.11371462272841831,                     -0.07402283850475631,         0.015511934714471919,                   1.181656030629018,               4.325497522271742,29678.631805080382, 64.60644799209686, 29743.23825307248, 0.0004093105928671851
                0.08197929161353386,               0.005682219425323131,                      0.10576953758504756,                     -0.07351025174608505,         0.015130189506536848,                  1.1774475018418247,                4.48453651693557,29678.792637151753, 66.22271346472057,29745.015350616475,0.00048073026586435425
                 0.0829454414864222,              0.0060769782400966026,                      0.11427896664434652,                     -0.06598982160095083,          0.01672879037748873,                  1.1144275361518698,               4.307090097408171, 29679.62910602996, 59.91235858109979, 29739.54146461106, 0.0011096225741400068
                0.08481145364899755,               0.006132987068483712,                      0.10006212670829878,                     -0.08140849457395465,         0.011810663015879477,                  1.3915300110558886,               4.772244229578691,29679.746064222265, 84.80186488859773,29764.547929110864, 0.0012472961475481434
                0.08316451088211595,                0.00742641810490002,                       0.1162017059071116,                     -0.06310125566412333,          0.01824264770360173,                  1.0598930447809314,               4.238543878176462,29679.591946010136, 54.95247145014085,29734.544417460278, 0.0010691456957489102
                0.08301975977983618,               0.008164415918249193,                      0.11464517683838844,                     -0.07077626955417493,         0.021075275172165554,                   0.953320898968092,               4.127516296697125, 29679.95874004538,47.588474923720284,29727.547214969098, 0.0015428848598409287
                 0.0841000274867026,               0.007498975716054499,                       0.1113077341636899,                     -0.07770721023374276,         0.013372399854560877,                  1.2663943300020313,               4.711384515185185,29679.352419599592, 74.92287541906286,29754.275295018655, 0.0008414181842513914
                0.08427421569669084,               0.006861778719703084,                       0.0967347480014669,                     -0.08258619002575167,          0.01686532671402831,                  1.0943869919056306,               4.437390822499196,29679.662639413997,59.422844241663164, 29739.08548365566, 0.0011474628850465952
                0.08159068514504772,               0.005645038360122738,                      0.11131439395103361,                     -0.08621489411964624,         0.020704462334470233,                  0.9773389332513576,               4.068638220564362, 29678.86842068831,48.446060277293554,29727.314480965604, 0.0005185776998684685
                0.08276602679754351,                0.00990330565787057,                       0.1075789396311743,                     -0.07627327676532307,          0.01804228424878767,                  1.0651430599297873,               4.279616173005947,29678.658302988755, 55.56057187154715,29734.218874860304,0.00042030144162015823
                0.08353599832623844,               0.006424175978577179,                      0.11444935773263923,                     -0.08339655247257752,         0.018704240199058624,                  1.0424498575934449,               4.248876316668104, 29679.16112162777, 53.61421950291172,29732.775341130684, 0.0006949158860676482
                0.08307786051642906,               0.007726524334820031,                      0.11129661791272702,                     -0.07494037897340129,         0.017612303601614386,                  1.0943610173621585,               4.248807044523127,29679.821117043044, 56.91718215316853, 29736.73829919621, 0.0013445117651849539
                 0.0837942042356494,               0.005888696122134075,                      0.09769420779424644,                     -0.07664948995985618,         0.011744093585626827,                  1.3934798472790635,               4.738123574915675,29679.097632550274, 85.27404882284321, 29764.37168137312, 0.0006521676974305352
                0.08248731033838974,               0.005960248194351178,                      0.09898729743736567,                      -0.0712539524008046,         0.018805885597604433,                  1.0272536415478177,               4.185520699855034,29679.875737099625, 53.29548275822676, 29733.17121985785,  0.001419991667831101
                0.08345838102853531,               0.006640385188388944,                      0.11770386896969519,                     -0.07433059570528332,         0.017944730035883046,                  1.0573206092700107,               4.328498751728099, 29679.93224282549, 55.87327079618133, 29735.80551362167,   0.00150253957984014
                 0.0849395429409097,               0.007769653056388097,                      0.09892407333961016,                      -0.0756373590461102,          0.01569760493216072,                  1.1371958801123392,               4.560395423544495, 29677.39819363923, 63.83055278015108, 29741.22874641938,0.00011920716030013451
                0.08180317485829204,               0.007261496097265255,                       0.1025025257479336,                     -0.07377360976241668,         0.013797614287885793,                  1.2575050049064047,                 4.5154708799914,29678.655396426904, 72.60237432873289,29751.257770755637,0.00041908158313988596
                 0.0836240459483213,               0.008156775636527926,                      0.09844864112020862,                     -0.08878548772448032,          0.01954728967203477,                  0.9974340084880193,               4.190171053362946,  29676.0755993572,51.294845863138086,29727.370445220335,3.1761934371482756e-05
                0.08270204524736084,               0.005468480926841015,                      0.11478446098889836,                     -0.06488216655091239,         0.019190104493006302,                  1.0206148927824517,               4.132504976094645,29676.154684651046, 52.24493879256823,29728.399623443616, 3.437583457630363e-05
                0.08312686646660795,               0.006506953084600973,                       0.1032345812842879,                    -0.059393128558196936,          0.02028966680219865,                  0.9820871749388876,                4.09496960955275,29678.940461936087,49.403601274133464, 29728.34406321022, 0.0005573152840172606
                0.08475860041980234,               0.008273558097994908,                       0.0964488987837734,                     -0.07586697779184165,          0.02096426221416408,                  0.9793035021530495,                4.04756836532228,29679.499218490004, 47.82417194169931,29727.323390431702, 0.0009744640945124229
                0.08191606753667832,               0.007612192033856423,                      0.09466300875832383,                     -0.07413777550158374,         0.015150119741140396,                   1.194823838662929,               4.500135540819791,29675.326245071003, 66.12399942617948, 29741.45024449718,1.5012966397962744e-05
                  0.082089186303399,               0.008346303270733005,                       0.1003762538966781,                     -0.08358782018934603,         0.013973410707758928,                   1.251503443074222,               4.514019426972364,29678.320543858114, 71.69710373003046,29750.017647588145,0.00029982921863480627
                 0.0835579650962413,               0.007442166143746144,                      0.09702347461550213,                     -0.06106677858200148,         0.015875576504852815,                  1.1717743680214554,              4.3623047518188836,29676.099549833776, 63.10194974394056,29739.201499577717, 3.253183072670316e-05
                0.08279867706510544,               0.006651638827188212,                      0.11879744832229938,                      -0.0651041515702852,         0.015445184030471014,                  1.1777473242249967,              4.4627076010923785,29675.175855331923,  64.8853857183938,29740.061241050316,1.2916744787173747e-05
                0.08311036776407064,               0.008554058924972801,                      0.09736545439576588,                     -0.06970296945307673,         0.020812129841557957,                   0.954798556117676,               4.181671050504321, 29677.87500667277, 48.16734173218407,29726.042348404953, 0.0001920346560497719
                0.08428729568082775,               0.005716927458360538,                      0.10800213810690046,                     -0.07687535466805545,         0.015800202892094686,                  1.1314668719864498,               4.512137005302812,29675.483923305226,63.427611587018916,29738.911534892246,  1.75770221334016e-05
                0.08420616801741647,              0.0051678973225066085,                      0.11443599487268781,                     -0.07198895589965802,         0.019354662631615154,                  1.0096004822602778,              4.1807331818598135,29676.661239957906, 51.80822221593083,29728.469462173838,5.7048919758614404e-05
                  0.083247678839321,               0.005608158621422223,                      0.10867741411863896,                     -0.06912380082334331,          0.02063823851215639,                  0.9639827937749466,                  4.111273172023,29677.152893695926, 48.58458376446244, 29725.73747746039, 9.327600364883055e-05
                 0.0823104820889287,               0.007918013330643094,                      0.11638686436533487,                     -0.07653943789234607,         0.012906919346031772,                  1.3025740740563494,                4.63475201542868,29674.659950370366, 77.62361034936254,29752.283560719727, 7.710781571620507e-06
                0.08227745296356465,               0.006781342809162478,                      0.10894275306270881,                     -0.08386288665401417,         0.020037893049311365,                  1.0107517615219903,              4.1550979668795955,29667.422320959697, 50.04831915091878,29717.470640110616,5.5441616655089625e-09
                0.08329239338739454,                0.00735052675200293,                      0.10959042863899505,                     -0.06558277745787376,         0.021336997007375645,                  0.9384780338640476,               4.129729458595621,29676.901453076094, 46.99641140491558, 29723.89786448101, 7.253884847061872e-05
                 0.0834048754265258,                0.00859664081848327,                      0.10984146838493314,                     -0.08619649407935763,         0.017012066793054465,                  1.1172435162705483,               4.332122175312019,29675.299947095424,58.929167970114925, 29734.22911506554,1.4623301924533455e-05
                0.08392512836922773,               0.005721074786901234,                      0.10956313554795198,                     -0.06665810635690478,         0.013161884761903983,                  1.2887082860446197,               4.660524642684373, 29678.84566056444, 76.10764694443525,29754.953307508873, 0.0005069081115747141
                0.08246232614689529,               0.008854403392517722,                      0.10259304423757583,                      -0.0678550108553207,         0.012272325549485912,                  1.3523559199752724,                4.72078210841009,29678.480830694327, 81.60641576316686,29760.087246457493, 0.0003519537861230924
                 0.0853462895533622,               0.007428328440445689,                      0.10531465366860375,                     -0.08508839311192029,          0.01454419849682669,                  1.2129225545365536,               4.508081936394914,29679.443215485393, 68.89855052795791, 29748.34176601335, 0.0009213911694554486
                0.08368262724481611,               0.008564900796401693,                      0.09947836266777939,                      -0.0796390381561856,         0.012153251626173672,                  1.3551618476193692,               4.705728710846694, 29676.43601854441, 82.41203079380684,29758.848049338216, 4.554440242808423e-05
                0.08345058098121522,              0.0063839713201659255,                      0.11466283032551393,                     -0.08519545026299666,         0.015258198809733028,                  1.1743091231845841,               4.446060556728527,29678.559167444528, 65.69081623639802,29744.249983680926,0.00038063336976648963
                0.08271337224311637,               0.008432671351612986,                      0.09957814248635358,                     -0.07297117959403708,           0.0160115367757513,                  1.1639085348382292,                4.30617452702443,29678.231154232883,62.578040337442445,29740.809194570324, 0.0002741905811130003
                 0.0824874748461245,               0.008411866263847028,                       0.0949576964560211,                     -0.07197203444870066,         0.013415831001491428,                  1.2938138030844848,               4.586226100205565, 29679.05331037808, 74.65587018983271,29753.709180567912, 0.0006238934254963276
                0.08426277297252109,               0.007023533488395643,                      0.11672725505080939,                      -0.0852460070467085,          0.01661078961933892,                  1.1153461153405524,               4.422884168415497,29678.429697642096,60.357621147809326,29738.787318789906, 0.0003344096790517965
                 0.0830746665653037,               0.007449467630796935,                      0.08827299995334399,                      -0.0699385381641945,         0.013516748864866108,                  1.2742975198923567,               4.594434008240979,29679.364449220895, 74.09140088129406, 29753.45585010219, 0.0008516012527936837
                0.08533438949753487,               0.007914083493714395,                      0.09608850481926683,                     -0.07998966411434923,         0.014918215835316006,                  1.1936447330177162,               4.583270461613223,29678.338122691268, 67.15978862911207, 29745.49791132038, 0.0003051464650122557
                0.08413546761893462,               0.005459316832172577,                      0.09928322370016943,                     -0.06585049178697072,         0.015911662050693512,                   1.137063003114322,               4.473756732433958,29678.187925433267,62.965330459209255,29741.153255892477, 0.0002625901932882664
                0.08321893667493242,               0.006450369605275289,                      0.09430101805600684,                     -0.08585465968362117,         0.016080591683489822,                  1.1463382884613456,               4.327404662578726,29679.069393888203, 62.31582595006985,29741.385219838274, 0.0006340089502379751
                0.08355224208342699,              0.0064525102078284826,                      0.11033791753819529,                     -0.07417259089799062,         0.019235539811217575,                  1.0019204491905975,                4.22749798153748, 29676.72637161787,   52.124318223761, 29728.85068984163, 6.088828557362362e-05
                  0.084010197971542,               0.006555726457268213,                      0.11581806936673682,                     -0.08928818136303772,         0.015501297562703721,                  1.1646044358252696,               4.494455140014398,29677.464214812888,  64.6689891292027,29742.133203942092,0.00012734296979799385
                 0.0808318888404946,               0.006089749119407732,                      0.10727625605649237,                     -0.06465253056405701,           0.0181277208553137,                  1.0681498585038887,               4.181116588577853,29677.414859313965, 55.28779401069502, 29732.70265332466, 0.0001212104749879933
                0.08199354982356401,               0.005878312827128432,                      0.10329104337477778,                     -0.06628070159359735,         0.021810812172908655,                  0.9357516081888415,               4.040633537293513,29680.089403731687,45.970040313985436,29726.059444045673, 0.0017582476083024558
                0.08299143453308157,               0.008484236101451362,                      0.10181926079269159,                     -0.06424083286998278,         0.013187483299854986,                  1.2871966433785036,               4.658641420763322,29679.369469407142,  75.9486666190516,29755.318136026195,  0.000855887198813086
                0.08336964758022417,                0.00916432433712848,                       0.1064233376722984,                     -0.07105402735605244,           0.0158325825349748,                   1.164309466369119,              4.4236080650199145,29678.943232535217, 63.29094022310681,29742.234172758323, 0.0005588615222727064
                 0.0853167684419514,               0.007185874073020272,                      0.11627675557247574,                     -0.08151310603620515,         0.013784602918575833,                  1.2535455263205428,               4.616799359247974,29678.758009844594, 72.69745989646334,29751.455469741057,0.00046436878315218416
                0.08275832186231984,              0.0065793905293927745,                      0.10803888107591332,                     -0.08092769450387154,         0.021146408172652703,                  0.9441577179919637,               4.117787494044592,29676.246060008612, 47.42887663224801,29723.674936640862, 3.766492130146509e-05
                0.08365071212090419,                 0.0094784032474233,                      0.10585224499850346,                     -0.06942799196268061,          0.01821849540679989,                  1.0602379920202618,               4.279753390961185, 29679.78720251112, 55.01767600800548,29734.804878519128, 0.0012996778360961226
                0.08378711346961616,               0.007384579283041318,                      0.09654747092961902,                     -0.08855413523356932,          0.01709676464833096,                  1.1033406978746938,               4.276865667392346,29680.001316676764, 58.62525459003189,29738.626571266796, 0.0016099942072536678
                0.08306474351009882,                 0.0072379473642706,                      0.09572406357551308,                     -0.07901647430164198,         0.017780717237025994,                  1.0811374019975388,               4.331117443712645, 29675.11246367618,56.364916677304784,29731.477380353484, 1.212334411194771e-05
                0.08269571749050326,               0.006481621510885921,                       0.1123738768294918,                     -0.06641106556126425,         0.023356800937015847,                  0.8917843869272466,               3.950099424268063,29676.143502385126,  42.9469652420271,29719.090467627153,3.3993576094069264e-05
                0.08227366449347999,               0.006632327621322417,                      0.09592133593527612,                     -0.07084996996411909,         0.017336978989773183,                  1.0794516017076405,               4.277282621001531,29677.947821627808, 57.79702916889422,29735.744850796702,0.00020653932106144349
                0.08327098556349538,               0.007104670225888603,                      0.11421099364320592,                      -0.0795515175134151,          0.01677014837004023,                   1.095327852268278,                4.42855520316164,29678.418095892528,59.776193114121035, 29738.19428900665, 0.0003305523607890828
                0.08253361403089161,               0.007826397603296589,                      0.08698368310246708,                     -0.07454412399191995,          0.01609110069018949,                  1.1583726251994517,               4.387698262829829,29674.502431811077, 62.25724175966822,29736.759673570745, 6.587019659903652e-06
                0.08217897493528668,               0.007461628475023949,                      0.11055637148808627,                     -0.07902373580588923,         0.013428468637326172,                  1.2801806229889037,                4.54498018229565,29677.855073596198, 74.60908026092292, 29752.46415385712,0.00018824471264888327
                0.08484636702070254,               0.006981868543543819,                      0.08943175846130906,                     -0.07567874200882006,         0.015037941846046678,                   1.184392242881121,                4.54909420406772,29679.571370231468, 66.61497817300777,29746.186348404477, 0.0010473719644638556
                0.08356505703757629,               0.008069729079921475,                       0.1007828471711016,                     -0.07230038878713267,          0.01650736187151434,                  1.1362379455239247,               4.268285464794963,29679.461710054034,  60.7036583029411,29740.165368356975, 0.0009385904581499991
                0.08262012796819028,               0.007449808288491652,                      0.10394591835698382,                    -0.059287958808109074,         0.018372573577998007,                  1.0469426546906226,                4.19892523701265, 29678.43925728708,54.546741622939855, 29732.98599891002,0.00033762184598767284
                0.08383507510345385,              0.0063150556690048905,                      0.11754379113000668,                     -0.07929069270216448,          0.02089348925173323,                  0.9607380586034047,               4.115070296074162,29679.065334767416,48.012754017775514, 29727.07808878519, 0.0006314406473809707
                0.08405218698440096,               0.009034365733442436,                      0.09526315830038327,                     -0.06950716954437818,         0.013029433539828784,                  1.2836122917825714,               4.694696691843683, 29674.44575455466, 76.86626687722857, 29751.31202143189,  6.22406815948435e-06
                0.08524120513453766,                0.00757035206359408,                      0.11605793850085869,                     -0.07232823644924655,         0.015372447154095597,                  1.1665175315386405,               4.526669678468581,29679.254523697557, 65.19603031404647,29744.450554011604, 0.0007629502917886187
                  0.081058126203016,               0.007139101471398715,                      0.10613358690917338,                     -0.08483725720167773,         0.016891133576058804,                  1.1134764971279194,              4.3389771762578535,29677.144240524605, 59.34200821594166,29736.486248740548, 9.247235248935151e-05
                0.08220784586936823,               0.006229721840084639,                      0.10958161327224744,                      -0.0655350222567764,         0.014643965244886483,                  1.2249232237851464,                4.49728326240121,29674.041630065818, 68.41584807613337, 29742.45747814195, 4.154945240533879e-06
                0.08319610104524643,               0.007467678763621267,                      0.11145648753542074,                     -0.06738927421705379,         0.011413278430850141,                   1.404290058436806,               4.812618906904533,29675.735144941766, 87.75025068195626, 29763.48539562372,  2.25969315513133e-05
                0.08432488070554123,               0.005780404379007558,                       0.0966385757735968,                     -0.07510192344631969,         0.013435217239026888,                  1.2847310422629707,               4.635306806253355, 29679.69469561409, 74.55415686669863, 29754.24885248079, 0.0011848421018631305
                0.08430188318092967,               0.007965771598744719,                      0.11373175224061252,                     -0.07031701037906207,          0.01237285209701445,                  1.3188892491489674,                4.76985617272717, 29671.29339096902, 80.96127368015526,29752.254664649172, 2.660849001171187e-07
                0.08433797739725014,               0.005529322993282846,                      0.10344605679979835,                     -0.08610557681224769,         0.011535693393074182,                  1.4059751219307979,               4.790047964480429, 29677.12430591671, 86.82778975280415,29763.952095669512, 9.064720464531174e-05
                0.08587748658504402,                0.00751796173488904,                      0.10486961357326766,                     -0.07934384256606937,         0.012135227252649029,                  1.3532511671230258,               4.747543123844565,29677.363426621592, 82.54207825523137,29759.905504876824,0.00011513390068609336
                0.08282430519835914,               0.007044572475420241,                      0.10064828013077827,                     -0.06660433917828115,         0.011870451418291577,                  1.3750605872237223,               4.780497099914538,29678.086547637293,  84.3621040228474, 29762.44865166014, 0.0002372742916177913
                0.08321853818241724,               0.006561428446015362,                      0.09912064582942913,                      -0.0709497438931009,          0.01216456950526421,                  1.3632126676321106,               4.644529249540109,  29675.8480119119,  82.3272125371769,29758.175224449078, 2.529688068704899e-05
                0.08249347141477774,                0.00907361755761593,                      0.09820326211906748,                     -0.07049193767376637,         0.018141568768797356,                  1.0594478244825631,               4.315645427447529,29678.939474393483,55.241471809798114, 29734.18094620328, 0.0005567651830991978
                0.08232740133316362,               0.007816656029882938,                      0.10980542593347674,                     -0.08050281885844511,          0.02093191516071517,                  0.9527576498500315,                4.10217460424142, 29675.55314298919, 47.91491960779158, 29723.46806259698,1.8836795650133493e-05
                0.08175889792417104,                0.00841513200636962,                      0.10122577623165788,                     -0.07121927817815081,         0.017823747659106604,                  1.0738362450218573,               4.218464071121106,29679.277028577675, 56.22755786849223,29735.504586446168,  0.000780315059764713
                0.08271619403672538,               0.009036546158529071,                      0.09541023741842543,                     -0.08677870975362835,          0.01779962367531675,                  1.0880131495542962,               4.288245348302898,29671.036236825334, 56.31183685957562, 29727.34807368491, 2.057498864234717e-07
                0.08278590577249183,               0.006377152227725595,                      0.11227123519103441,                     -0.09010623698717866,         0.020016099492086707,                  1.0012125336257967,               4.116310249123614,29678.822506483622,50.113217745487226,29728.935724229108, 0.0004953059571363209
                0.08411552716356986,               0.004592551599927077,                      0.10477516117283261,                      -0.0717500560282512,         0.016601296184199074,                  1.1200615155628388,               4.383227651970484,29677.806247137953,60.365273839719464, 29738.17152097767,0.00017927417200471724
                0.08253169200833224,               0.005443098009483249,                      0.11323778374089474,                     -0.06795869414268108,         0.015917410155173912,                  1.1401547295578933,                4.43476085161099,29678.259456030803, 62.95919212135035,29741.218648152153,0.00028206152306251323
                 0.0844326689771103,               0.007470189893994615,                      0.10742763605367653,                     -0.06857103799549784,         0.015605378632116959,                   1.153140971617253,               4.553950459467872,29678.419111163264, 64.21062219450211,29742.629733357768,0.00033088813134800544
                0.08291575729424049,              0.0068400179983879586,                      0.08738928076817104,                     -0.08478849938589884,         0.017882027471743788,                  1.0802414553240323,               4.195034204525484,29678.150065326627,  56.0428914724115,29734.192956799037, 0.0002528343446017268
                0.08150747524780111,               0.006713059780583021,                      0.10292816411141122,                     -0.07039500279575994,         0.015845420516068617,                  1.1712134221627657,               4.301386831808667, 29679.11343257044,63.233262254381245, 29742.34669482482, 0.0006625537944075345
                0.08287877682334355,               0.006684885226337199,                      0.09504143118167097,                     -0.07307499426178297,          0.01604831356634434,                  1.1439834157191089,               4.457137884752723,29678.654617394135, 62.43010110999617, 29741.08471850413, 0.0004187552319893357
                0.08452982716922634,                0.00679457120962106,                      0.09424461975652042,                     -0.07796072516888924,         0.010443811283737302,                   1.482426704362286,              4.9024022221065575, 29671.20535883344, 95.87354864218032,29767.078907475618,2.4366231105862153e-07
                0.08402106328604152,               0.009307184528405172,                       0.0932380062566957,                     -0.07845469814211828,          0.01930709381433074,                  1.0089136011945663,               4.230579708294046,29679.163645309713, 51.91662657079493,29731.080271880506, 0.0006966718475526756
                0.08202451610227056,                0.00808797217301206,                      0.09867842333748932,                     -0.08172354565552704,          0.01416191264697651,                  1.2316580003033888,               4.554128749421631, 29679.72378224775, 70.74087334867099, 29750.46465559642, 0.0012198112723672855
                0.08471252908912975,               0.006608076521735556,                      0.09527445151189383,                     -0.08210878927398617,         0.013940264713474922,                  1.2509454537838456,               4.618746563351529, 29679.82909847144, 71.86264346036485,29751.691741931805,  0.001355285828579397
                0.08203866382475028,                0.00614793811436041,                      0.08821300928117203,                     -0.08017957727656698,          0.01628643367922326,                  1.1463019794872982,                4.30268166696006,29678.434649656992, 61.51734338102936,29739.951993038023, 0.0003360697878132751
                0.08290106025491392,                0.00611841548767688,                      0.10730814096804762,                     -0.09055458658970741,           0.0187515313415407,                   1.048512608397363,               4.209170269671545, 29676.15764350122, 53.47689560127874,  29729.6345391025, 3.447769814565116e-05
                0.08651398481746049,              0.0068857267015402564,                      0.09896273041584566,                     -0.07210784341273603,         0.016471900668414734,                  1.1218772553556309,               4.429603104661986,29678.670489383287, 60.83458843161469,  29739.5050778149, 0.0004254547370802878
                0.08394822385030984,               0.008243936508444148,                      0.11662767393861721,                     -0.07268178591741971,          0.01521610663313128,                  1.1680321027294822,               4.522034096454166,29678.807852107235, 65.86427788217426, 29744.67212998941, 0.0004881004820334853
                0.08224423916844605,               0.006609755458108405,                      0.10305982733051934,                     -0.07463728601803803,           0.0197756809826697,                  0.9834128659067124,               4.198009540516436,29675.114441654845,50.694935747187586, 29725.80937740203,1.2147347559258682e-05
                0.08374296724464907,                0.00786142130358627,                      0.09750499305593792,                     -0.06558827082330615,         0.020954500200273098,                  0.9681501793749244,                4.01571943326904, 29678.27842824501,  47.8384665267548,29726.116894771763,0.00028746394056154484
                0.08354312087249556,              0.0068726255898985756,                      0.09392978391975941,                     -0.08094311493371681,         0.017209865393216933,                  1.1129360316977404,               4.262482667179686, 29679.24049245953, 58.23065848853271,29737.471150948062, 0.0007523199077698981
                0.08208848440950993,               0.009257074436703304,                      0.10304537536045974,                     -0.07795768751590876,         0.016492826324078048,                   1.129377933224902,               4.377247697864427,29679.570504129842, 60.76308811898153,29740.333592248822, 0.0010464652266232398
                0.08314806923103009,              0.0074106237050406195,                      0.09044359779159139,                     -0.07923892461645299,          0.02078637832824654,                  0.9581458414835784,               4.130667444100821,29677.139179731854,48.227469658918565,29725.366649390773, 9.200555126657912e-05
                0.08295173901071841,               0.006526891841957632,                      0.10631691391389579,                     -0.09391618842582232,         0.014622215941115657,                  1.2149055847645422,               4.512211069375427, 29677.77177498023, 68.53934894987516,29746.311123930103,0.00017319950938213065
                0.08215545726249339,                0.00796853657182251,                       0.1053555341889958,                     -0.07189475423433594,         0.014953732458137905,                  1.2136144051310278,               4.364749237407171, 29676.98661072226,  67.0011678757221, 29743.98777859798,  7.89867333027203e-05
                0.08470499091976312,                0.00894722840886702,                      0.10513380285400897,                     -0.07666390220898718,         0.014760802413887796,                  1.2009551217384806,               4.472930509557663,  29678.1883428207, 67.88135816336846, 29746.06970098407, 0.0002626998180114042
                0.08235603761142574,               0.007871009925094662,                      0.11282879932974825,                      -0.0640045840018305,         0.016915691659358873,                   1.125397719215726,               4.260298195551757,29675.738937293478, 59.24821548426296, 29734.98715277774,2.2682789762735675e-05
                0.08317581774152058,               0.007105975548049712,                      0.11942564463110633,                     -0.06604416920702756,         0.015409902358154917,                    1.17905344259239,               4.430367366879593,29678.470257557256, 65.03552134364683,  29743.5057789009, 0.0003482521340214573
                0.08295905799940652,               0.008370094581141548,                      0.10093133195397593,                     -0.06899544301414551,         0.018320111763055997,                   1.044486562056268,               4.231970247005197,29680.021086924095,54.706485219830746,29734.727572143925,  0.001642140918071463
                0.08423342347435352,               0.006682814891703375,                      0.10524522581998161,                     -0.06415798299162288,         0.017360136903615615,                  1.0890292298655948,                4.37315617295326,29679.027850495917,57.727303112401046, 29736.75515360832, 0.0006082096728305136
                0.08623838906512309,               0.007434354304471679,                      0.10640907767959756,                     -0.07106294202653367,         0.017676439597272352,                  1.0700763357871317,               4.381295820112784,29678.036020158972, 56.70506279084341,29734.741082949815,0.00022558326619402126
                0.08233822719461233,               0.005619835564457216,                      0.09788281899830115,                     -0.08569751236437322,         0.015883739047635025,                  1.1615479701174376,              4.3052543501392595, 29677.19873108617,63.089336653047816,29740.288067739217, 9.765103627470717e-05
                0.08548743470923803,              0.0057534273104329035,                       0.1094272137253045,                     -0.07574297587006264,         0.014751750935425778,                  1.1944828967167094,               4.540908226559933, 29677.74655061809, 67.92774380908097, 29745.67429442717,0.00016888530253994548
                 0.0835888151552242,               0.008845489951978485,                      0.09679406155993467,                     -0.07609050237813812,         0.019423071330419837,                  1.0122754799541616,              4.2756221612636445,29677.137085288738, 51.60863104840981,29728.745716337147, 9.181305253226861e-05
                0.08426820679514639,               0.007221628778578611,                      0.10660163479085431,                     -0.06165993005419217,           0.0131708013876631,                  1.2821589072514985,              4.6653708808103875, 29677.79878777605, 76.04951945027837, 29753.84830722633,0.00017794187629147554
                0.08378917684626622,               0.007702152798400084,                      0.08919380865036981,                     -0.07510098207110656,         0.018846830428784784,                  1.0367941603567505,               4.260473090796597,29679.116204579925, 53.17418432372809,29732.290388903653, 0.0006643929477068319
                0.08339423331853174,               0.007066986109152744,                      0.09639807845064267,                     -0.06630156084298569,         0.013366913271631541,                  1.2814225425543444,               4.578065721870747, 29679.29393777724, 74.92654862421836, 29754.22048640146, 0.0007936217485093051
                0.08351985418801276,               0.008262223638531354,                      0.10597613902820953,                     -0.08814603687344655,         0.018068420818243527,                  1.0539232998938006,               4.341242746150783,29679.081668386956,55.489871507351296,29734.571539894307, 0.0006418390492686168
                0.08436569750321017,               0.009894496458922312,                      0.10297974240806808,                     -0.07743866550084995,          0.01233714492828623,                  1.3389116818327578,               4.713675728843418,29673.894603131783, 81.18834778098524, 29755.08295091277,3.5868425932016624e-06
                0.08430147381236178,               0.009705426757490572,                      0.10768537108223276,                     -0.06898676515173068,         0.012236524110635146,                   1.349803591647969,               4.765921625004955, 29677.62408388827, 81.85342184082437,29759.477505729094, 0.0001494187955228912
                 0.0847059170370462,               0.007847723376695655,                       0.1098471863338929,                     -0.08433715038919652,          0.01309502384777948,                  1.2944408630391269,               4.616217754825125,29677.008024054136, 76.51164040568378,29753.519664459818, 8.069634131349608e-05
                0.08256352953446743,               0.006500937602852977,                      0.11907402045190804,                      -0.0781694536268721,         0.017554658038019685,                  1.0725166728590816,               4.359799898368443,29676.233890375202, 57.11576030691247,29733.349650682114,3.7209330824090455e-05
                0.08538222665933058,               0.007743296967158576,                      0.09781573062755648,                     -0.06662834840216424,         0.014921226106951777,                  1.1904535921407493,                4.49408748852097,29679.739630404074, 67.13727305339398, 29746.87690345747, 0.0012392970309284398
                0.08126897199395872,               0.005822019197147797,                      0.09855339820141301,                     -0.07379355499957171,         0.021202821575058713,                  0.9483524313564321,               4.036411709085699,29674.488817765552, 47.28462752554488,29721.773445291095,  6.49795134013117e-06
                0.08428665785514657,                0.00677026785063859,                       0.0874543136725182,                     -0.07307192430904541,         0.018048102706743577,                  1.0644011088585144,               4.308741728225696,29678.750068029294,55.519362998693275,29734.269431027988, 0.0004606954577882018
                0.08345410248458346,               0.005917096229364082,                      0.11086263520862635,                     -0.07069691295335576,          0.01376474951345393,                   1.276054290303536,              4.5101894523206285,29678.758795603084,  72.7842766817226,29751.543072284807,0.00046473380825788385
                0.08117946743661843,              0.0066646864946837735,                       0.0952654296294372,                     -0.08182674387345315,         0.019270812533956592,                  1.0250404904864363,               4.148476517400414,  29678.2589473806, 52.01642368916202, 29730.27537106976,0.00028191808889372266
                0.08337065093757282,               0.009051189763543523,                      0.09421716010641996,                     -0.07348660149117421,         0.015634904897026795,                  1.1606356061417928,               4.499969306687712,29679.617151596998, 64.07784270659373, 29743.69499430359, 0.0010964366376936211
                 0.0842315810025646,              0.0058911312825544035,                      0.10472568392404288,                     -0.07070629762514123,          0.01716133134981162,                  1.0823001577264681,               4.351853483363828, 29679.02020461949, 58.39885135227585,29737.419055971764, 0.0006035771094021772
                0.08400269618630242,               0.007581433110559278,                      0.08973723054263627,                     -0.08399182639006406,         0.012950323725470404,                  1.2948221083339724,               4.676582035729707, 29675.65756658622, 77.34159873789359,29752.999165324112, 2.091017263381379e-05
                0.08421987702741222,               0.008328087056531932,                      0.10157695522855291,                     -0.08984214021574806,          0.01823960860926888,                   1.066925158645311,               4.216976623227901, 29678.15421186013,54.967692470787334,29733.121904330914, 0.0002538849072733782
                 0.0819721193720557,              0.0073119857846759475,                      0.11341604181753996,                     -0.06869568293415758,         0.015748697740110416,                    1.16271076088717,               4.350011725343857, 29679.31624903887, 63.63262025601095,29742.948869294883, 0.0008115274576852162
                0.08475559302176962,               0.009448914756085102,                      0.09418097757261697,                     -0.06739020089964011,         0.012757320969192206,                  1.3207467950639464,               4.668064461434225, 29676.99239129181,  78.5012763083583,29755.493667600167, 7.944464382486948e-05
                0.08489964547653364,               0.007180344975016093,                      0.08757410164121353,                     -0.06738557074102347,         0.015379166613472193,                  1.1761282144813765,               4.441001755343492,29679.101387402017, 65.13119335644168, 29744.23258075846, 0.0006546210936329446
                0.08494251798304787,               0.008822345394537365,                       0.0977187288423378,                     -0.08172839627587213,         0.014023758723293325,                  1.2289712449230152,               4.645143073665986,29678.557866933177, 71.43823407203818,29749.996101005214,0.00038013867349748583
                0.08168634294474321,               0.007018982751812317,                      0.11855709653234646,                     -0.07025417784927135,         0.016654319212652945,                  1.1399827218321295,               4.254711937176404,29673.589696591964, 60.18733578673155,29733.777032378694,  2.64419263088626e-06
                0.08458898908201044,               0.008962902692384747,                      0.09656644905756692,                     -0.07624941614410571,         0.014740774800121838,                  1.1983534086510166,               4.592196551264543,29679.920702087584, 67.96334302946192,29747.884045117047, 0.0014852988411356378
                0.08432852119117536,                0.00655746536770411,                       0.0957491831098267,                     -0.08574069902233532,         0.016958740989978505,                  1.1142092514934923,               4.368188714143551,29676.881495255002, 59.09816189304048,29735.979657148044, 7.110548212242173e-05
                0.08286540631742904,               0.007438972089810221,                      0.09584462939010438,                     -0.07999820265097855,         0.019309730791738217,                   1.029395995270225,                 4.2097608209789,29675.761763017657,51.912405030980324,29727.674168048638, 2.320649510438621e-05
                0.08595126312340624,               0.009227760530329617,                      0.11350463773904429,                     -0.07900180122999882,          0.01216801835227668,                  1.3544053428707055,              4.7912763813944395, 29675.72114661735, 82.33041364246009, 29758.05156025981, 2.228281604734045e-05
                0.08327562737687277,               0.008178823838344737,                      0.10745181898239337,                     -0.08561660897572292,          0.02093141864004416,                  0.9732554271032252,               4.087260810747026,29680.483262237292, 47.91883611194018,29728.402098349234, 0.0011525887407802201
                 0.0833637645160831,              0.0056117972357213304,                      0.09580997537375607,                     -0.08448479153484438,         0.015424902242552042,                  1.1764360844494528,               4.412067498610004,29680.174419457064, 64.95966725751715, 29745.13408671458, 0.0008463415403937299
                0.08403159077558661,                0.00792120164836107,                      0.10027741332918272,                     -0.06268934990799536,          0.01927221185979962,                  1.0304530031135017,               4.136738673433202, 29680.18278417002,52.005455482064946,29732.188239652085, 0.0008534506357634119
                  0.084453066595007,              0.0064185280241699115,                      0.10423770564376511,                     -0.07649791165305794,           0.0156676447961081,                  1.1460075445100855,               4.476554441827805,29680.523211147884, 63.95852983439645, 29744.48174098228, 0.0011995654929594936
                0.08414107370194471,               0.008455966234686429,                       0.1013274821695444,                     -0.06991255717293751,          0.01363996357934213,                  1.2649551042087879,              4.5773064268220836,29680.941317106306, 73.43790234918906,29754.379219455495, 0.0018222378987799758
                 0.0832309548625146,               0.008271408418807124,                      0.09390172746461513,                     -0.06900337882238178,         0.015487202627129534,                  1.1646310295654285,               4.431387469309767,29680.274466786752, 64.68374444140564,29744.958211228157, 0.0009353963281712805
                0.08264058055764315,               0.007075231192727992,                      0.10437288084796788,                     -0.06546263887277094,         0.014574675961956558,                  1.2084799778238156,               4.533511919445445,29680.566036578784,  68.7347077307207,29749.300744309505, 0.0012520532865623675
                0.08467457397846162,               0.007739657734454353,                      0.09460755582175247,                      -0.0841072790868428,         0.014451543958279436,                  1.2256989938751437,               4.500417587659567,29680.791044444937, 69.32594930142184, 29750.11699374636, 0.0015679871066222944
                0.08247829478170066,              0.0071585146310464325,                       0.0969457490211139,                      -0.0635960635869247,          0.01649026525241758,                  1.1237393775269764,               4.368877408345457,29681.094874519913,60.754598646320666,29741.849473166232, 0.0021246833384088435
                0.08231222021252958,               0.007574838042425795,                      0.11109778778121097,                     -0.08222352856603937,          0.01473311325176546,                  1.2102738331019292,               4.490605929575177,29680.959931678328, 68.01840653369051, 29748.97833821202, 0.0018564757502447893
                 0.0835846631599442,               0.007205814316693596,                      0.08926668191782626,                     -0.07784195799740981,         0.017270912692678216,                  1.0883472033248707,               4.371681873892122,29680.384289659054,58.017854205990105,29738.402143865045,  0.001043977474620732
                0.08583699511361269,               0.006665890917256154,                       0.1048345533162967,                     -0.06961094685576572,         0.016111915766692575,                  1.1395748858497878,               4.440304231589348, 29680.35293385017,62.195023420557135,29742.547957270726, 0.0010117506065792094
                   0.08287859812542,                0.00733202100160169,                       0.1013745718286541,                     -0.08735103823870488,         0.020175606834677576,                  1.0010297237027268,               4.073032933004841, 29680.47831504608, 49.70274646137469,29730.181061507454, 0.0011469007452907794
                0.08266361855145454,                0.00725998296976238,                      0.10997333675502098,                      -0.0850306595388615,          0.02105467995903476,                  0.9722882209596294,               4.060389557910737,29680.315760843045,  47.6409917311923, 29727.95675257424, 0.0009748312471451653
                 0.0826993324037739,               0.006753992111558127,                      0.10026435306501613,                     -0.07245466501885546,         0.017753425081820044,                  1.0701058270044268,               4.339332862219637,29680.570184787066,56.450422564163816, 29737.02060735123, 0.0012572578517215894
                0.08224488343470464,               0.006807205316643412,                      0.10664627328130756,                    -0.061747964407798776,         0.017116474664468976,                   1.097365420483286,               4.310834375132289,29680.452260457452,58.545449848385374,29738.997710305837, 0.0011174046411854615
                0.08429104440755937,               0.007802242085829446,                      0.10016342923496156,                     -0.07564399658721396,         0.014788809470074443,                  1.2150033917660177,               4.425329899903446, 29681.12995027038, 67.74603177112775,29748.875982041507,  0.002200530625124698
                0.08325697693946683,               0.006874034993224022,                        0.091179918981435,                     -0.07427024327329029,          0.01888891464221775,                  1.0463287797736482,                4.16330245267984,29680.316541530232, 53.05670886356257,29733.373250393794,  0.000975592582553241
                0.08398283819443966,               0.006785610162978542,                      0.11448188016246122,                     -0.06605424450778269,         0.017053145212592605,                  1.0972075322759074,               4.360176953368703,  29681.1492637864, 58.77670029071893, 29739.92596407712, 0.0022434436756323664
                0.08492892005072512,               0.006540952515316705,                      0.09710721266673183,                     -0.06938034229588572,         0.013326166383934142,                  1.2875799172569917,               4.605226050094488,29680.530960467713, 75.15977548375743, 29755.69073595147,  0.001208897420968373
                0.08249486644492675,               0.008514847296924335,                      0.09476879256242261,                     -0.07618023329565404,          0.01356879932441734,                  1.2712472167162703,              4.5924654423081215, 29680.28924264881, 73.81883541524142, 29754.10807806405, 0.0009493202307904449
                0.08417659622294989,                0.00745435876724737,                      0.11402247875782344,                     -0.07981514708433936,         0.020524926940407036,                   0.981157466325564,               4.145589928238553, 29680.82109551078, 48.86853890100918, 29729.68963441179, 0.0016158219343999306
                0.08321453139657069,                0.00609045387643508,                       0.1075973932574952,                     -0.07298922690330938,         0.021456575868046755,                   0.958879218373488,               4.077973341785446,29680.077756776936,46.738349809257684,29726.816106586193, 0.0007683614881147701
                0.08113516492537498,               0.007016183770402677,                       0.0977907605608613,                      -0.0770724364336992,          0.01857098799132501,                  1.0428594909056101,               4.195573136434842, 29680.68687615544,53.970405382123054,29734.657281537562,  0.001412871855015483
                0.08335419682669615,               0.008727431991134784,                      0.10445832625788506,                     -0.07025524130112948,         0.018931973644020383,                  1.0275275951804286,                4.17959559085957,29680.714112352005, 52.94775821011354, 29733.66187056212, 0.0014518819423055048
                0.08246856863235225,               0.006549005146094658,                       0.1123716848185099,                     -0.07930378690397562,          0.01489965666536977,                  1.2156925145647368,               4.403628049033853,29679.804036547717,  67.2587540361329,29747.062790583852, 0.0005843733525301585
                0.08498214035649827,                0.00893544690575184,                      0.11118349579974007,                     -0.06856631538165218,          0.02146004354491079,                  0.9512524225392777,               4.091324673493144,29680.068741606687,46.733588549972815, 29726.80233015666, 0.0007614657085031497
                0.08353364440182523,               0.008412686359470886,                      0.09638517267404638,                     -0.06552011268130578,         0.014940593254105692,                  1.1964975050512876,               4.460009954429785,29680.357643396797, 67.04636664879695,29747.404010045593, 0.0010165267311004556
                 0.0848263378584052,               0.007588503086556957,                      0.11382899054404796,                     -0.06801158961149653,         0.015803643190786063,                   1.158424947640756,               4.401031224144383,29680.693738823666, 63.41452498428899,29744.108263807953, 0.0014226012724994827
                0.08237464274997487,               0.007393144317653098,                      0.09226434090828951,                     -0.07723314735495017,         0.022394618008124232,                  0.9335776199370934,               3.944645428714167, 29680.76314483888, 44.77201877031949,  29725.5351636092, 0.0015248454993391346
                 0.0823716222716917,               0.007184321386200241,                      0.11066659943815131,                     -0.08425316241095143,         0.018048793330989778,                   1.060679686944787,               4.285908322520581, 29680.72547140531,55.550823703490025,29736.276295108797, 0.0014684679691220248
                0.08340472208540738,               0.006892442128070801,                      0.10371945945840964,                       -0.068706998858338,           0.0172273141118633,                   1.108480779049681,              4.2828076018497345,29681.098024659896, 58.17225524365933,29739.270279903554, 0.0021313869414439877
                 0.0840606546973683,               0.007044350513717197,                      0.10183682438863859,                     -0.07100821649993062,         0.015312133198338716,                  1.1897221610014568,               4.471943550227717,29679.981066121654, 65.43284642257952,29745.413912544234, 0.0006975468324760055
                0.08435554311251726,               0.006693814273676998,                       0.1154469363171244,                     -0.07205914868077605,         0.013771241447501388,                  1.2541880107861636,               4.619113609738469,29680.331076290728, 72.75776779264957,29753.088844083377,  0.000989876139662614
                0.08260912833913676,               0.008842301027687993,                      0.10828275046182768,                     -0.07524592019079128,         0.013750416532934172,                   1.268340999864322,               4.569892384976764, 29680.11134871993, 72.86001162752613,29752.971360347456,   0.00079461065539568
                0.08523495708043984,               0.005824361339588999,                      0.10242394431261738,                     -0.07267602822329615,         0.015730090199920367,                   1.155395550223331,               4.467922739981345,29680.532645630163, 63.70060069654519, 29744.23324632671, 0.0012109363269689906
                0.08488920254480496,               0.009180143434270276,                      0.10601533000643845,                      -0.0710967060098141,          0.02263960885225954,                  0.9183152089575483,               4.012935937477734,29680.495276658476, 44.30139911842944,29724.796675776906, 0.0011665199474793545
                0.08341542291985116,                0.00679148075789983,                      0.10630858643656163,                     -0.07006564906108402,         0.012225694892575037,                  1.3656482868231548,               4.692601640001837,29681.163406980715, 81.92391366271804,29763.087320643433, 0.0022753985749889953
                0.08409986108674504,               0.006230999063538892,                      0.08988874322157246,                     -0.07915124733965746,         0.018728227480850936,                  1.0464178502850399,                4.20295499356539,29679.969732563935,53.514538930408335,29733.484271494344, 0.0006896857762015811
                0.08394223487155933,               0.006436605096793308,                      0.09122049160797757,                     -0.07174809352248109,         0.018159063824865804,                  1.0598338694783915,               4.214704786425281,29681.068904992193,   55.183122045134,29736.252027037328,  0.002070216614177958
                 0.0842410693031971,               0.007531725315195711,                       0.0962930649931806,                     -0.06423554828550512,         0.020164532283855268,                  0.9805119595824808,               4.158947519043693,29680.136241445205, 49.70620245370357, 29729.84244389891,   0.00081463892505363
                0.08592647783572459,               0.006852030020849716,                      0.10475663964194815,                     -0.07504317515912266,         0.018425943737970848,                  1.0463125422279886,               4.283279686254952,29680.985734906422, 54.40483621848033,29735.390571124903, 0.0019050021945297973
                0.08245737917827267,                 0.0060249401689999,                      0.11012135157408759,                     -0.07347707645819893,         0.014612715695967948,                  1.2286882353059914,               4.423684157910146,29680.204997411845, 68.56888881268681, 29748.77388622453, 0.0008726206671456177
                0.08367729110019555,               0.007110982126821423,                      0.10283582349722507,                        -0.06350548304968,         0.020921244180032182,                  0.9558498140374152,               4.130809888116612,29680.182471564436, 47.91864121941744,29728.101112783854, 0.0008531838840240658
                0.08472585680654324,              0.0078061583188910886,                      0.10807064040154404,                     -0.08096574066739992,          0.02141101450804687,                    0.95960954770456,               4.021338965452599,29680.985135462863, 46.84645598724602,29727.831591450107,  0.001903860595429519
                0.08419569345099351,              0.0077606245450401725,                      0.11291285102814329,                     -0.07667945794798571,         0.012178238957095064,                  1.3509283347327128,               4.772598916373942,29679.983096534117,  82.2568908147459, 29762.23998734886, 0.0006989645790761517
                0.08485609416422799,               0.008260055772660552,                        0.112718201854446,                      -0.0777882238866699,         0.015409393817601896,                   1.169089879658285,               4.512119416442565, 29680.79509583754, 65.04006382812288,29745.835159665665, 0.0015743525236832008
                0.08587164284547585,               0.007931789734793646,                      0.09874173378266453,                       -0.068245571008046,         0.015565619509757649,                  1.1644397446110404,               4.457049889960271,29680.983286460683,  64.3655072356104,29745.348793696292, 0.0019003436055023669
                0.08257364474226923,               0.007552504268594069,                      0.10382979376328422,                     -0.06496015786401606,         0.015645142643230955,                  1.1683059755686458,               4.437821806192668, 29680.47912391564,  64.0391347067679,29744.518258622407,  0.001147828813686011
                0.08480272489299051,               0.008403184505173376,                      0.10072219774181457,                     -0.07748819778706453,         0.018952978397215693,                  1.0190876594263685,               4.295152578379391,29681.146305255796,52.892219724585495, 29734.03852498038, 0.0022368161875074935
                0.08480743962320833,               0.006995111714026093,                      0.11463654091727798,                     -0.06847789991682998,         0.020588406306688553,                   0.969445016154279,               4.159597208770358, 29680.05287060168, 48.71031397301356,29728.763184574695, 0.0007494758794249122
                0.08250056802643467,              0.0056818389249712305,                      0.10575367018668275,                     -0.07199509255846329,         0.015070025543179367,                  1.1819301630918175,               4.490784793698443,29680.608751655574, 66.48580907476521, 29747.09456073034, 0.0013066935118603484
                0.08401682959693386,               0.009210795154809704,                      0.10094085072723896,                     -0.07675010193839733,         0.014198075726616789,                  1.2277121056018858,              4.6158867755264765,29680.805401433172, 70.56109795079308,29751.366499383967,  0.001590661054397721
                0.08269400285544883,               0.007691205686112558,                      0.09763123135028269,                     -0.06610261631019614,         0.017325188267490205,                  1.0981681571032227,               4.315894067499467, 29680.32496045747, 57.83497974934556,29738.159940206817, 0.0009838406969398372
                0.08534972208095278,               0.007933959323830104,                      0.10107905630267867,                     -0.07190854471628207,         0.014629100203457117,                  1.2158474212836645,               4.470547851084817, 29680.54540027782, 68.48321155094592,29749.028611828766, 0.0012264803114528373
                0.08248313275501999,               0.006635592929874042,                      0.10748675457345966,                      -0.0755419309041214,          0.01384358332877173,                  1.2614409588838835,                4.57104499552949,29680.291081226187, 72.36956312420931,29752.660644350395,  0.000951067234998887
                0.08339305853368997,               0.005700830966455858,                       0.1074322913425315,                     -0.07644525150056404,         0.015615504673908258,                   1.159710759342313,               4.400655674176928, 29680.25479241357, 64.17431914629589,29744.429111559864, 0.0009171728473444102
                 0.0836750772564561,              0.0065615098794627414,                      0.10545778589694017,                     -0.08316021645171182,         0.013142501365728983,                  1.2975585585279354,               4.676089468099312, 29680.73578959234, 76.22835813005926,  29756.9641477224, 0.0014836983360413277
                0.08513506487515038,               0.007968165403709907,                      0.09645016078130882,                     -0.08497297341357672,          0.01894601139295399,                  1.0249127098666382,               4.270788118842898, 29680.09333684197, 52.91397199000853,29733.007308831977, 0.0007804263516976475
                0.08504089928270044,               0.007491869552911904,                      0.10935305132716358,                     -0.06953648385827989,         0.016608666609508868,                  1.1290338769395079,               4.391428549520056,29677.881795317713, 60.34331545247937,29738.225110770192, 8.548140362596157e-05
                 0.0840240513480121,               0.006459265000093419,                      0.10271619844429712,                     -0.08170026792995862,          0.02306674121343756,                  0.8994666938447089,              3.9693822981940627, 29676.33400225314, 43.48761279702929,29719.821615050172,1.8183339927558515e-05
                0.08449776286149326,               0.006451008384050226,                      0.09655612503031018,                     -0.07653527306013054,         0.018417086356112007,                  1.0362304393028445,               4.331441150288583, 29680.12260591342,54.421639733544175,29734.544245646965, 0.0008036062790349104
                0.08500171961768578,               0.008269353923432709,                      0.10898602703014859,                     -0.07400723766352454,         0.022406647167716964,                  0.9049845786942954,                4.03264498365171,29664.721045533588, 44.76655059089182, 29709.48759612448,1.6452452128758845e-10
                 0.0845908063377197,               0.007166419970672845,                      0.10502630634959507,                     -0.07325588048561904,         0.020527632451088178,                  0.9539355492139494,                4.20145436765004,29671.432227829107,48.845956742671476, 29720.27818457178,1.3516370064569727e-07
                 0.0846979366302099,               0.006844574690544313,                      0.10115023734195519,                     -0.06383774014993128,          0.01408901068967224,                  1.2565731475551862,               4.491915978290971, 29678.44724456815, 71.09690001634823,  29749.5441445845,0.00015046764854855012
                 0.0857046887930527,               0.006979550483717731,                      0.10752010665018001,                     -0.06771147002571874,         0.019398535898495144,                  1.0179197336674524,                4.18303039414844,29680.613736062005,51.681056788061845,29732.294792850065, 0.0013132228623538812
                0.08170599631176172,               0.005561817769864684,                      0.10476211018790613,                     -0.08222957576420475,         0.015430252431933697,                   1.182417968116078,               4.406904516504436,29679.282425776168, 64.94355156984443,29744.225977346014, 0.0003468627988132566
                  0.085057237342449,               0.007379756505022532,                       0.0937900975209668,                     -0.07721947185156407,         0.019404107603216418,                  0.9970572668976295,               4.261341141695217,29677.248310780626, 51.65797238954605, 29728.90628317017,4.5368331325341535e-05
                0.08381015769016541,               0.007175397335799319,                       0.0993692524188683,                     -0.07825262762299805,         0.024202066576650166,                  0.8751418515120399,               3.872012501020894, 29674.14931364415, 41.44697088461666,29715.596284528765,2.0458578278721197e-06
                0.08361824491367302,               0.006113629834024016,                      0.10111000689816112,                     -0.07561020243707985,         0.022280107968255584,                  0.9364184491379098,               3.924842666462607,29679.016176397563, 45.01069437317526,29724.026870770736, 0.0002657829320430826
                0.08511252104654349,               0.007108762697436987,                      0.09427894633566967,                     -0.08467810222488974,         0.022258938626919512,                   0.917860673058709,               4.029954219561362, 29672.97853471439,45.055514014423025,29718.034048728816, 6.344722344695496e-07
                0.08314100496644432,               0.005736043218161228,                      0.09875641474590548,                     -0.07871540598912284,         0.016996589171463936,                  1.1203634044800372,               4.253280806805297,29679.799399335912, 58.96252436334741, 29738.76192369926, 0.0005816697629248963
                0.08344005315353088,               0.005963809069316415,                      0.09437892470972789,                     -0.06634730981634267,         0.016867454957929955,                   1.125774763043642,               4.293732156622964,29677.684207406186, 59.39858426786497,29737.082791674053,  7.01552707610835e-05
                0.08479649358175723,               0.008776744752284751,                      0.10952483371811543,                     -0.06313281756458386,         0.017649487936395862,                  1.0775412863283456,               4.285002661507289, 29679.88578119811, 56.78802824681885, 29736.67380944493, 0.0006341495001119184
                0.08324139308133666,              0.0061373727257520785,                      0.11036002125549521,                     -0.08575468346766958,         0.014824114036777322,                  1.2060781462798205,               4.498634209614209,29680.542595965806, 67.60487920349681,29748.147475169302, 0.0012230456960971392
                0.08327467418936386,               0.008880075437002418,                      0.11168813912528534,                      -0.0706418344771564,         0.013321184744803047,                  1.2888777564687643,                4.60905321599062,29679.590202927946, 75.20438722159845,29754.794590149544,  0.000471871385953716
                0.08252472265590846,               0.009346369175502847,                      0.09923974304367902,                     -0.07338927457760618,         0.016563425806184154,                   1.123556578310866,                4.38457556546371,29680.426241803427, 60.49694037008184, 29740.92318217351,   0.00108870624225536
                0.08311553377537322,               0.007667797108126639,                      0.10914285385897056,                     -0.07917579842844355,         0.012780620204276543,                   1.309406419450386,               4.704024803491251,29680.297412588443, 78.38317511679277,29758.680587705236, 0.0009571078887982293
                 0.0843637256147421,               0.006814297847408813,                      0.09878921472078663,                     -0.07039823671556905,         0.020842687286534267,                  0.9839319656847201,               4.009879455248274, 29679.48825096247, 48.10000757240298,29727.588258534874, 0.0004261342747683972
                0.08406225838801626,                0.00632500670100546,                      0.09058177833091645,                     -0.07228527753880118,         0.021501404205191525,                  0.9462342756148513,              4.0655233730367115,   29680.289299852, 46.62268306016343,29726.911982912163, 0.0009493745364887168
                 0.0841727629928462,               0.005769204998123136,                      0.10273578053197588,                     -0.07403731822373577,         0.017763154852812213,                  1.0919961923887405,               4.207719462474104, 29677.75761422756, 56.42494206391768, 29734.18255629148, 7.549887539270075e-05
                0.08539787410083576,                0.00806980097153981,                      0.10772600805094303,                     -0.07862219718318027,         0.014127857972736746,                  1.2277579918990302,               4.644490428718881,29679.969460745837, 70.92182885928224, 29750.89128960512, 0.0006894983326017299
                0.08351313339288453,              0.0049503089653976816,                      0.10398081414085233,                      -0.0715222007234596,         0.017550851428849785,                  1.0932547349962745,               4.245716519397781, 29678.31556198676, 57.10466155673771,  29735.4202235435,0.00013190283062546187
                0.08212135066965087,               0.006531280823255584,                      0.10548197521038762,                     -0.08778718146468857,         0.018423388767032062,                  1.0652106290838075,              4.1799785520613675,29677.304940129565,54.421161878244824, 29731.72610200781, 4.801164869861789e-05
                0.08376505510591185,               0.005562850641750767,                      0.10294231384189291,                     -0.06902635899672087,          0.01737952432852653,                   1.077069621039967,               4.371719572903894, 29680.27895442823,57.663470132282136,29737.942424560515, 0.0009396034845775216
                0.08385559678441372,               0.008641063822622544,                      0.10453869711057351,                     -0.07811414864812562,         0.017654618716495693,                  1.0651614155509144,               4.392267344958884,29680.467348625658, 56.77649356383597,29737.243842189495, 0.0011343920626332728
                0.08140747707429365,               0.007211536016518111,                      0.10849381389281905,                     -0.08249108840655131,          0.01680820627290927,                  1.1168008646792016,               4.338599245767926,29678.911146767008, 59.63505304423041,29738.546199811237,0.00023928380118644376
                0.08463247574584438,               0.009379315086704665,                      0.10588718509270004,                      -0.0736217656037897,           0.0176568635616591,                  1.0718454991307889,              4.3563496848777845,29680.798931136364, 56.76788275625017,29737.566813892612,  0.001580402229864248
                0.08438048180707784,               0.007754670078661353,                      0.11237516081856798,                     -0.07155884386326533,         0.013440517845142426,                  1.2939872330161224,               4.581287702365612, 29679.11942038269, 74.54038988633211,29753.659810269022, 0.0002946899880521145
                0.08308684579263063,               0.004935037999378289,                      0.09840474814379038,                     -0.07643534441882811,           0.0168311844416491,                  1.1116421370040257,               4.319033050413671,29680.012454647003, 59.53826755836881, 29739.55072220537,    0.0007197890479523
                0.08494922438612501,               0.008547151137720628,                      0.09980025066637707,                     -0.08676150008960314,         0.016398971872609865,                  1.1247162717544568,               4.436541008292783,29679.857760279323, 61.11708300156336,29740.974843280885, 0.0006166266975037869
                0.08270895554875304,               0.007016770660654818,                      0.09844453632843767,                     -0.07752637681017689,         0.017440946646396505,                  1.0777102815715158,               4.378721663821289,29679.695269534197, 57.46184660456773,29737.157116138766, 0.0005241474654370821
                0.08326680517589378,               0.007662780611148201,                      0.09123760161395372,                       -0.067273793510552,          0.01751980965947106,                  1.0918260098648007,               4.234560755130588,29680.492785349234, 57.18847980326902,29737.681265152503, 0.0011636174026228472
                0.08281242078482862,               0.007836274939664252,                      0.10618448548443617,                     -0.06282697578309572,          0.01702914561952652,                   1.104950235760762,               4.357392139058555,29680.137678043233, 58.84586144589961,29738.983539489134, 0.0008158100747609869
                0.08423204950784131,               0.007993940681654989,                      0.10511316513588731,                     -0.07550101630293289,            0.011637412104275,                  1.3855163963016095,               4.805218727891115,29678.161265103183, 86.06258039699138,29764.223845500175,0.00011304304058273358
                  0.084055772805667,              0.0069532609076199195,                      0.09490570655049343,                     -0.08609380564915121,         0.022606820688533605,                  0.9129304914357317,              3.9498639394507427,29670.295634864066,44.365176292226955,29714.660811156293, 4.337545274638847e-08
                0.08243796577484111,               0.008637334771148088,                      0.11002902379629546,                     -0.07792222314912707,          0.01595911857202455,                  1.1482980025722467,               4.432975919860379,  29681.0610381228, 62.79926260160366,29743.860300724402, 0.0020539943832076483
                0.08515437146957336,               0.006359981423997958,                      0.09942329493884969,                     -0.07790403338596763,         0.016845169068544143,                  1.1197649208332479,               4.314818946482752, 29680.86919639998, 59.49334388893768, 29740.36254028892, 0.0016954440011660381
                0.08368129661876679,              0.0057087274294494545,                      0.10375257317029174,                      -0.0743882978867361,         0.014950778034562136,                  1.1875577918872615,               4.471747810846311,29679.520979522407, 67.01578098966253, 29746.53676051207, 0.0004403117749980077
                0.08207565130501233,               0.005678748216871173,                      0.09927098466629972,                     -0.07911203296297223,         0.016833284319602074,                  1.1244454996554956,               4.283574642960733,29680.334709257193, 59.53323636099248,29739.867945618185,  0.000993478866813813
                0.08561355342675055,                0.00846282936292982,                      0.09836963904909865,                      -0.0709372301737278,         0.018491533718513215,                  1.0407109808010508,               4.223473945645911, 29679.20915487656, 54.20163570909148, 29733.41079058565, 0.0003223566075740265
                0.08597336940114728,               0.007805829358211952,                      0.10188576607452551,                     -0.07144591630162454,          0.02029364687946247,                  0.9926318576179487,                 4.1066211115564, 29680.53244511763, 49.40393639519225,29729.936381512824,  0.001210693543401861
                0.08255350382462769,               0.005450904072186927,                      0.09439139376910542,                     -0.07795462682780087,          0.01388163312994464,                  1.2516220966944307,              4.5354220384893065,29678.623554862606, 72.15891936139094,29750.782474223997, 0.0001794790334347086
                0.08382881063285019,               0.006411223095670047,                      0.10460855163095452,                     -0.07008722077116729,          0.02086822921364815,                   0.955414899226439,               4.153121513019745,  29680.2044614177, 48.04708734171829,29728.251548759417, 0.0008721530729013903
                0.08534327641273674,               0.006181875573732542,                       0.1011861196495554,                     -0.07565566889385943,         0.020254603251674233,                   0.975304001023123,               4.180776977408306,29678.755681330797, 49.50084898800199,  29728.2565303188,0.00020483092114427894
                0.08491185173735083,               0.008536598172430937,                      0.09250408331714775,                     -0.07691043856408758,          0.01834453896883643,                  1.0378290807935666,               4.321544215999008, 29679.10111263074, 54.63299759103547,29733.734110221772, 0.0002893439630184675
                0.08191816966737535,               0.007461287604412936,                       0.0991933958502402,                     -0.06405341015432674,         0.018373661288965917,                  1.0530068490351545,               4.196310004120875, 29681.09071381125, 54.54078070924358,29735.631494520494, 0.0021158615152787334
                0.08488517551611938,               0.008294911452075596,                      0.09536626211130124,                     -0.06922970112927057,         0.016243384953678646,                  1.1390004792858772,                4.34515104801961, 29680.50026213524, 61.68108821475398,29742.181350349994, 0.0011723501266077728
                0.08360527050147139,               0.009228844344067315,                      0.09192353300724135,                     -0.08002601283864218,         0.014432691462491359,                  1.2182454281321915,               4.556629350180752,29679.289867372056,  69.4089743600426,29748.698841732097, 0.0003494536396296203
                0.08454942860663259,               0.006845438859635752,                      0.09813013961484482,                     -0.07718158148513592,         0.016320608029484655,                  1.1380024527284236,               4.309244248567947, 29680.48416070566,61.398793595370755, 29741.88295430103, 0.0011536247706535718
                0.08352599075708068,               0.007295685879109871,                       0.1018169760110892,                     -0.07262675016000433,         0.018051540982641414,                  1.0619937075279455,              4.3349511914091945,29680.370434857643, 55.52288353426385,29735.893318391907, 0.0010296131115072305
                0.08574357794638172,               0.008002920299007843,                      0.09746796466883156,                     -0.06774042505830663,          0.01566639798019563,                  1.1730783854172828,               4.411716592018916,29678.992959814103,63.950352930985936, 29742.94331274509, 0.0002596834390840014
                0.08321843904026198,                 0.0077938064086902,                       0.1048554321056405,                     -0.07259365370671189,         0.015292408389229193,                  1.1933767448396175,              4.4605980314264135,29679.078895569466, 65.52109326596704,29744.599988835434, 0.0002829864743226293
                 0.0849181118735739,               0.009179024870268636,                       0.0994612117442032,                     -0.06758210409780653,         0.016451298550840782,                   1.137963619440217,               4.363443192004298,29678.398941427076, 60.90633749384745,29739.305278920925,0.00014337233106320157
                0.08489448536317538,               0.008106885335274124,                      0.11312317623932884,                     -0.06801390680194834,         0.018834923258334784,                  1.0455107226259475,               4.186117837407711, 29678.51880070646, 53.23006043404732, 29731.74886114051,0.00016162910572971014
                0.08201614068628406,              0.0058714214358774695,                      0.09770625079106084,                     -0.07975487960787142,         0.016445884581520034,                  1.1246240560743566,               4.327742213166642, 29680.69031441246, 60.93142167763068, 29741.62173609009, 0.0014177380323787587
                 0.0835709203951887,               0.006995949338239483,                       0.0950110008641616,                     -0.07754351040682386,         0.015022737778495828,                   1.180461824894556,                4.54574285352044,  29681.0651930717, 66.68839131937237, 29747.75358439107,  0.002062546379159984
                0.08420986711253882,               0.007497177112086204,                      0.09741684043758352,                      -0.0888650648516245,         0.015461366609758508,                  1.1733396300556522,               4.462438703837242,29680.794975840807, 64.81363884573864,29745.608614686545, 0.0015741636178569318
                0.08448762155254665,               0.006911611662294281,                      0.10534663257545471,                     -0.07481118228905287,         0.014774547791430363,                  1.1912055586170953,               4.599166700246285,29680.715351384773, 67.81663639864853,29748.531987783423, 0.0014536819865344078
                0.08359659080687885,               0.006453634793665538,                      0.10778943024580974,                     -0.06036142478292708,         0.017956486832834698,                  1.0724026455479045,              4.2283253178468065,29680.176351362697, 55.81402590988674,29735.990377272585, 0.0008479781727842759
                0.08276602575755887,               0.005303073490183794,                      0.10323395428015121,                     -0.07922234089387735,         0.015914463388119138,                  1.1657055551858595,               4.343282424822763,  29679.3514395857, 62.96821083881128, 29742.31965042451,0.00037164649448325783
                 0.0848954284392009,              0.0073543653754957255,                      0.09952458254847364,                      -0.0839315664675057,         0.017022163764562826,                  1.1047395900794739,               4.294313108999817,29681.131262320458,  58.8814434345306,29740.012705754987, 0.0022034197264093843
                0.08370730045351203,               0.005425171278816101,                      0.10945402210415328,                     -0.07120412722372285,         0.018986951345374533,                   1.022036662704325,               4.250740633256562, 29680.48717310938,52.801563842282576,29733.288736951665,  0.001157105193794456
                0.08585169704562243,               0.007581992139307551,                      0.10502294859214487,                     -0.07792466709467011,         0.014246235821533983,                   1.220404749712881,               4.595555242861676, 29679.94166524667, 70.33025872692919,  29750.2719239736, 0.0006705972812331593
                0.08293181827199993,               0.006727536224852138,                      0.10208401918640239,                      -0.0776357479446776,          0.01724186079787781,                  1.0793554031173738,               4.362436072816325,29681.116402104195,  58.1282214464914,29739.244623550687,  0.002170918518338536
                0.08536216598174823,               0.008004032438269054,                      0.10435773226749331,                     -0.06673365618608161,         0.013799009366747375,                   1.256908227591399,                4.57342087412339,  29680.2932846655, 72.59505186379262, 29752.88833652929, 0.0009531651644135426
                0.08462691354595396,               0.007043647694879319,                      0.10209133047488357,                     -0.06535780141748569,          0.01743278257231668,                   1.098587214630861,               4.253503936550308, 29680.43541439835, 57.48488674461657,29737.920301142967, 0.0010987384439286253
                0.08189271672997467,               0.007721283256684539,                      0.10908980477002551,                     -0.07456611864358627,          0.01403181206849404,                   1.254944786490525,               4.545165799132101,29679.294308664346, 71.40122585479054,29750.695534519138,0.00035100911699325856
                0.08546637743799762,               0.007129048905844417,                      0.09571351330192593,                     -0.07378411645787093,         0.020930540550843927,                  0.9555912027691166,               4.142122008712898, 29679.02756842773,  47.8990774920158,29726.926645919746,0.00026882805133559293
                0.08215217418482405,               0.007780137208276747,                      0.09479014861879571,                     -0.07460476189456466,         0.017087498355226678,                  1.1126700562715337,               4.320400444327505,29678.120888818034, 58.64098700348987,29736.761875821525,0.00010856969870909125
                 0.0833868186458253,               0.006589356663639225,                      0.09847054146619631,                     -0.07241596113890836,         0.016836230603818184,                  1.1225805522291818,              4.3424740360804455, 29680.02086258402, 59.51759158495393,29739.538454168975, 0.0007258665025579606
                 0.0835024530465903,                0.00902336545438734,                      0.10816971414725335,                     -0.08218186898194718,         0.014488116109784864,                  1.2191852657420748,              4.5570963773524955,29680.573005841914, 69.16380086553673, 29749.73680670745,  0.001260809652636465
                0.08520677026493498,               0.006635263748659613,                      0.10857647791278692,                     -0.07478635342664346,         0.016331963086870793,                  1.1422819980704866,               4.346017754099993,29680.499970758432,  61.3667713478493,29741.866742106282,  0.001172008580732204
                0.08362010624415675,                0.00628139839763224,                       0.1137277141135971,                     -0.07257476087293604,         0.017278131338655633,                  1.0794406407309416,                4.35975657085962,29680.475952192854, 58.01681175071499, 29738.49276394357, 0.0011441939862621001
                0.08151883822530945,               0.006538006336649569,                      0.09987329037918485,                     -0.07244684637073483,         0.017610895595933283,                  1.0940984669406992,               4.233883399817309, 29675.79750505124, 56.90475863235451,29732.702263683594, 1.063349138028117e-05
                0.08349375234366303,               0.008606210943790495,                      0.10563995047310382,                     -0.07756637745264193,         0.012302730436083148,                  1.3328108546393138,               4.783294594567359,29677.941224215654, 81.41733384764214,29759.358558063297, 9.071545583984164e-05
                0.08166005215249024,               0.006411011458423972,                      0.09378057184159398,                      -0.0769949031723761,         0.016901221781228694,                  1.1228302863924895,               4.259725871796427, 29677.66814485216, 59.28638945754075,  29736.9545343097, 6.903739989943529e-05
                0.08296902151111016,               0.005174506876538663,                      0.10094014222397402,                     -0.07565796967776993,         0.014292115913287143,                  1.2360494008745937,               4.469097250605718,29678.557584135284,  70.0954442680229,29748.653028403307,0.00016802078103759688
                0.08418135574962397,               0.007087790611889305,                      0.10950514069533594,                     -0.06588928100975465,         0.014279332035067498,                  1.2341297908744349,               4.499029042851467,29680.517672082427, 70.16167317599904,29750.679345258428, 0.0011929393893273922
                0.08123672442940258,               0.007290104467740017,                      0.09623090402609125,                      -0.0713227498923635,          0.01933108825799503,                  1.0272937699971663,              4.1582668358870025,29678.770694349354,51.846811031411306,29730.617505380764,0.00020792925101212198
                0.08592457263037932,              0.0073807539671899396,                      0.10653692568887994,                     -0.07266798903471469,          0.01377240228027141,                   1.260060781100001,               4.577973856071472,29680.307413708695, 72.74268662680606,29753.050100335502, 0.0009667280659767926
                 0.0841591773868244,               0.008059310956104366,                      0.11361002856227338,                     -0.07749365935581096,          0.01617034417947339,                   1.152244761752527,               4.354128779360905,29679.597074814425, 61.98638171369237, 29741.58345652812,0.00047512519966521076
                0.08506193668252347,               0.007505483601405431,                      0.10736477219523116,                     -0.08017933968230855,          0.02047225938594759,                  0.9604785499516475,               4.187500311152523,29674.362036089202, 48.98685251870346,29723.348888607907,2.5308105383573203e-06
                0.08390867893058114,               0.008967091937482019,                       0.1112803509585217,                     -0.07702113002070657,          0.02019718452288611,                  0.9813281603909977,               4.136910274456348,29678.886410824467,49.653166160285124,29728.539576984753,  0.000233437495859256
                0.08468859683701746,               0.009134905258165706,                      0.10056212451806273,                     -0.07609416488224303,           0.0137043272498319,                   1.254694412293424,               4.614922904261604,29680.036377832734, 73.09831197200852, 29753.13468980474, 0.0007372163218329341
                  0.082169280671099,               0.008233425374241553,                      0.10067556536044614,                     -0.08036800498404535,          0.01792398198114877,                  1.0596433601016502,               4.275921391123084, 29680.73555862356,55.921252838558594, 29736.65681146212, 0.0014833556876178375
                 0.0839873961892375,               0.007724333567178463,                      0.11447638602328863,                     -0.07447412756078405,         0.018411820623587528,                   1.040879215327537,               4.317661067576827,29680.829605110277,54.456071793465426,29735.285676903743, 0.0016296306017088223
                0.08393157810176062,               0.006211104954088702,                       0.0959900389711678,                     -0.07206734072128762,         0.014805728918314774,                  1.1985456716954268,               4.474074936230187, 29680.37727342121, 67.66081678062748,29748.038090201837, 0.0010366783166133235
                0.08418622513551893,               0.007693377835350918,                       0.1125710929646969,                     -0.07405457642199718,         0.015180696885204377,                  1.2005053819390272,               4.427084477532554, 29679.56380238373, 66.01370005378806,29745.577502437518,   0.00045957673144472
                0.08287644299063544,               0.007491697696578818,                      0.09985141485748399,                      -0.0744475663547909,         0.014404353441271896,                  1.2339700046268638,               4.548612613018235,29679.514973107565, 69.54810827099969,29749.063081378565, 0.0004376750065074848
                0.08354568860167914,               0.006032604686541227,                      0.11049529467900411,                     -0.07416232344912857,         0.013391762846057274,                  1.2799598705518773,               4.590485287783195,29680.483045446275, 74.81013207348734, 29755.29317751976, 0.0011523388969778366
                0.08432407558124212,               0.006918893935315655,                      0.10592557301275016,                     -0.06394386770264482,         0.016582873259684557,                  1.1317460334035396,               4.339043818243413, 29680.34294051173, 60.42799979278048,29740.770940304512,  0.001001690192639267
                0.08440134992775543,               0.007707846208286722,                      0.10832570640075308,                     -0.08576958529018565,         0.015060034800627564,                  1.1893691798262984,               4.466256400650534,29681.199503254047, 66.54687497337315, 29747.74637822742,  0.002359032336830945
                0.08468277948812651,                0.00644055034793192,                      0.10954938539021074,                     -0.08166983310112864,         0.020399368701938807,                  0.9697512400959982,               4.146511070825201, 29677.02298843507, 49.16492309065693, 29726.18791152573, 3.621567253852629e-05
                 0.0838387944516443,               0.009235195270159835,                      0.09699425212941042,                     -0.07174241922419487,         0.014424274359721464,                  1.2148332401663002,               4.550220025400773,29679.771822873037, 69.44796144435004, 29749.21978431739,  0.000565848517897827
                  0.082154651387671,                0.00637972316917479,                      0.10265059584022067,                     -0.06414935787000257,          0.02073755596836867,                   0.967878626012085,               4.088907012512173,29680.980070193298, 48.34081452032803,29729.320884713627, 0.0018942414107486912
                0.08496822285334346,               0.007407122730645347,                      0.10335918864733697,                     -0.07957869222007133,         0.013766448552785904,                  1.2507775492758146,               4.597222761155702,29680.946106600917,  72.7753224822156,29753.721429083133, 0.0018309864311768541
                0.08389207390658095,               0.006842676383543437,                      0.10460179697942915,                     -0.08979823567673632,         0.016315099046858267,                  1.1375544004362361,               4.401821995374629,29679.601961971515,61.437860510989985,29741.039822482504, 0.0004774528944257594
                0.08349741927993114,               0.009407199751987888,                      0.10000642130318876,                     -0.07025344713954775,         0.015712646822960613,                  1.1658880469914896,              4.4288743507937305, 29680.32597985023,63.765207525530656, 29744.09118737576, 0.0009848441283809729
                0.08394592304495428,              0.0072088707384689995,                      0.09446729811836425,                     -0.06593938870498044,         0.014784789071326784,                  1.2100044419727436,               4.493631054218313, 29681.62110588476,  67.7502546198978,29749.371360504658, 0.0014290608045716038
                0.08402612246075615,               0.007134746265568988,                      0.10054892837944923,                      -0.0740949670937352,          0.01252624236525899,                  1.3480336876754788,              4.6483325309403645,29681.753085246273, 79.95857541295052,29761.711660659224,  0.001630679517733036
                0.08323697803186156,                0.00782317642680729,                      0.10064616530731461,                     -0.07990269767535647,         0.016993602773869396,                  1.1164728508230346,               4.303727482586277,29681.803628148242,  58.9762495213411, 29740.77987766958, 0.0017152171865042322
                0.08363479058901753,               0.008562243797853584,                      0.10809531423167736,                     -0.07009066483181879,         0.013791121937407103,                  1.2607285553852132,               4.588539913607127,29681.725338942008, 72.64189119337364, 29754.36723013538, 0.0015860561176598278
                 0.0831312283577554,               0.007884178663340364,                      0.10123208614247099,                     -0.07673515567459324,         0.013210171503876166,                  1.2878122918348982,               4.629653498612659,29681.742576762976, 75.82762864397789,29757.570205406955, 0.0016136332712208498
                0.08469468149870855,               0.007800968367704643,                      0.09371051703159493,                      -0.0791218680115167,         0.014259055484732585,                  1.2329343704068596,               4.533830743894492, 29681.77946940335, 70.25462776547708,29752.034097168827, 0.0016742762244217478
                0.08409318812085216,               0.006908108193707489,                      0.09161331251297225,                     -0.08150747051880271,          0.02013493609779179,                  0.9885262631620788,               4.140484916483688, 29681.53106775392,  49.7880085440932,29731.319076298012, 0.0013060134346101438
                0.08339311503148103,               0.006377536111645631,                       0.1021013291187046,                     -0.07825172261684747,          0.01578542123690163,                  1.1558749880854922,               4.463316923653927,29682.124900790353, 63.48038731216664, 29745.60528810252,  0.002365081196877888
                0.08305997149921877,              0.0075717173440096736,                      0.09837576077967068,                     -0.08606517562993637,         0.015550500857818192,                  1.1698484293675804,               4.425170984265126,29682.111679191854, 64.44017313528516, 29746.55185232714, 0.0023340168555287073
                 0.0836822322401443,               0.007516720282561567,                      0.10735995931221201,                      -0.0697495377271068,         0.012643249010569207,                  1.3386153014336901,               4.662515288618284, 29681.29810117428, 79.22387354347819,29760.521974717758, 0.0010345977853511567
                0.08532762096469163,                 0.0079762860607709,                      0.09619990194868158,                     -0.07337134570890616,         0.015891779927064448,                   1.153461699366914,               4.387830176626208,29681.493451735718, 63.04773673531434,29744.541188471034, 0.0012577989136506886
                0.08381237497982937,               0.007261048564574657,                      0.10083883776349443,                     -0.07553496132547664,         0.013916485984518459,                  1.2653212363011748,              4.5522915787631275, 29681.52822851422, 71.98472723926976, 29753.51295575349, 0.0013023106085109863
                0.08434598165067157,               0.008297770653619875,                      0.10868819532614298,                     -0.08006414011949091,         0.012818243751660718,                  1.3140926810578346,               4.684649045039169,  29681.2714050027, 78.15495461394623,29759.426359616646, 0.0010073433978881614
                0.08431139912219156,                0.00784838603508149,                      0.09583044595130544,                     -0.07218730567860024,         0.013060016400562646,                  1.3051321704520475,               4.666933608685272,29681.849025030046,  76.6893849782319,29758.538410008277,  0.001794877175627163
                0.08392323370735397,               0.007505753595264189,                      0.11270187182388226,                     -0.06969633459004461,         0.015590855220501914,                  1.1568921400431345,               4.459998565082549, 29681.93994683882, 64.27715629126418,29746.217103130082,  0.001965719630670588
                 0.0823365862587502,              0.0063898496021541976,                      0.10014569379934739,                     -0.07498068829465877,         0.016826821894613125,                  1.1064455292946502,               4.362833897207028,29681.745412632452, 59.55376993307285,29741.299182565526, 0.0016182158192434787
                0.08323835127974755,              0.0061657335053512275,                      0.10056497989198343,                      -0.0689922566621807,          0.02148748929818604,                  0.9455103353077392,               4.047062555372947, 29681.40350207467,46.660041160964745,29728.063543235636, 0.0011495995201649995
                0.08467097298102948,               0.007242423216208379,                      0.09821319385110323,                     -0.07040915989039347,         0.020498452202337314,                  0.9690197598527082,               4.187982587565689,29681.222398842376, 48.90542060990206, 29730.12781945228, 0.0009591674657956993
                0.08392264459353457,                0.00667116785529869,                      0.09335970776006226,                     -0.07419917859271748,          0.01782481077147317,                  1.0634079764766495,               4.348608957417592, 29681.26916024518, 56.21996104677656,29737.489121291957, 0.0010050846922947108
                0.08461045024625928,               0.008092330737482759,                      0.10988492659196968,                     -0.07744406118710119,          0.01608679136643166,                   1.130836693262002,               4.479966495739287,  29681.4918724267, 62.30333753886931, 29743.79520996557, 0.0012558140282710863
                0.08372238086597919,               0.006470480863326676,                      0.10179004865228745,                     -0.07986056784256115,         0.015410018123804098,                  1.1776929098151525,               4.387672588789754,29681.751119638084,  65.0250182860843,29746.776137924167,  0.001627477388814936
                0.08290601654031543,               0.007100238247424428,                      0.09811005560268955,                     -0.07873449223258094,         0.013390906912680077,                  1.2779849348060457,               4.625841872814975,29681.758972287513, 74.80392169030388,29756.562893977818,  0.001640307708272477
                0.08288290237100479,              0.0068003211207246705,                       0.1073896767140922,                      -0.0644551821660654,          0.01914983831590614,                  1.0263449663282922,                4.21027283813677,29681.203657748818, 52.34533333672951,29733.548991085547, 0.0009413590147387221
                0.08275577030425364,               0.006321763620634933,                      0.09580355854762185,                     -0.07440089596794859,         0.014373549095247923,                  1.2332647465986346,              4.5026054166635845, 29682.02148754424, 69.69225225481908, 29751.71373979906, 0.0021327220209608083
                0.08396035380451629,               0.006289868680961531,                      0.10061038265378013,                     -0.06970104739032602,         0.017526115325892492,                  1.0712112986286804,              4.3368036286391565,29681.964541342724,57.180318500621624,29739.144859843345,  0.002014664955612846
                0.08392050112863034,               0.005675554117177555,                      0.10472646938411326,                     -0.06783137524613435,          0.01841609599187419,                  1.0492308099073728,                4.21974972514792,29681.587608597714,54.426122860208196,29736.013731457922, 0.0013819840187658037
                0.08471252034363314,               0.007420254515177439,                      0.10392221552545076,                     -0.06705368638041433,         0.012677502504008422,                   1.327635100907146,                4.68514603161725,29681.261365778635, 79.00504140306056,29760.266407181694,  0.000997281045424959
                0.08286997329321175,               0.006397721271985566,                       0.1003351973489111,                     -0.08373934960573555,         0.015251389671452852,                  1.1880153277996592,               4.441156801625375,29682.180144448834,  65.7010610822373, 29747.88120553107,  0.002499413270557641
                0.08475360562541324,               0.007776490378274201,                      0.10267199367802377,                      -0.0652105364969167,          0.01607768196489003,                   1.130647776099798,               4.459523651223429, 29681.22167965173,62.320452080063774,29743.542131731796, 0.0009584778895261019
                0.08429469507314041,               0.006222689073120843,                      0.09825776038018101,                     -0.06594142971423067,          0.01910320040334156,                   1.026430996257268,               4.177212259090844, 29681.85020616621, 52.46473393438857,  29734.3149401006, 0.0017969984224660712
                0.08326660790482904,               0.007043050144642866,                      0.10000799395221126,                     -0.08685880083499604,         0.016434691013941335,                   1.121425494108252,               4.393536548996804,29681.882605729104, 60.98317208609614,  29742.8657778152,   0.00185617383824129
                0.08405772509113262,               0.008683502500732927,                      0.10934770353094363,                     -0.07740722802838608,         0.019323895753819365,                  1.0185685550441177,              4.1604868919118125,29681.773442981812, 51.88878778798854,  29733.6622307698, 0.0016642166721170261
                0.08374307021471662,               0.008488882896752831,                      0.10705352772022188,                     -0.08142963401541553,         0.013631700626112957,                  1.2701453617319935,               4.591581366606785,29681.728345496238, 73.49828635553317,29755.226631851772, 0.0015908318570524917
                0.08346650244274254,               0.007660792761277619,                      0.10939766257442785,                     -0.08479671075443815,         0.022226127164600915,                  0.9280502893728112,               4.034829771837342,29681.362914819827,45.137558744894726,29726.500473564724, 0.0011038746321217923
                0.08484257169768183,               0.008472472537779307,                       0.1041663780436519,                     -0.07633463972475714,         0.013606371074413629,                  1.2632102711816013,               4.616186606460114,29681.663060228326,  73.6280247408327,29755.291084969158, 0.0014902915799363992
                 0.0825368969633526,               0.007750672259161177,                      0.09458342876833553,                     -0.06899403478788302,         0.019272499568344984,                  1.0108315200084286,               4.227857287845062, 29681.10982939433, 52.00173112871479,29733.111560523044, 0.0008570499803536828
                0.08319202933757144,               0.007730094955187749,                      0.10963299338536771,                     -0.07395633018793227,         0.020115532564075167,                  0.9811864572619676,                4.19742003074786,29681.861965300435, 49.84876970162477, 29731.71073500206,  0.001818254298533158
                0.08361369076855989,               0.008694583981088588,                      0.10982550973151309,                     -0.07365953546530962,          0.01539608472893253,                   1.180780195768535,              4.4149076492117505,29681.289132643953, 65.08799042372573, 29746.37712306768, 0.0010253604483209829
                0.08377181822758685,              0.0069266629931802855,                      0.09627284772515578,                     -0.08370380483918276,         0.018460002862187772,                  1.0390282241303475,               4.263843976621362,29681.747216719214, 54.30084189006874, 29736.04805860928, 0.0016211378559919116
                 0.0828941601331063,               0.006476210662916261,                       0.1017647353581059,                      -0.0644619471571907,         0.018234904047647445,                  1.0590077818341719,               4.184890493282788, 29681.54717804256,54.958909348715046,29736.506087391277, 0.0013272240841025124
                0.08379649759270308,               0.007506043359763736,                       0.1060428750017171,                     -0.06526046203574182,         0.021322041020987597,                  0.9467075362795969,              4.0945888003065996,29681.259145353368, 47.02528208902846,29728.284427442395, 0.0009950691140160847
                0.08474967932235496,                0.00808385748435325,                      0.10609009840287593,                     -0.08070705318777206,         0.013695035247225141,                   1.266965529272067,               4.573167789302392, 29681.75680921424, 73.15814327571651,29754.914952489955, 0.0016367634371493214
                 0.0845029270533335,               0.007163680425318281,                      0.10283695524546653,                     -0.07258592192143135,          0.01533362202148992,                  1.1929667332944336,               4.404466764370393, 29681.26366682948, 65.34414243902202,29746.607809268502,  0.000999578482062618
                 0.0830119631937299,              0.0064228479663000285,                      0.09248352508050904,                     -0.06951740689595885,         0.019374724471616506,                   1.023681576133218,               4.127826082170144, 29681.99078565694, 51.72651561005198,29733.717301266992,  0.002068238379718113
                0.08393132231628982,              0.0076150030382727855,                      0.09012837040371201,                     -0.07458599461882365,          0.01370735927040526,                  1.2683573592014237,               4.587707594711978, 29681.18479129547, 73.06900456515014, 29754.25379586062, 0.0009237653952606258
                0.08168997493386745,               0.007338179674612571,                      0.09608691785142205,                     -0.07225194283945041,         0.021084121333225445,                  0.9673809763635524,                4.05633574009047,29681.942507978358, 47.54672479927138, 29729.48923277763,  0.001970760565453424
                0.08470992875882165,               0.008458395421049633,                      0.10151413335610152,                     -0.08017430971921397,         0.015559372111020141,                  1.1634240347630844,              4.5072600602416095,29681.343785911653, 64.40316985322046,29745.746955764873,  0.001082959396224635
                0.08259141504891597,               0.006086702092685453,                      0.09818805678045632,                     -0.07970219255164447,         0.015225306222223685,                  1.1759027822559196,               4.468417393617049,29681.177184310447, 65.80707798066388, 29746.98426229111, 0.0009167649854983857
                0.08499225403889264,               0.007242519214946647,                       0.1056223344623785,                     -0.08323880934982662,          0.02034746883041261,                  0.9900893234988193,               4.111328269748584, 29681.51631516719, 49.28705599610043,29730.803371163292, 0.0012868877814481436
                 0.0831550784838837,               0.008016010101376238,                      0.10500952587780883,                     -0.07197452769824725,         0.014580448510570086,                  1.2030392955104485,               4.558149792641882, 29681.69129847513, 68.71380890217655,29750.405107377304, 0.0015329746121331863
                0.08521335696381305,               0.007409767284047185,                      0.10771778394562363,                     -0.07412396912867902,         0.013010964545833868,                  1.3010627832602417,               4.678617721493906,29681.572381790505, 76.99388432059052,29758.566266111095, 0.0013611002148749853
                0.08243560654806567,               0.006139520153603349,                       0.1067315380314633,                      -0.0747012365300414,         0.015674665054421437,                  1.1722297758237574,               4.338927048349362, 29681.77487623144, 63.92946771335047, 29745.70434394479, 0.0016666036201816255
                0.08407783832569372,               0.006712079724681287,                      0.10345531029340571,                     -0.08309425478161421,          0.01533066430735995,                  1.1883160043370085,               4.440634467441169, 29681.63434589947, 65.36608875569685, 29747.00043465517,  0.001448107401022361
                0.08242938964111819,               0.008891667351517429,                      0.10262149593705204,                      -0.0744492483256534,         0.019402971594449817,                  1.0120849323157743,               4.171924836313437, 29681.25079238196,51.665983611538785,  29732.9167759935, 0.0009867919477519554
                0.08249511369073874,               0.008381792684353401,                      0.09785733642819223,                     -0.07917841187736684,         0.014480500135539445,                  1.2192487014823696,               4.538115643501507,29681.598219316547, 69.18461587379014,29750.782835190337,  0.001396725935474802
                0.08254542768371935,               0.006568870264783066,                      0.10074613571188619,                     -0.07188767997840624,         0.015564808774347315,                  1.1724292873862163,               4.338624218519524,29680.480244411006, 64.37068845471586,29744.850932865724, 0.0004566472695014158
                0.08377996559057276,               0.009133655995740383,                      0.09717562952171979,                      -0.0690871789213929,         0.018193371903708466,                  1.0681520441250596,               4.246196264616941, 29679.00372263888, 55.08350911727242,29734.087231756155,0.00010431232059938868
                 0.0828381229044002,               0.007717941478923073,                      0.10017731248367139,                      -0.0758121699878039,         0.017022152276865366,                  1.1007131242099104,               4.275732239571243,29680.879464909936,58.873114911155845, 29739.75257982109, 0.0006807068561699278
                0.08271036095865542,               0.006473929181173682,                      0.10491342746418196,                     -0.06860766668516491,          0.02031318604247478,                  0.9754039901332879,               4.123605262008769, 29680.42692442573,49.354644073734285,29729.781568499464, 0.0004329365876495168
                0.08255620407219305,               0.008582051005268706,                      0.10610468780159432,                     -0.08108649088625344,         0.021783625150607104,                  0.9417117763017028,               4.045084056545546,29681.135006622007, 46.04338817047675,29727.178394792485, 0.0008789020558708591
                0.08381269246559701,                0.00838289440488199,                      0.11058978094497046,                     -0.07976961275493775,         0.013948893377761234,                  1.2394508327930969,              4.5731329240892045, 29679.24192555484, 71.83298668194391,29751.074912236785,0.00013236885709808348
                0.08337588401397207,               0.007365391522423936,                      0.11149425954314443,                     -0.06954407277069041,         0.022112360813769365,                  0.9274439964379914,              3.9894810658866318,29677.873440408697, 45.35842540227361,29723.231865810973, 3.368683982340778e-05
                0.08336211539406974,               0.008723537113539367,                      0.10699781449686406,                      -0.0790987994129231,         0.018621856316928916,                  1.0540521356084562,               4.184002318501503,29680.071209412454, 53.83773079712407,29733.908940209578, 0.0003033466634009065
                0.08303174586488046,               0.008345763225528671,                      0.10139657695537062,                      -0.0691180026569473,         0.021706179906590205,                  0.9352970706116706,               4.026940284672085,29676.207239400104, 46.19217630771278,29722.399415707816, 6.365585675661066e-06
                0.08431396335657841,               0.007717546928815278,                      0.10170550129139148,                     -0.07095347502495293,         0.023046598111616017,                  0.8949007847304463,               3.941563416237612,29665.632295152132, 43.51561185934104,29709.147907011473, 1.626291658496987e-10
                0.08317664918060969,               0.006245873540278322,                      0.09722759033183116,                     -0.07140848005323308,         0.018076315872906153,                  1.0572312966367452,              4.2155698641312185,29680.512196221367,  55.4405057318261,29735.952701953192, 0.0004714735788208108
                0.08434615764535618,               0.008754673404093104,                      0.10305128910937605,                      -0.0813053373475587,          0.02148169790312215,                  0.9545830900668086,               4.057779144014982, 29681.55283401956,46.686927613789855, 29728.23976163335,  0.001334752102073473
                0.08340243917091768,               0.007230177673055295,                      0.10210050824189491,                     -0.08503061461984353,         0.021214385474430088,                  0.9534949797726404,               4.023309913987851,29676.565010501206, 47.27484192546953,29723.839852426678, 9.103667405306502e-06
                0.08363931101107074,               0.007368774608608915,                      0.09293266763480287,                     -0.07755979108988402,          0.01642697200080377,                   1.138876805112895,              4.3136599174722345,29681.826726657724, 60.99605759107586,  29742.8227842488,  0.001755297259913798
                0.08341301120974758,              0.0075029720870907445,                      0.10834471047042261,                     -0.07014345570805558,          0.01848583491100725,                  1.0624288598238751,               4.198337620073896,29679.421226252944, 54.22698893444528, 29733.64821518739,0.00015836351141963832
                 0.0844082716248006,               0.008192651642252878,                      0.09669737171877472,                     -0.08008334943398795,          0.01330405550997117,                  1.2881093193521655,               4.603697482676928,29681.048819906275, 75.29258129307098,29756.341401199345, 0.0008063248886759629
                0.08489981569378298,              0.0062473342419302755,                      0.09571417125098283,                     -0.07207554206957821,          0.01938758191955357,                   1.011804027876964,               4.175522834110513, 29681.01744632619,51.699425295297395,29732.716871621487, 0.0007814203059354653
                0.08249753433714069,               0.006414018262542341,                      0.09762645124084345,                     -0.08252129131681502,         0.019720877036861293,                  0.9996355905679841,               4.109521338213068,29679.428914994773, 50.83650434048016,29730.265419335254,0.00015958582056222804
                0.08216019225731894,               0.008484304811097692,                      0.09972019011676592,                     -0.08225240100517046,         0.020333478973996198,                  0.9856948524300122,               4.093305069125486, 29680.02208574811, 49.31070813411565,29729.332793882226, 0.0002888052515272652
                0.08445917755083315,               0.007775663332376852,                      0.09775040835080247,                      -0.0813593504208938,         0.017922700560977594,                  1.0766383289729358,               4.238957503847103,29682.108531288177, 55.92498693267569, 29738.03351822085, 0.0023266811473959107
                 0.0822874635545927,               0.006268230068182488,                       0.1011625893051543,                     -0.07490624311064496,         0.021041195859409396,                  0.9619531251793966,               3.999078312819237,29678.659944463187,47.651678821401546, 29726.31162328459, 7.396642735657931e-05
                 0.0821028431808159,               0.006345864235960012,                      0.09842223037749522,                     -0.07017295840452688,          0.02257312246895889,                  0.9187910256851975,              3.9352229473978397,29679.299116692015, 44.41931914857969,29723.718435840594,0.00014015984687917285
                0.08330176176934968,               0.008213413107726176,                       0.1016724270968562,                     -0.07402619880035181,         0.018637639696571735,                  1.0422130552801716,               4.176483476858578,29682.076168893265, 53.78166166745143,29735.857830560715, 0.0022525895307343806
                0.08442876072697215,                0.00756490390993323,                      0.09928196792320002,                     -0.07421021379005295,         0.012368470733694998,                  1.3376225822527847,               4.742967987578927, 29681.17175302533, 80.97601411785664,29762.147767143186, 0.0009117992707898845
                 0.0817032903212813,               0.006976683045499746,                      0.10865476016122473,                     -0.06965172739038779,         0.018875328666354173,                  1.0385104640096523,               4.175554948047638, 29681.65541464669,53.109106166799926,29734.764520813493,  0.001478940880644103
                0.08331081019016534,               0.006311114347576299,                      0.11456201672058736,                      -0.0758126009867811,         0.017272994109477944,                  1.0882087032506742,               4.314063395747972,29682.094326211678, 58.03746762458825,29740.131793836266, 0.0022938640998721297
                 0.0821723185520202,              0.0073344040330589905,                      0.09120839269110402,                     -0.06860857711647514,         0.017939904122052756,                  1.0679795324670325,               4.260972035800248,29680.966610919728,55.851836832907026,29736.818447752634, 0.0007426892812480632
                0.08297793607416076,               0.006792713750478675,                      0.10369131109033898,                     -0.08140773058836555,          0.01566199431877594,                  1.1667523265078754,              4.3513924820367675, 29681.37440832117, 63.98388799575824, 29745.35829631693, 0.0011166352080655144
                 0.0844764589027607,              0.0073942265768071275,                       0.1009775691439004,                     -0.07871750080796473,         0.017938245058271123,                  1.0805555795017892,               4.193885072154894,29680.840768725535, 55.87783485128005,29736.718603576814, 0.0006548692309091206
                0.08228155802016654,                0.00803789501739897,                      0.10944096504103479,                     -0.07407482347537207,         0.020469548731233113,                  0.9760682923077194,               4.101786313814046,29681.080665109395, 48.98805141585236, 29730.06871652525, 0.0008324156971951342
                0.08297055066507729,               0.006783856111601313,                      0.11229299069857633,                     -0.06936416739111868,          0.02144767159698633,                  0.9511402998242071,               4.010381711555099, 29680.72003580396, 46.76039243447795,29727.480428238436, 0.0005803913669915714
                0.08408473823138497,               0.005912545946302421,                      0.09967954715923708,                     -0.08132834379050868,         0.018742670672220824,                  1.0397406574025196,              4.1898052520496485,29681.921804951875, 53.48560886840681, 29735.40741382028, 0.0019303793067350578
                0.08259828598158302,               0.007871135354141193,                      0.09926888392128919,                     -0.06926740307847547,          0.02105295412004063,                  0.9746699190355529,               4.011756834818168,29681.135200201417, 47.61892070038018,29728.754120901798, 0.0008790722096807338
                0.08233712088083732,               0.005790158891819997,                      0.09704486515381568,                     -0.07798935246656684,         0.015003564450007945,                  1.2022159217926518,               4.435150229615821,29681.377909503644, 66.77478938785933,29748.152698891503, 0.0011205516036918725
                0.08234454786438795,               0.005910317500627179,                      0.10334052028152065,                     -0.06637462457363266,         0.017180357844329797,                   1.096744347104713,               4.303160070422047,29681.982904702134,58.327674261268655,29740.310578963403, 0.0020520027466951205
                   0.08437720534628,              0.0066961510356791445,                       0.1065402924746514,                     -0.08089646302137964,         0.015697830067411007,                  1.1631529923384722,               4.379877059197561, 29681.59014837657, 63.84229107786462,29745.432439454435, 0.0013854984135594718
                 0.0850801037942777,               0.007915507461205139,                      0.09570079886673037,                     -0.07741869957101653,          0.01559114982697674,                  1.1616381076635003,               4.439700982449781,29682.056341105035, 64.26369343034067,29746.320034535376, 0.0022083655433247284
                0.08525063940799574,               0.008086758376872021,                       0.1062785652009411,                     -0.08401195956366071,         0.016654136467925268,                   1.117338337134608,              4.3420416030889575, 29680.69045925817, 60.18784382065156, 29740.87830307882, 0.0005634767659042827
                0.08175689651490013,               0.006684630004693117,                       0.1048373276315586,                     -0.08339256254614445,         0.018918647723362002,                   1.029279117451403,               4.187397545217857,29680.718064588258, 52.99497866162139,29733.713043249878, 0.0005792484172865855
                 0.0847832476744344,               0.008288470667986323,                      0.09998654154846119,                     -0.07894582931563328,         0.022559600141060832,                  0.9129923364866193,              3.9813480810611805, 29674.43581936269,44.457508188276414,29718.893327550966,1.0827306235814244e-06
                0.08294884129971697,                0.00769457817661416,                      0.10339891327427955,                     -0.08296122405733478,         0.016835024316718978,                    1.10762550107477,               4.304425368959768,29681.117655950176, 59.53616036170468,29740.653816311882, 0.0008637840477920876
                0.08408607797706427,               0.006235464719020234,                      0.09933532717672051,                     -0.07279173203858662,         0.019655265109423135,                  1.0048218567952285,               4.119390660803537,29680.799751838545,51.000705780925806,29731.800457619473,  0.000628551949693362
                0.08439170102476617,               0.008309396860447203,                      0.11027275759150336,                     -0.07603115506977283,          0.02065781011336121,                  0.9716200237336821,               4.079374214942059,29679.949701319012, 48.54746284936737, 29728.49716416838, 0.0002686389169488722
                0.08458431891043319,                0.00825509684267636,                      0.09557401239139272,                     -0.07442874400317274,          0.01608610789815385,                  1.1401281045164895,               4.479918542498127,29680.051333879714, 62.28708977190385,29742.338423651618,0.00029737700841558803
                0.08365698091079865,               0.007620491365338598,                      0.10303355462785128,                     -0.07058951781578963,         0.019195951553595117,                   1.018972259020577,               4.148529312219305,29681.643723260855, 52.22018085069274, 29733.86390411155, 0.0014617506965246849
                 0.0836700007909672,              0.0056309388326331485,                      0.10009911053378949,                     -0.07496741510905862,         0.015092361937670521,                  1.1894801689554344,               4.436241948376918, 29680.99012252042, 66.38463866350753,29747.374761183928, 0.0007603579909662455
                0.08314624567666622,               0.007181501495955949,                       0.1010581834509201,                     -0.06359687935225283,         0.018475588618081403,                  1.0584782739808534,               4.164146691067607,29681.100446559016,54.243375531082044,29735.343822090097, 0.0008490460301271726
                 0.0831263560179018,               0.006871714220947629,                       0.1064281189776375,                     -0.06651019170341634,          0.02030246938150576,                   0.974726512069078,               4.132664056995147,29679.942182054154, 49.38124636854329,29729.323428422696, 0.0002666265251162882
                 0.0826533322989183,              0.0059924312402597464,                      0.09977637395624282,                     -0.07763400610545493,         0.014592278271709723,                  1.2186870232649714,               4.515165291945686,29681.423392012948, 68.65633847858889,29750.079730491536, 0.0011726938951535106
                0.08427251396451614,               0.008482537345872655,                      0.10986835304926275,                     -0.07581862929121776,         0.022902868938123818,                  0.9034364780366506,               4.012083889785522,29678.701219408995,43.801503994975874, 29722.50272340397, 7.708326888950118e-05
                0.08372450958710055,              0.0063252410651439646,                      0.09068751660760332,                     -0.07553924546153548,          0.01949923610260744,                  1.0115625884398076,               4.147032652061032,29681.446430245433, 51.40061699234532,29732.847047237778,  0.001200024303075282
                0.08448990297255225,               0.007757405141491383,                      0.10274441008034614,                     -0.08363686436226851,          0.01992088499862413,                  1.0066365622456361,               4.113754566709268,29681.549018571684,50.336074452643075,29731.885093024328, 0.0013296691280791492
                0.08322065879199991,               0.005962267177323288,                      0.09056666825334103,                     -0.07351103796952416,          0.01703249992251127,                   1.104117091499291,                 4.3389990947934, 29681.06964543932,   58.825550960864,29739.895196400183, 0.0008232931071266672
                0.08509689363395635,               0.007480051011047795,                      0.09925595253766092,                     -0.08102005051888227,         0.017161491124484698,                  1.0882003328242575,               4.387708417498048, 29681.97945302545, 58.40173613345385,29740.381189158907,  0.002044932106463445
                0.08238187679357001,               0.007375500505870979,                      0.09727785706811402,                     -0.08071273309796913,          0.01573258219491187,                  1.1637007069355765,              4.4290331837438375,29681.177453363285, 63.68912716493902,29744.866580528225, 0.0009170116769046473
                  0.083296972011227,               0.007269328647164645,                      0.10027743618714387,                     -0.07940175554024109,         0.023970768677545048,                  0.8717632403861195,              3.9255418943107223,29669.499987192125,41.847207552362946, 29711.34719474449, 7.778856234387336e-09
                0.08522147343337667,               0.009150224979929882,                      0.10419833918820101,                     -0.07677376133367676,         0.019340233928528284,                  1.0167980911354544,              4.2241853441506905, 29680.78484089474, 51.83956015084612,29732.624401045585, 0.0006192491758227833
                0.08394978088290322,               0.006420471434141993,                      0.10414523705659558,                     -0.07882329020372593,         0.017713649257081823,                  1.0714280638038256,                 4.2514147395285,29681.609630974453, 56.58779750391619, 29738.19742847837, 0.0014127561859438344
                0.08142765029116507,               0.006871272042753787,                      0.09924258707032639,                     -0.07643998579849111,         0.016154888516741017,                  1.1437329480958938,                 4.3428669168701,29680.609733983165, 62.02504450393745,29742.634778487103, 0.0005197774950489896
                0.08323656349770202,               0.006101888278616501,                      0.09767313751321928,                     -0.07545808789464031,         0.013207133725866906,                  1.2899396034311887,               4.649473867784509, 29681.47769478955, 75.83998660453008, 29757.31768139408, 0.0012381351709909898
                0.08226858321427825,                0.00814926247330972,                      0.09861480433095361,                     -0.06495080723406454,         0.018377721267974392,                  1.0512601455496358,               4.250721493782774, 29681.43187045973,54.529143672084494,29735.961014131815, 0.0011826787863083142
                0.08346879954074522,              0.0069659546504594275,                      0.10643292472105127,                     -0.06734692499755555,         0.018161390353001933,                  1.0484624034999277,               4.320123898883877,29682.052833519265, 55.18897002564944,29737.241803544915, 0.0022006330808345812
                 0.0847086192501612,               0.008693471222421862,                       0.1017702165125152,                     -0.07558259562719978,         0.013720022420233976,                  1.2748250143558706,               4.558711077394347,29680.595333704347, 73.01573956158191, 29753.61107326593, 0.0005123461890534337
                0.08503625596494187,               0.006805701191573083,                      0.09710794830782803,                     -0.06518385056866435,         0.016582217374110222,                  1.1132814874266734,              4.3951860494023505,29680.876681045946,  60.4219900218289,29741.298671067776, 0.0006788144961233938
                0.08545269985603908,               0.008595621160661879,                      0.10658176401229202,                     -0.07755308226116424,         0.016023505114711553,                  1.1412976270892368,               4.455504124753631,29681.458919864974, 62.54581895317079,29744.004738818145, 0.0012151061371943838
                0.08484263347592973,               0.007411331348062954,                       0.0929611992619024,                     -0.07944928597367411,         0.015068682937049955,                   1.199505977786906,               4.467072673431379,29681.053027522976, 66.48617371823534,29747.539201241212, 0.0008097247423686693
                0.08322285656048416,                0.00865726592041777,                      0.09497975854268612,                     -0.07613023359468873,         0.016651919616291908,                  1.1272093523243707,               4.307833021169435, 29680.91691756106, 60.17434728158663,29741.091264842646, 0.0007066845630583422
                0.08509198947143481,               0.007615263350710277,                      0.10427121309919377,                     -0.06746766023078778,         0.016764805942514404,                  1.1031299351406831,                 4.4251267264961, 29681.57230882822, 59.77500573755892, 29741.34731456578,  0.001361000909516935
                0.08298137614760992,               0.006922183174189331,                      0.10470875554181153,                     -0.06951783211473973,         0.017814818122667917,                  1.0625249536228933,              4.3543056046784505, 29680.71461399609, 56.25932614292369,29736.973940139014, 0.0005772531117069452
                0.08464215974156124,                0.00795352571170834,                       0.1019205738719121,                     -0.08294341583087063,         0.013799869724017805,                  1.2579287447170975,                 4.5748210221599,29681.909967399424, 72.60053535342058,29754.510502752844, 0.0019076630580980372
                0.08209712489263703,              0.0075068447580391015,                      0.09748464282505175,                      -0.0787056216875797,         0.014471215352715868,                  1.2225255048466168,               4.493239842634572,29681.421200441815, 69.22766366638382,  29750.6488641082, 0.0011701266672237084
                 0.0832917697091949,               0.007606824599422863,                      0.09815540593702872,                     -0.07652695197615815,         0.014959427963113005,                  1.1904745178127334,               4.466793495819794,29682.018655327705, 66.97239944368629, 29748.99105477139, 0.0021266902360820754
                0.08362790473689409,               0.007683307027785427,                      0.09739016631875717,                     -0.06281314507048848,          0.01649399688415139,                  1.1232619301166828,               4.417895521232236,29680.520770855925, 60.74191306222374,29741.262683918147,0.00047553367450484124
                0.08477031026398917,                0.00835107064728825,                      0.09412235881046573,                     -0.07035900396646015,          0.01411246560833441,                  1.2300890371889979,                4.60848083119303,29680.554063370375,  70.9763687184465, 29751.53043208882, 0.0004916318741081632
                0.08175992737589693,               0.007912009289576163,                      0.09525676333702195,                     -0.06767917433198688,          0.01914951165344241,                   1.030688984501753,              4.1670214470622735,29680.365750116147, 52.33399509656507, 29732.69974521271, 0.0004072458099753506
                 0.0830404924024277,                0.00824815443693439,                      0.09376977304455295,                     -0.07713256681402889,         0.014376747441668614,                  1.2227434495563183,               4.556430174965726,  29681.6426603454, 69.67735064971849,29751.320010995118, 0.0014601978045581264
                0.08391977208091064,               0.007545070475849704,                       0.1165981050093248,                      -0.0759506746142094,          0.01790150643582842,                  1.0624728750877352,               4.309557211428404, 29681.69517261983, 56.00823770252654, 29737.70341032236,  0.001538925096682261
                0.08543325003848624,               0.008410404285170908,                      0.10017545429532414,                     -0.08373191868036468,         0.018329510644119404,                  1.0522931418448198,               4.245581753279117,29680.892770515165, 54.69247315740716,29735.585243672573, 0.0006898245968881497
                0.08484581104085576,               0.006745795613588074,                      0.09818658440809955,                     -0.07541030857330702,         0.019761398263250466,                  0.9998633258443343,               4.126918499037698,29680.495626308188, 50.72910459979729,29731.224730907987, 0.0004637256709067214
                 0.0828908691634814,               0.007205266026010951,                      0.10654187930864814,                       -0.087185158913306,         0.016972951486470277,                  1.1093154838571229,              4.2845162476374865,29681.524796289126, 59.06102334832951,29740.585819637457, 0.0012978484473115076
                0.08478797016202222,               0.008136278199839756,                      0.09369549430122841,                     -0.07091453584269486,         0.013955918291972281,                  1.2550610114119427,               4.570753984147438,29681.126099688823, 71.77120470091701, 29752.89730438974, 0.0008711084938757398
                0.08324032904666091,               0.007077840316604899,                      0.10511086974933254,                     -0.07626730316287186,          0.02036833715014345,                  0.9882971961426584,               4.042202943493322,29681.562928791805,49.228276387599806,29730.791205179405,  0.001348294358544756
                0.08247204752613481,               0.006860701370524437,                      0.09271237356005162,                     -0.06355462595262781,         0.019140925003673485,                   1.022748755253558,               4.191860341472168,29680.605443561493, 52.35232067283557, 29732.95776423433, 0.0005175522075442206
                0.08194849486589416,               0.007489119222917481,                       0.1016093951210083,                     -0.07055749463393741,         0.017054494357993423,                   1.105482303505764,              4.2653411846462035,29681.894127096213, 58.75820608759749, 29740.65233318381, 0.0018776831689652574
                0.08288346087464138,               0.006314300834752176,                      0.10139139162796863,                     -0.07410514607367763,         0.015479981022871693,                  1.1851556895351059,               4.343132793223418,29681.201206244456, 64.72556976118183, 29745.92677600564, 0.0009390540954217439
                0.08366929598930926,              0.0068040802458126945,                       0.0932279791257039,                     -0.06502695217828866,         0.016470674776913347,                  1.1317782504606213,               4.348740903075931, 29681.48377618227,60.824893410796804, 29742.30866959307,  0.001245687698873006
                0.08154222881100136,               0.006684448787624619,                      0.09678877767382582,                     -0.07240058795386695,         0.016922480859201068,                  1.1102439952358591,               4.289274571799456,29679.955570351405, 59.21134451471857,29739.166914866124,0.00027022020322566205
                  0.084232540140621,              0.0072922257599387945,                      0.10481860763722078,                     -0.07065701841258418,         0.017418990982293454,                  1.0959038198871494,               4.225469062477742,29681.221126805816, 57.53709351774865,29738.758220323565, 0.0009579481453871161
                0.08435913866030527,               0.008063202846181028,                      0.10811910714768284,                     -0.08554848009941121,         0.023358765437405022,                  0.8905987761251986,              3.9610238991295708,29672.646014986327,   42.955980372436,29715.601995358764,1.8080825552590278e-07
                0.08513766884961232,              0.0062166442972417454,                      0.10554713734202233,                     -0.07476085414640089,            0.016100580541188,                  1.1368457602585478,               4.439496316291198, 29681.84903163051,62.242986405145245,29744.092018035655, 0.0017948890226902117
                0.08445474302104648,               0.008337474395654893,                      0.09305993448142928,                     -0.07417627629434892,          0.01848801656584565,                   1.044497456322091,               4.288937093887117,29681.597739070698, 54.20778148238312, 29735.80552055308, 0.0013960553246829546
                0.08421815093215637,               0.007546032516905014,                      0.10224325386214517,                     -0.07145704648202503,         0.020884557443320125,                  0.9655903269107105,               4.038945821340288, 29679.13312395818, 48.00843263338441,29727.141556591567,0.00011872273313960655
                 0.0850984550854783,              0.0074830798871774115,                      0.09677913644154425,                     -0.07016441554352185,         0.013955329788062094,                  1.2580825298742313,              4.5571427940960385,29681.108568060565, 71.77713791983079,29752.885705980396,  0.000855969635756837
                0.08240711347126145,               0.007107338182034617,                      0.10015969678372355,                     -0.07785071737527298,         0.021500788330360687,                  0.9429196757244547,               4.030426117062437,29679.385414257566,46.637334469926905,29726.022748727493,0.00015279254713780943
                0.08218982906061804,               0.008496951930938468,                      0.10610649683623545,                     -0.07886833155361747,          0.01819022558608787,                  1.0622888564854427,               4.229038073487246, 29681.58586468397,55.109613626695975,29736.695478310667, 0.0013795760580888182
                0.08410794410024376,              0.0065579697852199085,                      0.09994794559113608,                     -0.06682621662052687,         0.014584006960902287,                   1.201038828322789,               4.579261158550097, 29680.33972930936, 68.68810845054033,  29749.0278377599, 0.0003967856268346389
                0.08287143218807884,               0.007277228491008331,                      0.09828764880389165,                     -0.08134971381486579,          0.01966838087480012,                  1.0034520036046395,              4.1066327723281875,29679.920891191316,50.971908602136885, 29730.89279979345, 0.0002610098207519178
                 0.0845454927365218,               0.007816705540012943,                      0.09955000104201933,                      -0.0787069899273242,         0.012683176325280593,                  1.3215100331279177,              4.6800763073635645,29681.082170867907,   78.974125243033, 29760.05629611094, 0.0008336700583617787
                 0.0842511496617015,               0.007195653614019322,                      0.10584576247435956,                     -0.07260414906663976,          0.01255971854559665,                   1.324920942946635,               4.700688687142682,29680.447367852896, 79.75086702725477, 29760.19823488015, 0.0004418783843097407
                0.08396977292631727,               0.006415527808163979,                      0.10592046318507296,                      -0.0873862963950332,          0.01936628681335175,                  1.0130995407587218,               4.165255213459683,29680.481697731288, 51.78027793885162, 29732.26197567014,0.00045731140672466313
                0.08343457225739437,               0.007912307401870327,                      0.10720109572419417,                     -0.07522360901780631,          0.02041594860473119,                  0.9783482205883188,               4.070440710218212, 29679.17096089165, 49.11561785450651,29728.286578746156, 0.0001233009030747955
                0.08401198882803408,               0.007029739880227073,                      0.10448816058554136,                     -0.08545653951945288,          0.01434015418515397,                   1.220575523497451,                4.57120056455315, 29681.79032543886,  69.8749684467042,29751.665293885562, 0.0016925512442143365
                 0.0828808031700649,               0.008178334928133383,                      0.10590054112991563,                     -0.06884197210325659,         0.019287986650060204,                  1.0096879093591913,               4.194858589665259, 29681.28728960285,51.972911139978685, 29733.26020074283, 0.0010234724072716783
                0.08472877034689556,              0.0078056308542617196,                      0.09844951902430846,                     -0.07218552160413849,          0.01816688620825142,                  1.0587069398443323,               4.320446652431473,29680.918629568005,55.168222733487056, 29736.08685230149, 0.0007078954481650559
                0.08478176961384203,              0.0066959643420043445,                      0.09294687921058273,                       -0.069739019911517,          0.01687274791432474,                  1.1123325285481571,               4.350670577930461,29681.520643207616, 59.38236574943825,29740.903008957055,  0.001292469554143605
                0.08415900479585023,               0.008028854299564039,                      0.09628603282313246,                     -0.07102914329875279,         0.014963898767517176,                   1.193413396126278,                 4.5549707202725, 29680.75291076538, 66.94674446035941,29747.699655225737, 0.0005997888088952469
                0.08206210105059115,               0.006936391711165396,                      0.11115567927963019,                      -0.0809679004484755,          0.01896854573093942,                  1.0355285202873232,                4.14009555871568,29682.019006155366,52.861597080539966,29734.880603235906,  0.002127436468733956
                0.08570400254890331,               0.008521420501126635,                       0.1014716161951937,                     -0.08259014272721521,          0.01832245058435505,                  1.0499109726016413,               4.257556793051851,29680.578924201003, 54.71416004372447,29735.293084244728, 0.0005040074469740781
                0.08489400327385459,              0.0077485061573656176,                      0.10816686366515228,                      -0.0825539388851758,         0.013470908498935777,                    1.27590577491871,                4.60838976229336, 29681.17973497911, 74.37727769009686,29755.557012669204, 0.0009191063339495977
                 0.0844746325186099,                0.00835061979396768,                      0.10843874024519409,                     -0.07373490361908035,         0.022591750566546945,                  0.9126538511727068,               3.995841354980482,29677.650278091474, 44.39950864824544, 29722.04978673972, 2.694896613214366e-05
                0.08312209869380947,               0.007238607462576422,                      0.10090749580227477,                     -0.07148342715453126,         0.021866350912233868,                  0.9311220385459801,               4.010041468449295,29677.453351139728,45.856000379729664,29723.309351519456,2.2131855199493756e-05
                0.08454001447404316,               0.006955029375290572,                      0.08907530159478484,                     -0.07797494006272267,         0.014864260250877838,                  1.2036979347009404,               4.509250189813384,29680.638558748247, 67.39329634326089,29748.031855091507, 0.0005349779820211649
                0.08439561987586747,               0.007649280970364999,                       0.0961791669739405,                     -0.07836274807724754,         0.014382055768997084,                  1.2448022576708253,               4.496505752530833, 29679.09622813397, 69.65649060356058, 29748.75271873753,0.00011442218405052723
                 0.0816495832042759,               0.007951933408179478,                      0.10041368395805947,                     -0.06851264632454508,         0.018895811288552198,                  1.0305845414649302,               4.196749578918905,29681.501060985916, 53.04126379872404, 29734.54232478464, 0.0012674063265320779
                0.08105251914669273,               0.007150171913077195,                      0.10035587098097658,                     -0.07413735008509245,         0.020468044666658525,                  0.9767553029591618,                 4.0775157522267, 29679.26076517672, 48.97991362559773,29728.240678802318,0.00013488627546075191
                0.08270635649236131,                 0.0079163702167331,                       0.0995251496543069,                      -0.0796387326896074,         0.022708170418949566,                  0.9090395423536658,              3.9328539453688975,29669.292049891286, 44.16562758676912,29713.457677478054, 6.318437919481906e-09
                0.08297362236373604,               0.006497666375882976,                      0.10252852930739868,                     -0.07756464703273341,         0.017167323182109617,                  1.1037301992641666,               4.228761444540051,29681.476213496273, 58.38050623868492, 29739.85671973496, 0.0012363024873902262
                0.08336431177553941,               0.008773534783793328,                      0.10161075217105867,                     -0.08139223687680362,         0.018180082703533836,                  1.0613416702815517,               4.221849003487817,29681.543284776613, 55.13845045946583,29736.681735236078, 0.0013220668934419066
                0.08312376056577195,               0.005727025655091841,                      0.10752541544077675,                     -0.07697582059208682,          0.01632597334254728,                    1.13980071523272,               4.373660403775816,29681.367382558314,  61.3878093163225,29742.755191874636, 0.0011088174887737764
                0.08384652481332437,              0.0068915990160965356,                      0.10988881843058859,                     -0.07871567539553143,          0.01789923739296633,                  1.0754682390635395,              4.2762503868809665,29682.036867637362,56.009132230091396,29738.045999867452, 0.0021657770271970127
                0.08433682844880037,               0.008765186251390318,                      0.09587268175400766,                      -0.0676208155515458,          0.01663363356993254,                  1.1119022533742375,               4.397074158533019, 29681.52619966917,60.235564617521504, 29741.76176428669, 0.0012996711005603906
                 0.0837716208378491,               0.005459337100397564,                      0.10486005132360766,                      -0.0759045831999417,         0.018400620568560924,                  1.0506638994465862,               4.241888161825576, 29682.20120678603, 54.47824110027769, 29736.67944788631, 0.0010534846764417626
                0.08494732544624793,               0.007630091847263255,                      0.10792986629476269,                     -0.07694128122288074,         0.018250056667536183,                  1.0462959276251287,               4.284099252991022,29682.493270860898, 54.93236753649603,29737.425638397395, 0.0014108149041413326
                0.08500139583556797,               0.008547510646818109,                      0.09513690766207435,                     -0.07447901100069622,         0.016721853855344394,                    1.11752464297635,               4.358631022312775, 29682.13234308017,59.923628757651244, 29742.05597183782, 0.0009833793752903697
                  0.082756004740067,              0.0058245951272776625,                      0.10751752375614299,                     -0.07252065607780896,          0.01697933631611647,                   1.099467246143776,               4.346910547083607,29682.567733457206,59.026793428613615, 29741.59452688582, 0.0015198780174373561
                0.08305715067585699,               0.006436452505498988,                       0.1105558182557286,                     -0.06587456371491414,           0.0186597479782516,                  1.0455289118268298,               4.196323190089335,29682.237451877274,53.721858337257586, 29735.95931021453, 0.0010923687462298353
                0.08291476681543981,               0.007718348330634295,                       0.1078853720741405,                     -0.07337214363590915,         0.016559521232194518,                  1.1140507489423446,               4.422253731252453,29682.345410523085, 60.52131463324045,29742.866725156324, 0.0012169006138892816
                0.08297412997488422,              0.0074143192799394015,                      0.10089300393262629,                     -0.07288275091845128,         0.016984582798516848,                  1.1021010201271202,               4.381982222903733,29682.559340952263, 59.00154106455218,29741.560882016816, 0.0015071758098873663
                0.08314909637396961,               0.006209905476390699,                      0.10632501419652683,                      -0.0792809281404671,          0.01443481197626226,                  1.2221592943634791,               4.497896136734027,  29682.3424131433,   69.413316430652, 29751.75572957395,  0.001213258561620855
                0.08220077876908256,               0.006390695723416674,                      0.10071022845801805,                     -0.07239174739532979,         0.020064237299150404,                  1.0060733540063067,                4.06125466031972,29682.570473959095, 49.96314826138933,29732.533622220482, 0.0015240489586396365
                0.08507951689573796,               0.008157510524655345,                      0.10695607320983834,                     -0.07695317113657436,         0.018746546404289455,                   1.028550830660652,               4.265806945063666,29682.221789370822,53.480194600426984, 29735.70198397125, 0.0010753928036344508
                0.08434616492414386,               0.007665133800780252,                      0.10071143678832982,                     -0.08591250225659465,         0.018049131527398732,                  1.0582271817006705,               4.274897509415775,29682.166207644725, 55.54153216030482,29737.707739805028, 0.0010172513830239132
                0.08436173701118281,               0.007787723559281955,                      0.09977259019422315,                     -0.07647252628751466,          0.01314749251711279,                  1.3008485306575677,               4.624898924267612, 29682.76738360788, 76.18779836054463,29758.955181968424, 0.0018557338617429466
                0.08323356793270323,               0.007129609315673374,                      0.10178721053305427,                     -0.07055643884548003,         0.017117216056981716,                   1.113217496307389,               4.267461397460794,29682.185114961616, 58.54470109124586,29740.729816052863, 0.0010366678555563714
                0.08277473453684515,               0.008123392503851141,                      0.10071205908585755,                     -0.06901456033431548,         0.021221397159744547,                  0.9545193862535696,              4.1023294879916214, 29682.79801966438, 47.24349291448326,29730.041512578864, 0.0019134660571877207
                 0.0833552620672964,              0.0061861135996475565,                      0.09853193616030179,                     -0.07067656919349256,          0.01563119396477959,                   1.173390769725519,               4.393261435401484,29682.424727062396,   64.095140060108,29746.519867122504, 0.0013173520315956611
                0.08461246235415959,                0.00732515574896011,                      0.11357745897882521,                     -0.07405930091317234,         0.016847749261372207,                  1.1097650701679418,                4.33863389006527,29682.391634949763, 59.49731795571763, 29741.88895290548, 0.0012744714867900773
                0.08394396057116547,               0.008154736237058648,                      0.11004733667182488,                     -0.08082235071209319,         0.018082279634295692,                  1.0664812829076877,               4.232687225756539,  29682.2512788679,55.445849149520335,29737.697128017422, 0.0011075778242226986
                 0.0835882856745803,               0.008170919866289825,                      0.09542309595429838,                     -0.07608377124851902,         0.016611577370368058,                  1.1139194768024192,               4.418642774210719, 29682.49632074526,60.320912902460016,29742.817233647722, 0.0014151242946869279
                  0.082364936852972,               0.008436271481196356,                      0.10524149487051247,                     -0.06920862563003785,         0.020690330201963213,                  0.9746678537695668,               4.097144804951448, 29682.23995024722, 48.45798288299252,29730.697933130214, 0.0010951012995204018
                0.08314193881778784,                0.00634417726087978,                      0.10023114619217977,                     -0.08314684035580262,          0.02051410464777412,                  0.9800174464180564,               4.077421990879695, 29682.37361952301,48.879795643526265,29731.253415166535, 0.0012517169210982785
                 0.0820259705574967,               0.005919059034310117,                      0.10205264167428066,                     -0.07845449421058914,           0.0195405307862538,                  1.0085249118760555,               4.130040057900632,29682.275551677703,51.305311110990665,29733.580862788695,  0.001134790781485313
                0.08372370077501341,               0.006861731369992507,                      0.10499528346104665,                     -0.07452321750343809,         0.014341546687703932,                  1.2336889206113997,               4.549462292531135,29682.552054210402, 69.85878884760749, 29752.41084305801, 0.0014962333247721634
                0.08498988518138235,               0.007451292034574686,                      0.10595190857859281,                     -0.07604469541654182,          0.01921626427854256,                  1.0185521921856735,                 4.1744487506224,29682.371431969987, 52.17418102378296, 29734.54561299377, 0.0012489817167579272
                0.08388374002493017,              0.0061249403303303114,                       0.1023652238021515,                     -0.06720395406514185,         0.015773776200729298,                  1.1580905455544552,              4.4296329865315105,29682.471086481703, 63.51896593922373,29745.990052420926, 0.0013798614622391047
                0.08153217110119211,               0.007300689083238038,                      0.10147501585143284,                     -0.07150676104568857,         0.019030231172671188,                  1.0300470669757584,               4.169950623064578, 29682.50968285396, 52.67080906792951,29735.180491921892, 0.0014341602362661241
                0.08366005036601848,               0.006981156971849234,                      0.11447808341735524,                     -0.06968298220587923,          0.01796727827979151,                   1.065942447692987,               4.243832648349902, 29682.19226917863, 55.79566961355596,29737.987938792186, 0.0010441109955404957
                0.08397906630930656,               0.007435405099787493,                      0.10079079790727243,                     -0.06411776973308923,          0.01489045657019753,                  1.1952727952766427,               4.513355938498477,29682.222408317128, 67.27587267506644,29749.498280992193, 0.0010760586200684076
                0.08272940309612185,              0.0067052535948869145,                      0.09333552807393987,                     -0.07607977119508931,         0.018783264810379077,                  1.0449060065193352,               4.156790206607572, 29682.70311145641,53.357707481382185,29736.060818937793, 0.0017402139738698114
                0.08453516967145537,               0.008654458710135362,                      0.09777811280353134,                     -0.07825755736075257,         0.017405062454900998,                  1.0921686087483036,               4.308666606152205,29682.294118176782, 57.58180321051342,29739.875921387295, 0.0011560566792338399
                0.08398914005720279,               0.007985668531249228,                      0.09913953896891456,                     -0.07424135589957653,         0.014274863705899513,                  1.2247750232148071,               4.598032852492518,29682.724093908684, 70.17797699748944,29752.902070906173, 0.0017771137001081321
                0.08354396201416302,               0.006449074694235976,                      0.09925134367077758,                     -0.07979799366363576,         0.013697669808280303,                  1.2629968162291936,               4.610128990772657,29682.450782371667, 73.13422757916656, 29755.58500995083, 0.0013521271166773712
                0.08421152811834698,               0.007057604054247616,                      0.10863681061330965,                     -0.07798130240521707,          0.02239694162594361,                  0.9249819278938822,               4.002778677444627,29682.588858319035, 44.78797788669396, 29727.37683620573,  0.001552326761464338
                0.08470609507269287,                 0.0079185274351919,                      0.09999417712066798,                      -0.0801479562025121,          0.01375109202088922,                  1.2627684374011945,               4.604794490058357,29682.524740210083, 72.85294362970954,29755.377683839793,  0.001455918296019171
                0.08451883251258156,               0.007875997099394941,                      0.09343737164779375,                     -0.07601625635624462,         0.014989367917436967,                  1.1913006539833764,              4.5179721416368235,29682.496754269316, 66.83458987344515, 29749.33134414276, 0.0014157379181109178
                0.08377163263842705,               0.007035251274452764,                      0.09738380967627965,                     -0.07986129455211448,         0.014985422402268276,                   1.187845566965685,                4.53740710473639,29682.406903997224, 66.85890020462732,29749.265804201852, 0.0012940807790354336
                 0.0854400706213183,                0.00793463125157366,                      0.10061599237060748,                     -0.07026418872397341,         0.017211563991805515,                  1.0974602132673053,               4.320737237618977,29682.493802815166, 58.22504802290047,29740.718850838068, 0.0014115655928004054
                0.08341835285030116,               0.006869431602610486,                      0.10401210398744208,                     -0.08423417872016271,          0.01446312806435623,                  1.2185208079659409,               4.555738952522303,29682.138678791693, 69.27977911837255,29751.418457910066, 0.0009896295621111104
                 0.0837519154856441,               0.006811849729390834,                      0.10753875622823066,                     -0.07341060505013214,         0.018824814980145186,                  1.0228257436998258,               4.253695876842459,29682.441413429748,  53.2547858415995,29735.696199271348,  0.001339518274240691
                0.08411298019016976,                0.00757335140353055,                      0.10071465235064052,                      -0.0713871468394769,          0.01747720840802004,                  1.0784122390557667,              4.3778150453833025,29682.396584461465,  57.3416641357232,29739.738248597187, 0.0012807951349032428
                0.08243473347188278,               0.007862894702137723,                       0.0987330384796189,                     -0.07066166048576604,          0.01954694997255797,                  1.0045197367875114,               4.202264958825506, 29682.63761530793, 51.27886870694256,29733.916484014873, 0.0016298890266227938
                0.08205728764418233,               0.006071951722154954,                      0.09635553432623654,                     -0.07297932197591947,         0.018147174745729647,                  1.0603300830088591,               4.206845444602558,29682.360620861306,55.223777772612166,29737.584398633917, 0.0012355515678863739
                 0.0839175690901686,               0.007309148997321594,                      0.10669228857561897,                     -0.07752992694655911,          0.02105417827198296,                  0.9576164630525024,                4.07666341847198,29682.167359408544, 47.63256450839647, 29729.79992391694, 0.0010184236913437833
                0.08372686796214725,               0.007146832025511766,                      0.10020108110459115,                     -0.07153286114415999,         0.020839972757277753,                  0.9784865504591314,              4.0217788681974245,29682.212773741707, 48.10814359914966,29730.320917340858,  0.001065741034723832
                0.08383560767575403,               0.008618173978602034,                      0.10440144479296169,                     -0.07082583376965869,         0.021205248777813185,                  0.9583353770731126,               4.070046337052171,29682.787180705036, 47.28601707441782,29730.073197779453,   0.00189283807129031
                0.08427043846486335,               0.007402403185872957,                       0.0940736030156876,                     -0.07864662028968496,         0.016097186915318026,                  1.1473047083985066,               4.415380282898567,29682.122431951626,62.245941426026825,29744.368373377652, 0.0009736811156306795
                 0.0836887337137794,               0.007280501852613617,                       0.1010090423983896,                      -0.0707544701060887,         0.013641944027374458,                   1.260984534714956,               4.626023996663117,29682.777113240343, 73.42703457066865, 29756.20414781101, 0.0018738775929542837
                0.08290424775849764,              0.0074774752694821665,                      0.10322929796213849,                     -0.08520944041071044,         0.015667767560691968,                   1.158108934389322,                4.42769316627085, 29682.23549035799, 63.96333537206863,29746.198825730058, 0.0010902281439723698
                0.08300567708337045,               0.007255870693441106,                       0.0921383769095511,                     -0.07452695250485183,          0.01642899179773959,                  1.1321640217958557,               4.324181308977102,29682.347526426413, 60.98459850819622,29743.332124934608, 0.0012194781839304832
                0.08416794617482005,               0.008316308941542127,                      0.09843608322552207,                     -0.08161420034268892,         0.015453471279220258,                  1.1740586999522569,               4.423973455094701,29682.228478159304, 64.84095754635247,29747.069435705656, 0.0010826099888379718
                0.08504205345926587,              0.0074421581695718695,                      0.09796735260089863,                     -0.08152017783404135,          0.01983783917134648,                   1.000806661884031,               4.163658470977546,29682.492902478618, 50.53944194724355, 29733.03234442586, 0.0014102952806466264
                0.08500275006454953,              0.0074334039474271444,                      0.11037041853069725,                     -0.07152501233305256,          0.01817809418369469,                  1.0544666544774084,               4.327698956931416,29680.647074647706, 55.14781284482651, 29735.79488749253,0.00022267794826230124
                0.08294497607127414,               0.007699785400449757,                      0.11092776547799957,                      -0.0819463327875773,          0.01809662436610176,                  1.0675325729094909,               4.248131981237119,29681.807722621565, 55.40314300458454,29737.210865626148, 0.0007107882200175019
                0.08260612615444171,               0.005736892313718719,                      0.09993603961750608,                      -0.0740979258152512,         0.020326437448652836,                  0.9835797955084997,               4.105156339435662, 29682.73341211427,49.321092628116574,29732.054504742388,  0.001793750603578928
                0.08496776880664415,               0.007152849847827089,                      0.10122253315022679,                     -0.06694793454837772,         0.015802143255272058,                  1.1498620764515857,               4.439625668396198, 29682.29119658686, 63.40477008843184,29745.695966675292,  0.001152684084757271
                0.08405789270360592,                0.00605866912870963,                      0.10331016666509339,                     -0.08342048082950636,         0.019198317417452742,                  1.0219137456599063,                4.19307471812346,29682.387320930717,52.225311385941566,29734.612632316657,   0.00126898523492805
                0.08305879453388992,               0.006319245538776827,                      0.10406695249837274,                     -0.07930050863927196,         0.021642389046178906,                  0.9527994829201994,               3.974802774294571,29681.640104731363, 46.33927090493539,  29727.9793756363, 0.0006010971886891543
                0.08490386650513389,               0.007125830285294904,                      0.11226916384103372,                     -0.07246987232450833,          0.01720645030389018,                  1.0956513989177525,               4.317410387827044, 29682.32675144636, 58.25727132422263, 29740.58402277058, 0.0011944048992731265
                  0.082753577581841,               0.006528772773399669,                      0.10686560483269328,                     -0.07892905805820565,         0.014665369085691755,                  1.2094314961458403,               4.452188531661533,   29680.916166605, 68.32418882060368,  29749.2403554256,  0.000291435440172956
                 0.0854836713976376,               0.007820814684380818,                      0.10904832290053663,                      -0.0739082595484271,         0.018282595652003047,                    1.05268665438626,               4.283735937346509,29682.033019529645,  54.8341762860121,29736.867195815656, 0.0008904005622084193
                0.08350406909377737,               0.008425372585834782,                      0.10091669541821907,                     -0.07022372481467815,         0.022360604132262072,                  0.9281785400861406,               4.003774837088292,29682.847712108498,44.844618988198164,29727.692331096696,  0.002010952984280265
                0.08447977566470455,               0.008298935534934179,                      0.10685738192367102,                     -0.07972252760443212,          0.01572355515925967,                  1.1557235036447586,               4.420128015246547,29682.194815470393,63.737625490003076,29745.932440960398, 0.0010467729944416842
                0.08368885280900261,               0.007415706841349923,                       0.1116935937096392,                      -0.0844465256772212,         0.017192415356274415,                  1.1048348864977995,               4.302778764662412,29680.774744933144,58.313325467353316,29739.088070400496, 0.0002530018585811808
                 0.0839626177332808,               0.008191809844002876,                      0.10645665195684514,                     -0.07009870621386967,         0.018564740765103165,                    1.02985832992189,               4.292048232487604,29681.472327804804, 53.99534970302661, 29735.46767750783, 0.0005082531786172167
                0.08384574383870265,               0.008983544963988241,                       0.1069205961772774,                     -0.07672399550276193,          0.02045956426896452,                  0.9713650357591923,               4.164510468820778,29680.729033775664,49.012615124346695, 29729.74164890001, 0.0002416971938024546
                0.08416922794451248,               0.008297270691159929,                      0.10623600535853661,                     -0.08266503870714664,          0.01515660045680752,                  1.1893546535106012,               4.484582450417027, 29682.19227086647, 66.11826084846388,29748.310531714935, 0.0010441127578345649
                0.08361881435745318,              0.0070941977033652966,                      0.09665706304301035,                     -0.08374657908451787,          0.01524890348078536,                  1.1771173926567216,               4.485995916260387,29682.472181495297, 65.70847750339722,29748.180658998695, 0.0013813732568659018
                0.08415919872649077,               0.007565499740374428,                      0.10323300214399268,                      -0.0734955313161563,         0.022561350423089866,                  0.9162666408315103,               4.010669624983218,29682.361762907232,44.452469368763865,29726.814232275996, 0.0012369634305744249
                0.08341855508472766,              0.0063902274432950925,                      0.09419528735059676,                     -0.07352175825198758,         0.015093745240306738,                  1.1904411723754509,               4.489920444481565,29682.246787848864, 66.37081828080798,29748.617606129672, 0.0011026148239349496
                0.08327599883718044,               0.007369052739894256,                      0.11189374299636058,                     -0.07947344507152293,          0.01908551811703744,                  1.0151988151705433,               4.196657486303491,  29679.9472427716, 52.53922274841097, 29732.48646552001,0.00011059718905249214
                 0.0834884438364522,              0.0061379851292639115,                      0.10104534338168143,                      -0.0695137530243554,         0.017833220246209144,                   1.063689180169368,               4.318778968541723, 29682.75575989548,56.197623715078684, 29738.95338361056, 0.0018342882254608695
                0.08266177697652967,               0.006619841985623113,                      0.10156513331256582,                      -0.0786804534664336,         0.015294950380515069,                  1.1906156850179563,               4.378914050150826, 29682.56433648394, 65.51096041830586,29748.075296902247, 0.0015147237917859842
                0.08451756736455036,               0.006316910708214839,                      0.09947212950242808,                     -0.07702247550149685,         0.018989973352587418,                  1.0264581785325828,               4.193062572050696,29682.588470483508,52.787203196836494,29735.375673680344,  0.001551724830728773
                0.08336651303761744,              0.0062834326534430066,                      0.09671977750344915,                     -0.06925837365536343,         0.016525189888342326,                   1.117798157781506,              4.3868268282788465, 29682.66078122455, 60.63112621733346,29743.291907441882, 0.0016680876446239239
                 0.0832361831942655,               0.008711775419924614,                      0.10219812214934997,                     -0.06553793243450871,          0.01799386964047387,                  1.0644905529547168,               4.298726851119871, 29681.68041798244, 55.69528194214855, 29737.37569992459,  0.000625824439802165
                0.08383951360282045,               0.005572429468786801,                      0.11066964982698718,                     -0.07308602018046785,         0.018726403858257377,                   1.037854683667843,               4.200671370914402,29681.146277169493,53.537477229046154, 29734.68375439854, 0.0003668412052658284
                0.08442709580791387,               0.007208823536298055,                      0.10010178161345033,                     -0.08568228803098203,         0.016742457930724767,                   1.106608943983949,               4.385540416227529,29681.981263837086, 59.86472950923201,29741.845993346316,  0.000845489490901733
                0.08324597039456061,                0.00716382889670323,                      0.10370473496883371,                     -0.08309201263833987,         0.015097362516804705,                  1.1954703457710858,               4.467728729283051,29682.673240759526, 66.37362479985389, 29749.04686555938,  0.001689001257369975
                 0.0853141197480547,               0.007581683133557144,                      0.10676319173789514,                     -0.07587818831578923,          0.02097133841953657,                   0.956348696012291,               4.139788721259388,29681.011196922558, 47.82019457628129, 29728.83139149884, 0.0003204892787892799
                 0.0830847645642168,               0.008150153993035019,                      0.09998536471738943,                     -0.07820430696369447,         0.019033300559678126,                  1.0170796810116798,               4.250779582029206,29682.201032119294, 52.66773107659885,29734.868763195893, 0.0010533006837803195
                0.08512151209731603,               0.007899338797988561,                      0.10031330399947111,                     -0.08139289258326396,         0.017077166052394635,                  1.0951485157727754,               4.369331348290625,29682.604455501525, 58.69103445593741, 29741.29548995746, 0.0015767284896641815
                0.08390198892544064,               0.007537016779266353,                      0.11137299367315856,                     -0.08347327897993763,         0.015885668927544838,                  1.1473832032368945,               4.417521561627051,29682.021351225594, 63.09686492933229,29745.118216154926, 0.0008800714763700929
                0.08386910538868106,               0.008699800659209047,                      0.10515302119608118,                     -0.07787152799985221,         0.015442606435102837,                  1.1653882803455833,               4.483079516192974, 29682.67584512785, 64.89052370864795,  29747.5663688365, 0.0016934057717443256
                0.08240627162782015,               0.006787374781357074,                      0.10332421979959769,                     -0.08160250561745679,          0.01721486050624913,                  1.1044202760317252,               4.255694453765599, 29682.95705295773, 58.22363404349402,29741.180687001222, 0.0022433035543700675
                0.08403093624585231,                0.00623640145154374,                      0.10572209082267049,                     -0.07168509533652084,         0.018176618423534414,                  1.0570097539181345,               4.295335615880171,29682.628981226335, 55.14582268140557, 29737.77480390774, 0.0016158770092744414
                0.08330971391455849,                0.00820695725195406,                      0.10863068535269169,                     -0.08088219918459776,         0.016368506437957554,                  1.1364443692961144,               4.346005670879738,  29682.2884647076, 61.23376455765763,29743.522229265258, 0.0011495393884339573
                0.08396748912226125,               0.006823569218355098,                      0.09187372692692693,                     -0.07715711592241555,          0.01651356002858504,                  1.1286902437810373,               4.346679174337382,29682.683511198276,  60.6756892517638, 29743.35920045004, 0.0017064374266202108
                0.08392894916944346,               0.008416811448782199,                      0.09754800697404574,                       -0.070277887861555,          0.01694079610177881,                   1.110483082801787,               4.357753065922029, 29682.23612858173, 59.14893370958797, 29741.38506229132, 0.0010909241755449207
                0.08378931622811343,               0.008596535979273432,                      0.10955890293328105,                     -0.07856450195991903,         0.018870915628763085,                  1.0231133996727821,                4.24654779818291, 29681.31442256101, 53.13198868679839,29734.446411247805, 0.0004340129892222605
                0.08516271063912162,               0.007935116751379598,                      0.10740738668092675,                      -0.0719998301404519,          0.01972589928077752,                  0.9990922350319789,               4.219890696110832,  29682.1121045461, 50.82830689441418,29732.940411440515, 0.0009636772617385768
                0.08414037133457829,               0.008934354970382535,                      0.10717305176570342,                     -0.07229947868312672,         0.018870679621975896,                  1.0328074554395723,               4.226618700685329, 29682.66102315558, 53.12488819637107,29735.785911351948,  0.001668491255606042
                0.08352954134351473,               0.008113261348102342,                      0.10347793888386494,                     -0.08049060571121802,          0.01791750551656561,                  1.0659769685334721,               4.325424615772639, 29682.37343951442,55.945948376187786, 29738.31938789061, 0.0012514916215808191
                0.08361433135879309,               0.005992085150046017,                      0.10657464282819203,                     -0.07085898271496334,         0.015999835670847486,                  1.1424069579029537,               4.439511413590048,29682.557804758057, 62.63067753633586,29745.188482294394, 0.0015048622726170702
                  0.081830709980876,               0.006695421582029084,                      0.11114372254623965,                     -0.07711772234364318,         0.019152955426360186,                   1.026852696467532,               4.144299186605079, 29682.28183707608,52.350380943218404,  29734.6322180193,  0.001141945856312786
                0.08494020822325744,               0.007076333239270549,                      0.10450994023770338,                      -0.0792340390692474,          0.02176875794347477,                  0.9355101146624041,               4.067888552084913,29680.872700933956, 46.07331170482315, 29726.94601263878, 0.0002790393568033001
                0.08371673769190285,                0.00753658436039749,                      0.10811870704364127,                     -0.07694757808100541,         0.016457172396425034,                  1.1159597853600778,               4.392054680386076, 29682.67075178215,60.900868027436104,29743.571619809583, 0.0016848025988002136
                0.08525549707512563,                0.00668116255687458,                      0.10765522489334665,                     -0.06939139601536609,          0.01645371478471456,                  1.1265052617833864,                4.40432635333077,29681.422913607057, 60.90831522153479,29742.331228828592, 0.0004837486766749895
                0.08216480873773681,               0.006460965926018056,                      0.10527725705843449,                     -0.07268397458352296,         0.015888048153243205,                   1.162090216233484,               4.344003630609389,29682.310587703385,63.069054778693186, 29745.37964248208, 0.0011752540372354427
                0.08303316502485163,              0.0076659729130674256,                      0.10901088358493594,                     -0.07877620968787179,          0.01777886830549642,                  1.0824753812754218,               4.216181008165497,29682.185279935118, 56.38567381149668,29738.570953746614, 0.0010368388923910584
                0.08261750781399839,               0.007942357808708734,                      0.09478592649825382,                     -0.07278724851663289,         0.015485605574739198,                  1.1723669697538868,               4.448063613958949,29682.242219117223, 64.69371624734026,29746.935935364563, 0.0010975887628052667
                0.08292566634645133,               0.007494395113409325,                      0.10264333309615122,                     -0.07989511081703995,          0.01709343893891262,                  1.1148806609852329,              4.2620030901066155,29681.675847809864,58.634488184110126,29740.310335993974, 0.0006229708397991763
                0.08526611000289455,               0.007627126542801234,                      0.10263126538261678,                      -0.0818011331414704,         0.016249582968801305,                   1.128391317762119,               4.426429304449361,29682.250059481048,61.676446894247995,29743.926506375297,  0.001106228081481317
                0.08428586332121422,               0.007517172002129852,                      0.10298010405191783,                     -0.07620643790172531,         0.015771396529087035,                  1.1556435710792679,               4.491874478726756, 29681.53442448589, 63.53688668604056, 29745.07131117193, 0.0005408145276452547
                0.08333668494895183,               0.008832341995128676,                      0.10171256436294418,                     -0.07155494523261738,          0.01565216577236365,                    1.15948951806172,               4.481822668565466,29681.997075275038, 64.01385861334118,29746.010933888378, 0.0008589641416054098
                0.08441688365848012,               0.007840528538770838,                      0.10400920928183774,                      -0.0646030117232936,         0.017210264923818577,                   1.091603768956229,               4.376568175340847,29681.716265601306, 58.22807552042014,29739.944341121725, 0.0006486657124500198
                0.08413262889428698,               0.006962797622360632,                      0.09476547108523607,                     -0.07780373728235263,         0.015537807903482085,                  1.1703078667583446,               4.464446309478781,29682.583989424387, 64.48225792754535,29747.066247351933, 0.0015447870160113333
                 0.0838321483810641,               0.006232779379982242,                      0.10816708773633002,                     -0.06696803837355712,         0.019911647446530595,                   0.996537331778444,               4.158748200336281,29682.651863057654, 50.35103656107618, 29733.00289961873, 0.0016532774984492678
                 0.0858387892900796,               0.007852196975403049,                      0.10447967686473765,                     -0.07705764847084716,          0.02018331120917532,                  0.9882114872382133,               4.145605719094207,29681.614560919537,49.680794418465396,29731.295355338003, 0.0005859373199215366
                0.08481350744981217,               0.006558740991965442,                      0.09490549647091183,                      -0.0758741212962117,         0.016329795923473608,                  1.1355233494669728,               4.380181593775805, 29682.37625167086,61.359976228540205,  29743.7362278994, 0.0012550159649829117
                 0.0827238739356841,               0.005904656435055087,                       0.1070846263192223,                     -0.07761118780330548,         0.021393594066146188,                  0.9518750380756046,               4.005898440976032, 29679.74509562093, 46.87834589427003,  29726.6234415152,  9.03551054268215e-05
                0.08363422483766182,               0.006457101724444554,                      0.10340853665872536,                     -0.07295908333708674,         0.016317461234902457,                  1.1210251561531246,               4.383065931606787,29681.119457833876,61.412113974839116,29742.531571808715,0.00035713352648007924
                0.08415263043696362,               0.006411567156428327,                      0.11119693245518317,                     -0.07666141399542996,          0.01709708866786039,                  1.0963400636607958,               4.378253834170793,29681.878197043763, 58.63040410370244,29740.508601147467, 0.0007626879313750697
                0.08367931765572963,                0.00880401018436641,                      0.10796188955951769,                     -0.07418262551864303,          0.01818388401961511,                  1.0567791921371104,               4.255830393970123,29682.844680485512, 55.12841027464628, 29737.97309076016, 0.0020048657647291366
                0.08446857460429243,               0.006060382601165471,                      0.10438719992958373,                      -0.0799940455094405,           0.0165101381941648,                  1.1235319031869149,               4.414675683176168, 29681.36848375828, 60.70477494420463,29742.073258702487,0.00045812206222198184
                0.08256717273409409,              0.0067733560369671415,                      0.11241701390443401,                     -0.07173363347867377,         0.019138812462240005,                   1.015489262525228,               4.207979279962534, 29681.64968983161,   52.386770889164,29734.036460720774, 0.0006068864665822952
                0.08496623377929123,               0.007665778823136098,                      0.10239018639525149,                     -0.08317358482125779,         0.016551626077891714,                  1.1263832539418044,               4.345350462464246,  29682.2821020922, 60.55413360789773,29742.836235700095, 0.0011422485304763252
                0.08273117449714587,               0.007730513913271414,                      0.10108140998896607,                     -0.06828933641124105,         0.017906878610636532,                  1.0599621632142449,               4.323487642383484,29682.244857625643, 55.96549017655054,29738.210347802193, 0.0011004885839167471
                0.08278396815409934,               0.007279336760273475,                      0.10635402227208818,                     -0.07502478757416263,          0.01662524815075101,                  1.1225460673236118,               4.294829934989334, 29682.74251051604, 60.28195629886629,29743.024466814906, 0.0018101453370837283
                0.08218942296449383,               0.007906058773750496,                      0.09605998694443135,                     -0.07512749530028698,         0.016984272024119243,                   1.103899923415879,               4.349641840828765,29682.220776633887, 58.99849780716444,29741.219274441053,  0.001074304264917209
                0.08319538564376114,               0.007654797701262715,                      0.10245667773719426,                     -0.08400862348339494,         0.016063740882320543,                  1.1522809497923672,              4.3977069636627135,29681.522103425606,62.388305093427974,29743.910408519034, 0.0005341920013006731
                0.08351449135812979,               0.005736426597360444,                      0.10391354535967079,                     -0.06757574564361546,          0.01935558216463068,                   1.024010180156634,               4.141769088508132,29681.494431983483, 51.78897148212065,29733.283403465604, 0.0005196127825324374
                0.08521807255383686,               0.007429365781931207,                         0.10016179793863,                     -0.06888493835694591,          0.01617899582902076,                   1.142639562130817,               4.384037142821054,29682.436112124662,61.931282236173956,29744.367394360837, 0.0013324358687841324
                0.08527389726360714,               0.007395437646688534,                       0.1020321884633796,                     -0.07885903262514583,          0.01674494151981686,                  1.1123334591724123,               4.410046883688023,29681.784559001295, 59.85261467827596, 29741.63717367957, 0.0006945130156269979
                0.08323553197878558,               0.005671784306688508,                       0.1036851850363074,                     -0.07511394433442023,         0.020620713805850194,                   0.975212015235445,              4.0831444178242675, 29682.25193248807, 48.62466562070333,29730.876598108774, 0.0011083019960682638
                0.08473677710573242,               0.007378222373148797,                      0.09929271614220067,                     -0.07317526659728352,         0.015347897847282441,                  1.1748745931311237,               4.514310376771777, 29682.19567397357, 65.28021618357614,29747.475890157144,  0.001047672038242253
                0.08279146994419617,               0.006567196960812639,                      0.10426004805752558,                     -0.07986118705022083,         0.015638439826634765,                  1.1815852872623207,               4.362902170328002,29680.594856300355, 64.07913957125574, 29744.67399587161,0.00021134845188163518
                0.08489036546400575,               0.007504146263372257,                       0.1072079896773255,                     -0.07183130521099212,         0.021250909029336056,                  0.9543778192553996,               4.088463360252181, 29682.86960390787, 47.18967707250307,29730.059280980375, 0.0020554617747583466
                0.08206460016769379,               0.006200938718412311,                      0.10259724304757707,                     -0.07435803863100025,         0.019380697418145933,                  1.0117067611531818,               4.176296540482022, 29682.37288323101, 51.72455461790612, 29734.09743784892, 0.0012507956311577498
                0.08453094376376852,               0.008670689175319046,                       0.0990667860768984,                     -0.06828115021168835,         0.018815250065650577,                  1.0387073743488084,               4.221637580500381,29682.170033281007, 53.26891682311482,29735.438950104122, 0.0010211504703124795
                0.08290352014793671,              0.0069107399226195024,                      0.10934727161173842,                     -0.07876715320678199,         0.017466694275647506,                  1.0754539624641348,               4.354374949573423,29681.790644614335,  57.3911614687432,29739.181806083077, 0.0006987524397551592
                0.08349384914472367,               0.006641412630229843,                      0.10398161209071292,                      -0.0808108622049113,          0.01916861561571925,                  1.0333367357157757,               4.165522415540013, 29682.30114827746,52.303929994643525,29734.605078272103, 0.0011642125086393836
                0.08238869967940773,               0.007342892468385812,                      0.10812153562917881,                     -0.08145861268212037,         0.018460082357149316,                  1.0477699282866835,               4.260955513199469, 29681.65520547545,54.310759187444965,29735.965964662893, 0.0006102430846280137
                0.08445680714827168,               0.008455763551247044,                      0.09686995838296938,                     -0.07706011452086355,         0.014740928797284357,                  1.1974206460429115,               4.564552074292204,29681.838437674676, 67.96347776028286, 29749.80191543496, 0.0007329588611755413
                 0.0838221099421428,               0.006202332602775356,                      0.10768901429973232,                     -0.06648884796340693,         0.018756315765101547,                  1.0467240675874527,               4.197197714872688,29680.596115365395, 53.44360957157245,29734.039724936967,0.00021161472091857586
                0.08309004412103928,               0.007398970247048903,                      0.10041684315483994,                     -0.06817147745965745,         0.016565244200090423,                  1.1191139700487496,               4.407044126877427,29682.422254701214, 60.48785410948005,29742.910108810695, 0.0013140990844564273
                 0.0837898954950302,               0.006113406643014008,                      0.11054895560805501,                      -0.0688564564969487,         0.019446972606954327,                  1.0131647412001268,               4.165288967658007,29682.354310426083,51.555332252198525, 29733.90964267828, 0.0012277792489024683
                0.08515730650540185,               0.006484649391870454,                       0.1018895958878286,                      -0.0761883497012862,         0.015596289725385789,                  1.1668101379740279,               4.474560083648991,29681.360506448473, 64.24825805099584, 29745.60876449947,   0.00045448201878256
                0.08326391019989929,               0.007415460598924962,                      0.10095792192575535,                     -0.07964222199185025,         0.015076360293270408,                  1.2076397384840452,               4.428182738401737, 29680.79036912551, 66.45969124805652,29747.250060373564,0.00025698585057117306
                0.08444714078090605,              0.0064954537072336605,                      0.10154392294940352,                     -0.07570686504450576,          0.01937075654968949,                  1.0061826362093795,                4.21151800325789, 29682.09834129774, 51.75318872902081, 29733.85153002676,  0.000950504788193189
                 0.0825869256594966,              0.0060378606309737844,                      0.10151800429506787,                     -0.07431259589787367,         0.019210621523421616,                  1.0150205827666336,               4.181959942282446, 29682.54812070474, 52.18056611063926,29734.728686815382, 0.0014903594425673273
                0.08420490385839312,               0.006969223530911901,                      0.10377985731444843,                      -0.0826960471890308,         0.017349256177825293,                  1.0911581151047434,               4.277458195760348,29682.925553306708, 57.77684720440134, 29740.70240051111,  0.000850841934067257
                0.08396936362419867,                0.00811686634644164,                      0.09666866635243988,                     -0.07122243339984095,         0.016411995579365103,                  1.1209339535052751,               4.421341037418993, 29683.09018898032, 61.05067695504652,29744.140865935366, 0.0010031115955449926
                0.08361464434997186,               0.007945692022793159,                       0.1034204710309872,                     -0.08308355777236913,          0.01951477632528234,                  1.0080492050939243,               4.180459032442753,29683.143846640905,51.380183505824725, 29734.52403014673, 0.0010584064470688594
                0.08366985118115444,                0.00814341719013548,                      0.10336917039221484,                     -0.07597851993602935,          0.01726911741583124,                  1.0827827193453567,               4.348702969502351,29683.206949259587, 58.03753267011881,29741.244481929705,  0.001127346953866759
                0.08293582468363975,               0.006603574281546443,                      0.10916518654901633,                     -0.07811884594760322,         0.021685360418842645,                  0.9517865868919193,              3.9949986099505974,29682.963004157293, 46.25262363887613, 29729.21562779617, 0.0008833108882883496
                0.08345654346729843,              0.0060171223178919165,                      0.10585076156380022,                     -0.07098081792762301,         0.017126064199206776,                  1.0947344457034807,               4.317449578977153,29683.097627224644, 58.51966457912242,29741.617291803766, 0.0010106008034255775
                0.08225198456664677,               0.007361043161964976,                      0.09960903938120316,                     -0.07420726423914882,         0.018979266142408635,                  1.0369845569607805,               4.135761256362953,29683.029431289287, 52.81267760410048,29735.842108893386, 0.0009439794081424462
                0.08444277311193497,               0.007507305908961857,                      0.11046724219560719,                     -0.06931908466340911,         0.015978900146983544,                  1.1421374680787295,                4.43792296498738, 29682.85965179423, 62.71694729598138,29745.576599090215, 0.0007965778442298484
                0.08322044435269396,               0.007391773760593641,                       0.1014682225145215,                     -0.07670909565121478,          0.01416734437490404,                  1.2476455439369445,               4.509105640980726,29683.113854148683, 70.71352734070592, 29753.82738148939, 0.0010271335206984875
                0.08265898207280213,               0.007519817400324244,                      0.10561228920445337,                     -0.07602828793128784,         0.016223349205945422,                  1.1428392542439496,               4.383822212552209,29682.887854681525,61.771905146787695, 29744.65975982831,  0.000819363438879469
                0.08419389515311224,              0.0076727485490700065,                       0.1064016131810573,                     -0.08278383478245595,         0.017429678805435268,                  1.0856289618205985,               4.288878336370258,29682.979917342516,57.514081286036344,29740.493998628554, 0.0008983775423503765
                0.08319698135004218,               0.007271689164341969,                      0.09761222195723984,                     -0.06666328301810932,         0.015530528470856822,                  1.1643282442725726,               4.457338445817568, 29682.64014178957, 64.50568007362044, 29747.14582186319, 0.0006395820094694067
                0.08287420612299215,               0.006876967717439362,                      0.10406539470761356,                     -0.07461535497693131,           0.0179276814998065,                  1.0791574831919866,               4.206844727130799,29683.296759596422, 55.90917499269923, 29739.20593458912, 0.0012332801157404487
                 0.0826081661050202,              0.0061158378548301215,                      0.10548492747209325,                     -0.07460766485715498,          0.01790986792064188,                  1.0665055369535472,               4.227306562500297,29682.935268069537, 55.96600144290411, 29738.90126951244,  0.000859147941785233
                0.08231639094422885,               0.007521720356987765,                      0.09754473591940985,                     -0.07045692700104063,          0.02020279161456222,                  0.9890106302897884,              4.1357210991149085,29683.158463674707, 49.61650835505392, 29732.77497202976,  0.001073990831139471
                 0.0839895450590754,               0.007513360046773452,                      0.11117330775638055,                     -0.07851723098235129,          0.02035081920592496,                  0.9818733488393263,               4.142779476011354,29683.243403777997,49.280488569940864,29732.523892347937, 0.0011692021138819877
                0.08233934572148568,               0.006020199129549119,                      0.10196886117796457,                     -0.07774004863178131,          0.01725147837028853,                   1.098377890323761,               4.252752456197347, 29683.07035364741,  58.0952531751626, 29741.16560682257, 0.0009834105771572808
                0.08311029739008254,               0.006160099198085211,                      0.10015930999619028,                     -0.07779735130772696,         0.020398851554042433,                  0.9847546655583332,               4.076811894585763,29683.114020065517, 49.15030975563858,29732.264329821155, 0.0010273039535785762
                0.08343234395481483,               0.006539261032529024,                      0.10308948072731687,                     -0.07657310672458552,         0.015065466478119694,                  1.1813207618090524,               4.521443132395078, 29682.76334015387, 66.50749446150478,29749.270834615374,  0.000723436820234351
                0.08253326276212108,               0.006625987840844128,                      0.10995953530382899,                     -0.07700547043034325,           0.0204946819745838,                  0.9802263147698379,               4.074717987995773, 29683.22070911343, 48.93134877168601,29732.152057885116, 0.0011429662966804715
                0.08456479366125084,               0.008317297076581262,                      0.10518764666788956,                      -0.0719925253094781,         0.016065906419226436,                    1.13798878304641,              4.4555414985363315,29683.022526062257,62.373985531798546,29745.396511594055, 0.0009374834697937203
                0.08285738766368794,               0.007747174328914882,                      0.09536555861947103,                     -0.07166140260298537,         0.016557471118743325,                  1.1268982763420425,                4.32915502529087,29683.037600047282,60.513225980064526,29743.550826027345, 0.0009517221286297435
                0.08376000401326288,               0.008614958948415269,                      0.10081990151504457,                      -0.0727160052971658,          0.01988015344610894,                  0.9980715885145818,               4.149817806104561,29683.329768176598, 50.42665719531164, 29733.75642537191, 0.0012746682654903893
                 0.0840859901607095,               0.006433968289494694,                      0.10265883043209115,                     -0.07208445610585844,          0.01734101754219059,                  1.0993655628365555,               4.287402842542799, 29682.63944627775,57.793669853226156,29740.433116130975, 0.0006391373272815285
                0.08307188523059911,              0.0072234491986249046,                      0.10641142810892887,                     -0.07846877076768345,         0.016887910640134396,                  1.0979533978620941,                4.36527076833767,29682.818064284824, 59.34969978988466,29742.167764074708, 0.0007641295539590839
                0.08463076913551758,               0.007114888756354668,                      0.09735517158028782,                     -0.08062549218219864,          0.01754925012031025,                  1.0846280578302168,               4.307492580162643, 29683.04363086033,57.111333339476104,29740.154964199806, 0.0009574791291098011
                0.08366695875531965,               0.006361078026009932,                      0.11076812462055123,                     -0.07024672653630952,         0.019118640340694104,                  1.0236798966768943,               4.199359807842597,29683.221503153793, 52.43966808743994,29735.661171241234, 0.0011438742184691102
                0.08289655923018721,               0.006596201250293128,                      0.10644025608898074,                     -0.08208897504042553,         0.019023730932487264,                  1.0224733979230287,               4.202486280570102,29682.998485212596, 52.70472139105478, 29735.70320660365,  0.000915214327735126
                0.08399102172086645,               0.006584917188680224,                      0.10091506632164685,                     -0.07444301312118466,          0.01693695310785907,                  1.1158858211605853,               4.322090801985782,29682.775407579844, 59.16929385087617, 29741.94470143072, 0.0007322197274686632
                0.08292342962355094,               0.007754114136831922,                      0.11044642195356587,                     -0.07730190523945284,         0.018418019102799277,                  1.0481967951470086,               4.265681517963454, 29683.00683066627, 54.43415770471136, 29737.44098837098,  0.000922884166133385
                0.08320446352153794,               0.006968482494370066,                      0.09858411744290191,                     -0.07408873038856514,         0.014198665755485925,                   1.242643766433725,               4.529560397641952,29683.142399042546,  70.5523723003137, 29753.69477134286, 0.0010568754080651323
                0.08296527815486512,               0.007162164178217061,                      0.10302657407091825,                      -0.0722065933195446,         0.014704382950517467,                  1.2173888995806972,               4.474884476458414,29683.240777942974, 68.13339394966904,29751.374171892643, 0.0011661360093269235
                0.08404164516168974,               0.006608606358498946,                      0.09979351477148142,                     -0.07902833260216745,         0.014690166106660785,                  1.2100806919814309,               4.528305921912496,29683.263053762814, 68.20225464151792, 29751.46530840433, 0.0011924041307449684
                0.08432456450212096,               0.006761099742572147,                      0.09586477616285174,                      -0.0802819937056717,          0.01847018438046796,                  1.0445985543228546,               4.252959293498712, 29683.19936699535, 54.26793116636419,29737.467298161715, 0.0011188314356288525
                0.08479750400082499,              0.0077321098067682364,                      0.10027846268720773,                     -0.07445868001018745,         0.018965082807348106,                  1.0274093260459005,               4.194877049766524, 29683.18754867997, 52.85542648287942,29736.042975162847, 0.0011056865609973998
                0.08218413678308749,               0.007086780663055329,                      0.09970457974802091,                     -0.06985469081357958,         0.018358131186729524,                   1.057623097728349,               4.175181797305129, 29682.98008450852,54.591915110762194,29737.571999619282, 0.0008985277330863039
                0.08339174749862774,               0.006415312020538517,                      0.10361202243788202,                     -0.07217109982886735,         0.015254887495464595,                  1.1757821981348997,               4.497020621561448, 29683.10434410432,  65.6802028253881,29748.784546929706, 0.0010174117359206282
                0.08269766461603419,               0.007920316866428263,                      0.10090193815282211,                     -0.08001735006007839,         0.015824607187479942,                  1.1576066210430958,               4.415846409181895,  29683.1139719084, 63.32319745121528,29746.437169359615, 0.0010272544827713108
                0.08306454649277453,               0.006565144888131699,                      0.10425853712104585,                     -0.07260968878020432,         0.015603420698450235,                  1.1619992938603192,               4.406639308151618,29683.207417288686,  64.2167601122461, 29747.42417740093, 0.0011278747085379749
                 0.0837279147094006,               0.007498569266620539,                      0.10136704910061355,                     -0.06900816854680342,         0.017961635290438673,                  1.0574654134881332,               4.274823390638799,29682.776519249932,  55.7970180570785, 29738.57353730701, 0.0007330341668476027
                0.08371356766803874,               0.008420751986311007,                        0.107137854586548,                     -0.07261990234520908,         0.018405762805262793,                  1.0438254376409604,               4.297426162202908,29682.980979164335, 54.46320456785407, 29737.44418373219, 0.0008993319658502145
                0.08461867448274209,               0.006561532486039944,                       0.0992346899302055,                     -0.07888999594249274,         0.016266727674768635,                  1.1334853431503698,                4.40718490434498,29683.310938724993,61.604482211997194, 29744.91542093699, 0.0012508915151544693
                0.08413787224303354,                0.00740558268403826,                      0.10511600341057856,                     -0.07091879597220646,         0.014923475676719715,                  1.1876673595940435,              4.5166077387876875,29682.768899673174, 67.13747918128043,29749.906378854455, 0.0007274699820342172
                0.08372015672847127,               0.006778654496642951,                       0.1050402623256199,                     -0.07000335515295959,          0.02090053252117465,                   0.976233525441166,               4.044831744030671,29683.072860215285, 47.97338720947219,29731.046247424758,  0.000985878654426964
                0.08376662858036685,               0.008147791221988472,                      0.10895121392034876,                     -0.07651397285823046,         0.017271887157933884,                  1.0830206035559733,               4.349003906677896,29682.801826976225, 58.03537504087312,29740.837202017097, 0.0007518223350367828
                0.08369609300428997,                0.00856191721345143,                      0.10043583218523042,                     -0.06972454259067033,          0.02102420926718633,                   0.963413834938433,               4.086775981617086, 29682.99320296088,47.686587926799334, 29730.67979088768,  0.000910392681067654
                0.08369258601989733,               0.006919865996237856,                      0.10543396354147296,                     -0.07088454224667771,         0.015387225069250152,                  1.1677428365235454,               4.499717356085813,29683.164547919932, 65.11782746629785, 29748.28237538623, 0.0010805451736207883
                0.08338884493024613,                0.00687703463314407,                      0.09506935638518407,                      -0.0700848380383614,         0.016949221742336044,                  1.1117709833497984,               4.325386102610885,29683.036988171938,59.116153894303395,29742.153142066243, 0.0009511399714464199
                0.08386272393406367,               0.008901151750103857,                      0.10485523962478141,                     -0.07548843381335349,          0.01758452337758806,                   1.079649129989162,               4.301361634011464,29683.079435369644, 57.00044079458713,29740.079876164233, 0.0009923823166194785
                0.08460602343266668,               0.006452146123484034,                      0.10408697364303605,                     -0.06978269707230791,         0.018007401778595247,                  1.0578246145646246,               4.287827954645543,29682.820982414094, 55.65996179613841,29738.480944210234, 0.0007663626394081164
                0.08263786255450584,               0.007959997289233066,                      0.10202644955151656,                      -0.0746295972275948,         0.021617800696605224,                  0.9437779226103473,               4.081211310660981, 29683.13528067702,46.385237703549514, 29729.52051838057, 0.0010493788957060127
                0.08259688996592979,              0.0066427248911256264,                      0.11170915394325646,                     -0.07099652907603726,          0.01835404790773457,                  1.0564306805648673,               4.208575650530101,  29683.0281922778, 54.61937070895918, 29737.64756298676, 0.0009428105310886241
                 0.0828746082018162,               0.006437404662988408,                      0.11070155277593295,                     -0.07521808345442808,         0.021024306581236725,                   0.971074161222147,              4.0534124943445935,29682.970959283346, 47.70189568056141, 29730.67285496391, 0.0008903657617477138
                0.08310254006650429,               0.007803183609931169,                      0.09854731304027854,                     -0.06887322159583689,          0.01576489169494531,                  1.1631341296809767,               4.382917053669496, 29682.90169255448,63.551099367666595,29746.452791922144,  0.000830780497770577
                  0.082888913900238,              0.0069569117603720575,                      0.10072194076401429,                      -0.0698376779919215,         0.014288274492964007,                  1.2297608918780856,               4.520814648546425,29682.674783795945, 70.10935268391883,29752.784136479862, 0.0006621266548455761
                0.08277519602718027,                0.00782444737628475,                      0.10768746597211841,                     -0.07511841998123706,           0.0196864686466615,                  1.0077385508897665,                4.12267730547239,29683.274462440233,50.930491388368424,  29734.2049538286, 0.0012060857811966815
                0.08396592655576947,              0.0069375868851202635,                      0.10902063723995732,                     -0.07018892749608464,          0.01963180661900931,                   1.012489083943994,               4.158969198176462, 29683.21515260113, 51.07058257572568,29734.285735176854, 0.0011366330022034722
                0.08271219977354352,               0.007979748804487909,                      0.10772515198329616,                     -0.07088184253205977,         0.016301918479057768,                  1.1339056077703678,               4.385471878733438,29683.177407871695,61.473217405270745,29744.650625276965, 0.0010945306660694216
                0.08340955267058506,               0.006112091636207061,                      0.10068385317326864,                       -0.076148225386394,         0.013371107801744718,                  1.2800106047517006,                4.59314906685787,29681.170067875675, 74.91550945718025,29756.085577332855,0.00014704533474906758
                0.08255390302785048,               0.007617410332759365,                      0.10997387226156262,                     -0.07337282414459893,          0.01912113079017647,                  1.0333994651330694,               4.147014542869277,29682.468851779206,  52.4334455352319, 29734.90229731444, 0.0005388972071460389
                 0.0842323899454149,               0.006303139760295348,                      0.09848636943832843,                     -0.07671050806767846,         0.014282741728972132,                  1.2329944287341998,               4.525927106699501,29682.735142246333, 70.14078462666909,29752.875926873003, 0.0007033223415446015
                0.08302245569944221,               0.007878647441678278,                      0.10825494157063674,                     -0.06813918329638091,         0.018216627631420155,                  1.0568869598523474,               4.228766344827462,29683.154857318877, 55.02444085878689,29738.179298177663,  0.001070124613713331
                0.08336090982275197,               0.007319178972839192,                      0.10884279146461086,                     -0.07487732586911608,         0.014320377517784911,                   1.224175515386576,              4.5438057472143125,29683.038568318338, 69.96642784254766,29753.004996160886, 0.0009526440999064797
                0.08247508162190133,               0.006651891250889577,                      0.11052952094658824,                     -0.06795432051290246,         0.020323174510585417,                  0.9892448828145235,              4.0846242655949325,29682.962093006703,  49.3364721841555, 29732.29856519086, 0.0008825064256006026
                0.08375097491389008,               0.007553871003903662,                      0.10788886082727508,                      -0.0745691162782999,         0.014039784021080226,                  1.2426630905966942,                4.55284795312547, 29683.16801765628, 71.36101049508643,29754.529028151366, 0.0010843008923944373
                 0.0826137268633763,               0.007099847174797398,                      0.09425273560189538,                     -0.08134457855372577,         0.016588003246028427,                  1.1259674620667892,               4.341488244874289,29682.280965116726, 60.40884210372408, 29742.68980722045,   0.00044658876392291
                0.08465559394883049,               0.006520739320027815,                      0.09998954727781954,                      -0.0804960164677244,          0.01907932898336692,                  1.0301471693579163,              4.1908058914313315,29682.685457470925, 52.54433701554945,29735.229794486473, 0.0006692318312711236
                0.08289542631005488,               0.007070259554852722,                      0.10044027490067216,                     -0.06741039650761715,          0.01624526259465432,                  1.1412861165534351,               4.351179709279462,29683.337791996175,61.676151966015944,29745.013943962193, 0.0012849371162823543
                0.08272131065088344,               0.006721919850171601,                      0.09644879889554613,                     -0.07240669691443952,         0.019030930881322246,                  1.0369582527022714,               4.133556665436341, 29683.13103554158, 52.66510987060146,29735.796145412183, 0.0010449335823220494
                 0.0836237281246786,               0.005730274921060953,                      0.10415935344694956,                     -0.07218382258765921,         0.017439077988452206,                  1.0904009709157818,               4.270160222326336, 29682.62401273111,57.470733542123575,29740.094746273233, 0.0006293489008943373
                0.08355356860392112,               0.007461552299853239,                       0.1077137380836782,                     -0.08067069219513377,          0.02064940722707524,                   0.967893460096635,                4.13600785547985,29682.601424601886, 48.56724517658106,29731.168669778468, 0.0006152924388407693
                0.08311838834039421,               0.007595255871186283,                      0.10259072495535757,                     -0.07700123021062104,           0.0216975193158165,                  0.9400212371105413,               4.053474923960119,  29683.1509222975,46.218331323975484,29729.369253621477, 0.0010659219247403672
                0.08366245327758605,                 0.0080442238790605,                       0.0971499637005127,                     -0.07942945137733726,         0.016328069974127734,                  1.1391602131879466,               4.340448075148754, 29682.75980950494,61.370954803356064,29744.130764308295, 0.0007208871224915574
                0.08460023173718857,               0.007552952756585322,                      0.10556443373083528,                     -0.06842544204313526,          0.01784493816073618,                  1.0624001909535608,               4.328524073351752,29683.106356802506,56.166300866263704, 29739.27265766877, 0.0010194615408044387
                0.08404882347146843,               0.008041705770155049,                      0.09950446272520375,                     -0.06921194478186964,         0.014092602011348453,                  1.2362808969406656,                 4.5687471945571,29682.417013149345,  71.0804406182634, 29753.49745376761, 0.0005116732371245026
                0.08407124031977678,               0.006665808777104916,                      0.10860602413770838,                     -0.07842638365927741,          0.01914555413593411,                  1.0161030634572183,               4.214338062075175, 29682.83089136384, 52.37066038283399, 29735.20155174667, 0.0007739942364005067
                0.08452382610486957,               0.006880626599133734,                      0.09981147246120582,                     -0.08478201826791049,         0.016835709665159737,                  1.1118222466293692,               4.339047894667346, 29682.60249616867,  59.5327885512044,29742.135284719876,  0.000615952119163905
                0.08486573987303012,               0.008278669582562266,                      0.10039369973454222,                     -0.07430857619929117,         0.020188337925718263,                   0.989366051625923,               4.160886638018427,29683.136552435688, 49.66061099411419,  29732.7971634298, 0.0010507143013903058
                0.08312967100854117,                 0.0066745557008726,                      0.10696046205116667,                     -0.07294321084248397,         0.020868851118061225,                  0.9770723074222221,               4.014988497469438,29682.354089639965,48.050063768380205,29730.404153408344, 0.0004804689966252598
                0.08429351089823381,               0.007779458968475827,                      0.09445551599620942,                     -0.07519050467701298,         0.017661954754597645,                  1.0776808160946296,               4.328203745582492,29682.661577520077,56.739659920926776,29739.401237441005, 0.0006534399135842459
                 0.0825390815599887,                0.00729745510692562,                      0.10408848726700287,                     -0.07062363443753145,         0.014427385686800265,                   1.233304563433244,               4.460072889447536,29681.959810833916, 69.43867161190757,29751.398482445824,0.00032391589447080903
                0.08435155917847538,               0.008531294694595098,                      0.10363242945731395,                      -0.0689528048058832,         0.018376209168677823,                  1.0501263093160977,               4.266033534983218,29683.215639517442, 54.54419959247267,29737.759839109916, 0.0011371865821168533
                0.08312828514470927,              0.0068012979695482355,                       0.0922593597125999,                     -0.07361390317219008,         0.017735164008112828,                   1.076920865970307,               4.284935451211145,29682.861524853124, 56.50119752450039,29739.362722377624, 0.0007980712796543138
                0.08407858995723193,               0.007335486907590485,                      0.09747404450111237,                     -0.07125099540115426,         0.014983205349580062,                  1.1966058944380615,               4.448251001970204,29682.755632842316, 66.86195384870763,29749.617586691023, 0.0007178824992079075
                0.08375871377990843,               0.007429426668253382,                      0.11200070588240713,                     -0.07427870223302248,         0.020003131061348024,                  0.9938209840307131,                4.17233740942743,29683.261226906034,50.131796917649396,29733.393023823683,  0.001190227767731147
                0.08284686102560825,               0.007348463231892864,                      0.09616398365981756,                     -0.08089015915701685,         0.017397465317011678,                  1.0948454575381235,               4.282502304400504, 29682.87848085208,57.605794908578275,29740.484275760657, 0.0008117187517236998
                0.08412603606484333,               0.007556187521152959,                      0.10246903205846752,                     -0.06883128308558567,         0.014589195846252694,                  1.2061629281351098,               4.568204176259547,29682.667527887552, 68.66816239549766, 29751.33569028305,  0.000657339712303821
                0.08381928828614359,               0.007483685803479598,                      0.10248555072270653,                     -0.07198535771260407,         0.013384641140541451,                  1.2755170551139374,               4.615683316158266,29681.869839862014,  74.8389824564734,29756.708822318487,0.00029604543087309907
                0.08221673774153439,              0.0073321917478732564,                      0.10439104870014602,                     -0.07342618964261098,         0.014326690890001445,                  1.2301868006040095,               4.493370386295848,29681.840070752787, 69.92813474677591,29751.768205499564,0.00028736230776438244
                0.08349528716466127,               0.007769450573910424,                      0.10201396609416337,                     -0.07220757060460474,          0.01641713462927191,                   1.121752933291831,               4.433645294728702, 29683.26639892721,61.037817100205196,29744.304216027416,  0.001196399597611649
                0.08318864960652143,                0.00681566170722347,                      0.09535884710590453,                     -0.07988946663462833,         0.018970601433553252,                  1.0385968167575774,               4.140549573920652, 29682.54233809657,52.837821850140344, 29735.38015994671, 0.0005799901727028464
                0.08313822314265436,               0.007037944739272755,                      0.09354149466200729,                      -0.0753303768102133,          0.01765162239860232,                  1.0722287634290435,               4.291184947935544,29682.906253154113,56.770828384816596,29739.677081538928, 0.0008345780078848036
                0.08297975360512849,               0.008567757106238846,                      0.10158114625104252,                     -0.07353138557944967,         0.014967920041196108,                  1.1932118647060876,               4.497558551234852,29682.775777518058, 66.93557561771202, 29749.71135313577, 0.0007324906536368789
                0.08365463688570453,               0.008329588235231973,                      0.10492217783800835,                     -0.07780832880991569,         0.015332540829894792,                  1.1684292620842862,               4.496630747999649, 29682.83373978774, 65.35481934959786, 29748.18855913734, 0.0007762020429744674
                0.08329611496430082,               0.007637449193586072,                      0.10207938370249361,                     -0.08354550224215894,          0.01926656991992996,                   1.013186298346104,               4.221104501476324,29682.796696487683, 52.03891162252481,29734.835608110207, 0.0007479749969623838
                0.08450039214781742,               0.006626296031542435,                      0.10743829783541842,                      -0.0775843466655672,         0.018025431976777532,                     1.0600763469543,               4.308171914026224,29683.105741902582, 55.61465333957047, 29738.72039524215, 0.0010188348666714917
                0.08451684113472038,              0.0071563304287241124,                       0.1007993545477693,                     -0.08194714814637909,         0.015842228953363704,                  1.1502753796100693,               4.452269155226301,29683.282437619277, 63.25615382820519,29746.538591447483, 0.0012157429890384793
                0.08247968063991823,               0.007162828573935893,                      0.10558953946445834,                      -0.0727862139113175,          0.01553983573082615,                  1.1687366702635567,              4.3921821945501245,29682.818427954622, 64.48019562681955,29747.298623581442, 0.0007644074953362946
                0.08243860259625231,               0.007713853982157273,                      0.10566239970626273,                     -0.07296424489238211,         0.017700896542648562,                  1.0837697273027613,               4.232829936875929, 29683.01418835121,56.624002197903735,29739.638190549114, 0.0009296994988559259
                0.08337574983575599,               0.008147299064131475,                      0.10016798501080842,                     -0.07652375171283583,         0.014147532352148775,                  1.2361385022512648,               4.557894754684608, 29683.12414121852,  70.8109681249887,29753.935109343507,  0.001037754249384934
                0.08295321135956478,               0.006271632299643718,                       0.1091315448990747,                     -0.06832017993969106,         0.018856119981951136,                  1.0323147259794874,               4.217121200186455,29683.094583404123,53.163723672216925, 29736.25830707634, 0.0010075293927440739
                0.08410314450101976,               0.008162837844167211,                      0.09483712892523659,                     -0.07240988361071671,         0.014996474856990618,                  1.1898041773107935,               4.505136266093243,29682.746914746454, 66.80110011344998,29749.548014859905, 0.0007116511330540854
                0.08272804118386727,               0.007641365415873934,                      0.10306037509315666,                     -0.07496382252240116,         0.015948753482093243,                  1.1442291894051497,               4.444206530371385, 29683.15333023485, 62.82939901681866, 29745.98272925167, 0.0010684916906318067
                0.08395418012939539,               0.007260502173425725,                      0.09645526726357717,                     -0.08078640376397099,         0.014966860398412295,                  1.1898714839624862,               4.491180214080792, 29682.58527297924, 66.94167480148427,29749.526947780723, 0.0006054342943766078
                0.08406546438670771,               0.007863146820785245,                      0.11065058470334767,                      -0.0690367646812642,          0.01745984328124728,                  1.0854226919789625,               4.326820778823855,29682.844548246667,   57.408385245992, 29740.25293349266, 0.0007846370937072821
                0.08322032366850664,               0.007358136880279262,                      0.09320139224585823,                     -0.07468483279961136,         0.015970081327332453,                   1.144408156617312,               4.438979420833275,29682.581139529248, 62.73511147369297, 29745.31625100294, 0.0006029369269253754
                0.08293723278540083,              0.0071749401919467696,                      0.09715818420974362,                     -0.07529163167189848,          0.01362985436106892,                  1.2625598852541107,               4.587349079351726,29681.574388134017, 73.49079219211991,29755.065180326135,0.00022031562938985917
                0.08293291241969057,               0.007704696011426617,                      0.11143867369990264,                     -0.07485724149936672,         0.015930775142322728,                  1.1490471381655287,               4.396405653795047,29682.996719546067, 62.91024804187631,29745.906967587944, 0.0009135997902161748
                0.08421525447611626,               0.007969721204708756,                      0.10447607123781337,                     -0.07189912615777475,         0.019271495300721572,                  1.0277245373718609,               4.166188095202173, 29682.94948188049, 52.01922309126063, 29734.96870497175,  0.000871446908739444
                 0.0831239612917363,               0.005946209253531628,                      0.10376332060210623,                     -0.07991624968955678,         0.017261184791528973,                  1.0891441555893022,               4.309221338272804, 29683.05709488868, 58.06733071872425,29741.124425607406, 0.0009704578319964763
                0.08275299619123244,                0.00775353329906622,                      0.09707948618019055,                     -0.07511963812840873,         0.020817113429709534,                  0.9646050402057471,               4.124629856087785, 29682.77230273295, 48.15948623311673,29730.931788966067, 0.0007299498229974813
                0.08393716360949546,               0.006599034568599703,                       0.1047922749499035,                     -0.07947272622896424,          0.01797965798646038,                      1.069516012048,               4.217885233011484,29683.015374228686,55.753890191146816,29738.769264419832, 0.0009308026625285867
                0.08422188465089735,               0.008246533823810664,                      0.10645217613303896,                     -0.08113634934364222,         0.017947478138940605,                  1.0616000403264643,                4.31953655264519,29682.834300435254, 55.85744836290953,29738.691748798163, 0.0007766373407326106
                0.08208480664241853,              0.0073909218349290364,                      0.10021106197637288,                     -0.08096803476652825,         0.018764848428230434,                   1.041564281280386,                4.19376773206049,29682.807437920004, 53.42107911802955,29736.228517038035, 0.0007560526247510777
                0.08282367916443661,               0.007967616776502439,                      0.09608084756967558,                     -0.07837056249500764,         0.017658299676450027,                  1.0829778329066049,               4.264688854619034,29683.032756892462,56.754464678143435,29739.787221570605, 0.0009471239348850073
                0.08357094221903234,               0.006615287686703409,                      0.10902888814044508,                     -0.07792414188383237,         0.018556849126906708,                  1.0446967421604607,              4.2657169486091036,29682.594830958515, 54.02727734617032,29736.622108304684, 0.0006112487658491508
                0.08273407985729082,                 0.0078469769236308,                      0.10854983471288439,                     -0.07594918606578871,          0.01519183538480398,                   1.186172062138301,               4.443582223437028,29682.933244978733,   65.960708147751,29748.893953126484, 0.0008574115645008785
                 0.0839036886494007,               0.007265558940179863,                      0.10751436543160377,                     -0.08476743419672382,         0.018570728860914786,                   1.039259457335579,               4.260340114689705, 29682.74299186986,53.991724191220804,29736.734716061084, 0.0007088648821144825
                 0.0828371538449489,               0.007079586775573005,                      0.10521816345348749,                     -0.07887739650236765,         0.014944283314284322,                  1.2060915670573165,              4.4454067111109445,29683.085715076304, 67.04968972965433, 29750.13540480596, 0.0009986337946430303
                0.08388684740887098,              0.0076887658920232575,                       0.0968047028150107,                     -0.08227433124869989,          0.01818171530215772,                  1.0585681752815634,               4.234466557299605,29683.049136384026,   55.129401970282, 29738.17853835431, 0.0009627650907847159
                0.08330639042437135,                0.00794117864305698,                      0.09882597676908632,                     -0.07822336983616278,           0.0183581979670374,                  1.0405843955323668,                4.28912836930759,29682.517727304326, 54.59873557614781,29737.116462880473,  0.000565890370382119
                0.08239280209047627,               0.008225848306077204,                      0.09519891842551996,                     -0.07170773400764388,         0.018678674681537534,                  1.0437671027715418,              4.2075599545299935, 29682.21929220321, 53.65399490194927, 29735.87328710516, 0.0004198784507531102
                0.08217699023440074,               0.006136701402610026,                      0.10729928853483547,                     -0.07443842395509735,         0.019145572528535333,                  1.0241080099300635,               4.187640246306938,29682.741767532192,52.363868875143176,29735.105636407334, 0.0007079975232151195
                0.08279009375440621,               0.006552190758281599,                      0.10694265068604447,                     -0.07328507569822779,         0.013923375552749378,                  1.2540976111395545,               4.526040794976793,29682.352663955127, 71.95335597052025,29754.306019925647,0.00047978448732525445
                0.08440663914506066,                 0.0081498003345172,                      0.09600882333487648,                     -0.07275544919057358,          0.01799144416724972,                  1.0567816710689295,               4.326947865209207, 29682.68183934585, 55.70254139079455,29738.384380736643, 0.0006668148419222135
                0.08413772636138285,                0.00715450721384645,                       0.1107517814381797,                     -0.07463178691639011,         0.019358660763547177,                  1.0114508008512837,               4.232884694470273, 29682.96963745224, 51.79516705768295,29734.764804509923, 0.0008891896260849125
                0.08354556827900354,               0.006388198825565362,                      0.09786212515816523,                     -0.07295975178338668,         0.014647280953975137,                   1.215533241082025,               4.500995217902275, 29683.24167125641, 68.39383916507222,29751.635510421485,  0.001167178199726279
                0.08398562472089131,               0.008686875051056172,                      0.10285028170277685,                     -0.07147287584979072,          0.01693718783417457,                  1.1069901040772214,              4.3658523972963055, 29683.02827753389, 59.16843190080766,  29742.1967094347, 0.0009428909148527026
                 0.0831465929903916,               0.008959377549664865,                      0.10018125124614981,                     -0.07429629874022414,         0.019198424318911153,                   1.018783480362855,               4.205275627014567,29682.495526949922,52.212884934203906,29734.708411884127, 0.0005534658285102644
                0.08295332200810744,               0.007245062379090634,                      0.09735442314812873,                     -0.07154160000686266,         0.014127930536032032,                  1.2320818744132271,              4.5679992695468865,29681.729413899775, 70.90138513047557,29752.630799030252,0.00025725992702463167
                 0.0843773400226362,               0.006238404815887767,                      0.10602029070573138,                     -0.07614073090818173,         0.020676858714405246,                  0.9782320618286703,               4.091788127131066,29682.808586329455,48.497668927053304,29731.306255256506, 0.0007569213814789683
                0.08251708400319688,               0.007521880400085482,                      0.09832769448150032,                      -0.0725249703972921,         0.014403465482100338,                  1.2224895557383406,               4.533316986737677,29682.254629945855, 69.54881304145863,29751.803442987315, 0.0004349812858231806
                0.08422853439390203,               0.007606427337403999,                      0.10939446716958107,                      -0.0811853890282347,         0.019065608663054033,                  1.0228471081327575,               4.239100438578414,29682.920616731495, 52.59329913345752, 29735.51391586495, 0.0008466520392397958
                0.08275765913113552,               0.007429477313644233,                      0.10170388715771904,                     -0.07397642695338612,          0.01345397534285825,                  1.2826637289539116,               4.566972858120292, 29682.25689127996, 74.45369725740512,29756.710588537368, 0.0004359660368462496
                0.08427485887570105,              0.0062946579172975066,                      0.09652682862511898,                     -0.07226465264023756,         0.016042048324907385,                  1.1404118635204525,               4.426663127965917,29682.833508898475,62.456631939644026, 29745.29014083812, 0.0007760228469430047
                0.08278372794823875,               0.007938935125511548,                      0.10192133319678907,                     -0.07139542426630205,          0.01433197993399196,                  1.2351942660703328,               4.521029126566098,29682.476362036377, 69.89848257652743,29752.374844612907, 0.0005429596998483162
                0.08284443412232564,                0.00773800840053695,                      0.09432946779827901,                      -0.0768107129841713,         0.018234943663324947,                  1.0613631965875305,                4.21413541500217, 29683.00574822448, 54.96043589761827,  29737.9661841221, 0.0009218857382142651
                0.08348452779366224,               0.006936464890440651,                       0.0953112220979306,                     -0.08219567539019787,          0.01703392039583851,                  1.1069459186737474,               4.331575739070823,29682.687619240678, 58.83338118844176, 29741.52100042912, 0.0006706801212724526
                0.08390254199258762,                0.00693238523212166,                      0.09872939595686156,                       -0.069703650710713,         0.013980063777763285,                  1.2374976881169788,               4.581945921773214,29681.278213877482, 71.65095293833028, 29752.92916681581,0.00016383944275529642
                 0.0834866587193135,               0.007695325410114228,                      0.09436656555854332,                       -0.069739040652412,          0.01661003644120636,                  1.1144365282003825,               4.385543621074568,29682.962102204605, 60.32010734104629, 29743.28220954565, 0.0008825145428453898
                0.08426177446279672,               0.007847830633571846,                      0.10454597612349376,                     -0.06708920300474319,          0.01498705466681221,                  1.1911206621108468,              4.4957920068180295,29682.943485758395,  66.8497648295727, 29749.79325058797, 0.0008662372411862944
                0.08265070891135012,               0.007502172113790404,                      0.10519589431891357,                     -0.07788865267825053,         0.021198280006685454,                  0.9648726885970147,               4.021618625858113,29683.183987350418, 47.30708438257215, 29730.49107173299, 0.0011017558502059458
                0.08353568012145492,               0.006203770738585113,                       0.1081476930394593,                     -0.07073359272444536,         0.020580802401843283,                  0.9796827081641991,               4.064972073838611,29682.336596944064,48.720725247467804,29731.057322191533,0.00047213738222728164
                0.08237977038200682,               0.007852854734169556,                      0.10093123858289799,                     -0.06998218406684652,         0.017152494842589214,                   1.101211462567819,               4.292492931193042,29683.145800939234, 58.42240522592492,29741.568206165157, 0.0010604769115125496
                0.08292514609903098,                0.00722743288195626,                       0.0962785646705422,                      -0.0787569813004951,         0.019201005857125194,                  1.0251220076671779,               4.127590303616277,29682.344942032203, 52.20505513508074,29734.549997167283, 0.0004760938960630736
                0.08370708503682443,               0.007369871032007458,                      0.10030529267799128,                     -0.07953725971039763,         0.014119254213548768,                   1.248184895550231,              4.5122500277897535,29683.042982822106, 70.95554012283546, 29753.99852294494, 0.0009568588470391303
                0.08406976733868401,               0.007393503418421032,                      0.09753146661470666,                     -0.07470577833139465,         0.014777409396054896,                  1.2060388665927257,               4.463506362313661,29682.578668119706, 67.79428055943075,29750.372948679138, 0.0006014486626639391
                0.08293101332896305,               0.007371039294209415,                      0.11120552361951162,                     -0.07293463022954097,         0.018014183168061183,                  1.0613741723360177,               4.300030832891767,29682.701228113267, 55.64858155540985,29738.349809668678, 0.0006798697097331276
                0.08384593482365721,              0.0072340509771611945,                       0.1020695526858771,                     -0.08529958947648075,         0.018242738157762728,                  1.0555133466164288,               4.223818439723741,29682.514414339217,  54.9539807235673,29737.468395062784, 0.0005640186974349018
                0.08310764250120581,               0.005781635572036197,                      0.10265171722268594,                     -0.07732935740047345,         0.019042324046468467,                  1.0345715151321464,                4.13185312872308,29681.943943699596, 52.64491791685593,29734.588861616452, 0.0003188168381509998
                0.08348729874819473,               0.007410376524776862,                      0.09983877311787531,                     -0.06989088516391621,         0.019418005840746537,                  1.0193289194725472,               4.189357485379511, 29683.23771329951,51.620136042703564,29734.857849342214, 0.0011625676888352928
                0.08412231521645476,                0.00693316575573611,                      0.10803945960945761,                     -0.07377558263270037,         0.019807921658497405,                  1.0109060633372984,               4.095946649902282,  29682.2875070277,50.619518969436214,29732.907025997138, 0.0004495198849715521
                0.08364529608544106,               0.007066695411119679,                      0.09582716237332915,                     -0.08178916121692743,         0.015369012732312051,                  1.1756947926188173,               4.448541095321963,29683.186287864828, 65.19331471644522,29748.379602581274,  0.001104293373100854
                0.08417249743998687,               0.006240536538378967,                      0.10085960214380663,                     -0.07537404347616232,          0.01679022746419283,                   1.113115282269436,               4.315699636567812, 29682.88107125587, 59.68610936550095,29742.567180621372, 0.0008138241568021125
                0.08452347943433274,               0.007586360424118318,                      0.10040275032043604,                     -0.06612179851918913,          0.01583442603378482,                  1.1474066549069504,               4.453970161986898, 29682.68548600198, 63.27383954303522,29745.959325545016, 0.0006692509254344724
                0.08371723786107398,               0.006384081117146109,                      0.10243252592259051,                     -0.08153396247781335,         0.017573185285118437,                  1.0821445222185782,                4.26039800872071,  29683.1690108872, 57.03926635093837,29740.208277238136, 0.0010853783885784452
                0.08333461972906109,               0.006198031723314566,                      0.10188518759389067,                     -0.08122827308854143,           0.0194696923480839,                  1.0164976395285246,                4.17167228449322, 29683.22852823631,51.495000442082244, 29734.72352867839, 0.0011519383215713938
                 0.0837911372975499,              0.0062185479771873905,                      0.10773033645825562,                     -0.07655491725344335,           0.0192327311581476,                  1.0250199064309493,              4.1951943819066955, 29682.79207115771,52.130951632745415,29734.923022790455, 0.0007445233544360422
                0.08288115409045103,              0.0065872571857397465,                      0.10044424616372136,                     -0.07113394059402038,           0.0174264764888883,                   1.081104980222088,               4.335627928204811,29683.125726200757,57.506512157425526,29740.632238358183, 0.0010394003756329664
                0.08394602496493592,                0.00646541018526059,                      0.11078552992113258,                      -0.0709083604718377,         0.019565642800522982,                  1.0100529233560245,               4.167640779531192,29683.176311925756,  51.2455007407899,29734.421812666547, 0.0010933317767091411
                0.08418420673498411,               0.008719765048123159,                      0.10470402149307168,                     -0.07098253312910999,         0.015212454659818124,                  1.1841253715074798,               4.459197720186863,  29682.5392385511, 65.86430236072738, 29748.40354091183,  0.000578195249950328
                0.08422248936039219,                0.00874811553560008,                      0.10472016624979653,                     -0.07599524250408299,         0.016075624154974884,                   1.138004247771649,               4.418952115248931,29682.881563697847,62.338824749358444,29745.220388447204, 0.0008142250166710409
                0.08344148660683354,               0.006151546005858995,                      0.10838350184260825,                     -0.07761354773710652,          0.01843574975993278,                    1.05088860705745,               4.230409959752288,29683.602858518618,54.380054884750066,29737.982913403368, 0.0007530113232466513
                0.08379712796445186,               0.007240541630820375,                      0.09686241844615189,                     -0.07793784221536991,          0.01549938562142594,                   1.170877677287554,               4.412622446917747,29683.360410865796, 64.64385871085436, 29748.00426957665, 0.0005908916175674625
                0.08346548583839467,                0.00664350411535455,                      0.09999651759549225,                     -0.08308936148521061,         0.017789288454331156,                  1.0760405141386773,               4.256054268226423,29683.623755901943, 56.34645733829516,29739.970213240238, 0.0007689128611025787
                0.08358997426849253,               0.007479729755058331,                      0.09928445495410622,                     -0.07359419406184417,         0.016709063132704868,                   1.120157113259092,               4.366392137031914,29683.678203823198, 59.97174186940739,29743.649945692607, 0.0008119392887189586
                0.08334260584567048,               0.008143260818157574,                      0.10010951351903213,                     -0.06804255741499363,         0.017442215544350128,                  1.0893222416943142,               4.293887825637685, 29683.45684427306,57.452521766435396,29740.909366039494, 0.0006507112657577275
                0.08336730997624452,               0.007879666163127078,                      0.10104020401741078,                     -0.07709509849372996,         0.017912653681959288,                  1.0634375690554836,               4.324862811284873,29683.432846910262,55.955151831638496,29739.387998741902, 0.0006352817853021442
                 0.0842939847647822,               0.007539372058931113,                      0.10557551662386876,                     -0.07659025714462343,         0.018171833311141306,                   1.055980356839822,               4.307049771943726, 29683.38524504325, 55.16452402565388,29738.549769068904, 0.0006057496548039045
                0.08369232340730534,               0.007602591461272245,                      0.10533021574504203,                     -0.07576920646951937,          0.02234811918239354,                  0.9236683570602258,               4.023598269125192,29683.458145144567, 44.87925947322337, 29728.33740461779, 0.0006515583083298455
                0.08345473388855215,              0.0070815532972176715,                      0.10078263857774372,                     -0.07657249589685447,         0.018962670175337124,                  1.0321226450852128,               4.233104127926135,29683.490166501986,52.863163276380725,29736.353329778365, 0.0006727597273358938
                0.08279069516819923,              0.0063634393718449015,                      0.10148779798737033,                     -0.07928394382011479,          0.01950561585681401,                  1.0171661956305726,               4.129354336693937,29683.988882007096,51.397733954686935,29735.386615961783, 0.0011077694340902579
                0.08224009469885296,               0.007742390203711964,                       0.1030315998027908,                     -0.07604495048173553,          0.01684634094540178,                   1.109082242268001,                4.34426943457662,29683.431986573327,59.489080891293995, 29742.92106746462,  0.000634735463961934
                0.08444565495531622,               0.006774410205147665,                      0.10379994579581003,                     -0.07722251869388615,         0.019588442018441583,                  1.0139796745598568,               4.149387161746989,29683.599133121104,  51.1833717754146, 29734.78250489652, 0.0007502112756191404
                0.08410775216661713,               0.007368385455133181,                       0.0944244934470475,                     -0.07426717639008022,         0.019624258430131655,                     1.0034142424606,               4.184401438336683, 29683.45429185665,51.077117346213036,29734.531409202864, 0.0006490524974800884
                0.08454877092172401,               0.007639295507602481,                      0.10072998527321189,                     -0.07956081554001501,         0.018719498972287522,                  1.0317646597265886,               4.249171146405246,29683.429754884466, 53.55180710067918,29736.981561985147, 0.0006333205113517174
                0.08394147194881221,               0.007094341398353599,                      0.10666709573867318,                     -0.06882031911815263,         0.015666331370491282,                  1.1573825982878578,               4.462613602235797,29683.485851169404, 63.96010115222814,29747.445952321632, 0.0006698628004614713
                0.08402963670690587,               0.007407269764658947,                      0.09669961783587648,                     -0.07618739189105371,         0.015579600083441492,                  1.1615440844520173,               4.473439378667486,29683.693722176657, 64.31022874183799,29748.003950918494, 0.0008246375225986725
                0.08396333944654523,               0.008233684355859647,                        0.102004225012634,                     -0.07593540555827868,         0.016075831263272545,                   1.140104533148201,                4.44745776013775, 29683.49307121188,62.334562982914896,29745.827634194797, 0.0006747167400734451
                0.08308408490202572,               0.007535715190982457,                      0.10441976985455069,                     -0.06911449101881528,          0.01614083933320336,                   1.137028259372431,               4.423837648418205,29683.418876571075, 62.08042487775229, 29745.49930144883, 0.0006264683896876049
                0.08406181465581498,              0.0066724575570922175,                      0.10877223443360244,                     -0.07577258497210389,          0.01618637721983156,                  1.1313716711876765,               4.431704571214514,29683.386586406683, 61.91747910764908, 29745.30406551433,  0.000606562730433648
                 0.0845096668597596,               0.007616745134892996,                      0.10467192594710849,                     -0.07605943522484486,         0.017666385516950902,                  1.0780859765291813,               4.326294734416083,29683.360346898953,56.737680779146324,  29740.0980276781, 0.0005908538213048212
                0.08390535636667963,                0.00755350279974709,                      0.10073881600665248,                     -0.07865246764644677,         0.014831810581894084,                  1.2055609143081654,               4.497444654568017,29683.964523459086, 67.55282779317561,29751.517351252263, 0.0010811117682361857
                0.08306319886146303,               0.007896732132818093,                       0.1047154557106909,                     -0.07913640420022632,         0.016746386283649925,                  1.1207789639338024,               4.316787916215455,29683.476076584633, 59.84876307394212,29743.324839658577, 0.0006633470659109021
                0.08432022858904255,               0.006702703105823533,                      0.10056679344506758,                     -0.08012440189157254,         0.018454656833081604,                  1.0472656713598572,              4.2635552388399365,29683.564024359934,54.318467456443905,29737.882491816377, 0.0007243292878898155
                0.08358876666352294,              0.0070751925636439485,                      0.10141904911463247,                     -0.06861152416425764,          0.01667704195164951,                  1.1218819387889485,               4.357851617796633,29683.517246308125, 60.08506390587964,29743.602310214006, 0.0006912268448054953
                0.08311113720663663,               0.006514577018448331,                      0.09882775673028593,                     -0.07375957225109138,         0.015667581148948593,                  1.1572088510636898,               4.439969343614591,29683.505188358184,63.949157745409224,29747.454346103594, 0.0006829421149206454
                0.08355247437427556,               0.008423452503893729,                      0.10648084679218385,                     -0.07356279667553416,          0.01643141094503363,                  1.1230984810106528,               4.387670743153955,29683.499815736068, 60.99127758906314, 29744.49109332513, 0.0006792827639674029
                0.08284335514122199,               0.006556474575678894,                      0.09608301412646518,                     -0.07113372570869694,          0.01852640045929303,                   1.050230511712445,               4.207359445907109,29683.612938337563,  54.0947924911377,  29737.7077308287, 0.0007606399239148901
                0.08266530007379146,               0.007075666880819429,                      0.09945996266210107,                     -0.06895503058607602,          0.01857386562725793,                  1.0502319609488893,               4.181852094305757, 29683.69272023702,53.958703738495636,29737.651423975516, 0.0008238116993611346
                0.08323554402702367,               0.007373933268579064,                      0.11096109341019192,                     -0.07935622895141445,          0.01740566244206207,                  1.0880537042609826,               4.287887241569932, 29683.57888770932, 57.59474718838429,29741.173634897703,  0.000735175654150718
                0.08430177809978205,               0.007986899226692448,                      0.09950708853587764,                     -0.07805505004016554,         0.018284873455511646,                  1.0529453271651958,               4.284432101662422,29683.686102240845, 54.81870831588461, 29738.50481055673, 0.0008183777175535527
                0.08293511755572457,               0.007120614225520907,                      0.09885132965303894,                     -0.07740299279098949,          0.01650791224043267,                  1.1334882833637026,               4.329948426897074,29683.587269481723, 60.70307738119244,29744.290346862916, 0.0007413636260194882
                0.08399936092682322,               0.006977307961953946,                      0.10402142161835616,                        -0.08326991167219,         0.019266991843108715,                  1.0195842860597735,                 4.1789643235599, 29683.53112442533,  52.0403432524909,29735.571467677823, 0.0007008866468654118
                0.08277491063635642,               0.007404353088217949,                      0.10205341387420494,                     -0.07568654824068899,         0.015904491409700516,                  1.1494179490211902,               4.429903538527738, 29683.67166824871, 63.00337562380179, 29746.67504387251, 0.0008066501017819538
                0.08256145580324366,               0.007148712779564692,                      0.09834143066085387,                     -0.07598923920525161,         0.018530270957960417,                  1.0529256234986086,               4.170771422071581,29683.605390828052,54.089712174684834,29737.695103002738, 0.0007549205973406653
                0.08383202743785674,               0.008179792018082398,                      0.09856500862306235,                     -0.07886246659671958,           0.0162326710644119,                   1.137439222966591,               4.408918525039603,29683.477750925056,61.732095229443345,  29745.2098461545, 0.0006644586650558708
                0.08301369705600213,               0.007661645347360472,                      0.10598504859954752,                     -0.06978543264953521,          0.01540779642073007,                   1.175995496330287,               4.442738167521346,29683.524629082538,   65.030278649919,29748.554907732458, 0.0006963489008960755
                0.08365894296083723,               0.007790970721311351,                      0.10134315673475615,                     -0.07103669787554139,         0.015919529855887734,                  1.1470719663708704,               4.455032732737883,29683.550252387395, 62.94023744300254,29746.490489830398, 0.0007144222213387319
                0.08315754417907179,              0.0070758432723034064,                      0.10145400787362754,                     -0.07046493279373298,         0.016596927288931983,                  1.1295384991382587,               4.335656710563955, 29683.36120429451, 60.37558041413393,29743.736784708643, 0.0005913606339841844
                0.08289792036875708,               0.007567247778544146,                      0.10743517211426151,                      -0.0808879227819278,          0.01839524743505454,                  1.0482959081032424,               4.246745556953597, 29683.74678753467, 54.50083674751024, 29738.24762428218, 0.0008695790824100415
                  0.082902300172634,               0.007005580654990924,                       0.1019670948160683,                     -0.07156202792477057,         0.014599890334701767,                  1.2184190950540992,               4.488510939529199,29683.493997949077,  68.6183333951147,29752.112331344193, 0.0006753423150009183
                0.08308595035609824,               0.006511744001087566,                      0.10698738245826424,                     -0.07169291101656929,          0.01820515886158577,                  1.0632108143191472,               4.226296979454496, 29683.85275151326, 55.06021747455355,29738.912968987814, 0.0009667822216889657
                0.08314554219245718,              0.0072257254446395445,                      0.10190039089386159,                     -0.07449042010206801,          0.01494646485741772,                  1.1898934953929698,               4.516497301507928,29683.351695269022, 67.03266344527331,29750.384358714295, 0.0005857640219777429
                0.08355389839830299,               0.007321566650682491,                      0.09617245639498098,                     -0.07252480771147517,         0.015446410098148344,                  1.1682287397705866,               4.471336718799519, 29683.57222491645, 64.85964986588723,29748.431874782338, 0.0007302936131200943
                0.08287963968193617,               0.007079021151027152,                      0.11113094793926061,                     -0.07241933983922544,         0.016867045325874717,                  1.1093421177885314,               4.328479613763319,29683.602266787915, 59.42339429594765,29743.025661083862, 0.0007525658751329552
                0.08495469235162208,               0.007436785447983067,                      0.10116322439705755,                     -0.07840812588625799,         0.020079609361363455,                  0.9929532623260797,               4.147339859497313, 29683.44538900038, 49.93317920485341,29733.378568205233, 0.0006432997224438291
                0.08315695980847286,                0.00663270169494124,                      0.09843747060964791,                     -0.07601586645041887,         0.014456571331026177,                  1.2263116986474847,               4.492440868155325,29683.415949302405, 69.29729181891854,29752.713241121324, 0.0006246372298538827
                0.08407319237321975,               0.007256739702305461,                      0.10936302141559748,                     -0.07561630488361641,           0.0192339490230661,                  1.0186822421229247,                4.23010172258022,29683.426104688882, 52.12917580733912, 29735.55528049622, 0.0006310129816475576
                0.08272684028652734,               0.006945991445321401,                      0.10775872841877084,                     -0.08102108280950679,          0.01780176309739099,                  1.0769813829180304,               4.252123196866358, 29683.58073871421,56.313479737015584,29739.894218451223, 0.0007365377280956802
                0.08365345075530203,               0.006963233993941906,                      0.09813117678342616,                      -0.0707686394045172,          0.01713972228399937,                  1.0910861450442437,               4.334553421272057,29683.567215664447, 58.46447092704594,29742.031686591494, 0.0007266445355805238
                0.08392469084225143,               0.007889428008581145,                      0.10792986538552657,                      -0.0771392632289163,         0.015363539628855189,                   1.176030389404954,               4.477016249907381,29683.601727234585, 65.22641676808489, 29748.82814400267, 0.0007521599352320396
                0.08290955734117411,               0.006670029158502918,                      0.10487559219012621,                     -0.07943560099602459,         0.019423839312885167,                  1.0089031752283697,               4.207706728964729, 29683.35311751784,51.617724314810616, 29734.97084183265, 0.0005865977168853702
                0.08348501361425445,               0.006524121554233104,                      0.10050975563706911,                     -0.07261508158476462,         0.018720872629435757,                  1.0301658293654612,               4.240620143513624,29683.438636876454, 53.54068827535274,29736.979325151806, 0.0006389707144430901
                0.08354579973316023,               0.007354655811500664,                      0.09532691044614214,                     -0.07510884095559274,           0.0201633096050382,                  0.9969062107490866,               4.116859600262807,29683.485604081117, 49.71593579212807,29733.201539873244, 0.0006696973056567282
                0.08475470230481076,               0.007874731427255406,                      0.09936279146259569,                     -0.07737073761527298,          0.01694655297690673,                  1.1149331611192947,              4.3321565147843195,29682.088013737575, 59.13740917729969,29741.225422914875, 0.0001655437456661698
                0.08451953355148085,               0.007166792819389395,                      0.10538269693961201,                     -0.07805105751375108,         0.014814156562324949,                  1.2009613254916935,               4.520773471920324,29683.703129230962,  67.6385126009738,29751.341641831936, 0.0008324315344263663
                0.08184526974984241,               0.006621564278003061,                       0.1006097947991176,                      -0.0767212622329741,           0.0172164617891809,                  1.1060150434683786,                4.27137157188424, 29680.30031436478, 58.21033817034407,29738.510652535126, 2.770287258819695e-05
                  0.084386529807672,               0.007330216132053024,                      0.10386177509397534,                     -0.08068137357726207,         0.016067810096934216,                  1.1512207247007769,               4.380266517011418,29683.160494898184, 62.37218785222813, 29745.53268275041, 0.0004838217940307754
                0.08417916672344158,              0.0069406404187123015,                      0.10387811891826523,                     -0.07075298628972394,         0.017792058941579057,                  1.0641867162446885,               4.344953614631971,29683.119367640666, 56.33224395980384, 29739.45161160047,0.00046432715873247714
                0.08386485954927518,              0.0072672652649229145,                      0.09978218992869838,                     -0.08173019365993939,         0.014445503519089404,                  1.2139808286546876,              4.5404841700167164, 29682.10684839619, 69.35748488576021, 29751.46433328195, 0.0001686912536748202
                0.08329135934007512,               0.006628845312944979,                      0.09651501329568637,                     -0.07624263957610913,          0.01790650585423907,                   1.076527528560566,               4.276409101039632,29681.458455535267, 55.96845483042426, 29737.42691036569, 8.820620233933363e-05
                0.08274952302163885,               0.007411144956710224,                      0.09723095574713111,                      -0.0740296048664121,          0.01899193295655146,                  1.0400624344166158,               4.168069638170342, 29682.37081413643, 52.77524954100772,29735.146063677435,0.00021965011259020658
                0.08249342135080194,               0.006726239425464412,                      0.10044551505218942,                     -0.07488968767579832,         0.018229310368438067,                   1.065766241548249,              4.2411610667222615,29681.005319576107, 54.98197804947159, 29735.98729762558, 5.606665903134491e-05
                0.08435010636595823,               0.006718003979013596,                      0.10245470484254078,                      -0.0747050076153167,         0.015642659059499686,                   1.159931489287128,               4.411638818814796,29682.807857917036, 64.05684946277239, 29746.86470737981, 0.0003400455786971574
                 0.0823570237154012,               0.006911028551658617,                      0.09895974706464584,                     -0.07957739483291319,         0.018892522126885254,                  1.0416121239608083,               4.188689986611986, 29681.63449308861, 53.05852883277567,29734.693021921386,0.00010518438262969896
                0.08331875129340943,               0.007410818893840754,                      0.09874828416008148,                     -0.07104241145882416,          0.01931172135499871,                  1.0276497863353706,               4.164469822716092,29682.763880703307, 51.90310737909867,29734.666988082405, 0.0003254153771740163
                 0.0850298617003251,               0.007586191967736341,                      0.09949788008889236,                     -0.07421023626974525,         0.018275152092306134,                  1.0513426311368406,               4.280082574092734, 29683.66529939819, 54.84518804230886,  29738.5104874405, 0.0008015289929620337
                 0.0847301032815263,               0.007783158943480614,                      0.10420540185919067,                      -0.0765633320522321,         0.014582557950774202,                  1.2099375151745855,               4.530864512652536, 29683.11232507218, 68.70818840993284, 29751.82051348211,0.00046106859072939067
                0.08424269344753911,               0.007683430108473124,                      0.10464671988811138,                     -0.07983472595997189,          0.01743923533606181,                  1.0942034598996446,                4.26959881407309,29683.129858340297,57.477965867320414, 29740.60782420762, 0.0004692239157798088
                0.08391111402455588,               0.006486283882499579,                      0.10063176486348237,                     -0.07326848236619558,         0.017007282866897927,                  1.0950031326065637,               4.377459176841614,29683.458533816636, 58.92377424677948,29742.382308063417, 0.0006518116000665815
                 0.0833300213603705,               0.007749525964715851,                      0.10563852822985415,                      -0.0782540803124056,          0.01768895331607431,                  1.0683866331807548,               4.332774154757624,29683.593762920795, 56.66738600814313,29740.261148928937, 0.0007461932891468086
                0.08391112380087354,               0.007441949395659252,                      0.09533988934449075,                     -0.07572213980720563,          0.02016910150039569,                  0.9846036392639007,              4.1671473446012515,29683.325285265626, 49.70256845216318,29733.027853717787, 0.0005704964873881955
                0.08394219693015859,               0.007549301842410409,                       0.1083279782133352,                     -0.07621961731133159,         0.019068738254477094,                   1.021856114298639,                4.24922760158285, 29683.56063193748, 52.57878612918264, 29736.13941806666, 0.0007218762202220213
                0.08337492323631342,               0.007586829394040397,                       0.1110968778132835,                      -0.0769187568362716,          0.01849837471323733,                  1.0425173604658209,               4.249721856848496,29683.742731106402, 54.19918079605617,29737.941911902457, 0.0008660588418674548
                  0.083252115151753,              0.0068178829643400244,                      0.11232265932599242,                      -0.0744932117326634,         0.016889989642468926,                   1.108196096293027,               4.349072155970891,29683.298357003492,59.346350875802976,29742.644707879295, 0.0005553390066558162
                0.08390088658714444,               0.007991927254393216,                      0.10447783776891732,                     -0.07452060524680809,         0.015477166415765901,                  1.1670039188405872,               4.442435099073078,29683.663595165755, 64.74226667390516, 29748.40586183966, 0.0008001641645764356
                0.08276360771772988,               0.006837300104826287,                      0.10040923708546787,                     -0.07934241024574058,         0.021613693465926648,                   0.943297820144988,               4.037495937932063, 29682.61074146093, 46.39626391007326,   29729.007005371, 0.0002792097265542084
                0.08358279924988589,               0.006684827499245628,                      0.10186574760922613,                     -0.08082839088063579,         0.013820328826920844,                  1.2483941111507362,               4.585665998137199,29681.645827861932, 72.49018201335684, 29754.13600987529,0.00010638340625693687
                0.08304304518000685,               0.006851754340915814,                      0.10464465229486218,                     -0.08162298543015051,         0.018111896110906484,                  1.0692195229291463,               4.212297927552098,29683.375705713686, 55.34875254420703,29738.724458257893, 0.0005999986830323124
                0.08358237786457011,               0.007934816126983926,                      0.10772857773614725,                     -0.07018094138895688,         0.015516725863731588,                  1.1662882700341786,               4.475355689453952,29683.190145699045, 64.57758430850045,29747.767730007545, 0.0004983822962260951
                 0.0833390381523197,              0.0069274561858449135,                      0.10070863282307731,                     -0.07337431741216784,         0.015694062781299513,                  1.1610231360467542,               4.444272881913811, 29683.99838110661, 63.84347148599015,  29747.8418525926, 0.0011183423834289572
                0.08284495654768508,                0.00720786733344559,                      0.09900089360449739,                     -0.07794211203628741,          0.01779861431565603,                   1.081705277295419,               4.225734149775737, 29683.54211704258,56.310767905795196,29739.852884948374, 0.0007086337278453024
                 0.0831024430303626,              0.0074447709385957765,                      0.09482670159709336,                     -0.07061218760334638,         0.016310042906760365,                    1.12992206010334,               4.401876891882853, 29683.07668727555,61.428248436180546,29744.504935711728, 0.0004449264653600878
                 0.0825280636976249,               0.006844234659436783,                       0.1013561801440815,                       -0.074019637938246,         0.016022337660491878,                   1.145198571530373,               4.375414623691221,29683.677968505253,62.538474645754896, 29746.21644315101, 0.0008117482473132447
                0.08289255977079647,               0.006823750883464825,                      0.10754334333467322,                     -0.07492430558742942,         0.019450638071722127,                  1.0247803309094121,               4.145871791489138,  29682.0026875678, 51.54606714556109,29733.548754713363,0.00015200437668052988
                0.08250620422655895,               0.006361686393318778,                      0.10496775098246577,                     -0.07291791979001874,         0.015990900378563672,                   1.150813069673211,               4.389847430996794, 29682.93103212508, 62.66436004868945, 29745.59539217377, 0.0003846192452916694
                0.08241973853227844,               0.007508351043351588,                       0.0982042383960343,                     -0.07456442664972524,         0.018610497420745026,                   1.049920029603549,               4.185459882118113,29683.383224622863, 53.85563351675952,29737.238858139623, 0.0006045270213848489
                0.08444184209973458,               0.007900125239282692,                      0.10101482329862371,                     -0.07152226471470173,         0.016138963031266863,                  1.1465624652230357,               4.394300627268129,29683.254688919864, 62.08691773927133,29745.341606659134,   0.00053161028103397
                0.08272299703587478,               0.006773924585558063,                      0.10814825147837691,                      -0.0740223298018982,         0.016121242606487132,                  1.1335727314810589,                4.40507072792373,29682.700796274126,62.163648610744346, 29744.86444488487, 0.0003055208486716815
                0.08311029445161677,               0.006833285813190099,                      0.09768027940018875,                     -0.07114883733618453,         0.018232904683205122,                  1.0662019872502488,               4.211099813413733,29683.070840623055, 54.96566082102666,29738.036501444083,0.00044233272467082533
                0.08262354839215576,               0.006310284532171081,                      0.09943152201220502,                     -0.07295028981353388,         0.016553497516248055,                  1.1248631552581272,               4.350587266393939,29683.448405334686, 60.53283223691804,29743.981237571603, 0.0006452430588691817
                0.08337446268090414,               0.006688135468347596,                      0.10905520066644009,                     -0.07113552781507344,         0.016548142763210108,                  1.1235791968028712,               4.359547382942359,29683.919711399143, 60.56279398143929,29744.482505380583, 0.0010337343898586414
                0.08253738214419869,               0.007581540306894814,                      0.10510652348652923,                     -0.07997127486940601,         0.017662468263934618,                   1.083210429039816,               4.264299769636973, 29683.37641234009,56.752298884754566,29740.128711224846, 0.0006004228077754998
                0.08307713245043277,               0.006214759722953329,                      0.09906176134361704,                     -0.08071757490749618,         0.015628933906860966,                  1.1673235783517024,               4.404304279026079,29683.220518448346, 64.11316295461837,29747.333681402964, 0.0005137517617119967
                0.08341994415557834,               0.008646180316468476,                      0.10429659068862092,                     -0.07380355068115187,         0.017835061798565113,                  1.0668147205516167,                4.30479075757847,29683.537915672285, 56.19910074490853, 29739.73701641719, 0.0007056627406299796
                0.08363017659914089,               0.008366758721163546,                      0.10661474663676196,                      -0.0724417289936912,           0.0180148146700809,                  1.0585374003169297,              4.3007519800456215,29683.688442307834, 55.64141618585848,29739.329858493693, 0.0008202950186664052
                0.08227423723201811,               0.007032039533582616,                      0.10876334698560386,                     -0.07191735716229004,          0.02021221895197485,                  0.9861553474381067,               4.115796714326086,29683.269296610495, 49.60735685331945,29732.876653463816, 0.0005394328754741701
                0.08410756985560001,               0.007712397807953988,                      0.10578944947208195,                     -0.07741154448425748,         0.016002716667480314,                  1.1564566902131328,               4.386925452139892,29682.738274288182, 62.62448714820922, 29745.36276143639,0.00031718843668554074
                0.08318769285300683,              0.0067668897238374656,                      0.09961563537819318,                     -0.07016678967562075,          0.01721108737708517,                  1.1012970611263617,               4.286718151763918,29684.050234881877, 58.22326272595596, 29742.27349760783, 0.0011778624933090824
                0.08355896594260706,               0.007230007423063188,                      0.10865520894833251,                     -0.07183257326389685,         0.017640370341085173,                   1.081534031770185,                4.30761896486919, 29683.19701090105, 56.82148697480482,29740.018497875855, 0.0005018155629158685
                0.08350409637933982,               0.007165271812835993,                      0.09945011756594284,                     -0.07868911038278233,         0.019629671938544244,                  1.0032394196796792,              4.1466599695409805,  29683.0128266249,51.071656298686705,29734.084482923587,0.00041740140949513287
                0.08385073719706139,               0.007929345132004677,                      0.10001277219294251,                     -0.07632976784732502,          0.01662431084804773,                  1.1259298084138158,               4.354898259575603,29683.633318621738,  60.2802172677824,29743.913535889522, 0.0007763010285264715
                0.08467336707186157,              0.0076328593986371585,                      0.09699082353037243,                     -0.07488097873139182,         0.017216588249380917,                  1.0908524570735776,               4.368931080653276,   29683.279149221, 58.20708510838431,29741.486234329386, 0.0005447739661269826
                0.08417098025510539,               0.007509940411461991,                      0.10270855350629984,                     -0.07261433442027283,         0.016576920032932433,                  1.1282121008538923,               4.350091793275529, 29683.88165830363, 60.45240951702463,29744.334067820655, 0.0009951366358695397
                0.08356188182773809,               0.007325692263085591,                      0.09775609224511093,                     -0.06950920531504624,         0.017586360256447612,                  1.0716712891344164,               4.322146757485063,29683.254069717423,56.981271660894336,29740.235341378317, 0.0005312812085419687
                0.08374407974622367,               0.008449071325117139,                      0.09998139808419476,                     -0.07643248955840605,          0.01827610638549931,                   1.057811008553376,               4.220556919892762,29683.252420268847, 54.84359779930446, 29738.09601806815, 0.0005304056098354748
                0.08264485828813233,                 0.0077469211046044,                      0.09811521093159759,                     -0.07845166898108273,         0.019386565907007495,                  1.0153633343145927,               4.170175976942641,29683.680486708614,  51.7080637622938,29735.388550470907, 0.0008137949704284593
                0.08302887278654467,               0.007112180540571791,                      0.10724275742824675,                     -0.07366886326740583,         0.017283672762660175,                  1.1001849337484841,              4.3046010930564185,29682.856126554347,57.990697905517564,29740.846824459863, 0.0003568616961327324
                0.08345268430881178,               0.008076371399653977,                      0.10642502732399846,                      -0.0755785670544487,         0.018206336312798145,                  1.0481226130190269,               4.274864853530783, 29683.12439812247, 55.05964355873617,29738.184041681205, 0.0004666688329919668
                0.08399632301608002,               0.007537736509151809,                      0.09908734546507146,                     -0.06925968744679786,         0.017546932978926046,                  1.0891945478137564,               4.260632298865511,29683.416510670348, 57.11072431197921,29740.527234982328, 0.0006249879796109023
                0.08261132882706276,               0.006189307534810107,                      0.10683011199223509,                     -0.07751777301732282,         0.017584708851787933,                    1.08406028225067,              4.2654728407225395,  29683.7579097036, 57.00250378601017, 29740.76041348961, 0.0008793046724331363
                0.08288873719578006,              0.0059611783759980054,                      0.10716158895391088,                     -0.07774038527102578,          0.01705857435234048,                  1.0987439991126786,              4.3317274457388715,29683.307964718722, 58.75728622526473,29742.065250943986, 0.0005607002591410189
                0.08417489399039997,               0.008272693934408671,                      0.10162141313423981,                     -0.07615416221683274,         0.015456222114514414,                  1.1681703981243334,              4.4543250428036805,29683.578155338848, 64.82819773459137, 29748.40635307344, 0.0007346374303247663
                0.08402071392908098,               0.006499418115740435,                      0.09757845199656753,                     -0.06955238934737974,         0.017333415450904294,                  1.0939197554165194,               4.298559692229918, 29683.41107143325, 57.81126110641262,29741.222332539663,  0.000621597750295046
                0.08345757163770505,               0.007609143274454057,                      0.10209767591898132,                     -0.07872338555370657,         0.018390196838872594,                  1.0539002978395386,               4.264515318297341,29683.132962252163,  54.5081546070837,29737.641116859246, 0.0004706826081148025
                0.08403325355281514,              0.0067113717410147876,                      0.09826850111624826,                     -0.07654755337802872,         0.020611345771516524,                  0.9779976944798857,               4.072299740172001,29682.982539572946,48.642650378966046,29731.625189951912, 0.0004049490754322095
                0.08324682033997924,                0.00611035579714042,                      0.10340419396136326,                      -0.0791796601166152,         0.018615476793744277,                  1.0501293134364988,               4.180574904774713,29683.159581660773, 53.85168234958319,29737.011264010358,0.00048338015156125465
                0.08366073377895782,                0.00753038378166556,                      0.10911732592839865,                     -0.07138118999427866,         0.016797362803904366,                  1.1183137875801654,               4.308725961345799,29683.342474416808,59.666808632038254,29743.009283048847,  0.000580387604169172
                 0.0838391433730193,               0.008416094988583792,                      0.11037255899869404,                      -0.0778148167244718,         0.017741139219436042,                  1.0745892201849356,               4.299358298175281, 29682.92016762796,56.506927653510516, 29739.42709528147,0.00038046316833199634
                0.08353845620537585,              0.0064526687431638845,                      0.10227949922806595,                     -0.08044680737307341,         0.017904883890588495,                  1.0610461217300562,              4.3076301441874065,29683.383185709874, 55.98375606904874,29739.366941778924, 0.0006045034978891356
                0.08286539426837478,               0.008042771587963562,                      0.10158361972826559,                     -0.07058698005114186,         0.017731472232695673,                  1.0810406913553743,               4.241184072069457, 29683.17146360407,56.520413553561646, 29739.69187715763, 0.0004891579046048074
                0.08466289267893058,               0.007337274359956113,                      0.10161606691861864,                     -0.07293274496550518,         0.016630309530233776,                  1.1126735281335334,              4.4183918381766425,29683.434506617967, 60.25820878495904,29743.692715402925, 0.0006363370428431488
                0.08383437136793424,               0.008097911584090517,                      0.10704821377628884,                     -0.07603599032652077,         0.014305344166585132,                  1.2224838148365602,               4.558443374848981,29682.660764669883, 70.03913762627957, 29752.69990229616,0.00029353192784355674
                0.08448172500331344,               0.007789884533234233,                      0.10014697497202392,                      -0.0769526341364922,         0.015650930326425106,                   1.154511450146848,               4.472646495367113,29683.523186508246, 64.02257073322606, 29747.54575724147, 0.0006953450900832862
                0.08394086616703196,               0.006442632070270516,                       0.0964470961764091,                      -0.0757278587825095,           0.0196558276842133,                  1.0036934316765878,               4.160650555414437,29683.250862174315,50.998409809310765,29734.249271983626, 0.0005295798312422326
                0.08365350104731427,               0.006984920176393228,                      0.11027092938277312,                     -0.07862584184539313,         0.019157163122344948,                    1.02503349169873,               4.180655774563949,29683.891114814323, 52.34084229528845,29736.231957109612, 0.0010045917920383299
                  0.082457985442997,               0.006616649417221973,                      0.10491527167876678,                     -0.07875933283434693,          0.01893174026030698,                  1.0430962525488132,               4.147325093387199, 29682.64004749301,52.954975559720374, 29735.59502305273, 0.0002875133343730922
                0.08288417179494396,               0.006780948537315421,                      0.10484712567124585,                     -0.06757247515219592,          0.01756636628307807,                   1.079941600184708,               4.269292098158141,29683.641340580216, 57.05182922620914,29740.693169806425,  0.000782553528260354
                0.08427246368905734,               0.006686278248064871,                      0.10201130523143469,                     -0.07712951802959787,         0.020709023266076664,                   0.976591396320779,              4.0658188927550105,29683.064087471197,48.418695316374055, 29731.48278278757,0.00043935564824808856
                0.08449439183280125,               0.008128410706999175,                      0.10491056712763337,                     -0.08157102585933929,         0.017738179267125554,                  1.0788635700711913,                 4.2938786598781,29682.545195799226, 56.51371315600866,29739.058908955234,0.00026149562312876803
                0.08310206530757114,               0.006925009504914699,                      0.09797538740137962,                     -0.07936241860665115,          0.02012821145446859,                  0.9934223135536646,               4.092918607080841,29683.468938499147, 49.80846570892378, 29733.27740420807, 0.0006586288972266264
                0.08500009517814278,               0.007315041647104928,                      0.10308625380812521,                      -0.0760424490916475,         0.015416196613479063,                  1.1717967413325987,               4.465461625720308,29683.622801780613, 64.99844129412581, 29748.62124307474, 0.0007681795748190106
                0.08280722944825092,               0.006440692579343794,                      0.10418794768999542,                     -0.07010522177234756,          0.01647590352521131,                  1.1231948448115299,               4.375237228580928,29683.473172672788,60.820634185284504,29744.293806858073, 0.0006614235587079971
                0.08366046140123111,               0.007661749441388474,                      0.10195215409342646,                     -0.06923703151034925,         0.015925359479675265,                  1.1540445249265252,               4.387657006417065, 29683.89690564618, 62.91651875137079, 29746.81342439755, 0.0010104260906069838
                0.08277925622781818,               0.006977415206266285,                      0.10208223528446284,                     -0.07681536592010818,           0.0151255670245596,                   1.192947234744119,                4.44240452994499,29683.787967562617,  66.2422376833772,29750.030205245996, 0.0009061359130523677
                 0.0833350875221623,               0.006287672393101221,                        0.102326134010595,                     -0.07388210071826588,         0.015687197473271044,                  1.1547730641186476,              4.4273612786689425,29683.179968175296,63.873546318055915,29747.053514493353, 0.0004933357229409992
                0.08424427381730086,               0.006735452931819246,                      0.09850586230411063,                     -0.07635190801591668,          0.01715389028920426,                  1.0974092103531932,                4.35013198524469,29683.750366395234, 58.42178903972748, 29742.17215543496, 0.0008726967602345596
                0.08456992363359281,               0.008179938513364892,                      0.10532579237826985,                      -0.0755397189571664,         0.016397591189770733,                  1.1236255842686425,               4.433776471370042,29683.193693633955, 61.11800461645388, 29744.31169825041, 0.0005001536646651591
                0.08404254976452526,               0.008017891442012497,                      0.09807995086252304,                     -0.07155014743949752,         0.017739016948749783,                  1.0813377275552307,              4.2694453822924165, 29683.30781497764, 56.49439042686934, 29739.80220540451, 0.0005606163055637595
                0.08369269149139023,               0.007525080316997469,                      0.10497899755500353,                     -0.07086582300116528,          0.01627789616965957,                  1.1262917729925384,               4.441405888924094, 29683.38617420184,61.561353884497436, 29744.94752808634, 0.0006063127538639459
                0.08239488675626234,               0.006253051972270934,                      0.10029646300925109,                     -0.07153726591090959,         0.018659075034421536,                  1.0493201714469473,              4.1756947115796725,29683.164283736107,53.715474528598435,29736.879758264706,0.00048565839348368214
                0.08203153488729376,              0.0072115013008739555,                      0.10392763517303183,                     -0.07649488370330006,          0.01653630132753839,                   1.124634540507613,              4.3367780886352865, 29683.15154350441, 60.60320176875711,29743.754745273167, 0.0004795102406312344
                0.08438412150968759,               0.007192086808947884,                      0.10324716740156764,                     -0.07004217303157277,         0.017238762005644944,                  1.0850450191023802,               4.352165586154929,29683.479835841215, 58.13512978120293, 29741.61496562242, 0.0006658454508274628
                0.08362909289818166,               0.008406327111830139,                      0.09789727123930522,                     -0.07242375928592976,         0.017246967215318775,                  1.0953987170369084,               4.309401903636723, 29683.61218180502,58.102839312113325,29741.715021117132,   0.00076006469267683
                0.08479254804527585,               0.008025186535453671,                      0.09736317491541602,                     -0.07873503710570773,         0.019104416020369972,                   1.026942580194795,               4.202631949052195,29683.103642593105, 52.47132416288557, 29735.57496675599,0.00045708270108015615
                0.08419536161912956,               0.008695578282102441,                      0.10475944303269573,                     -0.07487266628124811,         0.019101539497640378,                  1.0257101778688285,               4.205059438343773, 29683.38453307038, 52.48371755661305,29735.868250626994, 0.0006053185309767933
                0.08412081665303556,               0.007899596484896078,                      0.10401624141507339,                      -0.0703928091000912,         0.015692181113657538,                  1.1602530120520769,               4.415204338240574, 29683.63428206713,63.853300014233014,29747.487582081365,  0.000777049312583285
                0.08270221736705002,               0.007247492821908655,                      0.10055591545603235,                     -0.07413595507886118,         0.015621128235576267,                  1.1625569784090048,               4.433227799472548,29683.757342896923, 64.14086164928493,29747.898204546207, 0.0008788064178940733
                0.08379778329293411,               0.008087616124230227,                      0.10048803510860388,                     -0.07738765417695921,          0.02048675078850481,                    0.98222925890436,               4.077770115347376,29682.766610065548, 48.94078057095718,29731.707390636504, 0.0003263047667981088
                0.08266816656314614,                 0.0080608652836833,                      0.10143798865878517,                     -0.07240015140758554,         0.018075912322657508,                  1.0575668164481173,               4.289179259607509, 29683.55675646009, 55.44685584309881, 29739.00361230319, 0.0007190840193036579
                0.08321115832064599,              0.0073398929899724475,                       0.0968198656785813,                     -0.07796286995124879,         0.022075469725230543,                  0.9329451046286312,               4.006176363076352,29682.505412191153, 45.42376193852135,29727.929174129673, 0.0002512966057601343
                0.08377449932414004,               0.007053461531890867,                      0.09826517799052394,                     -0.06892045851983257,         0.016936230348177813,                  1.0998349288681297,               4.349069593998974, 29683.42544196549, 59.16431643934172,29742.589758404833, 0.0006305949331242474
                0.08273258227983732,                0.00707517741319294,                      0.10332644459013939,                     -0.08364245426344893,         0.017507796997435297,                   1.083945424428313,                4.30897383317777,29682.813178227752, 57.25389307885826, 29740.06707130661, 0.0003418595479948869
                0.08329851440845273,               0.007108890480618237,                      0.09965439304787128,                     -0.07120179180395995,          0.01549566966607216,                   1.172111549698278,               4.449386269816574, 29683.78834612513, 64.65632430771986, 29748.44467043285, 0.0009064790070771747
                 0.0846007834384752,               0.007476229963937885,                       0.1003674972254492,                     -0.06851021227897852,         0.016419111315054052,                  1.1278407861260162,               4.402096871555304,29683.365124369197,61.026749840179185,29744.391874209377, 0.0005936833614945128
                0.08352972438359962,                0.00717850939017639,                        0.098787864936162,                     -0.07477556781424667,          0.01936535124777948,                  1.0257177409882796,               4.163406586031581, 29683.01646689084, 51.76294800663623,29734.779414897475,0.00041892363059278657
                0.08323636366550242,              0.0067466065478051255,                      0.09998006538363456,                     -0.07488431968655618,          0.02027006080400177,                   0.981299579368121,               4.106727512341964,29682.307397959026, 49.45927359820202,29731.766671557227,0.00020615322554185566
                0.08412181636085332,              0.0072150435107951995,                       0.0944862076595894,                     -0.07648919142085138,         0.016011545896468905,                  1.1448987111896158,               4.398419937592983,29683.468009200944,62.576635679185515, 29746.04464488013, 0.0006580171188821974
                0.08419449437181596,               0.007201397866615337,                      0.10357442401780607,                     -0.07228691826506994,          0.01831489034191203,                  1.0531287038279715,               4.212878725322358, 29683.62216119162, 54.72867947139705,29738.350840663017, 0.0007676876450168671
                0.08403949891558588,                0.00673804589991338,                      0.09852207178103078,                     -0.06965057628160852,          0.01706056894476006,                  1.0993065906870347,               4.356492312261415, 29683.67771448492,58.735058127260935, 29742.41277261218, 0.0008115420729388947
                0.08370409391975948,               0.007744863149012194,                      0.10531254728318747,                     -0.06880149235558176,         0.017240015477283512,                  1.1024345008416496,               4.286389680501051, 29683.08407006876, 58.13175905408407,29741.215829122844,0.00044822342084262164
                  0.083888587107011,               0.006886658272532524,                      0.10050749790561274,                     -0.07891512694622187,         0.018470284946607195,                   1.049469190180407,               4.202229070287404, 29683.95507113461,54.271094586047305,29738.226165720658,0.00044237789825451654
                0.08288771660801357,               0.006285065809306071,                      0.10281573930646494,                     -0.07251069088341663,         0.017051012737775463,                   1.099762412327997,               4.326760914299185,  29684.0875475216, 58.77386924064031,29742.861416762244, 0.0005050416379260304
                0.08412758798258048,               0.006665332923245541,                      0.09788222734006895,                     -0.07276057400718015,         0.018696670418965212,                  1.0375588868361216,               4.253394839797738,29683.712702078614, 53.60766409809298,29737.320366176707,0.00034716335547425566
                0.08440413342120943,               0.007183293173678488,                      0.10483620345671583,                     -0.08020871442997125,         0.015520035506879694,                  1.1659223846322306,              4.4589118281582625, 29683.84645542315, 64.56950741847601,29748.415962841627, 0.0003968461915389229
                0.08331451015816864,              0.0076483386757826835,                      0.09692038258049059,                     -0.07122889895786297,          0.01781020703347568,                  1.0683128157179724,               4.279432655106787, 29683.95879423561, 56.26683931347448,29740.225633549082,0.00044402798566451826
                0.08420547139508738,               0.008161729919044344,                       0.1006477130314427,                     -0.07842053929220508,          0.01776375973887227,                  1.0767190638819006,               4.266346609703567,29683.765064323903, 56.42459405461823, 29740.18965837852,0.00036582595207470875
                0.08298245729599844,               0.007231324514871708,                      0.10676212808900899,                     -0.07652540706521413,           0.0172868803622645,                  1.0854047915525724,               4.331140482931578, 29683.90114388125,   57.981741070695,29741.882884951945,0.00041915351491364955
                0.08284198126329177,               0.007394465363656957,                      0.10404697721384658,                     -0.07082680533461408,         0.016832704208655826,                  1.1061942950159114,               4.361020384813217, 29683.93589517576, 59.53460357607042, 29743.47049875183,0.00043397569549722954
                0.08453701372450625,               0.008262319042849308,                       0.1013274096102982,                     -0.07591422911035481,         0.016425704159014214,                  1.1261238448836848,               4.371362146202839,29683.524211862958,61.009329418792795, 29744.53354128175,0.00028752367899598935
                0.08414799657632392,               0.007810698202985889,                      0.09754541727175188,                     -0.07335225983758373,         0.018556688951331064,                  1.0497903568502989,               4.203080920640597,29683.719287700376,54.011354828144476, 29737.73064252852,0.00034945718688587815
                0.08335034793325526,                  0.007681301485838,                      0.10056324549127042,                       -0.073534467795306,         0.018965061543066326,                  1.0375335039980798,               4.162139572870125,29683.906706429352, 52.85368726985109,  29736.7603936992,0.00042149157325548943
                0.08375807523755201,               0.007661590260905751,                       0.1018966860206848,                     -0.07632293050688589,         0.015737258473142262,                  1.1657076062890832,              4.3935145758973135, 29683.98343457681,63.672815033291336,29747.656249610103,  0.000455104895719639
                 0.0838714700149298,              0.0073101050944848565,                      0.09580536000440427,                     -0.07275503817968558,         0.018109699842766922,                  1.0553525995251538,               4.295516023216089,29683.825912631466, 55.33880354547804,29739.164716176943, 0.0003887770282336177
                0.08378904628489742,               0.007227319642761748,                      0.09549875052172686,                     -0.07821020161831943,         0.020638906379287152,                  0.9747848291167832,               4.102848612496589,29683.574968140074, 48.57612236279935,29732.151090502874,0.00030249401606966437
                0.08399590931288527,               0.007089813354260291,                       0.1047165012610456,                     -0.07313309710001686,         0.019160846448921125,                  1.0269327816437575,              4.2034836985397925, 29684.02203393932, 52.31986991394767,29736.341903853267, 0.0004730150919875779
                0.08361422210386962,               0.006299558864079388,                      0.10460735551471506,                     -0.07924202129479578,         0.020195042330320025,                   0.988664716237281,               4.128072912331042,29683.814488603042,49.651842434110186, 29733.46633103715, 0.0003843609014200563
                0.08282731387359916,                0.00723682558779002,                       0.1015890620771189,                      -0.0696023953661649,         0.017618827798921686,                  1.0756876429289328,               4.303308458493618,29684.016693353475, 56.88011802609257,29740.896811379567, 0.0004704956479246304
                0.08340856863298655,               0.006503412549848203,                       0.1048805031645226,                     -0.07667119848510547,         0.016427912875392872,                   1.123362912747391,               4.375570603122016,  29684.1335929333,61.004659080519964, 29745.13825201382, 0.0005288401905260146
                0.08353137123555604,               0.007146258209452537,                      0.10575964842780634,                     -0.07341082091885757,          0.01835926800924324,                  1.0568592589762316,                4.18834206727373,29683.790627913924,54.599529252392664,29738.390157166315, 0.0003752983349464842
                0.08399686384614538,               0.006255538201283061,                       0.1038651899940578,                     -0.07678009189091614,         0.017499472878654842,                  1.0829926330323199,               4.318660535140835,29683.863381862982, 57.27667710224521,29741.140058965226, 0.0004036205559184089
                0.08251684554334018,               0.006788420676369433,                      0.10058592566296017,                     -0.07076182328533118,          0.01806681709694405,                    1.06477633005399,               4.239604949887775,29684.085753061314, 55.47220306373836,29739.557956125052, 0.0005041361734161205
                0.08338119304629227,               0.007154715593865302,                      0.09994175902602595,                     -0.07321274878667763,         0.016415350691602583,                  1.1203074042672332,                4.39432882580001,29683.793296329233,61.042767068690864,29744.836063397925, 0.0003763011241028474
                0.08361905057954254,               0.007658389804016217,                       0.0950285541815581,                     -0.07427453114177544,          0.01911079648225197,                  1.0296415979298466,                4.18186632350523,29683.761435745593,   52.446431345244,29736.207867090838, 0.0003645009293879473
                 0.0845546564814486,               0.007766995823260369,                      0.09838244703181173,                     -0.07647387303375287,         0.019544805182185192,                  1.0114670142005717,               4.176727107826468,29683.946807550983, 51.29080818821377,29735.237615739195, 0.0004387373342672807
                0.08360517542009138,                0.00813675273799109,                      0.10129530361439576,                     -0.07385002862934918,          0.01809710543039038,                  1.0664007023324522,               4.226037680507099, 29683.77288073328,55.383958929286635,29739.156839662566, 0.0003686966019481777
                0.08387821475388098,                0.00820377750301271,                      0.10504001102994509,                     -0.07292467896263888,         0.016473994016542592,                  1.1285798718916975,               4.345789719345726, 29683.62328024613,  60.8320353332606, 29744.45531557939, 0.0003174669129573185
                 0.0830686194706798,               0.006676717519184523,                      0.10935700730739713,                      -0.0746685219788742,          0.01647706322146755,                  1.1207360245093836,               4.379585396584854,29683.621681406825,60.826423048511224,29744.448104455336, 0.0003169597399306218
                 0.0830034691419239,               0.006643447614017386,                      0.10584874446250073,                      -0.0738565038586144,         0.019729696191744753,                  1.0107055484214202,               4.100975472974225, 29683.91886927523,50.816086837882516,29734.734956113112,0.00042664941372335655
                0.08296129477643886,               0.007239704876018758,                      0.09916118470065798,                     -0.07495020859049374,         0.016912032825013995,                   1.105656842043204,               4.360564370063387,  29683.9696507904, 59.25386103282372,29743.223511823224, 0.0004488748624055224
                 0.0825745162764896,               0.006287046580099555,                      0.10208917636284712,                     -0.07524496062597724,          0.01805009766161332,                  1.0676515616677094,               4.210655770785768,29684.084216988602,55.528818303953535,29739.613035292554,  0.000503362378052103
                0.08286227286402262,               0.007302044505843947,                      0.09826063871419438,                     -0.07418184146635101,           0.0166724245580811,                  1.1254449557548893,               4.307476888935478,29683.703861455608, 60.10193194311741,29743.805793398726, 0.0003441077417926207
                0.08279995354169804,               0.006388322655089679,                      0.10377826380222342,                     -0.07220329474039205,         0.019677012123790118,                  1.0046573129904492,              4.1274176970752485,29683.734514537755,50.947834365855144, 29734.68234890361,0.00035481903302308083
                0.08390745305786733,               0.007761383696607104,                      0.10537574397948284,                     -0.06734500975482274,         0.017506654624189783,                  1.0820377576875189,               4.313180635555244,29683.935754197504, 57.24746989259069,29741.183224090095, 0.0004339145186728299
                0.08341505296664876,               0.006036511583818546,                       0.1051850283624168,                     -0.07741461520406555,         0.018184517252687524,                  1.0574082068235553,               4.232522469354118,29683.622019502574, 55.12545554121463, 29738.74747504379, 0.0003170669207891658
                0.08342285943573316,                0.00726960849668889,                      0.10876316408077716,                     -0.07349410547253932,          0.02155797748003165,                  0.9483420797070836,               4.043640011996596,29683.900639505482, 46.52122421034016,29730.421863715823,0.00041894215734459585
                0.08474564235888853,              0.0070858542475015765,                      0.10149112432446687,                     -0.07988521975915834,          0.01728145994056733,                  1.0916184216035707,               4.326904386262923,29683.808407082055,57.998337749120864,29741.806744831178,0.00038203049591886945
                0.08390420329756312,               0.006991680655151785,                      0.10879234431948866,                     -0.07151708339920174,           0.0200356733431811,                  0.9916460325012576,               4.169010023987724,29683.892492169703,50.044526911855336,29733.937019081557,0.00041554276172968706
                0.08428317761880574,               0.007255663348744509,                      0.09694689372485403,                     -0.07381228386467455,          0.01838025342529428,                  1.0533201757266455,              4.2149855234342715, 29683.83486701629, 54.52845422266145, 29738.36332123895,  0.000392273920247657
                0.08419850460110938,               0.008516362315208338,                      0.10292535654244825,                      -0.0747961350020363,          0.01674060626007443,                  1.1157978779712552,                4.34766892786366,29683.670252972806,59.864715397255154,29743.534968370062,0.00033273498371218956
                0.08367362485921025,               0.007462748874765897,                       0.0959851784757515,                     -0.07624329433391852,         0.018930352547980887,                  1.0344094840656728,                4.16650342023275,29683.496787265372,52.947902227649294,29736.444689493022, 0.0002797456006284125
                 0.0831411722917904,               0.006505821814065413,                      0.10327173380547995,                     -0.07592247061897374,         0.018549383416799858,                  1.0402593368403572,               4.218636955920971, 29684.04217733394, 54.04005911824202, 29738.08223645218, 0.0004826398336925568
                 0.0829034835677299,              0.0071231439492945295,                      0.10080790299792938,                      -0.0786550230695265,         0.017149697152855574,                   1.107255313194946,                4.26739412385945,29683.614970987117,58.439359653071854, 29742.05433064019, 0.0003148399274155895
                0.08403681721940676,               0.007814794801759584,                      0.10736089420191731,                     -0.07242809792372992,         0.016124401934914823,                  1.1380297085821598,               4.391013786158471,29683.690694807286, 62.15055656581947,29745.841251373105,0.00033960669305990244
                0.08431846796596565,               0.007651731203752074,                      0.10099181366247882,                     -0.07577775780998804,         0.017628730859419794,                  1.0767590162654939,               4.276919788468564,29683.949303696227, 56.85396858356758,29740.803272279794,0.00043983385434476295
                0.08399314364191972,               0.006591486412874885,                      0.10270343836708228,                     -0.07478314421774468,         0.018204445259687937,                   1.064065870652224,               4.207654635595419,29683.607226312044, 55.06074266936774,29738.667968981412, 0.0003124110121978651
                0.08358660106082771,               0.006824789432304145,                      0.10007630140742022,                     -0.07133081526843871,          0.02114727944688035,                  0.9557360209244502,               4.098732943591539,29683.752644729284, 47.41038790314597, 29731.16303263243,0.00036131063926517275
                0.08304318841202189,                0.00726808722607938,                       0.1084396855484202,                     -0.07595549420226447,          0.01908242953483274,                  1.0324560823271447,               4.161412687602378,29683.943766054093,52.540214170182466,29736.483980224275, 0.0004374049432883777
                0.08311732599743027,               0.006727869445992695,                        0.101165548692243,                     -0.07814809318955959,          0.02100304417709028,                  0.9643959458543149,               4.060894292682596,29683.919428255474, 47.74156431709796, 29731.66099257257, 0.0004268879689851557
                0.08252525546158654,               0.007164898224605082,                       0.1032447164492787,                     -0.06880832754934522,          0.01973420322822936,                  1.0043166299113253,               4.126619834008389,  29683.8403120716,50.797085257365765,29734.637397328966, 0.0003944156992010524
                0.08391194443587742,               0.006761740759638029,                      0.10118612629422383,                     -0.07785673463984674,         0.019219262807893985,                  1.0266672969413124,               4.154389333723364,29684.007321579742,52.161061099453754,29736.168382679196, 0.0004661068666249347
                0.08339499469772015,               0.007542079484715003,                      0.10030085692972007,                       -0.070533701120694,         0.020287611892432982,                  0.9837585358122494,               4.159434054050492,29684.051616839402, 49.41364638336918, 29733.46526322277, 0.0004872172854903784
                0.08271451486136133,               0.006598548251695162,                      0.10855752562714441,                     -0.07433197461246992,         0.019072311435534894,                  1.0209954351976493,              4.1788100204382665,29683.013209223136,52.566447555926864,29735.579656779064,0.00017248367231575577
                0.08260668693864241,                0.00695528576643534,                      0.10148844900050416,                     -0.07839556989635393,         0.015634573367312814,                  1.1659198354245899,               4.382889208295118,29683.288952415372,  64.0903560058112,29747.379308421183,0.00022724887237201175
                0.08355922945870685,               0.007273739325139575,                      0.10109138088943968,                     -0.07697909447251565,          0.02145087464052676,                  0.9510646116912249,               4.026929852994252,29682.829669410294,46.746925175289846,29729.576594585582,0.00014356139248531403
                0.08312799718132796,               0.007082526322459951,                      0.10630683233955017,                     -0.07597931746766949,         0.015236012503389627,                   1.181668372638621,               4.439073271923466,29683.811612897636, 65.76749540146179,29749.579108299098,0.00038325718044677516
                0.08293105889163631,               0.006603642656230359,                       0.1066147894908844,                     -0.07330298769700558,          0.01642615184905231,                  1.1339691549485902,               4.320631800900584, 29683.76217909253, 61.00998249808369,29744.772161590612, 0.0003647719807672335
                0.08356060163138565,               0.006344546499199673,                      0.10762028980098313,                      -0.0729697474406598,         0.020274041836999893,                   0.980202692800818,              4.1365799929356415, 29682.77442073233,49.457096653596516,29732.231517385928,0.00013584493996314032
                 0.0827404439531886,               0.007269675692118947,                      0.10645364969894695,                     -0.07436550566628705,         0.016216472131931312,                   1.144649993770298,               4.343287911980443,29683.659835779814, 61.79770147597194,29745.457537255785,0.00032928681049676663
                0.08304074900217502,               0.007517290644398272,                      0.10695209567368891,                     -0.06683741052935926,         0.019523802903294807,                  1.0075605645017784,               4.186820004219628,29683.520626639194, 51.34651992957801,29734.867146568773, 0.0002864946879532978
                0.08343874755943718,                0.00735327397542229,                      0.10649246624460863,                     -0.07316159339136075,           0.0228901030720061,                  0.9063449548107959,               3.970428734807408,29680.000180327203, 43.81872159414201,29723.818901921346, 8.476297024670811e-06
                0.08403957255527106,               0.007330921433315411,                      0.09900846439660763,                     -0.07205457259300002,         0.021461135147209306,                  0.9492062901117448,              4.0747625814819415,29683.987535045744, 46.71869622584343,29730.706231271586, 0.0004569748704727075
                0.08353705130034099,               0.007888125813607665,                      0.10372872617288297,                     -0.07638151399563024,         0.020025920496548832,                  1.0031592248447363,               4.111070939309621, 29683.38551453379, 50.06658511051066,29733.452099644303,0.00025028690739143755
                0.08339745837209427,               0.006274250843248582,                      0.10241514765073081,                     -0.07082544733187751,         0.021279001929688457,                  0.9560145617981461,               4.054402190843281,29683.524939304356, 47.11968316471615,29730.644622469074,0.00028773291171613853
                0.08377171791108688,               0.007409872510462943,                      0.10263753111829632,                     -0.07731585345046738,          0.02252430970767096,                  0.9165610249545785,               4.009406001455146, 29681.97741880388, 44.52750382157211,29726.504922625452, 6.122234023893634e-05
                0.08311715017010023,               0.006921963998999633,                      0.10718466646209067,                     -0.06954896425105958,         0.020487110861998056,                  0.9818392538101014,               4.069381009734627,29683.301339936603,48.940521631568544, 29732.24186156817, 0.0002300814305690688
                 0.0839624094589637,               0.006938218299267265,                       0.1053678399697459,                      -0.0785596843777756,         0.020938299830956957,                  0.9669742853833547,                4.08185543294601, 29684.03902078246, 47.89476863974693,29731.933789422208,0.00048111875815078114
                0.08316541552876232,               0.006162077187695067,                      0.10073676612667423,                     -0.07845499015913489,         0.017689564679062728,                  1.0754512053678105,               4.273505584764509,29684.001803473104,56.659712163244244,29740.661515636348, 0.0004635419225559871
                0.08282442297537312,               0.006537814424377123,                       0.1031579608977827,                     -0.07913970354777648,         0.020220190220543624,                   0.991359108056129,               4.089603429178428,29684.097099619463, 49.58778161706553,29733.684881236528, 0.0005098889592625626
                0.08408585545731215,                0.00768737059616433,                      0.09748534692713169,                     -0.07173416431759397,         0.018401269140408173,                  1.0504893370494146,               4.212890167625961, 29683.54841996685, 54.46507053604986,  29738.0134905029,0.00029456901514044484
                0.08295028483692324,               0.007423022457951159,                      0.10917058740911771,                     -0.07126006415040664,          0.01646876214644769,                  1.1220213107566837,               4.364398745369072, 29683.39106006503,60.853973750293875,29744.245033815325, 0.0002516787369053339
                0.08392920267901192,                0.00779773306007947,                      0.09308911485416681,                     -0.07411062084699926,         0.018040761038483673,                  1.0633759946467067,              4.2715286276105955, 29683.48239532663,55.548161253270884,29739.030556579903, 0.0002757483521535898
                0.08345628094280179,              0.0066486298430354545,                      0.10175987691577965,                     -0.08172881756613448,         0.018728864285357152,                  1.0408082585327754,               4.200978361184591, 29684.09451898807,53.527097362959836, 29737.62161635103, 0.0005085748201907451
                0.08379256852626212,               0.007419263071909576,                      0.10175032426853838,                       -0.069240754835839,         0.020793713627355548,                  0.9732786828416179,               4.073840179729707,29684.054950708727, 48.21492245762585, 29732.26987316635, 0.0004888443148976639
                0.08381693463939509,                0.00650028092015297,                       0.0985531585742276,                     -0.07091351057499366,         0.019145753887690874,                  1.0185395137235216,               4.217077363456119,29683.677117506035, 52.35206327784798,29736.029180783884,0.00033502691157166693
                0.08219072982621116,               0.006926355880639875,                       0.1048412904951145,                     -0.07416975846673694,          0.01654737294868961,                   1.127338304218807,               4.316216187129071,29683.444403277248, 60.56197643774568,29744.006379714992, 0.0002654686176785139
                0.08295709227781549,               0.006889616442827048,                      0.10791621698666722,                      -0.0712137746911051,         0.019799002270625417,                  0.9942593533368147,               4.160410763556813, 29682.85503349641,50.638965921428984, 29733.49399941784,0.00014724926809437674
                0.08262284686300064,               0.006721443677763233,                      0.10663898496751681,                     -0.07349997232867746,          0.01704297663290925,                  1.1064104174386813,                4.30328335513938,29683.994485714356, 58.80656206249882,29742.801047776855,0.00046016221561924145
                0.08267070941621663,              0.0069367180930678405,                      0.10250038818916468,                     -0.07123864999305407,         0.019545016836047358,                  1.0179864538273395,               4.099937189980608,29683.587703935234,51.288735591141474,29734.876439526375,0.00030637115471139175
                0.08317709516058931,               0.007556965726666525,                      0.09894226470183562,                     -0.07038013571357861,         0.019315728198194174,                  1.0200957299812525,               4.146710238186903, 29683.86169600339, 51.89193957882123,29735.753635582212,0.00040294068158012054
                0.08421593562452374,                0.00720476176166325,                      0.10659279526009215,                     -0.07852845500855861,         0.015631810151968583,                  1.1661042237020425,               4.417426811103568,29683.922125311947, 64.10918985140204, 29748.03131516335,0.00042804086395739594
                0.08396404692680781,               0.006333076980294941,                      0.09996456225222052,                      -0.0763648503299799,           0.0185194554183052,                   1.049868407493551,               4.200040115350221,29683.644018297386,54.124571322392676, 29737.76858961978, 0.0003241192984127299
                0.08399277594740229,              0.0077837458447568226,                      0.10154110733280636,                     -0.07711922553808466,         0.018823232384363935,                  1.0314842388087497,               4.201130242370503, 29683.61030215839,53.255690217543695,29736.865992375933,0.00031337341981877744
                 0.0838948687201897,               0.007609423885039358,                      0.10432694478972897,                      -0.0750399918969386,         0.017872419057339727,                  1.0765007794405206,               4.225029938282005,29683.626112823564,56.083309028430996,29739.709421851996,0.00031836743737109297
                 0.0834788531997499,               0.006840312467085521,                      0.10598292064516898,                     -0.07278699412734872,         0.022725123317146406,                  0.9096982156851561,              3.9904874978710065, 29680.53600584619, 44.13497184485971,29724.670977691047,1.4484790991366147e-05
                0.08311744275309634,               0.007793491048782526,                      0.10269711231647473,                     -0.07200510208426046,         0.015787930896987407,                   1.158399108655133,               4.392953615475862, 29683.84951861775, 63.46563711456024, 29747.31515573231, 0.0003980636723879681
                0.08287088756298547,               0.006809863645217332,                      0.10127589614653047,                     -0.07735390696122298,         0.016444562952896966,                   1.121638921200048,               4.374387044724973,29683.739100664272,60.939008087916385, 29744.67810875219, 0.0003564500150855991
                 0.0827851592994459,                0.00671904057996857,                      0.10101589650859628,                     -0.07452855296635602,          0.02205330288739449,                  0.9365832034419544,               3.995840911243538,  29684.0326411016, 45.47055528768198, 29729.50319638928,0.00047805914407555896
                0.08472498481902777,               0.007451156081214981,                      0.10458863802835443,                     -0.07797076196004485,          0.01587796378678179,                  1.1478131254098731,               4.422543760777311,29683.550265250913, 63.11510154832868,29746.665366799243, 0.0002951130804727475
                0.08365105600677959,               0.006701280729266263,                      0.10324446123064797,                     -0.07434254099466063,         0.020542004116541605,                  0.9726789809032633,              4.1247431937823515,29683.711596537738,48.809789867089435,29732.521386404827, 0.0003467797642711217
                0.08211166684390146,               0.006475079671681248,                      0.10462453214925406,                     -0.07270833870069485,         0.021201192172232063,                  0.9569406958751203,               4.048844549387931,29683.179256857788, 47.29503138471039,29730.474288242498,0.00020363928407772579
                 0.0826832941762669,               0.006805311912625266,                      0.10310954107645708,                     -0.07901332427462146,         0.019675169590452405,                  1.0119506208412334,               4.108742605526684,29684.076239269576, 50.95746935983538,29735.033708629413, 0.0004993626699187763
                0.08383293073378231,               0.008171636763096936,                      0.10016171286377239,                     -0.07030666105684626,          0.01714573445553863,                   1.101385253377996,                4.31899460891064, 29683.81126096085, 58.44615596093182,29742.257416921784, 0.0003831223218788712
                0.08314681746956715,              0.0064023777168294455,                      0.09773146695929563,                     -0.07498390211213772,          0.02075648877085785,                   0.974628514855987,              4.0839644760685605,29684.084599855792, 48.30064095007079,29732.385240805863, 0.0005035551358896316
                0.08398851843021816,                0.00821181062889188,                      0.10278095931445029,                     -0.06839553933676627,          0.01698389088057721,                   1.105752048018974,               4.339727860444291,29683.671042500635, 59.00356418189041,29742.674606682525,0.00033299779097455134
                0.08309379251416606,               0.006527079188964272,                       0.1041516417729753,                     -0.07683922137257297,         0.018583171521347606,                  1.0455472987739765,               4.178241535345777,    29683.84652962, 53.94378893024374,29737.790318550244, 0.0003968756373688957
                0.08345887145373397,               0.007930146553930206,                      0.10142179475397499,                     -0.07335418533744925,         0.019877001511242613,                  0.9925238429034536,               4.153095566919175, 29682.83311613965, 50.43548504352556,29733.268601183176,0.00014405706348226356
                0.08431818313066877,              0.0065592497560524226,                      0.10434784533158135,                      -0.0789515294141692,         0.018079067423247372,                  1.0634586669436323,               4.246001038024573,29683.772771839078, 55.44744532702426,  29739.2202171661, 0.0003686564552122762
                0.08377939640488612,               0.007616781757019817,                      0.10287110734500089,                     -0.08042429429426086,         0.019829371929955226,                  1.0064418486831115,               4.125350720208686, 29683.75758815055, 50.56428259054437,29734.321870741096, 0.0003631011719957481
                0.08434953664760576,               0.007731311939285545,                      0.10055017751973848,                     -0.08200461274330112,         0.018458735615121673,                  1.0493150154264095,               4.228047867764568, 29683.53875309169,54.308278834770526, 29737.84703192646,0.00029173517251432574
                0.08314049362655984,               0.006764932393392367,                       0.1065174405220594,                     -0.07116738040909738,          0.01833216595447817,                  1.0554938123153377,               4.193333971048785,29683.769700337038, 54.67875499969313, 29738.44845533673,0.00036752586335438224
                0.08344510431246643,               0.007511274608261597,                      0.10318135895430111,                     -0.07553924274056205,         0.015624275236843203,                  1.1667255979489082,               4.394315630140662,29683.886648380445, 64.13281362709291,29748.019462007538,  0.000413121498967383
                0.08442562687997324,               0.008098463822729593,                       0.0985883544856897,                     -0.06887456968963634,         0.018133325167085046,                  1.0557902596295674,                4.28472905591493,29683.530097118368, 55.26739833416653,29738.797495452534,0.00028922081843436593
                0.08319989827302302,               0.008137683856952342,                      0.10196220044634934,                     -0.07093634296749408,           0.0192214231619813,                  1.0252534050841748,               4.184327676003511,29683.784292479002, 52.14982128041323,29735.934113759417, 0.0003729281727010835
                0.08213446104445328,              0.0065786581249525035,                      0.10506640071401321,                      -0.0732919014291422,          0.02010250797871371,                   0.991124402818464,               4.125993345645993,29683.398111607406, 49.87392572894048,29733.272037336348,0.00025345973218568533
                0.08442646273052477,               0.007723248280288216,                      0.09974844810415201,                      -0.0694306463057479,         0.017913092981422067,                  1.0688143949733215,               4.259739643875157,29683.846357198097, 55.94707646502388,29739.793433663122, 0.0003968072132150499
                0.08348322645118685,               0.007403821689574124,                      0.10186097117541824,                      -0.0812926177639632,         0.019187344631746688,                  1.0271675838127219,               4.174313892435715,29684.009004291795,52.251065930998706,29736.260070222794,0.00046689185053290706
                0.08327196722335801,               0.006119687799751742,                      0.10437312704860537,                     -0.07114965638317779,         0.020488820662242287,                  0.9766628959959821,               4.132165028446357,29683.486688909747,48.934480035865626,29732.421168945613,0.00027693484595458324
                0.08264317556147958,               0.006548362456377952,                       0.0992951229426036,                     -0.07009799190742998,          0.02041386950054901,                  0.9835394838251081,               4.099269618794979,29684.062402198724, 49.10655885571312,29733.168961054438, 0.0004925005386600832
                0.08436462734906404,                0.00768603986373651,                       0.1007567275276031,                     -0.07526190959505442,         0.018995334754280443,                  1.0337345765796082,               4.178515330149571,29684.004716142088,52.772242677031116, 29736.77695881912,   0.00046489403490865
                0.08457980867132822,               0.007185975658343085,                       0.1004674666710013,                     -0.07254976109552258,          0.01861557498078938,                  1.0425025059435202,              4.2507727623113505,29683.997855049103, 53.84380649309872,29737.841661542203,0.00046171527107411153
                0.08393426979765219,                0.00803693191516693,                      0.10207463183949186,                     -0.06761398833495467,         0.018893123287286553,                  1.0272132579571176,                4.22566212088853, 29683.52100477232,53.052091292381725,  29736.5730960647,0.00028660304156976024
                0.08347045525418668,                0.00813681986286143,                      0.10366298663904168,                     -0.07707313716503231,          0.01643433048991399,                  1.1322544571097803,               4.372079089706659,29683.713935779582, 60.98001148493148,29744.693947264514,0.00034759191554524266
                 0.0828721447663172,               0.006591375757976317,                      0.10236854862381621,                      -0.0757798071776603,         0.019070286952502343,                  1.0194873937538695,               4.216928811105512, 29683.71479853094, 52.56611328291236, 29736.28091181385, 0.0003478919303422538
                0.08317521354783061,               0.007534023254173928,                      0.10142315222026328,                      -0.0781977912683307,         0.016312070930519656,                  1.1268941693887418,               4.378571154585268,29683.468181683496, 61.43416353049198,29744.902345213988,0.00027185668637376377
                0.08386945663776796,               0.006655031514456295,                      0.10362665231350497,                     -0.07913022762871302,         0.016005407246168467,                   1.141330282764705,               4.417780892806587, 29683.94786363897, 62.61265425381045, 29746.56051789278, 0.0004392009242476025
                0.08466437129800035,               0.008092521989889929,                      0.10055152294562988,                     -0.07714409802982918,          0.01941897807885524,                  1.0144876477148792,              4.1869445620004475, 29683.78236387216, 51.62543439477561,29735.407798266937,0.00037220963398775897
                0.08375793288026114,              0.0067023868442871665,                      0.10383698312940139,                     -0.07739170929995583,         0.020618450531816886,                  0.9790706000796626,              4.0685312163266065,   29683.627932815,48.632649232506175,29732.260582047507, 0.0003189473909763046
                 0.0836890072722121,               0.007878388115306873,                      0.10156103472978954,                     -0.07453939383568071,         0.020890897430416232,                  0.9606455688571812,               4.095195384727625,29681.950869547574,47.995163792922725,29729.946033340497,5.9618319630271026e-05
                0.08306602981191512,               0.007360270736974131,                       0.0986374294808318,                     -0.06972654924611264,         0.019386785187592254,                  1.0156948132730206,               4.198761171825216,29683.779122615335, 51.70122380752783,29735.480346422864, 0.0003710051600303713
                0.08238011525896789,               0.006968052122919919,                      0.10190777077395595,                     -0.07264397396658959,         0.018290622978320927,                  1.0626407582242863,              4.1964341672073395,29683.660202067913, 54.79780883409007,29738.458010902003,0.00032940744642902367
                0.08395291244736329,               0.007999168097639328,                      0.09896640698892348,                     -0.07438065770632189,          0.01688115143441565,                   1.114754302764767,               4.328147292384621,29683.791666647732, 59.36232599781755,29743.153992645548,0.00037568837255261284
                0.08263704409929644,               0.007159730298829823,                      0.10417143527866998,                     -0.07114931199230634,         0.018643098443409705,                  1.0369863615856874,               4.202102881727252, 29683.44650361864, 53.76578611499912, 29737.21228973364,0.00026602677836359476
                0.08464529833925426,              0.0070127189990678565,                      0.10141289754690822,                     -0.07242586562467963,         0.020401474330135276,                  0.9762528847036902,               4.150133811886038, 29683.08962724474, 49.14242143534452, 29732.23204868008, 0.0001861812385971129
                0.08433995575336231,               0.007529607522898568,                      0.10541799369893863,                      -0.0698153375472109,         0.019719378339255977,                   1.000102619915592,               4.158187205055231,  29683.2484703189, 50.84018811933082, 29734.08865843823, 0.0002182330818707867
                0.08458780414072169,               0.007587610442288651,                      0.10394130088872747,                     -0.07492025988958352,         0.017207614871447594,                  1.0856110328793913,                4.36960754914733,29683.567312449064,58.245081487282825,29741.812393936347, 0.0003001870572995461
                0.08284233905400747,               0.006603884537466836,                      0.10111500373278873,                      -0.0800039284863595,          0.01719347058914627,                  1.0995903223545542,                4.27809600611635,29684.038199580857,58.292343665831545,29742.330543246688, 0.0004807238248371543
                0.08349145556762554,               0.006667922440637675,                      0.10338214550875605,                     -0.07865110053621141,         0.020499034131442807,                  0.9747201362391027,               4.133337563348348,29683.756409085785, 48.91550372087486, 29732.67191280666, 0.0003626733044887128
                 0.0827817446623884,               0.006989142359202914,                      0.09966302802072918,                     -0.07335915596824943,         0.016480052734140997,                  1.1297802652500477,               4.358742826925782,29683.844422327085, 60.80283942918824,29744.647261756272, 0.0003960401847307114
                0.08350092871215459,               0.007409793210099066,                      0.11073409028257004,                     -0.06961414276912747,         0.020244946459712296,                  0.9848819372941433,               4.128562048653961, 29683.37055087369,49.529128942571276, 29732.89967981626,0.00024656958094829937
                0.08367554049072014,              0.0072769771334542195,                      0.10860799778746745,                     -0.07243699555652222,         0.018641986311969734,                  1.0347261253152749,              4.2458163302499825,29684.023267987974, 53.77622669929573,29737.799494687268, 0.0004735991759449183
                0.08359185533167414,               0.007215586416991294,                      0.10012119594324041,                     -0.06988109540112651,         0.021413214375761085,                  0.9516213841807132,               4.038490794777501, 29683.16415780603,46.822064257862195,29729.986222063893, 0.0002005876205767532
                0.08335379330520791,               0.007637230826979065,                      0.10622095241927142,                       -0.074117469116842,         0.016745436244648696,                  1.1047210342629665,              4.3970859081110305,29683.525285525204, 59.84988826372791,29743.375173788932,0.00028783254809589063
                 0.0839657798106813,               0.007681467288490912,                      0.09588788091650625,                      -0.0769457874066796,         0.018013141756814975,                  1.0646400305788155,               4.256507693142509,29684.048035087446, 55.63849304196149, 29739.68652812941, 0.0004854753155392675
                0.08350720613379939,               0.007326702515315246,                      0.10078199442334701,                     -0.07857062476207886,         0.016854441801761228,                   1.119794108111594,               4.284779179491901,29683.287087149074,59.461304535169255,29742.748391684243,0.00022682538778756922
                0.08416126370188202,               0.007449632449140507,                      0.10477896800586843,                     -0.06848157768693731,         0.019984390926200236,                  0.9855128254513666,              4.1759324461424345, 29681.99731386795, 50.16575857452063, 29732.16307244247, 6.245255969002531e-05
                0.08252028452643695,               0.007132785925583969,                      0.10638159325523247,                     -0.07050035003993836,          0.01776553426174157,                  1.0755951791908633,               4.258307510731197,29684.020919579132, 56.41736492982862, 29740.43828450896,0.00047248827638652827
                0.08312914803941228,               0.007303970888665801,                      0.10282552546842211,                     -0.07829687088764499,          0.01585552415053221,                  1.1467963988403642,               4.427830256577519, 29683.76087557547, 63.20098619053457,29746.961861766005,0.00036429680403522236
                0.08376334835019036,               0.007802187804911017,                       0.0978876875456763,                     -0.07253955619898603,         0.019063662074352904,                  1.0247144448645005,               4.178611881385733, 29683.49362999588, 52.57760283776996, 29736.07123283365, 0.0002788637612125227
                 0.0839204091020314,               0.007965051195546673,                      0.10778094710821394,                     -0.07822562594620806,         0.018219518303990444,                  1.0595676498517412,               4.254053575110273, 29683.75072099551,55.024204544328384, 29738.77492553984,0.00036061624191789004
                0.08384836404079826,               0.007039072438870662,                       0.1026150452742916,                     -0.06797752205479929,         0.019836045321232888,                  0.9956814670583357,               4.175690965815095,29683.857908428257,50.536779543979414,29734.394687972235, 0.0004014174000670611
                0.08351502952064448,               0.006503341912275455,                      0.10671172854994045,                     -0.06977823375188016,          0.01936284182567131,                   1.014254959386302,               4.176324904105811,29684.004311023855,51.774608559591734,29735.778919583445,0.00046470573600284953
                 0.0826327031706626,               0.006184937035784372,                      0.10344060564811552,                      -0.0789652773525016,         0.018129888999445638,                   1.062344077615726,               4.238076056854105, 29683.89585489363,55.289768443023654,29739.185623336656, 0.0004169424694140049
                0.08353854430348719,              0.0075720209560073744,                      0.10348959272250711,                     -0.07702726526917933,         0.017509912552599153,                  1.0923474661695354,               4.263541915846236,29683.775026566134, 57.24205972156286,  29741.0170862877,0.00036948861268781347
                0.08354296232715074,              0.0064879194647233214,                      0.09870082230191218,                     -0.07288447673013738,          0.02050065799793416,                  0.9761204228376716,              4.1185435227069345, 29683.70004404451, 48.90156389717014, 29732.60160794168,0.00034279664517047176
                0.08464324624641756,                0.00737214349776674,                      0.10078661935762714,                      -0.0711703789666724,          0.01711113204510929,                  1.0933694583693627,               4.358278097437351, 29683.93150165146, 58.56616468288699,29742.497666334348,0.00043207319513409356
                0.08263068896640235,               0.007123952074435881,                        0.108151672666856,                     -0.07290891878183264,           0.0205003766607676,                  0.9768413655651236,               4.079968544192115,29682.606793310653, 48.91231974455295,29731.519113055205,0.00011487983468398871
                0.08352923629144189,              0.0070361668113503835,                      0.10026726065289002,                     -0.07881882846413053,         0.021063643462714988,                  0.9674702806779634,               4.074690746326914,29684.079532091986, 47.60457060538722,29731.684102697374, 0.0005010096926975838
                0.08298113399027765,               0.007140232122466335,                      0.10485716959805773,                      -0.0760832243593172,         0.018480232047731786,                  1.0545646153238284,               4.215749777598176,29683.811595811127, 54.24365539376934,29738.055251204896, 0.0003832506319752218
                0.08401763842293863,               0.007559568656792324,                      0.10908551056708911,                      -0.0736556995289921,         0.016291636783860416,                  1.1291808855194687,               4.386025307895536,29683.669070932345,61.516969652844764, 29745.18604058519,0.00033234190985882836
                0.08359996803338811,              0.0070946374771443796,                      0.10276579699578688,                     -0.07722184050706846,          0.02207707017810928,                   0.932303724814599,               4.020083443592295, 29683.60788766836, 45.42677271460066, 29729.03466038296, 0.0003126176955322302
                0.08441583126261608,               0.007456130410134585,                      0.10693942749210515,                     -0.07218086633462113,         0.017640934009707007,                  1.0731968986751994,               4.298306482769438,29683.853498003955, 56.81871731427012,29740.672215318224, 0.0003996508774310594
                0.08320959955812016,               0.007757240017590095,                      0.10128960950247846,                     -0.06823860352552892,         0.020791248616811305,                  0.9694096850715042,               4.082617081721758, 29683.35668296254,  48.2188267011707, 29731.57550966371,0.00024317377668679258
                0.08383563294042538,               0.007480294682709581,                      0.10127989065382852,                     -0.07425219129595222,          0.02182140659007685,                  0.9402085918633304,              4.0346914608423115, 29683.95083102635, 45.95353436470911, 29729.90436539106,0.00044050613911024135
                0.08319528925536057,              0.0066804986559800454,                      0.09936566879646713,                     -0.07795289726023781,         0.017485083364939348,                    1.07881577156965,                4.32818701711865,29683.823121959365,  57.3189187171271,29741.142040676492, 0.0003876935914890285
                0.08386839908307336,               0.007348479738880766,                      0.10585292350458002,                     -0.07459850597411738,         0.016976142935413125,                   1.099692954242929,               4.324705688315767,29683.681231473187,59.038738524425526, 29742.71996999761, 0.0003364080402920949
                0.08307518892403483,               0.006505756130968346,                       0.1049788393635052,                     -0.07167980000588832,          0.01904092586653075,                  1.0231058356687492,                4.22815129050507, 29683.85707347322, 52.64680102249794,29736.503874495716, 0.0004010823744719992
                 0.0825030764350175,               0.006927908020180972,                      0.10523036787148428,                     -0.07257602337008266,         0.017423107598814543,                  1.0802316916172146,               4.316726026881942,29683.176231600803,  57.5239061193972,  29740.7001377202,0.00020302415384381946
                0.08355097367231733,               0.006939117522619535,                      0.10314831512256531,                     -0.08013160792304035,          0.01633982967141603,                  1.1286245650057862,               4.408467358522895,29684.017758981852,61.333979278376404, 29745.35173826023,0.00047099728867240853
                0.08361449803885218,               0.006453362410970419,                      0.10392944923883352,                     -0.07904241195425904,          0.01896086761573073,                  1.0332741850602527,               4.163233440888033, 29683.60860212741, 52.87399186655918, 29736.48259399397,0.00031284112788082367
                0.08343624217984122,               0.007030641585490531,                      0.10422738000358288,                      -0.0793208787953039,         0.021473049581170914,                  0.9498799784473231,               4.029880136614213, 29682.78125877687,46.704260355649716,29729.485519132522,0.00013677703694161622
                0.08331007352995093,               0.007159708969009924,                      0.10581417000397793,                     -0.07103651301698813,            0.017705915715975,                  1.0696858106203455,               4.275963553496577, 29683.49703883865,56.607380308174704,29740.104419146825, 0.0002798159859992352
                0.08298331833122605,               0.006739891637868129,                      0.10210115842096974,                     -0.08023267799830829,         0.016688298949460903,                  1.1141571058507278,              4.3435077881660415,29683.978009225684,  60.0544113206188,29744.032420546304,  0.000452642477642449
                0.08294573529839219,               0.007431186697438195,                      0.10468101746478874,                     -0.07944346764309121,          0.01661490737869772,                  1.1245493092764463,               4.321574155932264, 29683.93266600096,60.321383894695835, 29744.25404989566, 0.0004325765723402096
                 0.0841892987585422,               0.007951094524832177,                      0.10196540484612576,                     -0.06955370547981755,           0.0170218051596996,                   1.102343727856793,                4.33440489275506,29684.150927794482,58.872540794352844,29743.023468588835, 0.0002248539262541717
                0.08310588027941682,               0.006502439562105275,                      0.09892804560759513,                     -0.07692418216091847,         0.016568533848665076,                  1.1269374726082575,               4.333155810450628,29684.129432598897, 60.48122031712792,29744.610652916024,0.00022007222306518663
                0.08389111665559283,               0.007566315254480135,                      0.09999186486702256,                     -0.07065044054068731,         0.020842023692912118,                  0.9713087635576897,               4.081573740510643,29684.240652275283, 48.10267924004023,29732.343331515323,0.00024596160721583214
                0.08290064735819834,               0.006787123830041108,                      0.10413142726967053,                     -0.07730695393791323,         0.021107610412503922,                  0.9678445873529911,               4.051855881871207, 29684.20969374314, 47.50815656208751,29731.717850305227,0.00023846365848258937
                0.08441325262532484,               0.007007509013695923,                      0.09837082046771724,                     -0.07535163247188374,         0.018111739733412176,                   1.061113425034808,               4.272816460500597, 29684.19491257844,55.337970807164346,29739.532883385607, 0.0002349648101015832
                0.08400062210106392,               0.007215919562155274,                      0.10637307767343517,                     -0.07078748407921513,         0.017128511988341217,                   1.099427304353182,               4.337948430667533,29684.256549511603, 58.51237799630366,29742.768927507906,0.00024990296233311134
                 0.0824558391365989,               0.006546593175136413,                      0.10392019584499156,                     -0.07643172879330522,          0.01820051265593823,                   1.057250674712214,               4.232604232022036,29684.241249610466,55.073968632250825, 29739.31521824272,0.00024610857262706185
                0.08389727688877774,               0.007358545860046034,                      0.09770556502634126,                     -0.07876442876609525,         0.017515787214555635,                   1.084760221501167,               4.307209277766375,29684.234360447408, 57.21825970586944, 29741.45262015328,0.00024441891737816545
                0.08432074070862694,              0.0074147133166842715,                      0.09745896239560745,                     -0.07484710293658672,         0.016364408112991564,                  1.1289039937118965,               4.396152667415565,29684.253687632598, 61.23192522697788,29745.485612859575,0.00024918879271272366
                0.08325568219428313,               0.006953005453285023,                      0.09619970013616556,                     -0.07256654013508756,          0.01901500174472699,                  1.0316972464179113,               4.187753175035457,29684.254624380337, 52.70950086401963,29736.964125244358, 0.0002494223291163066
                0.08305992111999429,               0.007180887209975104,                       0.0960526981969418,                     -0.07526978292137045,          0.01745159118046043,                  1.0885613775945826,               4.280912488542679, 29684.25014068349, 57.42271065168598,29741.672851335174, 0.0002483064983980633
                0.08450774369968225,               0.007427772249553581,                      0.10447764032451042,                     -0.07831776770365693,         0.018739037796361387,                  1.0345850029999735,               4.232315719088485, 29684.17717828275, 53.49923284574384,29737.676411128494,0.00023083460605886137
                0.08416949090106571,               0.007854171127410913,                      0.09938564904175064,                     -0.07186148024423386,          0.01663414842397921,                  1.1212986082638114,               4.352913745051608,29684.218729444423, 60.24055991961504,29744.459289364037,0.00024062810880421805
                0.08422440636178076,               0.007932678053806604,                      0.10666773296929084,                     -0.07697970833508218,         0.017847251253466322,                  1.0688228459397995,               4.281094101972043,29684.230741427375, 56.16692925470647, 29740.39767068208,0.00024353595910514187
                0.08296465664912425,               0.006923124449201526,                      0.10186895925421989,                     -0.07523195368319714,          0.01916388262047071,                  1.0274989127753247,                4.13591246411955,29684.113577218952,52.309093731267396,29736.422670950218,0.00021661041104828628
                 0.0831671998599572,                0.00708010915458083,                      0.10412649095764202,                     -0.07723430115138692,         0.015211786302328332,                  1.1835149621403076,               4.465403512180103,29684.227232872574, 65.87057894864371, 29750.09781182122,0.00024268299705373727
                0.08291781777189097,               0.007832056901482991,                      0.09980620622759193,                     -0.07228449382790002,         0.018719957914325555,                  1.0365403805272204,              4.2312475420537154,29684.282869041235,53.541829249368895,29737.824698290606, 0.0002565676112454204
                0.08358023233246133,               0.006879674857665421,                      0.10208679772290911,                     -0.07580782305772892,         0.022107805510503807,                  0.9351818528348907,               4.006319866541769,29684.131569338286,   45.361790312991, 29729.49335965128,0.00022054296279764966
                0.08386430528325033,               0.007250929701970957,                      0.10159994345550626,                     -0.07452441374133098,         0.021856086625182916,                  0.9398992807497568,               4.033473376686097,29684.160090491772, 45.88141298028887, 29730.04150347206, 0.0002269236624174687
                0.08332133040766139,                0.00714133847152384,                      0.10120555205520879,                     -0.08207463981665448,         0.017933505640818758,                   1.068888031559603,               4.246699038532792,29684.113247719564,55.894725198756106, 29740.00797291832,0.00021653904980788847
                0.08414257317721148,               0.006807928563172861,                      0.10282027591148057,                     -0.07171193162293477,         0.018963286072991064,                  1.0248703886963664,               4.237619951389985,  29684.1995567002,  52.8603705339425,29737.059927234142,0.00023605855306095663
                0.08294265862760852,                0.00720994856377026,                      0.09969171795852383,                     -0.07038572734262685,          0.01999196503434018,                  0.9976805098546329,               4.149310496356157, 29684.10243658952, 50.14134024981925, 29734.24377683934,0.00021421062710020474
                0.08375636660222686,               0.006704772780876723,                      0.10763718406160128,                     -0.07626605159059982,         0.019723103562105465,                   1.001469819033066,               4.181641488108455,29684.171018166082, 50.83786158339413,29735.008879749475,0.00022941700872001661
                 0.0825991893885301,               0.007260540814715519,                      0.10573469550978866,                     -0.07486148471058279,          0.01908019327857198,                  1.0237392358960706,               4.182630994901376,29684.255058054274, 52.54181171807388,29736.796869772348, 0.0002495305205378648
                0.08267349446494525,               0.007588344055662713,                      0.10240073632222822,                     -0.07790321882794728,          0.01789244922324805,                  1.0722284695746922,               4.253558356626073, 29684.22254446098,56.019760560401004, 29740.24230502138,0.00024154786234521788
                0.08413220635598088,               0.007212408439091939,                      0.10726018532892873,                     -0.07302070202656791,         0.018185041379162204,                  1.0516895844636611,               4.283604741565905, 29684.24860562639, 55.12340165210396,29739.372007278496, 0.0002479256261504564
                0.08315076853204283,                0.00721795936497374,                      0.10314495387804297,                     -0.07696514732895857,         0.019245798587550645,                  1.0258799221604935,               4.179238839367447, 29684.21560348866, 52.09010715887534,29736.305710647535,0.00023987709041773354
                 0.0827685043638438,               0.006210995833190874,                       0.1045647273651921,                     -0.07533355212577228,          0.02042954229641627,                  0.9841260766500781,               4.088628392137054,29684.196190335904,49.079267818971154,29733.275458154876, 0.0002352652300322535
                0.08341430160304356,               0.007956054927220495,                      0.10157756456424376,                       -0.071110808470714,         0.019443187210515783,                   1.011577406136169,               4.206624561503048, 29684.14315111573, 51.55631908363038, 29735.69947019936,0.00022311209112830477
                0.08377112805639168,               0.007564076200404798,                      0.09862215205924822,                     -0.07586615704113166,         0.018431527034794847,                  1.0459109738779828,               4.226353901620921, 29684.03713105787, 54.38018006788006, 29738.41731112575, 0.0002006684890234694
                0.08413460565854701,              0.0076581552427224375,                      0.10257691255792152,                      -0.0742026130022045,          0.01820635653425668,                   1.054874183692803,               4.240559804503282,29684.243399792416, 55.05456780600623,29739.297967598424, 0.0002466383201603908
                0.08439929801219408,               0.007039265015255102,                      0.09842873951596007,                     -0.07385690030119171,         0.016215081432495337,                  1.1392670589429628,              4.3828911850435635, 29684.11474298585, 61.79495925032657, 29745.90970223618,0.00021686307554065826
                0.08338862088676298,               0.007004519827867004,                      0.10167658201246217,                     -0.06912592856746853,         0.021296314697500027,                  0.9540723259785011,               4.077082618502266,29684.141202893297,47.079365870084736,29731.220568763383, 0.0002226778422910217
                0.08334117272141421,               0.007399563610436218,                      0.10506178918210125,                     -0.07987304937699792,          0.01832382240520067,                  1.0570769352259157,               4.206716757263787, 29684.05701139633, 54.70942281015535,29738.766434206485,0.00020469776548728865
                0.08436168866949334,               0.007663488450438025,                      0.10101730824686646,                     -0.07685804302864915,         0.016715062483503636,                  1.1089457970667294,               4.394258288910101, 29684.11463844167,59.955653271861145, 29744.07029171353,0.00021684040495361422
                0.08339348033499278,               0.007278695090054884,                      0.10302815046249039,                     -0.08049953661607075,          0.01586661674738571,                  1.1521790251120845,               4.403879178058043,29684.198124903127, 63.15931074592533,29747.357435649054,0.00023572080696491495
                0.08256409458434563,               0.007546894151168617,                        0.103113062160963,                     -0.07321113969060321,         0.019548387402735803,                  1.0156998227795773,               4.132908185852873,29684.090897535898,51.282147821390524, 29735.37304535729,0.00021175304553899702
                0.08387759016464605,               0.007686652844499844,                      0.10651282246052016,                     -0.07790740609657434,         0.019292124089952113,                  1.0131474171566726,               4.219343088905103, 29684.05551018189, 51.97078564056194,29736.026295822452,0.00020439070078865623
                0.08297410940000047,               0.006279868552104649,                      0.10245795180543951,                     -0.07217269820118662,         0.017425488071580602,                   1.088787556657728,              4.2743940580031605,29684.263381162862,57.512927718998874, 29741.77630888186, 0.0002516160571909274
                0.08278625731391646,                0.00744107841364949,                      0.10626980767712566,                      -0.0751199564003212,          0.01868482107451966,                  1.0449931879442864,               4.187478087160211,29684.259539132694,53.651851306333505, 29737.91139043903,0.00025065119540935483
                0.08307201889928582,               0.007881419758325384,                      0.10489468735334105,                     -0.07713963952684297,          0.01664085904910215,                  1.1211136905429133,               4.339583983317117,29684.148888855798, 60.22592093462461, 29744.37480979042, 0.0002243959299574074
                0.08338544532729834,               0.007950563899377467,                      0.10052136681480424,                     -0.07255839282099195,          0.01955007178151787,                  1.0064944869314252,               4.170997536190867,  29684.0469990645,51.275071828480016, 29735.32207089298,0.00020265848952410946
                 0.0833638714193525,               0.007338418681016068,                      0.10046035105307417,                     -0.07501242267433285,          0.02076816848624031,                  0.9785686306600258,               4.075067069753151,29684.187435383366,48.276847200659994,29732.464282584027,0.00023321448429927685
                0.08396897249025341,               0.007783044968176488,                      0.10339318379331906,                     -0.08074147579699557,          0.01834998273143894,                  1.0524193324871969,               4.250294946024915, 29684.19476086719, 54.63107909360967,29738.825839960802, 0.0002349291660002908
                0.08408723101448445,               0.008236802317416324,                      0.10513248961668359,                     -0.07730031513216469,          0.01838463862960759,                   1.049185016902526,               4.262054296840959,29684.092097592555, 54.52749603507298,29738.619593627627,0.00021200731372846812
                0.08355945303984895,               0.006802846541753131,                        0.101841793044764,                     -0.07516641857681725,         0.017968970037904868,                   1.073274299336867,               4.234663805811543,29684.284670166307, 55.77954910672973,29740.064219273037, 0.0002570301380119972
                0.08320770810785584,               0.006595057386666155,                      0.10700813667347404,                     -0.07448152721075535,         0.016345547353738315,                  1.1302731272488162,               4.364404149570358,29684.239867002438, 61.31188082193819,29745.551747824375,0.00024576853606147396
                0.08405405708827822,               0.007294523566271186,                      0.09719940826645773,                       -0.070837775279922,          0.01961292482807199,                   1.008014969305882,               4.160937728169295,29684.169738114433, 51.10669711327122,29735.276435227704,0.00022912353097315338
                0.08388138878762944,               0.007116590436899612,                      0.10646621060404186,                     -0.07263812434147071,         0.017817924582190465,                    1.06460078223834,               4.310638031041799, 29684.28434863149, 56.25491523920389, 29740.53926387069, 0.0002569475071582069
                0.08312141919107208,               0.007747971918425032,                      0.10172757145262797,                     -0.07095803420158943,         0.017871748143532217,                  1.0655453897049718,               4.302107195977099, 29684.20274448996, 56.07841715718063, 29740.28116164714,0.00023681225878859638
                0.08416566195370771,               0.007858442245436156,                      0.10510028187973093,                     -0.07604501337805182,         0.017333035983259505,                  1.0898431718886772,               4.297195345070888,29684.161631280866,57.826489227072834, 29741.98812050794,0.00022727357342183083
                0.08413619905522461,               0.008132868881686663,                      0.10369026027187404,                     -0.07436698253132192,          0.01679795535125454,                   1.114159206938751,               4.352610903994039, 29684.21887632693,59.661205666055466,29743.880081992986, 0.0002406634554598535
                0.08350428349869754,              0.0073044061545512965,                      0.09934485293982585,                     -0.07581976036638835,          0.01896272999100963,                  1.0311853423366928,               4.171225176220784,29684.241739026136,52.860824858439685,29737.102563884575, 0.0002462290514987502
                0.08292298384728196,                0.00686552395106093,                      0.10497848499215647,                     -0.07948369369015496,          0.01773479295302803,                  1.0784271814922755,               4.273802582828281,  29684.1047746683, 56.52112241106027, 29740.62589707936,0.00021471205438144852
                0.08365769196888899,                0.00797649282156817,                      0.10185538507630251,                     -0.07385899458322634,         0.018283468284099703,                  1.0471143973928374,               4.283802081999833,29684.176066752185, 54.82139523981369,   29738.997461992,0.00023057816888422586
                0.08445559365874256,               0.007514047973305691,                       0.1049231404120947,                     -0.07701552623090789,         0.015279958194984119,                  1.1785275278247132,               4.469527897457896, 29684.10154084098, 65.57925781426628,29749.680798655245,0.00021401883415553873
                0.08419814439211173,              0.0070930751822983786,                      0.10332382662158897,                     -0.07120253228544271,          0.01674693053269423,                    1.11825262688649,               4.346627655800685,29684.176859779134, 59.83957524164055,29744.016435020774,0.00023076109610961626
                0.08309417138913046,               0.007112777227246051,                       0.1074690738036946,                     -0.07586200569679992,         0.019773758308833617,                  0.9999431395968668,              4.1841048465409285,29684.050330123107,50.706852699043466, 29734.75718282215,0.00020333468242390734
                0.08223842721083728,               0.006749459263643741,                      0.10077171865974864,                     -0.07723122103620454,          0.01856103785494348,                  1.0464270145099819,               4.192350585197641,29683.999964792092, 54.00367716825807, 29738.00364196035,0.00019334728427918859
                0.08342147228993556,               0.007562439510629589,                      0.10206948975958892,                     -0.07751319793265787,         0.014940700148754923,                  1.1925179145262892,               4.495903397462971,29683.896829121346, 67.06150544267727,29750.958334564024, 0.0001744001377956855
                0.08371369060788307,               0.006933138516182244,                      0.10133870082285726,                     -0.07505756396685204,         0.014932964940020253,                  1.1968349713226856,               4.460367035536023,29683.615091662978, 67.09348893561062,29750.708580598588,0.00013157997520523728
                0.08230576950687987,               0.007282167679705364,                      0.10515347583735309,                     -0.07751710115263981,          0.01848908835726523,                   1.048071066142697,              4.2185635780038435, 29683.99516295882, 54.21869619735912, 29738.21385915618,0.00019242108835555282
                0.08399384248995063,               0.007703546642996255,                       0.0995812740339433,                     -0.06893597867639344,         0.020349128381047445,                  0.9818375499236859,               4.146527124673017,29683.951587886444, 49.26317013110883, 29733.21475801755,0.00018421638400421743
                0.08420554934070774,               0.007575400358006039,                      0.10036902409841056,                     -0.07420750185869604,         0.018201146800166042,                  1.0546053798701185,               4.295085664926655, 29684.16688823858, 55.06786332911148, 29739.23475156769,0.00022847148691809938
                 0.0835734697584106,               0.006939138359804418,                      0.10467269469355363,                     -0.07289103773144474,          0.01596298469508968,                  1.1460787873050962,               4.434312989222251, 29684.20131512614,62.774382720455414,29746.975697846596, 0.0002364740097119256
                0.08393018994083933,              0.0072871562352498885,                      0.09829089876232917,                      -0.0764001697236638,         0.015641697959604985,                  1.1599590963280815,              4.4573948816295745,29684.200846893513, 64.05720853836716, 29748.25805543188,  0.000236363310783135
                0.08381019312338629,               0.007165827265957054,                       0.0996886058779215,                     -0.06860885338235201,         0.019244262097953813,                  1.0223598878768327,               4.196590231880616,29684.064750967984,52.084210259343514, 29736.14896122733, 0.0002062881851552948
                0.08388827860972357,               0.006704480823735487,                      0.09913482596723451,                     -0.07450118622140289,         0.015832249679498128,                  1.1591422080313927,               4.388418976181869, 29683.98995563226, 63.28699727313207, 29747.27695290539,0.00019142169325780408
                0.08384440711558243,                 0.0068666157041703,                       0.1068870014943953,                     -0.07216240557904141,          0.01611094906220688,                  1.1376573353503079,               4.416616449210764,29684.195643615763,62.201308042094766,29746.396951657858, 0.0002351366409468784
                0.08300182676775598,               0.008027487322196384,                      0.10366051719213584,                     -0.07850472971033921,         0.017253404458637732,                   1.096013937015276,               4.300228286778396,29683.954604929568, 58.09214359110755,29742.046748520675,0.00018477301204201777
                0.08367643770771233,               0.008170447498599517,                      0.10358934990307524,                     -0.07064761516162772,         0.019405729200589774,                  1.0080302328697621,               4.216851653627455,29683.630374862892, 51.65778659375031,29735.288161456643,0.00013360638383191635
                0.08402201785974683,               0.007009924092505392,                      0.10557072352796908,                     -0.07201206486274965,         0.016044319979369483,                  1.1396296727853756,               4.435459602142383,29684.118544743455, 62.45757416543097,29746.576118908884, 0.0002176891055752777
                0.08362013024931549,               0.007140047886021775,                      0.10068664478904446,                     -0.07801258554710638,         0.016588927466966972,                  1.1272739002312724,                4.32643977734573,29684.260402966902, 60.41043410919944,  29744.6708370761, 0.0002508678100322782
                0.08422620113542774,               0.008172050435083473,                       0.1015235996747963,                     -0.07340849787356049,         0.018338343353409173,                  1.0473062882082709,               4.289054503320831, 29683.97362064082,  54.6575343518485, 29738.63115499267,0.00018832022175620502
                0.08414960196618299,               0.007037280279317396,                      0.09963367665735806,                     -0.06952886596254743,         0.017569750561891865,                  1.0760953043820096,               4.321074286273727, 29684.05426495107, 57.03762555891826, 29741.09189050999,0.00020413634558739228
                0.08272456183902283,               0.006893151881349939,                      0.10614936518543462,                     -0.07456107929322349,          0.01804169750457882,                  1.0617611838467256,               4.234950277863772,29684.262553004282, 55.55892316457802, 29739.82147616886, 0.0002514077654555782
                0.08333480720853709,               0.007887307677105139,                      0.09866563404043655,                     -0.07227013137857681,         0.019423784409209065,                  1.0097152858485294,               4.190531037958326,29683.980924504016,51.605299784846416, 29735.58622428886,0.00018970072224932085
                0.08291301403585083,               0.006933048638449553,                      0.09765978558566962,                     -0.07221946101845704,         0.020069274460852268,                   0.996670260858652,               4.100547161706081,29684.205217234383, 49.94783230907401,29734.153049543456,0.00023739855956771537
                0.08292966096435612,               0.006959693645715618,                      0.10220478981276893,                     -0.07237532965055692,         0.019840040569087294,                  0.9950195329031155,               4.183526020647081,29683.828860207257, 50.52873259375324, 29734.35759280101,0.00016294022039541566
                0.08279327159107064,                0.00697136237036522,                      0.09983593947294786,                     -0.07867584261736349,         0.016417532501475107,                  1.1332642403358404,                4.34570885938571,29684.034526825264,61.038606583833854,  29745.0731334091,0.00020014658148059472
                 0.0836003297631899,               0.007341071852034103,                      0.10135680720169561,                     -0.07720249607117202,         0.014963626396796294,                  1.1929282766151872,               4.479692246988891, 29683.99592087743,  66.9580330578005, 29750.95395393523, 0.0001925669831604783
                 0.0826888559464182,               0.006961771748930388,                      0.10294453995777496,                     -0.08031955334479994,          0.01666558663640999,                  1.1213883034714267,                4.32345142908672,29683.992184785686,60.136859039342646, 29744.12904382503,0.00019184887753389524
                0.08399551942196043,               0.007008584649317443,                      0.09755888969590801,                     -0.07523687491584292,         0.016905018428796457,                   1.108552970317879,               4.321582623500778,29684.255902118668, 59.27782466755803,29743.533726786227, 0.0002497412292788767
                0.08360800586751282,               0.007382316292092987,                       0.1024001320032407,                     -0.08141554877704685,         0.016314056187338447,                  1.1339028058877103,               4.382705407499565,29684.231594734272,61.431051456975425, 29745.66264619125,0.00024374385870733336
                0.08328589706986643,               0.006753102881176917,                      0.10497905890511348,                     -0.07854371033257997,         0.015145828337882106,                   1.185446639431029,               4.454446944348333,29683.840439930005, 66.15906918509087,29749.999509115096,0.00016483798958671418
                0.08297750364728516,               0.007564563343000565,                      0.10366553866311032,                      -0.0779719712876168,         0.016990557030713553,                   1.100508805407082,              4.3207419113074685,29683.839065268392, 58.98827032214975, 29742.82733559054,0.00016461154880541138
                   0.08324679024654,              0.0070243824396114115,                      0.10294390880737457,                      -0.0732766561159904,         0.022247324439273186,                  0.9276417889890092,               4.006895734612547, 29683.70354467359, 45.07670473619319, 29728.78024940978, 0.0001437488750390349
                0.08351436678749609,              0.0078078680356553675,                      0.10806915765906853,                     -0.07555557750641076,         0.017501229671649562,                   1.078147457286496,               4.321667844162787, 29684.13614366526,  57.2745266172369,29741.410670282494,0.00022155410931532112
                0.08356649370042678,               0.008001230338050393,                      0.10333331606912548,                     -0.07054066985628463,         0.018114053783027245,                  1.0566723675909024,               4.256398758835921,29683.969764312853,55.331871598893834,29739.301635911746, 0.0001875953957000872
                0.08365129802904421,               0.007381779810986516,                      0.10050305141160941,                     -0.07292140221772869,          0.02040967665908678,                  0.9891515621967273,               4.086681479745895,29684.194223532904, 49.12120230308002,29733.315425835983,0.00023480296441375826
                0.08271068058010556,               0.007340812336057734,                      0.10530661439917884,                      -0.0735417826430378,          0.01898988598472976,                  1.0352867976043738,               4.158753447422261,29684.173815741884, 52.78957064872392, 29736.96338639061,0.00023005971878809324
                0.08243870590922872,                0.00647629514336851,                      0.10351424353669665,                       -0.076444798921844,         0.019603010087923648,                  1.0116997319750045,               4.112566274357566, 29684.10652436351, 51.14255768574037, 29735.24908204925,0.00021508806388952957
                0.08401604292313743,               0.007294373337140046,                       0.0971905518250163,                     -0.07382226062910104,          0.01788564199280848,                  1.0743637016496161,               4.265748949077987, 29683.96578519473, 56.03303374582726, 29739.99881894056,0.00018685041462816247
                0.08340847240649686,                0.00698514510155486,                      0.10846805306199407,                     -0.07628599744898627,         0.017155235665941595,                  1.0920161818178835,               4.351228837355382, 29684.05948878664,58.427857015702116,29742.487345802343,0.00020520551042942483
                0.08292403673277166,               0.006839924240911895,                      0.10600141130997165,                     -0.07696334658723418,          0.02139291981023696,                  0.9585456322002838,               4.030206357872182,29684.229181871942, 46.87823089447336,29731.107412766414,0.00024315644728893195
                0.08316459003953795,               0.007422363473617006,                      0.10221259213715675,                     -0.08061344765854529,          0.01836914920604913,                   1.051091669294292,               4.258913016962306, 29684.05730283098, 54.57197703934185, 29738.62927987032, 0.0002047574302029854
                0.08296926401290133,               0.006766488808784122,                      0.10688634250845386,                     -0.07083180496678979,         0.017517734167553443,                  1.0862310869467502,               4.281102190066991,29684.221168111377, 57.21485005185894,29741.436018163236,0.00024121563672260525
                0.08388135627049677,              0.0071667602626587935,                      0.10450470590066471,                     -0.07700679417805878,         0.015190603230154127,                  1.1802560399054982,               4.490313523723426,29684.245777859844, 65.96316337064913,29750.208941230492, 0.0002472255406641377
                0.08270213932533353,               0.006993834010161462,                       0.1005840176603675,                     -0.07352192929480098,         0.021485384518877448,                  0.9508599561719698,               4.061252721193128,29684.263139294348, 46.66777408120088, 29730.93091337555,0.00025155520654819384
                0.08295105933396853,               0.007655991170012869,                      0.10651311583829327,                     -0.07837528988214341,         0.016538085593295275,                  1.1219711811055535,               4.362350324651674,29684.075309279015, 60.60219756808999,29744.677506847103,0.00020847777884080727
                 0.0827488316215573,               0.007674392902420017,                      0.10240474760268488,                     -0.07630124959588945,          0.02017107541104104,                  0.9929486274237345,               4.103909376312558,29684.170146641532, 49.70491034166255,29733.875056983194, 0.0002292171532669753
                0.08318887079384328,               0.006639061210374801,                       0.1022117469374227,                     -0.07138565009890999,         0.017847686238790836,                  1.0772991349172385,                4.24556907392935, 29684.13511277443, 56.15471398845018, 29740.28982676288,0.00022132582890250216
                0.08322968297528757,               0.007239964925604426,                      0.10652828372550754,                     -0.07278241123648713,         0.017467777913131702,                   1.080812356933752,               4.290074477142895, 29684.10195973931, 57.37951704965119,29741.481476788962,0.00021410850506780696
                0.08382969559256927,              0.0073228596517226656,                      0.10814491042503664,                     -0.07266630908567444,         0.020456927002106006,                  0.9764820681808778,               4.126266041066962,29683.768192357973, 49.01684600478156,29732.785038362756,0.00015334887252192524
                 0.0831305495985469,               0.006610700967635868,                       0.1075566990065819,                     -0.07412014469472802,          0.01932664114021539,                  1.0139900222055516,               4.184111126247209,29684.282733268767,  51.8754740500728, 29736.15820731884, 0.0002565327787921665
                0.08353345538167928,               0.007252724387545519,                      0.10353715076434056,                     -0.07236156759848945,         0.018093678107121293,                   1.052908492457423,               4.291182001086477, 29684.17607397863, 55.39562574753655,29739.571699726166,0.00023057983515063814
                0.08354176825150411,                0.00707460529361667,                      0.10356521888120211,                     -0.07289492820587616,         0.019090038202206915,                   1.032746893301526,               4.167957828595668,29684.318329705846,52.511501459862906, 29736.82983116571, 0.0002658289046125265
                0.08344908663934057,               0.006838620133526655,                      0.10831270444509775,                     -0.07700674571631372,         0.016898915563424037,                  1.1067946908724686,                4.35630195787317, 29684.17906943368,59.312462555215944,29743.491531988897,0.00023127156218409104
                 0.0834177629662786,               0.006783280021006572,                      0.10320953579545583,                      -0.0728779325125068,         0.018123628124643087,                   1.067909570651961,               4.225457667197154,29684.133587328157, 55.30418974344842,29739.437777071606,0.00022098846562162465
                0.08350892616836943,               0.007487920180959874,                      0.10541867836650558,                     -0.07620818650954912,         0.018048406495823205,                  1.0704261030131406,               4.233860309151989,29684.051663363385, 55.53961235630547, 29739.59127571969,0.00020360595720942935
                0.08320649606475161,               0.007368907185577273,                      0.10098170047436772,                     -0.07932008556150844,         0.017974916961257872,                  1.0629856927083818,               4.254907946529284,29684.207840763782, 55.76345038160006,29739.971291145383,0.00023802219937900395
                0.08289643171545805,              0.0065474270534501494,                      0.09899518130611078,                     -0.07967594919746333,         0.017531897934927113,                  1.0826289430884266,               4.284992804538829, 29684.08002736793, 57.16701784758981, 29741.24704521552,0.00020946371958748913
                0.08248173774108608,               0.006946569630902241,                      0.10509530983764179,                     -0.07101409346678078,         0.018329211044569853,                   1.051173804479408,               4.235509245042521,29684.091891656073, 54.68516372854472,29738.777055384617, 0.0002119636581835141
                 0.0836110477176009,               0.006921561729378186,                      0.10802657429920705,                     -0.07627315527496102,         0.015433751821127896,                    1.16785456677585,               4.457453588035393, 29683.82680008853, 64.92931533139532,29748.756115419925,0.00016260488972493474
                0.08314151542588942,               0.007323818685280456,                      0.10502618466413953,                     -0.07259054168189293,          0.01942752639510219,                  1.0174930486742813,               4.184093438066601,29684.145001626734,51.602612665493155,29735.747614292228,0.00022352534475487436
                0.08409706410696595,               0.007052918985639102,                      0.10188275448185231,                     -0.07365105652700098,         0.019546859819971896,                  1.0169116799901503,               4.156368938980835, 29683.88987693054, 51.28648265869907, 29735.17635958924,0.00017319187964855257
                0.08388629768424165,              0.0076591427900181966,                      0.10039469757892332,                     -0.06998883205086918,         0.018725740062354137,                   1.034076913505905,               4.252707756583279,29684.289979289417, 53.52505714115176, 29737.81503643057,0.00025839837150369447
                0.08267627593612473,               0.007135272744021785,                      0.10367178106895146,                     -0.07686197730979448,         0.019862332728632144,                  1.0046439789904669,               4.103253538129257,29684.283896629902,50.477341857881896,29734.761238487783,0.00025683139272128627
                0.08378228185503563,               0.008343747996788492,                      0.10093681633064819,                     -0.07155857539994545,         0.017686556338415215,                  1.0722800674321609,               4.308511109980801, 29683.98967636221, 56.66455210406973, 29740.65422846628, 0.0001913682423757915
                0.08375818394661093,                0.00740868271213462,                      0.10612039702510997,                     -0.07403443954097541,         0.017269513035382794,                   1.091170261465404,               4.292387462587983, 29684.06406432981,58.037806545691524,  29742.1018708755,0.00020614658843101609
                0.08323856412201526,               0.006979268036691417,                      0.10991205994716981,                     -0.07364496680330013,         0.018695196047302607,                  1.0381153877136489,              4.2325152942836795, 29684.20546464155, 53.62568605467892,29737.831150696227,0.00023745730093880954
                0.08422083154151877,               0.007015120529063391,                      0.10138391945208643,                     -0.07495579171484783,         0.016752299154321387,                  1.1101798389889153,                4.39753491251418,29683.921329445395, 59.82129569387841, 29743.74262513927, 0.0001787257710183437
                0.08427833625198745,                0.00778281172253625,                      0.10284952621757491,                     -0.07263598073842067,         0.017621576124650627,                   1.072387873635115,               4.317406870658308,29684.205638053914,56.876487336303015,29741.082125390218, 0.0002374984825416092
                 0.0841686530114688,               0.007836480199881413,                      0.09849168624916045,                     -0.07658436849691456,         0.019112194067695477,                  1.0263438278483858,               4.205420606066879, 29684.21746934949,52.448791744156814,29736.666261093647,0.00024032508550250314
                0.08309671537476963,               0.007472054654533468,                      0.10571474563750474,                      -0.0773409485348344,         0.016105137966944526,                  1.1406523110547298,              4.4071399772596145, 29684.27363478177, 62.22597551321103, 29746.49961029498, 0.0002542093047179876
                0.08391313248113601,               0.007071649943312544,                       0.1047249471253097,                     -0.07857670934924432,         0.015122149875620241,                  1.1826328206480825,                4.47772414707657,29683.680776348134, 66.26279151347991,29749.943567861614,0.00014051293215913718
                 0.0839572943852345,                0.00717491186798452,                      0.09689379312553499,                     -0.07815878261327527,         0.017999318336207125,                   1.063373022005045,               4.282383878077674,29684.277451213526, 55.68320125297706,29739.960652466503,0.00025518133083697164
                 0.0836113545239005,               0.007869403052807863,                      0.10334363639222954,                     -0.06955560002002614,         0.019845328936439578,                  0.9964697636451484,               4.178404670269766, 29684.14997056721, 50.51508399544272,29734.665054562654,0.00022463879292591396
                0.08298319424710134,                0.00696836107320373,                      0.09747052227148786,                     -0.07258662128672239,          0.01791475290886572,                  1.0725441469221129,               4.226933255153449,29684.126119836754, 55.94049413015684,29740.066613966912, 0.0002193443823831102
                 0.0834131470457716,                0.00805432482280781,                      0.10597148160545682,                     -0.07497313350075864,          0.01721207969172323,                   1.097259371500092,               4.320708774679144, 29684.22113377597, 58.23136253789265, 29742.45249631386,0.00024120735462756246
                0.08343084761588215,               0.007385173877469001,                       0.1075788967669979,                     -0.07396349187266152,         0.017848337921226812,                  1.0755387888287253,               4.260166911230821, 29684.26560289823, 56.16128736897218,29740.426890267205, 0.0002521757029467628
                0.08383935312603626,              0.0075628181385202775,                      0.10386674999882263,                     -0.08019650634227057,         0.015015577682250996,                   1.191867490153352,               4.479366338934805,29683.900149506906, 66.73253776443374, 29750.63268727134, 0.0001749801759371236
                0.08449467973660148,              0.0075975280192288695,                      0.09755396961865886,                     -0.07436996978164963,          0.01813620648914281,                  1.0601737543898628,               4.268382782957196,29684.174413772478,55.261904275858846,29739.436318048338,0.00023019734268595206
                0.08260290761936942,               0.007373296142536939,                      0.10640090325031465,                     -0.07547832108496204,          0.01750651768235843,                  1.0820217553226579,                4.30898770645424, 29683.94409302749,57.254336921514515,29741.198429949003,0.00018284086927250188
                0.08301027132024037,               0.007336167153518994,                      0.10515761954612587,                     -0.07507192648839836,         0.017285058629858234,                   1.087658739345818,               4.345966782960149, 29684.04535702658,57.984758765940754,29742.030115792524,0.00020232598966332205
                0.08395586828736053,               0.007286847736449721,                      0.10313786023260414,                     -0.07684154688725418,         0.015658500496791104,                  1.1553825101289117,               4.464341128688544,29684.163197578026,63.994429577277806,29748.157627155302,0.00022762983030366797
                0.08463404386637471,               0.006905148650410792,                      0.10377551682770204,                      -0.0744730718342626,         0.017446210417532422,                  1.0850010561817924,               4.324578649067013, 29684.11855161135,57.449739225935495,29741.568290837287,0.00021769060064664607
                 0.0834838119586053,               0.007821011477752274,                      0.10766319656020197,                     -0.07474285870482397,         0.017950944695945853,                   1.061652389701775,               4.277980986572742,29684.149678965034, 55.84186664374886,29739.991545608784,0.00022457329731471413
                0.08324743803649542,               0.006400474113380955,                      0.10642376770820167,                     -0.07863449861185681,         0.015943659261065758,                  1.1489155242082365,              4.4038970401281174,29683.953767465995,   62.856861524396, 29746.81062899039,0.00018461833615197014
                0.08340658761299799,               0.007282910576471418,                      0.10879381734267725,                     -0.07731685993766267,         0.020045253654152845,                  0.9924150577398893,               4.136120648918464,29684.184357389644,50.025030668729165,29734.209388058374,0.00023249775519034024
                0.08355024680974903,              0.0073037680342242116,                      0.10311075181233861,                     -0.06941184432237643,          0.01869032488149683,                  1.0339604634310522,               4.225982382351818, 29684.03024600922, 53.62852796390961, 29737.65877397313,0.00019929162205121925
                0.08428792020424937,               0.006483718224901588,                      0.10617719425927233,                     -0.07473534276543563,         0.017443984668239747,                   1.087904930972718,               4.309853126918377, 29683.76647476727,57.459715359329465,  29741.2261901266,0.00015308570799357494
                0.08279475116853094,                0.00713460575482016,                      0.10486959829489938,                     -0.07160981546727431,         0.019042890446185734,                  1.0290770826323794,               4.159168234890901,29684.293471662913,  52.6409890647857,29736.934460727698,0.00025930237276409145
                0.08299841906622545,               0.006909197467577476,                      0.10738859915576542,                      -0.0799823975399142,         0.016790451575828882,                  1.1120347896650686,               4.329798183143817, 29684.02417053141,59.695803906994904,29743.719974438405,0.00019808450085586206
                 0.0841695248801838,               0.007360494400537214,                      0.09811984696474053,                     -0.07488665680461219,         0.016574629820962517,                  1.1185876270834592,               4.398138314037837,29684.157017280944, 60.45747361287918,29744.614490893822,0.00022622734866850806
                0.08287048811909323,               0.006453310522401814,                      0.10211187961071187,                     -0.07704646568790992,         0.017615996940110634,                  1.0842477848416026,               4.269506883012787,29684.220265300093,56.895875460749714, 29741.11614076084, 0.0002409979627980151
                0.08254574695154597,                0.00661039660278412,                      0.09895679365516162,                     -0.07552741413553324,         0.020244927336680717,                  0.9895478538363026,               4.110901514661654,29684.250146398328,49.519280362687915,29733.769426761017, 0.0002483079174337946
                 0.0842966715506291,               0.006622486253903752,                      0.09962320436740735,                       -0.073729079702428,         0.017005604722001202,                  1.1051898949954253,               4.339983894332807,29684.031770098456,58.929200891762584,29742.960970990218, 0.0001995955918467835
                0.08314610206965044,               0.006884967572310649,                      0.10413387572283254,                     -0.07674385118524758,           0.0194790598966684,                  1.0205531753111292,               4.167258207467829, 29682.91296954384, 51.46881400846281,  29734.3817835523, 6.520216827167569e-05
                0.08349722371798167,               0.008026383105834214,                      0.10506810157320953,                     -0.07563683602194839,         0.017712868820864654,                  1.0715951238885972,               4.318954188787997, 29684.26152493689, 56.58833107702871, 29740.84985601392, 0.0002511494341434879
                0.08314564465442949,               0.006876636579028902,                      0.10026789337818737,                     -0.07707664231694639,         0.014963294233875166,                  1.1954279342854641,               4.467509784584254,  29683.8977057799, 66.95773106369332, 29750.85543684359,0.00017455309420350682
                0.08400382261589763,               0.007223629465516521,                       0.0994273790694864,                     -0.06916729415855057,          0.01903859622623488,                   1.021847364952553,               4.231843533239388,29683.954491777054, 52.64587394486339, 29736.60036572192,0.00018475210569415479
                0.08354181141280877,              0.0067936297829613666,                       0.1046372974874671,                      -0.0721956315827767,         0.019670041742808172,                   1.013147420703538,               4.148242024499741, 29683.77445678396,50.967547213956045, 29734.74200399792,0.00015431253041467188
                0.08306110839907362,               0.006767446372315544,                      0.10195951879523088,                      -0.0813030045064096,          0.01700312786170858,                  1.1094062512964664,               4.308200118815969,29683.871979326577, 58.94576873004368, 29742.81774805662,0.00017011973400624767
                0.08451981897710506,               0.006879434489782324,                      0.10418729364959368,                     -0.07091785331637653,         0.018050751242773368,                  1.0630295829952763,               4.274082357822332,29684.047898515113, 55.52755221485209,29739.575450729964,0.00020284085282791284
                0.08371548409321401,                0.00722824834716219,                       0.0977024744259179,                     -0.07066310337584919,          0.01649998347484542,                  1.1224186055025587,               4.361721010893443,29684.028110369323, 60.72611895757039,29744.754229326893, 0.0001988664610689105
                0.08280287525563022,               0.007597981241807616,                      0.10226297061213545,                     -0.07432537994604173,          0.01977620476067038,                  1.0032395352637975,               4.131457220490016,  29684.3391459984,50.693019609951634,29735.032165608354,0.00013225214298963065
                0.08360015961920107,               0.006842225026687025,                      0.10115698592773868,                     -0.07665041525848364,         0.017219209763963444,                  1.0971337290417946,               4.328684672776585,29684.392775959823, 58.20325117670112,29742.596027136526,0.00013953845636093654
                0.08409913479952284,              0.0074203946798204095,                      0.10659148043597767,                     -0.07665527831885205,          0.01865370871730396,                   1.035641617971278,                4.24318233710803, 29684.32911827682, 53.74400629750403,29738.073124574323,0.00013093258247116475
                0.08427326163104736,               0.007387177174844436,                      0.09914369060538493,                      -0.0767209408172755,          0.01835067412621459,                   1.055451148245818,               4.227032270454147,29684.294922237248, 54.62097823011838,29738.915900467367,0.00012653089575118438
                0.08305777921947438,                0.00741317093100247,                      0.10471860783336603,                     -0.06890940000865528,           0.0190792906705325,                  1.0278236220113608,               4.181301130112467, 29684.42864904679, 52.53878356572184, 29736.96743261251,0.00014463499936551738
                 0.0839137051451208,                0.00707985236973864,                       0.1002347835662476,                     -0.07888924399666151,         0.016223779245792172,                  1.1406261952363834,               4.376006976309806, 29684.34120517674, 61.76770932466917, 29746.10891450141,0.00013252475431917892
                0.08284278514553324,               0.007006255675986233,                      0.10649935313477367,                      -0.0785484560932652,           0.0186405460081097,                  1.0397869923781815,               4.220509596577032, 29684.43131907349,  53.7821860570685, 29738.21350513056,0.00014502169468938255
                 0.0829704121736522,               0.007198745098518941,                      0.10180709028028828,                     -0.07778765696655163,          0.01654448921677336,                  1.1257508218967565,               4.359328994126603,29684.331594749943,60.572817569262654,29744.904412319207,0.00013125723532385444
                0.08459833328774297,               0.007117080775087585,                       0.1044686356414432,                     -0.07703540531549707,         0.018312332371950263,                   1.052803829826604,              4.2540926347361925,29684.297021592705, 54.74165106903714,29739.038672661743, 0.0001267968081022909
                0.08399048936821733,                0.00766247411060326,                      0.09896594710632409,                     -0.06976129472917261,          0.01923451734912347,                  1.0216229981855005,               4.191845187050687,29684.323560665118,52.110833800361135, 29736.43439446548,0.00013020692833849509
                0.08335543499335378,              0.0075815601305771725,                       0.1014868097354598,                     -0.06939864609553496,         0.018541534507573548,                  1.0473151306019277,               4.210940515880042,29684.461749626207, 54.05586509349945,29738.517614719705, 0.0001495026177174715
                 0.0835158471159442,               0.007857959107702992,                       0.1037339702611471,                     -0.07730266912765682,          0.01810692076111424,                   1.057487166563106,                4.25900398573416, 29684.40392046732, 55.35957454527181,29739.763495012594,0.00014110224135577742
                0.08418531738461559,               0.006775488063770226,                      0.10258900746208471,                     -0.07725778443215635,         0.017760175465488033,                  1.0761503510070327,               4.277223737670392, 29684.44692927353,  56.4370074860467,29740.883936759576,0.00014730327397741768
                0.08280844823707285,               0.007203113788645822,                      0.10466746856833549,                     -0.07355229661574168,          0.01688529701674853,                  1.1089435613398742,               4.312279367267818,29684.375530914796,59.352423597323444, 29743.72795451212,0.00013715273942016648
                  0.082961754270965,               0.006563747303330115,                      0.09738626762558965,                     -0.07581000691108152,         0.019304362756335083,                  1.0194514189793298,               4.172664974139198,  29684.3392704948, 51.92485605827499,29736.264126553073,0.00013226860892986806
                0.08438312380538276,               0.006801036048416752,                      0.10391818401698016,                     -0.07422143770729742,         0.017380550910812788,                   1.087306136963194,               4.325849746696898,29684.377016289298,57.665989861954024,29742.043006151252,0.00013735661397966335
                0.08330599090822682,               0.007559281861817342,                      0.09746251151935269,                     -0.07708679130574392,         0.018779270266501585,                  1.0372844577243037,               4.198764621591402,29684.349986829453, 53.37486293022994, 29737.72484975968, 0.0001336936656621505
                0.08311003291814638,               0.006650888805095329,                      0.09833294038714956,                     -0.07827881523617765,         0.018174154657027323,                  1.0579189050980302,               4.248665850721794,29684.414444098653, 55.14957222649355,29739.564016325145, 0.0001425949901163375
                0.08332875123248121,               0.006974343201097898,                      0.09866403302867831,                      -0.0783084309423528,          0.01833069520587401,                  1.0519757265506566,               4.256479493299862,29684.456679702125, 54.68029978274456, 29739.13697948487,0.00014874656896993736
                0.08348326074712334,               0.007477741618894147,                      0.09905751252225674,                     -0.06889594739719239,         0.019505859878908585,                  1.0113033298620948,               4.175633252469469, 29684.38368984178, 51.38655872622299,29735.770248568002,0.00013827633604506003
                0.08361162533712795,                0.00731999770020961,                       0.1027257829916439,                     -0.07398296170105055,         0.015235689362379989,                  1.1776478572846407,               4.477166135828178, 29684.27317597439, 65.76353260808291,29750.036708582473,0.00012380902416370896
                0.08366850472626966,               0.007916946258408445,                      0.10329702777380255,                     -0.07311462471192956,         0.017802115278232375,                  1.0692171244463842,               4.276549142661105,29684.441291835148, 56.30131724147318, 29740.74260907662,0.00014647519715598663
                0.08333675893120117,               0.006798998291360667,                      0.10509847033490348,                      -0.0789219136048254,         0.019747991238800774,                  1.0018531450164077,               4.148790268694991, 29684.36904981317, 50.77287064225158,29735.141920455422, 0.0001362667128929434
                0.08312549539823956,               0.007299866924761264,                      0.10720131011536838,                     -0.07123420359339089,         0.019376357929508373,                   1.015355013950606,               4.162261681628169,29684.422342120433, 51.74000592814407,29736.162348048576, 0.0001437256676343726
                0.08397947596798415,               0.007532097294398758,                      0.10291398544962065,                      -0.0750847952751644,         0.018150416972410415,                  1.0545811966564806,               4.256220830289512,29684.356929027068,55.224810214875966,29739.581739241945, 0.0001346250226005176
                0.08307003750404104,               0.006597053962608997,                       0.1041280904537627,                     -0.07840531403017642,         0.016597362958488633,                  1.1223615175253134,               4.342378054615393,29684.458828367213, 60.38350293437439, 29744.84233130159,0.00014906651913936658
                0.08378941146485382,               0.007546310506408393,                      0.10814218858425755,                     -0.07580087029878231,         0.019162578718483623,                  1.0201331799060196,               4.222871876775181,29684.278705766308,52.321255053487775,29736.599960819796,0.00012449555875206056
                0.08317706605669338,               0.008033975036653429,                      0.10406816504750199,                     -0.07365465596638904,          0.01840290139249458,                   1.049835932018446,               4.254343994643078,29684.345873683116,54.468358526175315, 29738.81423220929,0.00013314489341494077
                0.08429196501410303,               0.007774228089745992,                      0.09972420834719395,                     -0.07100673137823009,         0.018118716477339585,                  1.0599203700921118,              4.2690473293943025,29684.396052743432,55.314616592836515, 29739.71066933627, 0.0001399964436403998
                0.08359711073290366,               0.007114183920211159,                       0.1012298611989868,                     -0.07726393015987296,         0.015220962951990593,                  1.1841379744276308,               4.455722424469633,29684.477195846288, 65.82806724826924,29750.305263094557,0.00015182979482922124
                 0.0842337975487061,               0.007358260852548551,                       0.1051932338497206,                     -0.07360327286135926,         0.016110952816990903,                  1.1367683505192019,               4.423831313100366, 29684.38758422005,62.200867220693546,29746.588451440744, 0.0001388158863280967
                0.08373544000037184,               0.007045032784436566,                      0.09684396437513568,                     -0.07294503082844331,         0.016846820666148114,                   1.112927644429257,               4.331442123822156, 29684.34829629368,59.479275389647526,29743.827571683327,0.00013346784267237783
                0.08320458937298876,               0.007433118680873912,                      0.10524300560369626,                     -0.07250047398530055,         0.016514483606428678,                   1.127504915466435,               4.335942806912998,29684.357040934665, 60.68241129550595,29745.039452230172, 0.0001346400890062829
                0.08314079925954225,               0.007864675385430028,                        0.105404610944874,                     -0.07183607267040326,         0.020427548787920663,                  0.9827569948720907,                4.11374073227572, 29684.33051771256, 49.08263730259269, 29733.41315501515,0.00013111594247689913
                0.08375368919092571,               0.007384131786834358,                      0.10151780338100556,                     -0.06838298094409939,         0.018228360779731563,                  1.0553489452292186,               4.246704934390756, 29684.45522590162, 54.98207536007872,  29739.4373012617, 0.0001485304782472737
                0.08297594842103609,               0.007350670488292561,                      0.09991163157725101,                      -0.0736609363034446,          0.01867310903566068,                   1.035829655366139,              4.2342481995193815, 29684.45360945858,53.677097719933066,29738.130707178512,0.00014829058113147585
                 0.0840048389573216,               0.007858020106130023,                      0.10474899928234924,                     -0.06959259846333468,          0.01757186657136254,                  1.0803935704073069,               4.295161830841589,29684.311782348133, 57.03656189711316,29741.348344245245, 0.0001286823062298977
                0.08289388045171987,               0.007498443560900955,                       0.1037651481005227,                     -0.07240532267736234,         0.017698194481867116,                  1.0721561275084526,                 4.2847472026124, 29684.34322612235, 56.63036858913794,29740.973594711486,0.00013279285045208445
                0.08385997210468092,               0.007169871792685029,                      0.09781669404690062,                     -0.07306840331659602,         0.018902978596603864,                  1.0345716773570572,              4.1834036645427055,29684.362279085937,53.023887938791475,29737.386167024728,0.00013534720453203374
                0.08356528026375169,               0.006680317452825989,                      0.09704582518474333,                     -0.07569324744318433,          0.01959475187283844,                  1.0107287325294088,               4.158881022582522,  29684.3311981966, 51.15726836449668,29735.488466561095,0.00013120519514738842
                0.08267566494542326,               0.006634746576801097,                      0.10058617600581889,                     -0.07519980748521338,         0.020600630985636813,                  0.9809429490945635,               4.082753277146746, 29684.47775733848,48.668046206318266,  29733.1458035448,0.00015191507001224006
                0.08342510844894338,              0.0075740017546492905,                      0.09738242074089687,                     -0.07666800253391105,         0.019621711800089137,                  1.0080804595777513,               4.166104670509284,29684.456280588463, 51.08827773013715,  29735.5445583186,0.00014868721402758135
                0.08356665001523568,               0.007581075920642291,                      0.10250034567986958,                     -0.07923221420690914,         0.019827108469151228,                   1.000049273563417,               4.150704537443556,29684.449732893532, 50.56835852351939,29735.018091417052,0.00014771683584696417
                0.08349973642585666,               0.006834937928216674,                      0.10010812976004894,                     -0.07982696453003886,         0.017539657422403692,                  1.0861162548016563,               4.286475240502071, 29684.30780860624, 57.14372799605109,29741.451536602293, 0.0001281719706014527
                 0.0833586051558765,               0.008088004874166707,                      0.10206445878482796,                     -0.07289702880484879,          0.01720181286066117,                  1.0974294643979703,               4.305789111865394, 29684.30367931274,58.259769929201795, 29742.56344924194, 0.0001276438021478713
                0.08369961289990095,               0.007894524194331053,                       0.1037205421584878,                     -0.07608635224940817,         0.017736577228985997,                   1.069937855039358,               4.323732714614914,29684.331162644863,56.511858554523606,29740.843021199387, 0.0001312005306577395
                0.08418785566894335,                0.00720157393412154,                      0.10250401191397114,                      -0.0737305520688047,         0.018825339450988646,                   1.033762570787475,              4.1981479950883065,29684.358951033937,53.248129437888004,29737.607080471826,0.00013489751071454626
                0.08254890078685832,              0.0068790516415549235,                       0.1039225973913368,                     -0.07425672703177806,          0.02002263979491233,                  0.9931647949403765,               4.137831449192927,29684.395511758958, 50.07221789992843,29734.467729658885,0.00013992072822020538
                  0.084119593898267,               0.007195174560732998,                      0.09966296821296207,                     -0.07238868447566343,         0.016687187492890006,                  1.1186292652120369,               4.363271924357523,29684.414527634206, 60.05010868053679,29744.464636314744,0.00014260690236525178
                0.08357256048827101,               0.006710856249966614,                      0.09683951455240716,                      -0.0739819046696102,         0.018694421455602368,                  1.0376741533474487,               4.224904030971421,29684.375639522925, 53.61345242976786, 29737.98909195269,0.00013716763613143133
                0.08268550783581737,               0.007086451730503084,                      0.09910014187428318,                     -0.07483658276163974,         0.018116509901132203,                  1.0642462113892022,               4.225713501570348,29684.475984258785, 55.32220563199859,29739.798189890782, 0.0001516459511410171
                 0.0838955753510075,               0.007562710652153383,                      0.10471701774841859,                     -0.06922244418979079,         0.018072142152665678,                  1.0588390892304096,               4.265780339297121,29684.361545280888, 55.46074489013068,29739.822290171018, 0.0001352479225012501
                 0.0833440906546083,              0.0071531155955225755,                      0.10811032325484528,                     -0.07778733213987982,         0.019505541853468464,                  1.0112685591779562,              4.1804397348208715, 29684.43128060941, 51.40490405037581,29735.836184659784,0.00014501611667048966
                 0.0827756436657934,              0.0069746616449291735,                      0.10485436419965402,                     -0.07948695866593726,         0.019075999484150022,                  1.0273498595141013,               4.183206890163597,29684.477110990938, 52.55640984041962, 29737.03352083136, 0.0001518169118054456
                0.08302731526926226,               0.007799002022581584,                      0.10164010061946882,                     -0.07085621188716214,          0.01962027430920281,                   1.012522982834249,               4.147943878280806, 29684.11450554473, 51.09160740970494,29735.206112954435,0.00010564345803280157
                0.08361513018668265,               0.006613257886374331,                      0.10291521514692956,                     -0.07434426781271745,         0.016046229022686466,                  1.1421131386575687,              4.3854876024652025, 29684.02675880386, 62.44857056227893,29746.475329366138, 9.676865018906782e-05
                0.08328153121184867,               0.006686254162895659,                       0.1016809798517011,                     -0.07823496426319458,         0.016711841411929666,                  1.1115946879945837,               4.370031878182019,29684.274489875977, 59.96803414431608,29744.242524020294,0.00012397180395186147
                0.08359605986358402,                0.00631989975266645,                      0.10141588543823611,                     -0.07488503809205231,          0.01961913358111555,                  1.0084175363942438,              4.1556787543811895,29684.383674501092, 51.09799041706198,29735.481664918156,0.00013827421480730654
                0.08291129732161144,               0.007163723844892932,                      0.09925513836887406,                      -0.0744489811965252,         0.017252993587631285,                  1.0986316802622946,               4.274297102222334,29684.356488890946,58.084954958299726,29742.441443849246,0.00013456578230299282
                0.08392483416324141,               0.007094286185266569,                      0.10438923660691134,                     -0.07858130871445847,          0.01691081684069511,                  1.1054783119005136,               4.326267814658736, 29684.23289735161, 59.26800376700633,29743.500901118616,0.00011892126409836585
                0.08387996583252588,               0.006823681713145721,                      0.10386062647060076,                     -0.07659984302038128,          0.01909495208103171,                  1.0228597427389707,                 4.2296994262698, 29684.34419275019,52.501733812580724, 29736.84592656277,0.00013292127377732992
                0.08411651337309832,               0.006947530900765637,                      0.10226406724398818,                      -0.0732946985238351,          0.01947015965647599,                  1.0097985742135658,               4.204979732070753, 29684.44584844904, 51.48816885909745,29735.934017308136,0.00014714415099871997
                 0.0838033189412964,              0.0068154276807038386,                      0.10400743884816695,                     -0.07252939749636812,         0.015990810089979022,                   1.142157472016861,               4.406941311661381,29684.023439732868,62.664515978613586, 29746.68795571148, 9.644800059313723e-05
                  0.084030850114416,               0.006727289880618616,                      0.10541657958303342,                      -0.0767357724842626,          0.01761897170275796,                  1.0754908871581697,               4.313723479187942,29684.450590277207,  56.8909317215771,29741.341521998784,0.00014784354015986778
                0.08408508564194057,              0.0074966920691355516,                      0.10484406718749653,                     -0.07421419352905764,          0.01668119270339716,                   1.110927371760953,               4.392912391763668,29684.424935859366, 60.07901028846068,29744.503946147826,  0.000144098938368308
                0.08321468930204966,               0.006906611724994872,                      0.09802633749539566,                     -0.07653898638387197,         0.017866242577129602,                  1.0691243167292157,               4.290862010975828,29684.231402821653,56.096143174139854,29740.327545995795,0.00011874366545314415
                0.08341339156628019,              0.0068761394401238235,                      0.10542405213371658,                      -0.0782243294380101,         0.018000767780691405,                  1.0607759699931625,               4.259939391136867,29684.335096551476,  55.6878434724179,29740.022940023893, 0.0001317176778303837
                0.08275295252995508,               0.006930199318529186,                      0.10240802089713122,                     -0.07061979490016412,          0.01969120018995836,                   1.010586618794115,               4.123345967074454,29684.442399634598,50.908387432704856,29735.350787067302,0.00014663755221058184
                0.08340879448245987,               0.007341997007229295,                      0.09707121435973863,                     -0.07625027210050538,          0.02071494040668942,                  0.9722305606387296,               4.113422371568372, 29684.20362478415, 48.39793552117237,29732.601560305324,0.00011549059065304197
                0.08370462046057696,               0.006805531660618659,                      0.10004261757217192,                     -0.07396708217970092,          0.01551235528211503,                  1.1689907595304598,                4.44505434457921,29684.420255096607, 64.58992340520344,29749.010178501812, 0.0001434260215346672
                0.08306040805337063,               0.007986008137703343,                       0.1045560172542458,                      -0.0749078338705388,          0.01763749209340228,                   1.079350951942101,               4.276007011956444, 29684.32211614314,56.827991785177126,29741.150107928315,0.00013001897735109822
                0.08390167449861356,               0.007221354240119317,                      0.10669679883565227,                     -0.07473014052528408,          0.01741596712253963,                  1.0810471536359445,               4.326298624197102,29684.455178981494,57.552243281433306,29742.007422262926,0.00014852350934202707
                0.08297673383946029,               0.006776367065222217,                      0.10367312194934482,                     -0.07225105487772165,          0.02052670898846722,                  0.9751459565127187,               4.115584346223396, 29684.21431386396, 48.84423432804586,29733.058548192006,0.00011673170013581531
                0.08347963320763864,               0.008095324721577816,                      0.10032655933687983,                     -0.07211197429039251,         0.017780246327866067,                  1.0767135309620652,               4.263416513862235, 29684.12505089792, 56.36607898645855, 29740.49112988438,0.00010676340032500908
                 0.0840917963128175,               0.006981605165259984,                      0.10871579381064513,                     -0.07696878467897493,         0.017129600859041146,                  1.0985460878575815,              4.3352661951447296,29684.148000118304, 58.51660693336536, 29742.66460705167,0.00010924186779986225
                0.08376132566401673,               0.007264854231048271,                      0.10242372812431547,                     -0.07145156646369741,          0.01598052209244937,                  1.1407037564566354,                 4.4317287511246,29684.134857630066,62.702093225820505,29746.836950855886,0.00010781555104275432
                 0.0834296614419093,               0.006357656998931556,                       0.0981302726395457,                     -0.07409070444343584,         0.019998738348208502,                  0.9948622595293021,               4.130810455131549,29683.980353545085, 50.12604272348453, 29734.10639626857,  9.23806758885796e-05
                0.08440606002048132,               0.007288496333625776,                      0.10761879547755543,                     -0.07505339242207092,          0.01678718921562004,                  1.1103085353093394,               4.362470911722035, 29684.27857594997, 59.70474674586787, 29743.98332269584,0.00012447939824362307
                0.08392175492445746,               0.007675908923455687,                       0.1016024815863157,                     -0.07538486564375703,         0.015783050127337345,                  1.1558070583066453,               4.443089061469939, 29684.45830080357, 63.48748565759931, 29747.94578646117,0.00014898789780416505
                0.08436372026283427,               0.007719015720586082,                      0.10145517623455588,                     -0.07688851407589127,         0.018627894779206143,                  1.0385112234384202,                4.25259685135406, 29684.45030546437,53.812830513741666, 29738.26313597811,0.00014780143841733968
                 0.0841088747599159,               0.007047980237350922,                      0.09692457769908806,                     -0.07227953517437781,         0.016286378232925797,                  1.1318427598150886,               4.393039124639015,  29684.0937368531, 61.52179821016604, 29745.61553506327,0.00010347200876234015
                0.08322709950661868,              0.0067225306160722965,                      0.10749504823373458,                     -0.07415362842468082,         0.016598075541047527,                    1.12044784123603,               4.354275871257279,  29684.4598733965, 60.38142563454158,29744.841299031043, 0.0001492223794426274
                0.08393025653188248,               0.006633679243750785,                      0.10253531124538477,                     -0.07224764206124917,         0.019828244916921856,                  0.9987222406118765,               4.162827660543278, 29684.41668934021,50.559893266861266,29734.976582607072,0.00014291551000172048
                0.08393703257772347,               0.007466319534606215,                      0.10584865216001008,                     -0.07033206628894209,         0.017495832228401113,                  1.0815052568014254,               4.325509978364081,29684.396512455372, 57.28564559084572,29741.682158046217,  0.000140060816472514
                0.08369488674178352,               0.006444549024124584,                      0.10525785073826024,                     -0.07745197310159134,            0.019553703659263,                  1.0111754826800698,              4.1792530582100405,29684.093311815886, 51.27523105631666,29735.368542872202,0.00010342803865304595
                 0.0836214567226542,               0.007009994735778678,                      0.09689048849011304,                     -0.07452053824571295,         0.018914280740354446,                  1.0267458452082932,               4.223901876281798,29684.149516097164, 52.99223101242473, 29737.14174710959,0.00010940760175491593
                 0.0835908824763162,               0.006857458806579868,                      0.10450453009586448,                     -0.07522034759628866,         0.019174276685419656,                  1.0248228086823936,              4.1546294808685715,29684.307751502754,52.284393445940815,29736.592144948696,0.00012816465174395717
                0.08275390959316692,               0.007743431899895703,                      0.10423351684431985,                     -0.07124426536784535,          0.01831748202682943,                  1.0537603108692433,               4.229249238098542, 29684.25940044005, 54.71959261138878,29738.978993051438,0.00012211518227399346
                0.08378481032811838,               0.006379657070776247,                      0.10236869155040805,                     -0.07855978788616899,         0.017234330988636175,                  1.0971433432928563,               4.300976910992789, 29684.15866785221, 58.15545127195476,29742.314119124167,0.00011041346903135226
                0.08344885035051909,               0.007815010669932898,                      0.10015592175541875,                      -0.0759798065211064,         0.018135262549274455,                  1.0554158672101623,               4.268237729701122,29684.478945923067,  55.2680196791452, 29739.74696560221,0.00015209574127298078
                0.08437345126666905,               0.007178241408673605,                      0.10506644065589134,                     -0.07393491595343028,          0.01613991846922752,                   1.136995076253782,               4.427349505906564,29684.234504156935, 62.08971349149068,29746.324217648427,0.00011911250101805241
                0.08356882584450319,                0.00802376011626298,                      0.10149548191337275,                      -0.0767023581304235,          0.01946045628804733,                  1.0112486586007616,               4.184943932087912, 29684.44991074134, 51.51532721412433,29735.965237955465,0.00014774310929857593
                0.08383300045274042,               0.007239740559220539,                      0.10456814123464724,                     -0.07568808874378023,         0.017528668919135747,                  1.0882750847890819,               4.283556968131479,29684.439188496402,57.181306168842966,29741.620494665247,0.00014616743397710314
                0.08415417587377115,               0.008027283399812667,                       0.0995937691438048,                     -0.07627341475949091,          0.01671248199310273,                  1.1163352227138714,               4.355060308588132, 29684.29884274567, 59.96264428236641,29744.261487028034, 0.0001270279348799349
                 0.0838926995753761,               0.007741262501273365,                      0.09948430796108254,                      -0.0713207411167582,          0.02019703224458035,                  0.9903657696051651,               4.125498120470608,29684.389901134822,  49.6349008045642,29734.024801939388,0.00013913788378195648
                0.08392891192831343,               0.006854558730325393,                       0.1017660534375242,                      -0.0795296386229725,         0.015805261416877363,                  1.1553600609677104,               4.416673852599119, 29684.29842643242, 63.40213879666897,29747.700565229086,0.00012697506247393386
                0.08301522787356476,               0.007944584716308843,                      0.10218339394331591,                     -0.07213269921236352,         0.019196425619316206,                  1.0234825729634125,               4.195145970089365,29684.288400365294, 52.21858247123838,29736.506982836534,0.00012570836259438915
                0.08427928286193097,               0.006962970112029993,                      0.10158661874684638,                     -0.07850528756229272,         0.018784382818358265,                  1.0321254513281402,               4.243921881846816, 29684.21275859386,53.367014561195276,29737.579773155056,0.00011655029191917457
                0.08423037255218017,               0.007545534066606723,                      0.10333413765010044,                     -0.07528128978028041,          0.01711722939926489,                  1.0935070155212576,               4.370285704647253, 29684.32499769717,  58.5512077870535,29742.876205484223,0.00013039417437512392
                0.08336923529666806,               0.006924831686618563,                      0.10458261195909481,                      -0.0786305526225601,          0.01902706217492925,                  1.0326446473212594,               4.186710472599715,29684.409236610998,52.690713702554675,29737.099950313554,0.00014185435855422113
                 0.0832849347582902,               0.006701911043774727,                      0.10159212889129567,                     -0.07588237663468048,         0.019149799145628716,                  1.0196191745182568,               4.188662830570701, 29684.38046429826,  52.3479821430727,29736.728446441335,0.00013783103825540686
                0.08358867290524218,               0.007381653522376155,                       0.1078584504824351,                     -0.07435113435029646,         0.018975737411702172,                   1.034779777406188,               4.176019645167141,29684.229443479504, 52.83333588771462,29737.062779367217,0.00011851123376541419
                 0.0836859155559401,               0.007490913451695694,                      0.10116826702318148,                      -0.0798186040732743,           0.0172180197192505,                  1.0997035318140136,               4.300482534318304,29684.293415243512,  58.2101631316098,29742.503578375123,0.00012634035808943548
                 0.0833744439308711,               0.007499984637992087,                      0.10884610471409921,                     -0.07031538831067209,          0.01876384665628877,                  1.0386912685960852,               4.208457345499306, 29684.18488769691,53.426194553532866, 29737.61108225044,0.00011334678047969187
                0.08296740044706426,               0.007114044165774976,                      0.09718492061010237,                      -0.0727376028504232,         0.019496645819652103,                  1.0109158746525317,               4.167411846399775, 29684.38973146351,51.411261935732746,29735.800993399243,0.00013911427807738452
                0.08311174152305245,              0.0074692923360196815,                      0.10627885905707347,                     -0.06999621416451289,         0.019342945075547895,                    1.01628694400322,                4.16804516780662, 29684.34906679324,51.827091238729935, 29736.17615803197,0.00013357071921433464
                 0.0837262834890186,                0.00714848046586468,                      0.10277029189941947,                     -0.07388936090528804,          0.01925930243333234,                  1.0265592242638748,               4.154900653148828,29684.379017734973,52.051196980625456,29736.430214715598,0.00013763180107479153
                 0.0828904327130767,               0.006624091411684786,                       0.0987929360265578,                     -0.07274609463253852,         0.019506490702425675,                  1.0099458676356672,               4.161634257334797, 29684.34270627845, 51.38702484552792,29735.729731123978,0.00013272383683860238
                0.08316046972492197,               0.006622922356903617,                      0.10408382398540021,                     -0.07443622769755573,          0.02067689778032483,                  0.9762811855671591,               4.108546230830321, 29684.43758476676,  48.4927861912693, 29732.93037095803, 0.0001459332087978295
                0.08390379441611352,               0.007845931491438944,                      0.10240821592920488,                     -0.07323262200778105,         0.016966953084687354,                  1.1055747314606497,               4.357156506355201, 29684.41443884255,  59.0656116811459,29743.480050523693,0.00014259424062413987
                0.08344722650423092,              0.0071992302352153325,                      0.10202143046946917,                     -0.06946376668184176,          0.01689902346722704,                  1.1045650536525666,               4.338490370719081,29684.322098184293, 59.29862169719501, 29743.62071988149,0.00013001664238127344
                0.08242085131227676,                0.00689730793789222,                       0.1046369526919114,                      -0.0714934710477484,           0.0193912159158415,                  1.0182820258375338,               4.162973934665183,29684.085878385587, 51.69696955956175, 29735.78284794515,0.00010266206397350061
                0.08388302232904851,               0.006441747711068777,                      0.10344874502149139,                     -0.07585738026421003,         0.020342982914568916,                   0.986984923355977,               4.123601151635377, 29684.12217485741, 49.28774302245339,29733.409917879864,0.00010645678559011194
                0.08337882888861818,               0.006563507180214328,                      0.09723568917960135,                     -0.07845495257097387,         0.018022012586097227,                  1.0656741653388073,              4.2544219809845165, 29684.19299043971,55.613282167610286,29739.806272607322, 0.0001142689312192519
                0.08426276834676172,               0.007092808404197275,                      0.10288323355060866,                     -0.07894614769004425,          0.01785198764313819,                  1.0669150960306522,               4.290021907774399, 29684.43505228961, 56.14932684213034, 29740.58437913174,0.00014556410385298043
                0.08300472404953028,               0.007278208662743834,                      0.10798148837884754,                     -0.07078504689307172,          0.01922290829568469,                  1.0225863965672692,               4.190898841439604, 29684.15806916983, 52.15244955652831,29736.310518726357,0.00011034738621602562
                0.08340410730130748,               0.006893590993265937,                      0.09798962775712532,                     -0.07057556638722574,          0.01927093471218516,                  1.0171952914197901,               4.183911887895211,29684.308223858454, 52.01154470594584,  29736.3197685644,0.00012822520534797155
                0.08391107904359203,               0.007621937421536988,                      0.10021471099863584,                     -0.07581472564852991,         0.017369813592005234,                  1.0916736949878725,               4.316071713020407,29684.479003455443, 57.69830852280598, 29742.17731197825,0.00015210449195402368
                0.08323324727636174,               0.007432248226660827,                      0.10144432541014672,                     -0.06919802015494352,         0.017704001508708433,                  1.0776560424628396,               4.280045407847076,29684.468645016706, 56.60697398322397, 29741.07561899993, 0.0001505370589868858
                 0.0830088499361831,              0.0062682351759866285,                      0.10430974169421163,                     -0.07572161677281554,         0.019218462634359418,                  1.0253569246024423,               4.177416416761914, 29684.10180696705, 52.16409859795224,29736.265905565004, 0.0001043104181429306
                0.08389805043934129,               0.006731144763580194,                      0.10305226117867704,                     -0.07873641556717398,         0.015315031083965886,                  1.1781987966044516,              4.4535927085084746,  29684.1688689711, 65.42812601063252,29749.596994981734, 0.0001115455745098104
                  0.083836295206586,               0.007356806326338998,                      0.10452361942314663,                     -0.07487399021065343,          0.01873435515688842,                   1.037427520184667,               4.193458235226448,29684.244399784704, 53.50905998491895, 29737.75345976962,0.00012029704522883189
                0.08357841066401074,               0.007978709792592464,                      0.10406572178160586,                     -0.07263672328252564,         0.018288273659851653,                  1.0566019850862758,               4.230665686336132,29684.442815063318, 54.80848435163939, 29739.25129941496,0.00014669848231636196
                0.08380701418134559,               0.007463642249259166,                      0.10226375129490396,                     -0.07784646552847249,         0.016589481865885096,                  1.1211427803462508,                4.33726229933259, 29684.19821128431,60.410254025199386, 29744.60846530951,0.00011486707159203376
                0.08366557408311395,                0.00764603569140004,                      0.10393186177850139,                     -0.07596934855854019,           0.0184182679821785,                  1.0543761300897398,               4.228411470141076, 29684.43595990444, 54.42520818415229, 29738.86116808859,0.00014569627996589534
                0.08262908741811503,               0.006411025665821894,                      0.10396906169351187,                     -0.07740989836723002,          0.01976186339048974,                  1.0066620974349882,               4.126937874539038,29684.390578980354,50.734018493982674,29735.124597474336,0.00013923222974715884
                0.08445337174683895,               0.007143953579659846,                        0.105401527515204,                     -0.07360038639031465,         0.017133362433191305,                   1.093383632173023,              4.3407631180914965, 29684.22795132212, 58.49738132985389, 29742.72533265197,0.00011833452822169579
                 0.0824578766244853,               0.007366548661481242,                      0.10147940912667451,                     -0.07187560945085697,         0.018827641115185666,                  1.0344377161062015,              4.2024040073937465,29684.266992480472, 53.23738566593103,29737.504378146405,0.00012304581390052612
                0.08315814833788678,              0.0065902126593428536,                      0.10112632613848645,                     -0.07731548436392721,         0.019181767113889917,                  1.0299096069879066,               4.158953301731218,29684.079420129743, 52.26152314052569, 29736.34094327027,0.00010200118246683961
                0.08340276714298332,               0.007035987072276503,                      0.10534004952729013,                     -0.07340219424696828,          0.01564209736638661,                  1.1618304006805322,               4.412872461559442,29684.175858772647, 64.06054537141596,29748.236404144063,0.00011232798720819942
                0.08303529471831284,              0.0068955036810168365,                      0.09783453896707274,                     -0.07771569439724078,         0.018676489741846623,                   1.045227450608903,               4.192529024271217,29684.301810358043, 53.66855069940273,29737.970361057447,0.00012740546445498736
                0.08372410134259012,               0.007563520133154396,                      0.10852841984092475,                     -0.07131107303128678,         0.017869420096059598,                  1.0667013914944519,              4.2927248827230295, 29684.32904515764, 56.09447291478829,29740.423518072428, 0.0001309230091381748
                0.08288732006430327,               0.007519040921502232,                      0.09795345959582734,                     -0.07164737228143386,         0.018744140879683988,                  1.0367038428551214,               4.214477395027941,29684.293684625973,53.470310429548725, 29737.76399505552,0.00012637439655047595
                0.08382021067348366,                0.00732684704288912,                      0.10703611170665318,                     -0.08002213415758348,         0.017462029956406073,                  1.0837405121697812,                4.30217946317046,  29684.3213465764,57.405664895435386,29741.727011471834, 0.0001299189575613274
                0.08385194239613748,               0.007950996873013542,                      0.10756900365856495,                     -0.07289948662581462,          0.01844236918224575,                  1.0479265866464123,                4.25855578903003,29684.175445523073,54.356189392923646,   29738.531634916,0.00011228157730541229
                0.08393131094267928,               0.006990578636920199,                      0.09926630288709648,                     -0.06997199259814216,         0.018866544213385548,                  1.0339869602592562,               4.200565025418474,  29684.4023049225,53.125228764845204,29737.527533687346,0.00014087446839875946
                0.08436742720835118,               0.007048680541305009,                      0.10018811515440881,                     -0.07186511454233095,          0.01724395285114403,                  1.0951542032443955,               4.317749636064658, 29684.38380490148, 58.11562056623789, 29742.49942546772,0.00013829224699438616
                0.08394771910320092,                0.00790127237434144,                      0.10025331574438587,                     -0.07158472081492379,         0.018056524591246115,                   1.064385062423531,               4.272825621343813,29684.322286635754,  55.5054472324937, 29739.82773386825,0.00013004114651625622
                0.08386647215418434,               0.007283058357206796,                      0.10046511180179138,                     -0.07591558116010023,         0.017320843168857267,                    1.08963862881697,               4.342192995277027, 29684.43223781843,57.861371309137155,29742.293609127566,0.00014515499386209775
                 0.0838266481540261,                0.00682545190383158,                      0.10179898401633183,                     -0.07929758948320599,         0.017989835714348066,                  1.0621889389702939,               4.273063541807189,29684.519209845268, 55.71874805781382,29740.237957903082, 7.242616078715775e-05
                0.08298124655327352,               0.006905090400561192,                      0.10698510478845247,                     -0.07210324446418605,           0.0178441279081044,                  1.0707767470205043,               4.264532211391165,29684.620833007248, 56.17183497184797,29740.792667979094, 8.017331532967846e-05
                0.08396662481542355,               0.007581186263697254,                      0.10583731980677376,                     -0.07448314605308673,         0.020196558631184258,                  0.9884111700216528,                4.13459703330775, 29684.58947588269,49.645925531536776, 29734.23540141423, 7.769831789195918e-05
                0.08333037531693566,                0.00683406764146155,                      0.10185504761815146,                     -0.07778158769698383,         0.017255732961495143,                  1.0989218659300108,               4.294457385274394, 29684.50651684764, 58.08183827160774,29742.588355119246, 7.151266546160652e-05
                0.08316688312409166,                0.00773265266450582,                      0.10495547865092915,                     -0.07226449017189726,         0.017284814819850662,                  1.0931682975424462,               4.303747469172953,29684.582457620207,57.983218646693715,  29742.5656762669, 7.715491978815359e-05
                0.08385614797169902,               0.007160786100607887,                       0.1008497580647391,                     -0.07331839874086762,          0.01624028312912952,                   1.131715637845648,               4.402714853768808,29684.602640937075, 61.70100001548538, 29746.30364095256, 7.872798340216248e-05
                0.08392213737833665,                0.00684309845583309,                      0.10344231908857121,                     -0.07314849326398197,          0.01758389076792128,                   1.076355472204566,               4.323508129246246,29684.570114888655, 56.99879481488713,29741.568909703543, 7.620847022710306e-05
                0.08339199422326098,               0.007589164732679673,                       0.1051045016322482,                     -0.07518917879131072,         0.017470442564793857,                  1.0854386710338455,               4.297848785078627,29684.916767548002, 57.37126888799779,   29742.288036436,0.00010778357417265705
                0.08340017420857554,               0.007528216306582734,                      0.10657998131549233,                     -0.07562163160494556,         0.017281609265429942,                  1.0938729828154925,               4.318253137486564,  29684.5994185045, 57.99881584532618,29742.598234349825, 7.847469610353618e-05
                0.08412503326230134,               0.007505343512752941,                      0.10505268932323965,                     -0.07628158560357319,         0.017570003518183292,                  1.0788586976702568,               4.302555188953884,  29684.7765071044, 57.04845328994416,29741.824960394344, 9.367813679905117e-05
                0.08398841728781861,               0.007813637505915306,                      0.10492618954858439,                     -0.07816018055534005,         0.018178965362438213,                  1.0587739652284762,               4.253612520323481,29684.515491185186, 55.14326238982186,29739.658753575008, 7.215733266413404e-05
                0.08330369947867249,               0.007029875921890065,                      0.10075905094510515,                     -0.07511481450025188,         0.018068729320266628,                  1.0577621750187995,               4.267823110163414,29684.734125131003, 55.47081017082032,29740.204935301823, 8.979083021711204e-05
                 0.0831430222304338,               0.006920572992130598,                      0.09887831266836379,                     -0.07578092255893844,          0.01854548150818421,                  1.0457066888976434,              4.2063908510163115, 29684.71643980657, 54.04638092922612,29738.762820735796, 8.821680980973165e-05
                0.08351575569671497,               0.007586513818460802,                      0.10792826599090431,                     -0.07149998339696824,         0.018224892726687557,                    1.05622491972797,               4.251937693187595,29684.522750597185, 55.00219188300394,29739.524942480188, 7.268305839176916e-05
                0.08349601276259759,               0.007452503649182743,                      0.10177222579930238,                     -0.07503127770044433,          0.01922310651721853,                  1.0172331102701615,               4.201810078040555, 29684.82585489293, 52.14858602870057, 29736.97444092163, 9.841690800596617e-05
                0.08327071099369969,               0.007310938168633456,                      0.10339524083384105,                     -0.07651056651373873,          0.01790737022291698,                  1.0632129840806794,               4.299314831699499, 29684.58953925434, 55.97366157881902, 29740.56320083316, 7.770324191844179e-05
                0.08354910845847656,               0.007123782931070125,                      0.09902882270066295,                     -0.07434884150184198,         0.017446632654122596,                   1.087185699643147,               4.301055326142436,29684.882928270563,57.441904573988495, 29742.32483284455,0.00010419727697072425
                0.08365476542718435,               0.006965258297299467,                       0.1051158473725463,                     -0.07176803494587794,          0.01715572998788559,                  1.0931553494089452,               4.346541865751233,29684.555574523612,58.418710697074005,29742.974285220687, 7.510838842790476e-05
                0.08434903048780562,               0.007231576293986759,                       0.1029961131597495,                     -0.07259420598463896,          0.01757026576661139,                  1.0795026391155051,               4.294959976224237, 29684.60568479384, 57.04236419941647, 29741.64804899326,  7.89679851873767e-05
                0.08348660558444963,               0.007701046745484074,                      0.10062451173538045,                     -0.07136560517834828,         0.019346024170181615,                  1.0200884024776251,               4.176798467698187,29684.532410633346, 51.81380542985896,29736.346216063204, 7.338858156744422e-05
                0.08388268079134815,               0.007313277844032926,                      0.10015697047935537,                     -0.07443452886670811,          0.01610557752466692,                  1.1395005430916265,               4.395628098695088, 29684.54531007161, 62.21618966282029, 29746.76149973443,  7.43413851483888e-05
                0.08371887295712341,                0.00703395876989832,                      0.10651475732599708,                     -0.07689568842646133,         0.018394635782531765,                   1.048561562800309,               4.239175625996968, 29684.78151300276, 54.49876751526894, 29739.28028051803, 9.414825573229853e-05
                0.08347481342539727,               0.007149469978806824,                      0.10628369184139351,                     -0.07483169039107461,         0.019352621384079005,                  1.0169163777760224,               4.176859264038738, 29684.97338177793,  51.8054483969814,29736.778830174913,0.00011406169698573973
                0.08416638430123712,              0.0071014843400645355,                       0.0992249383018279,                     -0.07457176702223091,         0.017288609520919283,                   1.093194664025737,                4.31962643120899, 29684.62134773849, 57.96677910724354,29742.588126845734, 8.021459366272927e-05
                0.08355698611968652,              0.0077157822602102605,                      0.10103951290828832,                     -0.07222070851950385,         0.018830462958017394,                  1.0351387813034576,               4.227981531015676, 29684.63984229552, 53.23025065783013, 29737.87009295335, 8.171193065202627e-05
                0.08435160758150935,                0.00755777260795472,                       0.0992356313086518,                     -0.07332881453284251,         0.018572077622151056,                  1.0416321746615065,               4.241482992658811,29684.528064972634,  53.9687005999368, 29738.49676557257, 7.307035165219283e-05
                0.08300769318076616,               0.006891734333179714,                      0.10414462746678226,                     -0.07041928339222278,          0.01774185204566432,                  1.0760473852887067,              4.2554327614570875,29684.573937231384, 56.49025005874822,29741.064187290132, 7.650032254362464e-05
                0.08443375957986177,               0.007312006765562685,                      0.10401323413706093,                     -0.07242298632637467,         0.016598266354900373,                  1.1189738678757049,               4.369690042618462,29684.480345672786, 60.37640234851962,29744.856748021306, 6.966537332993511e-05
                0.08353025105965273,               0.006441246359349659,                      0.10007961106017632,                     -0.07631537660413458,         0.017367811406020114,                  1.0870201624179157,               4.310292815657158, 29684.48259619294,57.704771704248124,29742.187367897186, 6.982233321097138e-05
                0.08325368090152045,               0.006929831158499122,                      0.10199929573941327,                     -0.07516339601121654,         0.019165985538440122,                  1.0196302242797437,               4.208626465918289, 29684.79860347008,52.303726055648426, 29737.10232952573, 9.577112168813444e-05
                0.08379645937554664,               0.007441150114511025,                      0.10071776868005822,                     -0.07556431569041246,         0.015538150149946478,                   1.170760654612756,              4.4384388742070096, 29684.49742047508, 64.48512120778065, 29748.98254168286, 7.086510928505561e-05
                0.08336444402670405,               0.007738427013736741,                      0.10196624021782193,                     -0.07146629412872248,          0.01891243298532118,                   1.033232169540602,               4.190664638219857,29684.634194260405, 53.00034808213017,29737.634542342534,  8.12517196656281e-05
                 0.0833090846653922,               0.006975506760683763,                      0.10698157984920224,                     -0.07040071996569443,         0.017962153930655433,                    1.06591651533448,                4.27293312287433,29684.478400660464, 55.80255708814943,29740.280957748615, 6.953000500960594e-05
                0.08316282023133227,              0.0077701700573078805,                        0.103886416778573,                     -0.07484474872391385,         0.018763225200679055,                  1.0395199195990115,              4.1998807564249265,29684.666145214946, 53.42557791221168,29738.091723127156, 8.388970838072567e-05
                0.08384870103095968,               0.007194674002158622,                      0.10668811967554057,                       -0.076015789314878,         0.016975934604357684,                  1.1052110073542176,               4.329450023866593,29684.750351126426, 59.04160274107534,  29743.7919538675,  9.12596602052418e-05
                0.08301498743593523,               0.006865618334223379,                      0.10163654792833265,                     -0.07331620489061062,         0.017247586420744896,                   1.098375957449897,               4.276661678121768,29684.600310208978, 58.10492612094039, 29742.70523632992, 7.854470354993492e-05
                0.08356021997522717,               0.006903875861082682,                      0.10322549271393593,                     -0.07361417145231279,          0.01795792896963427,                   1.065455094964895,               4.247004634484414,29684.668617716736, 55.81406707684023,29740.482684793576, 8.409738246635173e-05
                0.08432588912900973,                0.00777555136794696,                      0.10326128280313382,                     -0.07288280888544639,         0.016782897644120196,                  1.1116296751956218,               4.350133331968434,29684.478555825473,59.713055860375206, 29744.19161168585, 6.954079447053484e-05
                0.08381948122004836,              0.0075952301387333405,                      0.10190298227760416,                      -0.0769759246876161,           0.0181723297519754,                  1.0596288510034721,               4.254850170369824,29684.893398924898, 55.15867806317248, 29740.05207698807, 0.0001052940224418308
                0.08360205314398235,               0.007398513421252743,                      0.10044113690151345,                      -0.0761775440095158,          0.01907274676417372,                  1.0254599724954832,               4.197781036644815, 29684.98159144239,52.558252318315816,29737.539843760704,0.00011500195958472771
                0.08364421354683828,               0.007806684877666127,                      0.09924474730048824,                     -0.07678991500966377,         0.017107552971595587,                  1.0980333305939838,               4.323302129015889,29684.492134551572, 58.58039965988664, 29743.07253421146, 7.049151001649814e-05
                0.08310970885568719,              0.0074252859860105885,                      0.10698976867128324,                     -0.07553560347902909,          0.01914135380649549,                  1.0244944982854507,              4.1815372030320885,29684.720139233024, 52.37687982825989,29737.097019061282, 8.854376581172286e-05
                0.08301892455916668,               0.006951247001860578,                      0.10116456917103969,                     -0.07407909296728893,         0.018713387496685843,                  1.0401990986783836,               4.201273190279773,29685.019971694655, 53.56358178315052,29738.583553477805,0.00011950155936330934
                0.08395584933450538,               0.007480173219342918,                       0.1012548465000213,                     -0.07594530406742735,          0.01705837973837085,                  1.0967327965115745,                4.36240077879767, 29684.63493272996, 58.75068568060687,29743.385618410568,  8.13117437472555e-05
                0.08332213074841523,               0.007537832529229064,                      0.10219670225918377,                     -0.07254936793635339,         0.016947110244637596,                  1.1081828575008095,               4.309648614487719,29684.565593260893, 59.13325994588653, 29743.69885320678, 7.586466176518947e-05
                0.08348016357690063,              0.0075928950801782144,                      0.10285608544515795,                     -0.07769611916209314,         0.017081476122605445,                  1.1021097588198305,               4.327454092300615,29684.757663926004,58.674297910614726,29743.431961836617, 9.192946991705021e-05
                0.08406503958631949,               0.007312576652593248,                      0.10265241773467797,                     -0.07624157175148999,         0.016211663283701706,                  1.1370871275798589,               4.396638217461291,29684.791270624697,61.814378101868634,29746.605648726567, 9.507141541483586e-05
                0.08331562667642925,               0.006738036962079846,                      0.10156681041589906,                     -0.07111349684563562,         0.017157295034992845,                  1.0941271009948808,               4.326193255768514,29684.505706828382, 58.40846707691156,29742.914173905294, 7.145476227996193e-05
                0.08280813829142632,                0.00681139595113023,                       0.1034978264014001,                     -0.07242357387273429,         0.017685793153069326,                  1.0797428960622963,               4.269157676306091, 29684.54972659512,56.669561935063115,29741.219288530185, 7.467044173175054e-05
                0.08279399808251743,               0.006845779513313203,                      0.10217358583340057,                     -0.07492958064983435,         0.020732767480599327,                  0.9720454205877063,              4.0970180987538525,29684.611141781876, 48.36035870172902,29732.971500483603, 7.940009046197391e-05
                0.08265723273260442,               0.007034397686614153,                      0.10340690589559605,                     -0.07258761265535678,         0.018902971926325594,                  1.0300211907087022,               4.195236457978279, 29684.50849589475, 53.02864355835624,29737.537139453103,  7.16543325320932e-05
                0.08317981003381703,              0.0069909119592451545,                      0.10665171923857886,                     -0.07558179589342119,          0.02000932796769875,                  0.9953319708267766,                4.12215240355875,29684.607730820302, 50.11032956724601, 29734.71806038755, 7.912972117623281e-05
                0.08286282128812843,               0.006559294665787536,                      0.10379434608911159,                     -0.07538393640179762,         0.020769764429542308,                  0.9763400955150442,               4.069385796253402, 29684.51533758559,48.276718111951006,29732.792055697544, 7.214625017826253e-05
                0.08375306775007202,               0.007056056197513374,                      0.10302451464126197,                     -0.07618946100365005,          0.02134667372273784,                  0.9567311440200088,               4.068677714401496, 29684.53179077719,46.976168433146036,29731.507959210336, 7.334310529914604e-05
                0.08374021453938138,               0.006799032352513944,                      0.10209878229152979,                     -0.07685190853739939,          0.01931174066201791,                  1.0143015243090039,               4.193771009472818,29684.566577606318, 51.91191030506383,29736.478487911383, 7.593937556394048e-05
                0.08365257512175624,               0.007191245605788719,                      0.10166535501017651,                     -0.06874529399536111,         0.018812033497362143,                  1.0372210031920737,                4.21223644882204, 29684.49876723653, 53.28030450176545,29737.779071738296, 7.096061197774978e-05
                0.08391529607044572,               0.007186129189364311,                        0.100950588002948,                       -0.074817850136055,         0.015365765818569735,                  1.1750360295991626,               4.465311015813791,29684.540192296197, 65.20686016377064,29749.747052459967, 7.396189453738502e-05
                0.08392067574519063,               0.007870488346758098,                      0.10290933702280843,                     -0.07337293443483688,         0.018188598467917306,                  1.0562090314644446,               4.247593169601607,29684.559578634693,55.107711411216926, 29739.66729004591,  7.54097336655358e-05
                0.08329302893956846,               0.007084003798363657,                      0.10481730921820652,                     -0.07029381529563815,         0.018671872608127613,                  1.0444278320289497,               4.196677412665279,29684.568402727353, 53.68380221936291,29738.252204946715, 7.607810067220943e-05
                0.08322903821382556,               0.007548252142524198,                      0.10774932532937595,                       -0.071876945408511,          0.01931234926272653,                  1.0184096183050038,               4.177447390010918, 29684.52354716368, 51.91234088092045,  29736.4358880446, 7.274097834635297e-05
                0.08387562504635691,               0.007765219717468027,                      0.10084784488858825,                     -0.07452177233744059,         0.019871868831684503,                  0.9969228984953762,               4.172862447345409, 29684.59675071541,  50.4491666942195, 29735.04591740963, 7.826562117340424e-05
                0.08387949156431557,               0.007372760839468165,                      0.10282506841038586,                     -0.07005508620870195,          0.01826395713113159,                   1.052866426216078,               4.264143537538862, 29684.74411073448,54.878040666231094, 29739.62215140071, 9.069193740534992e-05
                0.08314801554584075,               0.006950267171307374,                      0.10336848083931882,                      -0.0776583384002821,          0.01840189498436812,                  1.0478977415498685,                4.25749075849421, 29684.59441436349,54.473772580036695, 29739.06818694353, 7.808297858105762e-05
                0.08347572705429357,               0.006698960613760052,                      0.09968948180989941,                     -0.07620785639183511,         0.019794690185723333,                  1.0055816314260104,              4.1296653621615755,29684.556961401642,50.645035440926954, 29735.20199684257,  7.52126268679574e-05
                0.08371429106306408,               0.007918401566994937,                      0.10055142375845447,                     -0.07258554466500249,          0.01818481534111916,                  1.0594143973923265,               4.260440305446379,29684.550036325985, 55.11565749699624,29739.665693822983, 7.469357305434607e-05
                0.08385122458510932,               0.006918784800584829,                      0.10666154168505014,                     -0.07406786836816036,         0.018779996857385493,                  1.0344997765582578,               4.238789434164316,29684.564349387445,53.381154287057534,29737.945503674502, 7.577035439212594e-05
                0.08300779558912826,               0.006910830717514886,                      0.10392008075516222,                     -0.07334781609527086,         0.018333801067937475,                  1.0549441177465266,               4.220873417737252, 29684.96100401772, 54.67249263509227,29739.633496652812,0.00011265857034816127
                 0.0828658459058353,               0.007592093533194876,                      0.10133217305185341,                      -0.0758798525961728,         0.018399871980472736,                  1.0486703715541084,               4.234785241828759, 29684.61910517644,54.475706161472544,29739.094811337913, 8.003490901127244e-05
                0.08391327529509908,               0.007324727037549321,                      0.10057783118111595,                       -0.074300313046126,         0.018533223114141694,                  1.0485758731769548,               4.236604690187736,29684.519862656187,54.083441675605116, 29738.60330433179,    7.247345681173e-05
                0.08402244583193881,               0.007670295071619184,                      0.09946493222326035,                      -0.0708803888173147,         0.019126675642112366,                  1.0253712479796648,               4.197502415860531, 29684.50818040467,52.405422615965904,29736.913603020635, 7.163172986685817e-05
                0.08379034062275974,               0.007088021638844251,                      0.09948892276509547,                      -0.0759519926722905,          0.01743140911818323,                  1.0836725667736127,              4.3340491766319555,29684.506800619107, 57.49402984878483,29742.000830467892, 7.153296159521543e-05
                0.08344524811583892,                0.00761250419757581,                       0.1042145569377384,                     -0.07528494255739505,          0.01812476407501515,                  1.0643918707924553,               4.236861123208712,29684.685552592608,55.303962824243634, 29739.98951541685, 8.553368870715395e-05
                0.08325038190085537,               0.007126690889486129,                      0.10327717000620927,                     -0.07284020947995362,          0.01638381801096737,                  1.1322617611474184,               4.350703609981654,29684.673025003656, 61.16335247379309,29745.836377477448, 8.446884172262811e-05
                0.08415547291995716,              0.0073117685019050095,                       0.0995574016759342,                     -0.07143400939623791,          0.01690286674104324,                  1.1087021234348542,              4.3330186975315925,29684.487192253808,59.284618186590684,29743.771810440398, 7.014397949120343e-05
                0.08364668442492315,               0.006850501367808571,                      0.10202563946541983,                     -0.07735671771630688,         0.018207213580550993,                  1.0614780494344638,               4.233377557743622,29684.669538991908,55.053491569161416, 29739.72303056107, 8.417489499655094e-05
                 0.0836937989992976,               0.006990608463041188,                      0.10492845735210078,                      -0.0721178367433746,         0.016295602781890833,                  1.1326640350116042,               4.370097614258349, 29684.48332516894, 61.49549503449383,29745.978820203436,  6.98732505728894e-05
                0.08321280812148514,               0.006937183573002318,                      0.10210711258252632,                      -0.0769986040016756,         0.019195319833473463,                  1.0236776886464103,               4.161049870706172,29684.759498523883,52.225627434186755, 29736.98512595807,  9.20982783279855e-05
                0.08387583971342807,               0.007294554140605578,                      0.10139882408055022,                     -0.07767862042952499,          0.01866629038435198,                  1.0426018732946525,               4.211946204709213,29684.814563465006,53.702531021736085,29738.517094486742,  9.73118909335291e-05
                 0.0834726812001514,              0.0073292735070368525,                      0.10348910033798296,                     -0.07285629034125471,          0.01794424557448431,                   1.072905080478076,               4.234722378728827,29684.501767654372, 55.85616867621848, 29740.35793633059, 7.117384319531922e-05
                0.08343801073885203,               0.007477003664469759,                      0.10638044234313809,                     -0.07610921228374679,         0.019151474855410945,                  1.0188558627969897,               4.214960098383786,29684.528783227226, 52.34933983759408, 29736.87812306482, 7.312285362046496e-05
                0.08337614622905315,              0.0074521476191223655,                      0.10706855932686853,                     -0.07435786261774241,         0.019941411322758725,                  1.0003833700282196,               4.130104801591601,29684.602215704464, 50.28023472396806, 29734.88245042843, 7.869451281314072e-05
                0.08402322999239137,               0.007488773464832736,                         0.10072343153429,                     -0.07465363436901114,          0.01916306937406759,                  1.0251619868861717,               4.176047084424371,29684.677714861195,52.310564687584346, 29736.98827954878, 8.486591894673949e-05
                0.08368425456688489,               0.007251169762462874,                      0.10215862952672863,                     -0.07190272771893956,           0.0173624870478077,                   1.086790102281935,               4.301789695309688,29684.721638093608, 57.72133545495303, 29742.44297354856,  8.86765800823876e-05
                0.08306811218772216,                0.00725144890091616,                       0.1039324023842138,                     -0.07180288241917542,          0.01727066349547032,                  1.0959692168444117,               4.306571832038522,29684.542824483025,58.028935554916494,29742.571760037943, 7.415683250599518e-05
                 0.0841064074759242,               0.007006092566239717,                      0.09964504208184134,                     -0.07302475271904563,         0.018455706748383847,                  1.0467798321450994,               4.228839218137188,29684.506867760207,54.308142048522825,29738.815009808728, 7.153776455816963e-05
                0.08364112471073996,               0.006718417802574431,                      0.10347302913034197,                     -0.07701466507444053,          0.01681371167263201,                  1.1091208309720242,               4.357107781775439, 29684.71616594718,59.606816987349724, 29744.32298293453, 8.819265411576657e-05
                0.08240534697425031,               0.006904090881488477,                      0.10279364285904634,                      -0.0745378812317442,          0.01931020198726155,                  1.0206411319646018,               4.152816422131858,29684.541909592586, 51.91365699888827,29736.455566591474, 7.408901815501775e-05
                0.08370621072988668,              0.0076252942491512165,                        0.101464512131618,                      -0.0769268676864312,         0.017220995210870862,                  1.0933874035452125,               4.324239929688576, 29684.89314427185, 58.19797363910407,29743.091117910953,0.00010526721241178795
                0.08377080688217024,               0.007285770651135951,                      0.09942807378057522,                     -0.07167187722872176,         0.019450384875186896,                  1.0113565932706088,               4.188111678097384,29684.719611399018, 51.53560567394041,29736.255217072958, 8.849704173340181e-05
                 0.0835103222458199,               0.007757074208718754,                      0.10257297676221526,                     -0.07802724828259425,          0.01728923505459507,                  1.0921559893088313,               4.305034171111029,29684.641579229745,57.970812286035525, 29742.61239151578, 8.185398223229937e-05
                0.08326239849571579,              0.0070798205759538164,                      0.10161261476871594,                     -0.07408747427799643,         0.017367698019896183,                   1.086416143879601,               4.295745445298544,29684.690599528498, 57.70480355130671,29742.395403079805, 8.596646292376178e-05
                0.08399587250539504,               0.007686923534837464,                      0.10225943692304826,                     -0.07609646615923785,         0.018565236343025083,                  1.0428817755912274,               4.253420219263999,29684.707141104045, 53.99390285495751,   29738.701043959, 8.740031001534537e-05
                0.08364944124410789,               0.007766369995861818,                      0.10340858597013891,                     -0.07884328771536302,         0.018333451839525276,                   1.052260230623245,               4.239051709532198, 29684.58084096407, 54.67825277395824, 29739.25909373803, 7.703028758448381e-05
                0.08340108240035841,               0.007354219740230737,                      0.10117306644487319,                      -0.0720456427975232,         0.017617138029648507,                  1.0763012429237024,               4.303061455755836,29684.863420522994,56.887555446263605, 29741.75097596926, 0.0001021843207509291
                0.08364180677424622,               0.007481714064251592,                       0.1049360119562105,                     -0.07745371995652382,         0.018295988609022307,                  1.0502494726362481,               4.248792160057324,29684.630125416013,54.790470566339614,29739.420595982352, 8.092179073169585e-05
                0.08352667740636845,               0.007258233895843833,                      0.10279234832400934,                     -0.07621323589342739,         0.018080850107658884,                  1.0637780191118675,               4.234827263695705, 29684.88173555972,55.437156858907755, 29740.31889241863,0.00010407307383265171
                0.08335892818317399,              0.0067752392685765115,                      0.10415816693747298,                     -0.07318600563319583,         0.021011210999699034,                  0.9675881600293551,               4.069071756894027,29684.667603184258, 47.72252680390276, 29732.39012998816, 8.401210620563155e-05
                0.08337354371810247,                0.00702724949673988,                      0.10657115931373567,                     -0.07068540051930221,         0.019859365362637195,                  0.9982433416912175,               4.145679576821998,29684.494629394452, 50.48382285163152,29734.978452246083, 7.066759481898609e-05
                0.08313882045905871,               0.007587020574597311,                      0.10269186112114917,                     -0.07727705488789495,          0.01854753636505944,                  1.0428085575576111,               4.219342248595974,29684.527931661392, 54.04599960843038,29738.573931269824, 7.306061120217686e-05
                 0.0832673017107107,               0.007580038030440692,                      0.10518015555714381,                     -0.07768077603665144,          0.01851117837252171,                  1.0465277969690425,                4.23342496344514,29684.748122606867, 54.15523495622573,29738.903357563093, 9.105651271067078e-05
                0.08370525065522905,               0.006638582580231088,                       0.1029025902485971,                     -0.07644374253056732,         0.018780623157547766,                  1.0382256473123346,               4.200607550436016,29684.741445389474, 53.37683187657561, 29738.11827726605, 9.045053395772659e-05
                0.08303486590096598,              0.0066338017243016845,                      0.10265717781605121,                     -0.07493839963599506,          0.01812434422180122,                  1.0643494521454837,               4.213478443053504,29684.555106748838,55.302704807590445,29739.857811556427, 7.507326283450105e-05
                0.08347311582301299,               0.006915003760141724,                      0.09893421683969043,                     -0.07464349707915392,         0.017664593437500757,                  1.0754044656159467,               4.264045251462127,29684.083564084787,56.734723682312264,  29740.8182877671,  4.68486320842612e-05
                0.08352815396676759,               0.007467957561571444,                      0.10495738995518937,                     -0.07941338927852919,          0.01832031004835943,                  1.0540275830765904,               4.249985016612676,29684.562234712408, 54.71953606956747,29739.281770781974, 7.561029401265015e-05
                0.08358934638173039,                0.00655605313173177,                      0.10130158995462056,                     -0.07854087803417747,         0.019099066796365017,                   1.029006495741699,               4.166572788019545,29684.246028638154, 52.48891713411367,29736.734945772267, 5.511304083077183e-05
                0.08321062574872032,               0.007066278701482702,                      0.09994446368870082,                     -0.07398299003855677,          0.01900029995044052,                  1.0335078004168246,               4.158030624437649,29684.458631813777, 52.75539429044539,29737.214026104222, 6.816897432863546e-05
                0.08331498751243814,              0.0069359180696466375,                      0.10498948639381535,                     -0.07446652181857413,         0.016769555386253496,                  1.1088046896438053,               4.368212221970907,29684.548196102063,59.762748448838025,  29744.3109445509, 7.455624654890248e-05
                0.08371099298258826,               0.007422547059973604,                      0.10679616482016777,                     -0.07605951260938713,          0.01908729202442458,                  1.0225312182857993,               4.201984480933811,29684.594147755233,52.525618054784225,29737.119765810017, 7.806216378896068e-05
                0.08375941403148678,               0.007608376782819336,                      0.10573867301704427,                     -0.07792132783734786,         0.017549867818996066,                  1.0832703045012722,               4.291012393168093,29684.660092755203, 57.11563017857348,29741.775722933777, 8.338350273783015e-05
                0.08412029929623632,               0.007579343125758212,                      0.10204006346478574,                     -0.07687681483823217,         0.018912975000133357,                   1.033531135763202,               4.209583586662355,29684.687008756086, 53.00406515973826,29737.691073915823, 8.565833046815342e-05
                0.08299139083744721,               0.006779673477931014,                      0.10564230012969637,                     -0.07593384479106229,         0.020559481998446618,                  0.9802435314977617,               4.072749051521112, 29684.30302523967,48.771912075620925, 29733.07493731529,  5.83455426174076e-05
                0.08332941867803993,               0.007042233064753263,                      0.10337358167047278,                     -0.07131495720601992,         0.019471000086446595,                  1.0150600557391556,               4.170173401297509, 29684.82295595499, 51.48490417819203,29736.307860133184, 9.813201663823268e-05
                 0.0833580285650377,               0.007235445124263751,                      0.10528447573253392,                     -0.07432898246929032,         0.019349634552252113,                  1.0139834711400002,               4.191481186648431,29684.913420354962,51.811732229142486,29736.725152584106,0.00010742340485773045
                0.08377847401525114,               0.007345792024567168,                      0.09927957338143671,                     -0.07100421508589247,         0.016631966629229687,                  1.1198803132733826,               4.346151562041903, 29684.47624653583, 60.24724090373041,29744.723487439558, 6.938038991556856e-05
                0.08278000860971668,              0.0072248313395245605,                      0.10018249518798607,                     -0.07525366057911716,         0.016898413953379075,                  1.1100324977657265,               4.315848659656689,29684.498947577053, 59.30273119879991,29743.801678775853, 7.097341020548216e-05
                0.08428555259640128,                0.00748743814178349,                      0.10404198478208272,                     -0.07784673942011537,          0.01769167558474039,                  1.0760227924433214,                4.28396403904808, 29684.56365335352,56.657341742953314,29741.220995096475, 7.571763400480564e-05
                0.08354412687409134,               0.006719393115685678,                        0.097476004458724,                     -0.07380806197923809,          0.01870500017489346,                  1.0411151127539702,              4.1981033004323605,29684.428565457296, 53.58371839939009,29738.012283856686, 6.614988704442915e-05
                0.08327268605233443,               0.007385982734986065,                      0.10043012143487944,                     -0.07247155140109275,         0.018209076833027617,                  1.0616126915423252,               4.238984349909879,29684.569298228893,55.041706173086304, 29739.61100440198, 7.614625924202441e-05
                0.08411309924306419,               0.007303827790921922,                      0.10007008187209304,                      -0.0773499811307299,         0.016491815558527252,                   1.122617874739063,               4.383385159885831,29684.617913285467,60.764612198492344,29745.382525483958, 7.993957295206688e-05
                0.08401947198547138,                0.00731338315865952,                      0.10301837259959021,                     -0.07485990118723641,         0.017694498688644214,                  1.0697089093262602,               4.325396459319798, 29684.51372039304, 56.64434900107721,29741.158069394118, 7.202967009140395e-05
                0.08324610783970555,                0.00662185801055716,                       0.1007159295871756,                     -0.07530276471349376,          0.01761133485180925,                  1.0789519770359501,               4.268126064702482,29684.553375025884, 56.90821282576944,29741.461587851652, 7.494336924433646e-05
                0.08367267765771204,               0.007327143566962718,                      0.09984505815149078,                     -0.07912974467510184,         0.017406849920766597,                  1.0878342060340982,              4.2978179496435915,29684.667505184178, 57.57801144090259, 29742.24551662508, 8.400387341587654e-05
                0.08385837541354546,               0.006758436940844058,                      0.10299243919609523,                     -0.07483066121849596,         0.019049756598334817,                  1.0236234876046288,               4.213773117881361, 29684.71518135752, 52.62347000352542,29737.338651361042, 8.810586327411084e-05
                0.08408688425828285,                0.00764751955606366,                      0.10168890371531243,                      -0.0772432200732618,         0.017622117790404453,                  1.0734713900395003,               4.324904743421832,29684.466662144652, 56.87706976226374,29741.343731906916, 6.871859762277047e-05
                 0.0839183462506243,               0.007923679981461281,                        0.105170156700518,                     -0.07544796910937533,          0.01944320226025136,                  1.0118418450412914,               4.194621145771243,29684.540692030896, 51.56440281915915,29736.105094850056, 7.399886509943228e-05
                0.08378901578425996,               0.007211438802754625,                      0.10704973984603908,                     -0.07705021027713634,          0.01819603580599104,                  1.0564155570698004,              4.2800628769825435, 29684.30824644571, 55.09296410133952, 29739.40121054705, 5.865097338154242e-05
                0.08346612535896282,               0.007298523289756267,                      0.09811489368796576,                     -0.07275414350351743,         0.019435075829347306,                  1.0116141078083893,               4.169837689601547,29684.401016765776, 51.57524885020118,29735.976265615976, 6.435241686603118e-05
                0.08298252400857786,              0.0069869989176888385,                      0.09802995771116192,                       -0.075337741599874,         0.016970279923019953,                  1.1052047921114778,               4.311274468152638, 29684.33686057336, 59.04999473343252, 29743.38685530679, 6.035346126301981e-05
                0.08332590101177813,              0.0071566075398563495,                      0.10011576803633722,                     -0.07670289804355272,          0.01962835372774408,                  1.0045869622157795,               4.162256862379432,29684.538088370304,51.073935057736186, 29735.61202342804, 7.380644777390344e-05
                0.08340502356094397,              0.0075096978135088316,                      0.10126892127751841,                     -0.07676828020115807,          0.01963942041635399,                  1.0056936106305736,               4.158877739200358,29684.698378868812,51.046674869397265, 29735.74505373821, 8.663783331801238e-05
                0.08378330031380159,               0.006967808653487879,                      0.10260028636617934,                     -0.07242293582217585,           0.0204449502659455,                   0.981429995387889,               4.107672536910057,29684.635085870417, 49.03872273834489, 29733.67380860876,  8.13241968182772e-05
                0.08364354683067089,               0.006726246436447966,                      0.10441445171315399,                     -0.07447127855519758,          0.01871629018658183,                   1.039172459608119,              4.2052677711529896,29684.847416841738, 53.55989080391089,29738.407307645648, 0.0001005620115371094
                0.08337966909513887,               0.007205126178988695,                      0.10208992635945488,                     -0.07351044963652423,          0.01870995012186289,                  1.0445613809649932,               4.177735558142852,29684.502316266364, 53.57433140771607, 29738.07664767408, 7.121290073192767e-05
                0.08371764763446078,              0.0072400632835998725,                      0.10053903198006746,                     -0.07906660106526377,         0.019397277700986624,                   1.017342583963194,               4.156074462790259,29684.425367411422, 51.68374092922179,29736.109108340643, 6.593867458472084e-05
                0.08407351544046746,               0.007457086253028797,                      0.09950643607607496,                     -0.07381270013050402,         0.017025824096786036,                   1.103811230401191,                4.34458970863455, 29684.56950066616, 58.85916270632871,29743.428663372488, 7.616167564294542e-05
                   0.08294256287861,               0.007606556139992547,                      0.10089271791429093,                     -0.07292128344267672,          0.01736328635692836,                  1.0921399441688302,               4.283168977998885,29684.470412868955, 57.71741830801075,29742.187831176965, 6.897682610615498e-05
                0.08373456357122937,               0.006727073846987423,                      0.10364192013685702,                     -0.07349841766948165,         0.019436418872170583,                  1.0150308308238825,              4.1624366920799005,29684.775815991088, 51.57869810020162, 29736.35451409129, 9.361341695849915e-05
                0.08424434125149095,              0.0073681256333731435,                      0.10265044982563509,                     -0.07249702100627718,           0.0167227712417221,                   1.113315068046935,               4.350454512528942,29684.505378095746,59.926169663699056,29744.431547759446, 7.143127662804576e-05
                0.08356382873498482,                0.00688808831578238,                      0.10106549276192556,                     -0.07343711117498168,         0.017732303024090224,                  1.0723587311443163,               4.297520688618998,29684.899951609343,56.520018415504246,29741.419970024846,0.00010598624643060574
                0.08256128698678664,               0.006997380545841119,                      0.10179941479596426,                     -0.07287889370527409,         0.018619233520827762,                  1.0416383641230769,              4.2133654755222425,  29684.5378165052,  53.8331246705579,29738.370941175755, 7.378638510353226e-05
                 0.0833783713158848,               0.007541876402685891,                      0.10150558075380084,                      -0.0712086240866481,           0.0176934978982086,                  1.0768715167102487,               4.296064978508498,29684.645181336844,56.642286381381275,29741.287467718226, 8.214936071587536e-05
                0.08351915000717416,               0.007811057400834572,                      0.09942547351980734,                     -0.07492970524912218,          0.01925693740678679,                  1.0174322469502772,               4.198538280801393,29684.594959941824, 52.05453933110324,29736.649499272928, 7.812559058531294e-05
                0.08327101322347553,               0.007089522543117565,                       0.1009577000925765,                     -0.07468237021886387,          0.01770274932007854,                  1.0765622638655075,               4.302718815559397,29684.444763573483,56.614813290276345, 29741.05957686376, 6.723011581713002e-05
                0.08323296394694281,               0.007195937739629319,                      0.10407166304281969,                     -0.07385189820625325,          0.01837989909898827,                  1.0484262702608966,               4.226279989780649, 29684.71308489392, 54.53651011483229, 29739.24959500875, 8.792134602335468e-05
                0.08330369186461101,                0.00701537429358519,                      0.10160068233912493,                     -0.07502224099241536,          0.01795903470943278,                  1.0606435418586706,               4.278551536401019, 29684.57386736557, 55.80972313146828,29740.383590497036, 7.649497797294429e-05
                0.08294673876768459,               0.007047650665946411,                      0.09904797105141351,                     -0.07599026411042328,         0.017768519235512405,                  1.0757631942056158,              4.2765477139033745,29684.464170061234,56.404392379990334,29740.868562441225, 6.854755835567434e-05
                0.08342586667357053,               0.007283870342404131,                      0.10688455595725996,                      -0.0732344988030396,         0.017446156393530608,                  1.0881266229940456,               4.302075800643219,29684.608748710383,  57.4514407838051, 29742.06018949419,  7.92103075416137e-05
                0.08418144911510253,               0.007359573806031301,                      0.10171798242222499,                     -0.07333320022286327,         0.016640664871743656,                  1.1153444281283298,               4.371910267852899,29684.690347337277,  60.2207804255428,29744.911127762818, 8.594478567002658e-05
                0.08404446414535922,               0.006766770793626622,                      0.10061737409445487,                     -0.07559445390112464,         0.016770291375614987,                   1.110531232583143,               4.344457929570816, 29684.28126190811,59.756743022201945, 29744.03800493031, 5.708946700048175e-05
                 0.0835778015099727,               0.006928191983636827,                      0.10090282032438776,                     -0.07485735732823472,          0.01787967514674214,                   1.069504263260234,               4.264272695385679,29685.055403171413, 56.05619585421863,29741.111599025633,0.00012381158040468954
                0.08374430132441983,                0.00792114282820579,                      0.10332631388138915,                      -0.0732544602750493,          0.01909273565360117,                  1.0223054912394676,               4.207913741486868, 29684.60382965393, 52.50437673423717,29737.108206388166, 7.882162432822502e-05
                 0.0831798685189999,               0.007025025366292399,                      0.09991675285597565,                     -0.07317320146559622,         0.016636532770912406,                  1.1176954573595148,               4.347114887501735,29684.603116249134, 60.23260027704668, 29744.83571652618, 7.876541265665964e-05
                0.08402226850468772,               0.007511968129376181,                      0.10466184153329135,                     -0.07116968862396364,         0.019047448079196748,                  1.0256518355511357,               4.211070220955195,29684.738514511002, 52.62900121884272,29737.367515729846, 9.018582254291681e-05
                0.08379229162300893,               0.007259232127285775,                      0.10218493155195306,                     -0.07493782437295986,         0.016101705713745952,                  1.1441144271493668,               4.397068922006727,29684.789061624026,62.233728631588484,29747.022790255614, 9.486163438287652e-05
                0.08356597084733887,               0.006891861910987652,                      0.10269142584472325,                     -0.07641306016980097,          0.01890793288572683,                  1.0304116877855924,               4.226235735744057,29684.837464147473,53.017939066674906,29737.855403214147, 9.956611274054305e-05
                0.08326939278219175,               0.006815441131379396,                      0.10020560157829049,                      -0.0754823284636733,          0.01743918775905606,                  1.0862052481571347,               4.287525324688985,29684.856891701904, 57.46833675329429,29742.325228455196,0.00010151935069985676
                0.08372876794856486,               0.007364918028027426,                      0.09694762472459156,                     -0.07643241712773276,          0.01843819891385938,                  1.0476694285123656,               4.237994250277794,29684.558739943914, 54.35915170203096,29738.917891645946, 7.534651473151176e-05
                0.08360776064968288,               0.006907579491914387,                      0.10356680818546775,                     -0.07625748987764565,          0.02073313116781201,                  0.9748932945716636,               4.084307957691229,29684.666712977592, 48.36297744536591,29733.029690422958, 8.393735134726578e-05
                0.08389533041667419,               0.007230657824139352,                       0.1050015875759398,                     -0.07682377060353877,          0.01778913023708408,                  1.0693717376180178,               4.279320928875631,29684.638896917022, 56.34753599883744, 29740.98643291586, 8.163471845282547e-05
                0.08376931854010665,               0.007599290901997531,                      0.09841554033225185,                     -0.07201824678721154,           0.0184263047596656,                  1.0475860911403507,               4.246964948152005,29684.678308447255, 54.39217041081026,29739.070478858066, 8.491630912724306e-05
                0.08373076575964265,               0.007091814050229676,                      0.10406409660408276,                     -0.07316838293654152,          0.01733224627273243,                  1.0860872902475542,               4.330559155734474,29684.834754064035, 57.82505989111727,29742.659813955153, 9.929664557163024e-05
                0.08287610881656117,              0.0071485947715625026,                      0.10672488941830767,                     -0.07455324285472677,         0.018589442503147525,                  1.0441208842929628,               4.208935135293119,29684.747252937424, 53.92657438195771, 29738.67382731938, 9.097735806823045e-05
                0.08406772818101918,               0.007177404440793945,                      0.10472769278501833,                      -0.0713923578474594,          0.01946887611860239,                   1.012516447335815,               4.166120175747415, 29684.54468120513,  51.4928313261901,29736.037512531322, 7.429464904005613e-05
                0.08375801570293316,               0.006945157356093976,                      0.10559129607595952,                     -0.07154015885430093,         0.016830548223153725,                  1.1094417940361265,               4.339229752068281,29684.577075799796,59.545388593891985,29744.122464393688, 7.674080122148412e-05
                0.08373409279976411,              0.0074631352825528345,                      0.10384923803949565,                     -0.07644329577216823,          0.01709899522901727,                  1.1028638714330121,               4.312548933569355,  29684.8188237956, 58.61460930627536,29743.433433101873, 9.772735614059246e-05
                0.08403708063817254,              0.0073242984453838625,                       0.1002029858588743,                     -0.07754738840630655,         0.017546920033481565,                   1.081880261441348,              4.2975381795167475, 29684.80156555402, 57.11878139038902,29741.920346944407, 9.605522434962692e-05
                0.08380973949984172,               0.007003107593844317,                       0.1028952510745566,                     -0.07415155191792784,         0.016504433054702394,                   1.124449942445044,               4.351245013734431, 29684.65380552029, 60.71844306875091,29745.372248589043, 8.286089566659088e-05
                0.08343277341934469,               0.007336204447886784,                      0.09851334782462093,                     -0.07449110168772408,          0.01698670795241623,                  1.1012075232676073,               4.352737791807728, 29684.57365801448,58.993273376164844,29743.566931390644, 7.647896534223668e-05
                0.08367792436303785,               0.007762553821446933,                      0.10293163411567657,                     -0.07030352820512929,         0.018415361234498058,                   1.052115990472963,               4.233069706202113,29684.509307418914, 54.42804588828798,29738.937353307203, 7.171250535562693e-05
                0.08362604989370782,               0.007760171667199116,                      0.10394616387756878,                     -0.07693382191475055,         0.017341474429636218,                   1.092095404269578,                4.29777495110049,29684.693440851068, 57.79731887129613,29742.490759722365, 8.621106871254528e-05
                0.08334945961748393,               0.007481871653546583,                      0.10522773531002068,                     -0.07217707123696022,          0.01685254180631785,                  1.1111369608752857,              4.3246691249903675,  29684.6242913399, 59.46759387564664, 29744.09188521555, 8.045106131611735e-05
                0.08429535314707325,              0.0071286831101634845,                      0.10396153176965559,                     -0.07287418429362484,          0.01836216254311592,                   1.053438749494876,               4.243290308624909,29684.551271647048, 54.58912286454283, 29739.14039451159, 7.478590061370436e-05
                0.08349161179418012,               0.007614826531153102,                      0.10462529765331456,                     -0.07417233687555852,          0.01983515137787362,                  1.0017942690050847,                 4.1245173763533,29684.283761865212, 50.54597346616981,29734.829735331383,5.7232366766250044e-05
                0.08314862180902498,               0.007461505752977238,                       0.1001879213361068,                     -0.07261159510542543,         0.017300937776824322,                  1.0889618546021484,               4.329585329644427, 29684.53812469759,57.924109654628765,29742.462234352217, 7.380912901044962e-05
                0.08261801658078027,               0.007018418155648689,                      0.10580783568005372,                     -0.07169417033630893,          0.01785992490582003,                  1.0711485687296554,               4.250110192945753,29684.388852574968,  56.1202232266388, 29740.50907580161, 6.357436357650839e-05
                0.08420670606549384,               0.007190938508736077,                      0.10370237759465735,                     -0.06943343891611435,         0.017726954840974047,                  1.0733126672288342,               4.298388842927984, 29684.42309495061,56.537477227030784, 29740.96057217764, 6.578900165798007e-05
                0.08333522699117245,               0.007606785202677179,                      0.09929563026104872,                     -0.07478425081085198,         0.018218685174872247,                  1.0560050309373799,              4.2449489278782675,29684.788034081063, 55.01345263005603, 29739.80148671112, 9.476421004041631e-05
                0.08342557608746864,               0.007783786903802306,                       0.1026724242843462,                      -0.0762184441634023,         0.016793843478504607,                  1.1141305954045946,              4.3322674416740945,29684.623482694267,59.675471103781675, 29744.29895379805, 8.038603121342887e-05
                0.08279361094033397,               0.007409673398435161,                      0.10155253447621113,                      -0.0751964246608904,         0.017757733088008775,                  1.0755241321724685,               4.254569744192753,29684.594812408868, 56.44058926859353, 29741.03540167746, 7.811406533623537e-05
                0.08351193832682031,               0.007143217822930705,                      0.10416861896468398,                      -0.0772477726049622,          0.01767064895606688,                   1.076058584584275,               4.309847523374292,29684.643951968173,56.723481639216004, 29741.36743360739, 8.204843091818977e-05
                0.08316026956401106,               0.007154772535305931,                      0.10041708953410663,                     -0.07682146181636756,         0.017386453804992895,                  1.0832667621018794,               4.318775176672686,29684.452027481264, 57.64355241506169,29742.095579896326, 6.772024715782259e-05
                0.08314093994086978,                0.00725648547024605,                      0.10517525450881517,                     -0.07721390127397867,         0.016632797835498276,                  1.1187804526129488,               4.348748072883236,29684.685206002294, 60.25544769866145,29744.940653700956, 8.550404869591916e-05
                0.08346420032144172,               0.006409674817818878,                      0.10332997693246046,                     -0.07584033489029844,         0.017120003013518945,                  1.0970243092406196,               4.331097127312373, 29684.55559477529, 58.54140576706955, 29743.09700054236, 7.510990951424257e-05
                0.08404133074496209,               0.006979169086701928,                      0.10079881299121106,                     -0.07104860416823175,          0.01791047816698137,                  1.0698989401180294,               4.255729777887037,29684.508969190432,55.957238319504214,29740.466207509937, 7.168825424529182e-05
                0.08338852271849262,               0.006488545066520035,                      0.10256367960446873,                     -0.07464909053067716,         0.020618609625449702,                  0.9802873911693317,               4.078661059208247, 29684.37892233906, 48.62813963124059,  29733.0070619703, 6.294617931946545e-05
                0.08332692790476308,                0.00770375853323665,                      0.10396743244160554,                     -0.07882748760162887,          0.01870138009299033,                  1.0375087300698733,               4.217193770080991, 29684.47091799975,53.605465749604136,29738.076383749354, 6.901167722669334e-05
                0.08352477255699435,               0.007765941054142269,                      0.09943755404011237,                      -0.0747386337360881,         0.017588458892650753,                   1.079109192625192,               4.316969096256935,29684.490431567097, 56.98052220081623,29741.470953767912, 7.037156622952408e-05
                0.08396767125084222,               0.007513452914173066,                      0.10568891824750981,                     -0.07428802507974872,         0.018261305406250716,                  1.0518691005344845,               4.267271793207484, 29684.83498781789, 54.89279709693126, 29739.72778491482, 9.931985925821443e-05
                0.08289082392487607,               0.007200081480443518,                      0.10558133961111635,                     -0.07636165566769075,            0.017402422517114,                  1.0901493025173605,               4.282143761948184,29684.667175753664, 57.59604876898039,29742.263224522645,  8.39762045344688e-05
                0.08391579679661225,               0.007647277033650627,                      0.10128159553925405,                     -0.07430688665740659,          0.01814812005852817,                   1.056902791592289,               4.248096273019493, 29684.51958723439,55.229236196463845,29739.748823430855, 7.245349879060599e-05
                0.08381799170894802,               0.007598492794963928,                      0.10372821204687063,                     -0.07874946662857538,         0.019340939486336733,                  1.0135045208123132,               4.206319307742736, 29684.45162415847, 51.83737549789285,29736.288999656364, 6.769293954589764e-05
                0.08366733941029593,               0.006898360033602742,                      0.10585347522363893,                     -0.07746060325694487,         0.017408064782303095,                  1.0845146846641769,               4.332769480893052,29684.431503539527,57.579377579067945,29742.010881118593, 6.634452664567707e-05
                0.08356935332590183,               0.007165536598370556,                      0.10206479087754652,                      -0.0753700487979611,         0.018527041325925468,                  1.0451111049172237,                4.24309794432276, 29685.05775453549, 54.10367585693032, 29739.16143039242,0.00012410304904734862
                0.08360577524670432,               0.007598291366184937,                      0.10487942991414374,                     -0.07208380284794638,         0.018619928162031774,                  1.0434521669438261,               4.218447593821832,  29684.8577147538, 53.83503016847188,29738.692744922275,0.00010160294078889543
                0.08323110125234497,               0.007367199731916617,                      0.10131067804086279,                     -0.07093601766737784,          0.01729404419926198,                  1.0905249696600423,               4.305946724707554,  29684.6781032103,  57.9471385150297,29742.625241725327,  8.48988829507188e-05
                0.08406346891323656,              0.0077106889401781144,                      0.10338590507624339,                     -0.07332144123264622,         0.019216994451596914,                  1.0208033051516836,              4.1930906111747195, 29684.79953482457, 52.16611148295375,29736.965646307526, 9.586036010223707e-05
                0.08379859726199812,              0.0070499493627159725,                      0.09953868487173878,                     -0.07244101673209263,          0.01718370476162068,                  1.0949686154608764,               4.307992524365112, 29684.50557656311,58.318154801606816, 29742.82373136472, 7.144545481223273e-05
                0.08354869250531176,                0.00714256304928106,                      0.10164244453777015,                     -0.07487429364803719,         0.017924096477479896,                  1.0727708657800556,               4.251414342285046,29684.753053303037,55.918421902922574, 29740.67147520596, 9.150659340286968e-05
                0.08421287732935817,               0.006987341875039169,                      0.10329219177047594,                     -0.07752944033402805,          0.01742042145545508,                  1.0848739088395307,               4.310258407666785, 29684.62784834622, 57.53622981744397,29742.164078163663, 8.073773579881853e-05
                0.08290560629164807,               0.006907205424497349,                      0.10167303413676188,                     -0.07283433742082976,          0.01737672104443696,                  1.0925731601276603,               4.277320249277616, 29684.67930041589,57.673608154173465,29742.352908570065,  8.50005852351703e-05
                0.08346179907466389,                0.00708133514462698,                      0.10047191671641002,                      -0.0780768626808509,         0.018145163810710706,                  1.0531294196298613,               4.276204155227253,29684.314931802386, 55.24002912136314, 29739.55496092375, 5.904438965671739e-05
                0.08422168301182385,               0.007334102268206529,                      0.10379269756880408,                     -0.07680556149610171,         0.016881674886997457,                  1.1063508367916248,               4.340583470115724, 29684.53527013374, 59.36815692423336,29743.903427057972, 7.359873657125526e-05
                0.08329716100364948,               0.006746168335058939,                      0.10413051851803089,                     -0.07641584728106268,           0.0179486901363551,                  1.0660527547586776,              4.2541233972146735,29684.878037788734, 55.84585245971411, 29740.72389024845,0.00010368894608572223
                0.08332355531662584,               0.007718197980924329,                      0.10390518717871482,                     -0.07276248746181939,          0.01717604006962053,                   1.098059956704935,               4.304974706406698,29684.662487297064, 58.34893208849623, 29743.01141938556, 8.358340727006793e-05
                0.08411550643358665,               0.007615499632258313,                      0.10532315796919335,                     -0.07467506848703621,         0.018008796080448804,                  1.0617162845810564,               4.277920908784764,29684.779954265294,55.660657906574144,29740.440612171868, 9.400161763361358e-05
                0.08310903385890446,               0.007418716166132014,                      0.10266908784992886,                     -0.07421415443888532,          0.01994122207601593,                  0.9985170727549926,               4.129860063261205, 29684.89126852584, 50.27521588940952, 29735.16648441525,0.00010506994292975609
                0.08332887657612892,               0.007499722276174995,                      0.10371435687591454,                     -0.07404200299796601,         0.018138210407055586,                  1.0562217041916804,               4.253400101991484,29684.726509789645,55.261335295087754, 29739.98784508473, 8.910963943644766e-05
                0.08344507279734308,               0.007338922549639917,                      0.10253568540870693,                     -0.07513837475826408,         0.017824404947878136,                  1.0741451664829882,               4.244013431455236, 29684.70475301375,  56.2316117720282, 29740.93636478578, 8.719183920581436e-05
                0.08363660136561334,                0.00695043598438059,                       0.0986757223036711,                     -0.07500763732773734,         0.016991686239848217,                  1.1008353415947956,               4.356305137519887,   29684.513095522, 58.97679100931617, 29743.48988653132, 7.198467489625763e-05
                0.08346678717071102,              0.0069705769712536106,                      0.10532267760955619,                     -0.07284864763179462,         0.019423521271231817,                  1.0127608216418282,               4.170936774886064,29684.845760340897, 51.61405450671753,29736.459814847614,0.00010039556837511354
                0.08353276937614407,               0.007759470337936255,                      0.10019585696787038,                     -0.07665640034689104,          0.01686998515371252,                   1.109399220846871,               4.329533412450209,29684.532118462514, 59.40439351951685,29743.936511982032, 7.336714269650593e-05
                 0.0835851123929296,               0.007008143526991595,                      0.10470246779826396,                     -0.07430352912572429,         0.020485840788612115,                  0.9781381102563276,               4.107820344523734,29684.455349278636, 48.94486570232055,29733.400214980957, 6.794557413497128e-05
                0.08285177168810447,                 0.0068488572626559,                      0.10111560960201633,                     -0.07503393850179386,         0.018137819691298827,                  1.0655052285936466,               4.217259134063149,29684.570748016937, 55.25989485807364, 29739.83064287501, 7.625673524229727e-05
                0.08349509776414438,               0.006843085728105574,                      0.09991661520543835,                     -0.07167738659744989,         0.016707109833145457,                  1.1148892049340773,               4.363375266242506,29684.526651739507, 59.97775280642211, 29744.50440454593,  7.29671591453389e-05
                0.08389119541131727,               0.007275782584036541,                      0.10565373722343947,                     -0.07896998908360679,         0.016647505414939565,                  1.1180963139189584,               4.358282411969604, 29684.57958878549, 60.20511346402885, 29744.78470224952, 7.693389227307998e-05
                0.08352684960655159,               0.006597704353690399,                      0.10355794815304088,                     -0.07444069659524845,           0.0185070409848775,                  1.0460747897209666,               4.216423111879054,29684.760203265356, 54.16285552341814,29738.923058788772, 9.216320668046755e-05
                 0.0839393866863951,               0.006841007114774271,                      0.10519677246202472,                     -0.07578180127515582,         0.019078695146495805,                  1.0234644714087304,               4.214615394136911,29684.678461987958,52.547274142324284,29737.225736130284, 8.492934823801208e-05
                0.08365250334020806,               0.006977388500501108,                       0.1015892338062419,                     -0.07494974107578561,         0.017314477362708604,                   1.095505672372111,               4.306168935881519,29684.592676890687,57.882826638303484, 29742.47550352899, 7.794742931991991e-05
                 0.0835599703443728,               0.007589681935725041,                      0.10341743378265497,                      -0.0791784248132671,         0.019026093924521995,                   1.029567449422335,               4.178288538929032, 29684.36845430298, 52.69275274449803,29737.061207047478, 6.229069325490567e-05
                0.08428113503675645,              0.0070595828093601015,                      0.10354903927524074,                     -0.07509954302949025,         0.017481926585049202,                  1.0820731616837862,               4.307455378196821,29684.700176986124, 57.33257501137866,29742.032751997504, 8.679375844975207e-05
                0.08332958945088766,                0.00705639951271062,                      0.10020202000444157,                     -0.07844790860963607,           0.0194404323386456,                  1.0167189454423977,               4.152894730469225, 29684.66778216501, 51.56800818697547,29736.235790351984, 8.402714410113341e-05
                0.08398321404574244,               0.007372725561992578,                       0.1025115170774149,                      -0.0733749550091236,          0.01710063251178892,                  1.1018480578615273,               4.312768540247238,29684.822957438202, 58.60514710293619,29743.428104541137, 9.813216218885027e-05
                0.08290876845277674,               0.007491093948062754,                      0.10279063663546031,                     -0.07279217878810955,         0.019403891598340557,                  1.0176848208629974,               4.152655327726017,29684.684256223358,   51.662690378909,29736.346946602265, 8.542287730506163e-05
                 0.0833767376540424,               0.007270922382300981,                      0.10165555007210278,                     -0.07202157161652925,         0.017915107088803225,                  1.0711828565604515,               4.243143280752965,29684.787641000006, 55.94395399496232, 29740.73159499497, 9.472696734481798e-05
                0.08359191716060582,               0.007455933898833765,                      0.10328532072381157,                     -0.07737115060353585,         0.017019461678591533,                  1.1014087985270093,               4.326350940451624,29684.796636558644, 58.88791692348409,29743.684553482126,  9.55829335089451e-05
                 0.0838146424255509,               0.007466682407105491,                      0.10581675615281952,                     -0.07271700014818863,         0.019234210667671975,                  1.0224903655898758,               4.170901019130387,29684.650558602778, 52.12161598418589,29736.772174586964, 8.259228948035233e-05
                0.08302132444940213,               0.006780594895443534,                       0.0994096749458809,                     -0.07272043855552372,         0.018586602802063854,                  1.0455800920893257,               4.193627912664801,29684.573298870724, 53.92502159967076,29738.498320470393, 7.645150333105245e-05
                 0.0841873828069604,               0.007503842449436721,                      0.10372556126792841,                     -0.07136345391213958,         0.019483416982025714,                  1.0135243260554327,                4.17571215506833,    29684.59563926,51.453452328681955, 29736.04909158868, 7.817868074941876e-05
                0.08320988321903751,               0.007269078895101634,                      0.10137106791163385,                     -0.07955150775447933,         0.017798330477944716,                  1.0720373494057882,               4.281485398898789,29684.654803046426, 56.31605206566493, 29740.97085511209, 8.294359281498045e-05
                0.08375121367712082,               0.007753532470744386,                      0.10249866228809312,                     -0.07602499230880438,         0.018431841799004287,                   1.050113260250228,               4.222260284087141,29684.708564415818,54.383716538375324, 29739.09228095419, 8.752479647603208e-05
                0.08356596790511261,               0.007215557604022925,                      0.09916364912838731,                     -0.07705061402018885,          0.01755703516095574,                  1.0859361943242938,               4.265697878744852, 29684.55502138919, 57.08392245130372,29741.638943840495, 7.506685488080921e-05
                0.08316638078532676,               0.007543460303105977,                      0.10400287753045212,                     -0.07616204272059637,          0.02025032452746064,                   0.989127709482416,               4.122024230793812,29684.764436979152, 49.51298468549484,29734.277421664647, 9.255422646899924e-05
                0.08340250150357628,               0.006718003030663409,                      0.10115923024701913,                     -0.07573561169851933,         0.016981777100355856,                  1.1057502586632508,               4.305326062031896,29684.553981705714, 59.01426421106828,29743.568245916784, 7.498884966952199e-05
                 0.0838799075199113,               0.007570218184982305,                      0.09969114621435028,                     -0.07218237077536818,          0.01819340615281226,                  1.0603072276945458,               4.243815486123487,29684.666834854095, 55.08853408326651,29739.755368937364,  8.39475819615268e-05
                0.08332282211131399,               0.006712360953951895,                      0.10037670399317117,                     -0.07016912335741346,         0.018626719369673136,                  1.0408159623190203,               4.222447130473113,29684.596142445644,  53.8084687574571,  29738.4046112031, 7.821802903826164e-05
                0.08356677373222016,               0.007387907522087785,                      0.10315530660293903,                       -0.072736816924333,         0.018866672781634904,                  1.0303466891237412,               4.226449345173689,29684.986982849598, 53.13112554893055, 29738.11810839853, 0.0001156236563830247
                0.08418601443258607,              0.0076743832807791325,                      0.09984762191969714,                     -0.07195087758667598,         0.017437208590204013,                  1.0837492526743102,               4.324945853054023,29684.554438529107, 57.47247674004793,29742.026915269154, 7.502311415604854e-05
                0.08303816770246444,              0.0073921173981218655,                      0.09950472389425949,                     -0.07256063997790874,         0.018757416108331836,                   1.034739237131503,               4.214386975713918, 29684.58703385357,   53.435114838982,29738.022148692555, 7.750880782587765e-05
                0.08333493270831982,              0.0077332423120536065,                      0.10070017034030254,                     -0.06978866284832999,         0.018036148619639144,                  1.0619571687532492,              4.2632592357086985, 29684.47656363526, 55.56651766368731,29740.043081298947, 6.940239388630093e-05
                0.08323451853521727,               0.007328754371798628,                      0.10455921232963673,                     -0.07197656420617665,         0.017738208219848565,                   1.073081612623449,               4.264197379725921, 29684.54142104485, 56.50378512584322,29741.045206170693, 7.405283097326897e-05
                0.08407546313455289,               0.007098949261364447,                      0.10029898938031837,                     -0.07722155509261545,         0.018271168444067096,                  1.0509374416704282,               4.272445115753043,29684.606531360627, 54.85960462442661,29739.466135985054, 7.903486516591926e-05
                0.08294133145663353,               0.006994157596908917,                      0.10228705053315507,                      -0.0754210486458102,         0.018630229355202633,                  1.0447403818259031,               4.216863031798006, 29684.74708792036,  53.8044220040367,29738.551509924397, 9.096234649038261e-05
